{
    "camera_data": {
        "location_worldframe": [
            -7.221216201782227,
            38.35361862182617,
            -9.089654922485352
        ],
        "quaternion_xyzw_worldframe": [
            0.05228094756603241,
            0.8313809037208557,
            -0.5475127696990967,
            0.07938697189092636
        ]
    },
    "objects": [
        {
            "class": "teacup",
            "visibility": 0.7586669325828552,
            "location": [
                1.3191078901290894,
                -3.4728963375091554,
                39.367225646972659
            ],
            "quaternion_xyzw": [
                0.06175987794995308,
                0.19056835770606996,
                0.9318414926528931,
                -0.30255696177482607
            ],
            "pose_transform_permuted": [
                [ -0.8092898, 0.5874092, -0.0002147332, 0 ],
                [ -0.5403313, -0.7442857, 0.3925308, 0 ],
                [ 0.2304164, 0.3177873, 0.9197388, 0 ],
                [ 1.319108, -3.472896, 39.36723, 1 ]
            ],
            "cuboid_centroid": [
                1.3191078901290894,
                -3.4728963375091554,
                39.367225646972659
            ],
            "projected_cuboid_centroid": [
                360.016845703125,
                134.6451416015625
            ],
            "bounding_box": {
                "top_left": [
                    201.42044067382813,
                    -38.52197265625
                ],
                "bottom_right": [
                    526.6173706054688,
                    298.273193359375
                ]
            },
            "cuboid": [
                [ 6.27699, -4.299117, 36.28124 ],
                [ -0.6456586, -8.921103, 38.25222 ],
                [ -3.637416, -5.13035, 36.63369 ],
                [ 3.285234, -0.508368, 34.66271 ],
                [ 6.27563, -1.815437, 42.10076 ],
                [ -0.6470181, -6.437426, 44.07174 ],
                [ -3.638775, -2.646672, 42.45321 ],
                [ 3.283874, 1.975312, 40.48223 ]
            ],
            "projected_cuboid": [
                [ 526.6174, 98.48755 ],
                [ 299.8422, -38.52197 ],
                [ 201.4204, 72.75085 ],
                [ 433.1882, 222.4849 ],
                [ 498.0184, 188.5022 ],
                [ 302.4671, 65.55859 ],
                [ 217.6372, 165.5461 ],
                [ 416.8768, 298.2732 ]
            ]
        }
    ]
}