{
    "camera_data": {
        "location_worldframe": [
            -3.9822399616241457,
            200.34942626953126,
            18.296876907348634
        ],
        "quaternion_xyzw_worldframe": [
            0.008708685636520386,
            0.787089467048645,
            -0.6166772842407227,
            0.011115238070487976
        ]
    },
    "objects": [
        {
            "class": "teacup",
            "visibility": 1.0,
            "location": [
                2.2872748374938967,
                2.42962384223938,
                202.0782928466797
            ],
            "quaternion_xyzw": [
                0.02719779498875141,
                0.11607290804386139,
                0.9660648107528687,
                -0.22914212942123414
            ],
            "pose_transform_permuted": [
                [ -0.8935083, 0.4490462, -0.0006447211, 0 ],
                [ -0.4364184, -0.8680419, 0.2367322, 0 ],
                [ 0.105744, 0.2118036, 0.9715747, 0 ],
                [ 2.287275, 2.429624, 202.0783, 1 ]
            ],
            "cuboid_centroid": [
                2.2872748374938967,
                2.42962384223938,
                202.0782928466797
            ],
            "projected_cuboid_centroid": [
                333.5174865722656,
                254.3587646484375
            ],
            "bounding_box": {
                "top_left": [
                    303.9354248046875,
                    225.6900634765625
                ],
                "bottom_right": [
                    363.5154724121094,
                    282.442626953125
                ]
            },
            "cuboid": [
                [ 7.254363, 1.336715, 199.0917 ],
                [ -0.3886888, -2.396417, 199.9962 ],
                [ -2.675743, 2.024644, 198.9174 ],
                [ 4.967307, 5.757755, 198.0129 ],
                [ 7.250286, 2.834604, 205.2392 ],
                [ -0.3927677, -0.8985231, 206.1437 ],
                [ -2.679821, 3.522535, 205.065 ],
                [ 4.963231, 7.25565, 204.1604 ]
            ],
            "projected_cuboid": [
                [ 363.5155, 248.0183 ],
                [ 317.679, 225.6901 ],
                [ 303.9354, 252.1555 ],
                [ 349.9588, 274.7262 ],
                [ 362.1884, 256.4941 ],
                [ 317.7246, 234.7946 ],
                [ 304.3933, 260.5145 ],
                [ 349.0329, 282.4426 ]
            ]
        }
    ]
}