{
    "camera_data": {
        "location_worldframe": [
            -30.919376373291017,
            41.94981002807617,
            -44.53297424316406
        ],
        "quaternion_xyzw_worldframe": [
            0.382638543844223,
            0.3605786859989166,
            -0.16535326838493348,
            0.834403395652771
        ]
    },
    "objects": [
        {
            "class": "small_plates",
            "visibility": 1.0,
            "location": [
                -3.3026435375213625,
                -1.74757981300354,
                55.35826873779297
            ],
            "quaternion_xyzw": [
                -0.25671765208244326,
                0.7168926000595093,
                0.3279417157173157,
                -0.5591200590133667
            ],
            "pose_transform_permuted": [
                [ -0.2429616, -0.001360387, -0.970035, 0 ],
                [ -0.7347956, 0.6531006, 0.183126, 0 ],
                [ 0.6332812, 0.75727, -0.159678, 0 ],
                [ -3.302644, -1.74758, 55.35827, 1 ]
            ],
            "cuboid_centroid": [
                -3.3026435375213625,
                -1.74757981300354,
                55.35826873779297
            ],
            "projected_cuboid_centroid": [
                248.7513427734375,
                202.299072265625
            ],
            "bounding_box": {
                "top_left": [
                    118.44001770019531,
                    97.199462890625
                ],
                "bottom_right": [
                    389.9656677246094,
                    322.02197265625
                ]
            },
            "cuboid": [
                [ 3.062613, 1.632564, 53.4336 ],
                [ 0.5119588, -6.081456, 60.08189 ],
                [ 0.5139765, -7.049891, 58.959 ],
                [ 3.064629, 0.664124, 52.31069 ],
                [ -7.119264, 3.554728, 51.75755 ],
                [ -9.669916, -4.159289, 58.40585 ],
                [ -9.6679, -5.127728, 57.28295 ],
                [ -7.117247, 2.586286, 50.63465 ]
            ],
            "projected_cuboid": [
                [ 388.4503, 276.4883 ],
                [ 330.1763, 119.118 ],
                [ 330.4109, 97.19946 ],
                [ 389.9657, 255.162 ],
                [ 155.7298, 322.022 ],
                [ 122.274, 154.9528 ],
                [ 118.44, 133.0952 ],
                [ 152.1344, 300.9995 ]
            ]
        },
        {
            "class": "mug",
            "visibility": 0.0,
            "location": [
                1.991441249847412,
                -39.64521026611328,
                84.01800537109375
            ],
            "quaternion_xyzw": [
                -0.3896242082118988,
                -0.3233014643192291,
                -0.14816692471504212,
                -0.8495385050773621
            ],
            "pose_transform_permuted": [
                [ 0.7470455, 0.000185132, 0.6647729, 0 ],
                [ 0.5036792, 0.6524791, -0.5661964, 0 ],
                [ -0.4338552, 0.7578067, 0.4873383, 0 ],
                [ 1.991441, -39.64521, 84.01801, 1 ]
            ],
            "cuboid_centroid": [
                1.991441249847412,
                -39.64521026611328,
                84.01800537109375
            ],
            "projected_cuboid_centroid": [
                348.3069152832031,
                -323.528564453125
            ],
            "bounding_box": {
                "top_left": [
                    249.6522216796875,
                    -418.330810546875
                ],
                "bottom_right": [
                    450.0465087890625,
                    -225.251708984375
                ]
            },
            "cuboid": [
                [ -4.807109, -37.72504, 87.31487 ],
                [ 3.473197, -32.14222, 82.50598 ],
                [ 3.471806, -37.03582, 76.82243 ],
                [ -4.808502, -42.61865, 81.63132 ],
                [ 0.511074, -42.25462, 91.21357 ],
                [ 8.791382, -36.6718, 86.40469 ],
                [ 8.78999, -41.5654, 80.72114 ],
                [ 0.5096824, -47.14821, 85.53002 ]
            ],
            "projected_cuboid": [
                [ 254.2504, -275.9873 ],
                [ 370.2738, -225.2517 ],
                [ 373.9716, -335.7467 ],
                [ 249.6522, -383.5056 ],
                [ 326.6915, -313.2383 ],
                [ 441.5115, -266.8652 ],
                [ 450.0465, -374.9534 ],
                [ 327.1167, -418.3308 ]
            ]
        },
        {
            "class": "big_fork",
            "visibility": 0.07591056823730469,
            "location": [
                9.625688552856446,
                6.1053786277771,
                48.01507568359375
            ],
            "quaternion_xyzw": [
                -0.6072742938995361,
                -0.12172117084264755,
                -0.6965480446815491,
                -0.3622468113899231
            ],
            "pose_transform_permuted": [
                [ 9.542331E-06, -0.3568084, 0.9341776, 0 ],
                [ 0.6524809, -0.7079225, -0.2703971, 0 ],
                [ 0.7578052, 0.6095356, 0.2328038, 0 ],
                [ 9.625689, 6.105379, 48.01508, 1 ]
            ],
            "cuboid_centroid": [
                9.625688552856446,
                6.1053786277771,
                48.01507568359375
            ],
            "projected_cuboid_centroid": [
                559.4152221679688,
                391.856201171875
            ],
            "bounding_box": {
                "top_left": [
                    463.67437744140627,
                    238.319091796875
                ],
                "bottom_right": [
                    678.73828125,
                    571.49609375
                ]
            },
            "cuboid": [
                [ 6.409806, 0.2593292, 51.49081 ],
                [ 6.409829, 1.79989, 53.28005 ],
                [ 11.69387, 12.28363, 44.25333 ],
                [ 11.69384, 10.74307, 42.46409 ],
                [ 7.557513, -0.07287555, 51.77682 ],
                [ 7.557537, 1.46769, 53.56606 ],
                [ 12.84157, 11.95143, 44.53935 ],
                [ 12.84155, 10.41087, 42.75011 ]
            ],
            "projected_cuboid": [
                [ 468.6664, 246.0148 ],
                [ 463.6744, 280.344 ],
                [ 635.5802, 571.4961 ],
                [ 648.8765, 542.1372 ],
                [ 494.3175, 238.3191 ],
                [ 488.4954, 272.7222 ],
                [ 664.3276, 560.4598 ],
                [ 678.7383, 530.8355 ]
            ]
        },
        {
            "class": "big_fork",
            "visibility": 0.0,
            "location": [
                -28.932687759399415,
                -40.82372283935547,
                89.18976593017578
            ],
            "quaternion_xyzw": [
                0.7719189524650574,
                0.5253735184669495,
                -0.20528452098369599,
                0.2932269871234894
            ],
            "pose_transform_permuted": [
                [ 0.3636819, 0.9314815, -0.008818656, 0 ],
                [ 0.6907016, -0.2760012, -0.668397, 0 ],
                [ -0.6250334, 0.2369928, -0.7437524, 0 ],
                [ -28.93269, -40.82372, 89.18977, 1 ]
            ],
            "cuboid_centroid": [
                -28.932687759399415,
                -40.82372283935547,
                89.18976593017578
            ],
            "projected_cuboid_centroid": [
                -67.41039276123047,
                -306.632080078125
            ],
            "bounding_box": {
                "top_left": [
                    -173.74514770507813,
                    -337.2371826171875
                ],
                "bottom_right": [
                    35.46724319458008,
                    -274.5972900390625
                ]
            },