{
    "camera_data": {
        "location_worldframe": [
            15.260988235473633,
            201.03958129882813,
            31.97365951538086
        ],
        "quaternion_xyzw_worldframe": [
            -0.29491478204727175,
            0.6964596509933472,
            -0.5234497785568237,
            -0.3923896253108978
        ]
    },
    "objects": [
        {
            "class": "water_glass",
            "visibility": 1.0,
            "location": [
                -2.011197328567505,
                2.078504800796509,
                206.19485473632813
            ],
            "quaternion_xyzw": [
                -0.5514325499534607,
                0.27098700404167178,
                -0.6538485884666443,
                -0.4415542781352997
            ],
            "pose_transform_permuted": [
                [ -0.001903877, -0.8762814, 0.4817958, 0 ],
                [ 0.2785572, -0.4631917, -0.8413438, 0 ],
                [ 0.9604177, 0.1326059, 0.2449764, 0 ],
                [ -2.011197, 2.078505, 206.1949, 1 ]
            ],
            "cuboid_centroid": [
                -2.011197328567505,
                2.078504800796509,
                206.19485473632813
            ],
            "projected_cuboid_centroid": [
                308.35137939453127,
                252.0384521484375
            ],
            "bounding_box": {
                "top_left": [
                    289.7996826171875,
                    232.3194580078125
                ],
                "bottom_right": [
                    326.6999816894531,
                    271.5484619140625
                ]
            },
            "cuboid": [
                [ -5.161689, 2.046349, 204.1164 ],
                [ -5.169296, 3.160089, 207.9564 ],
                [ -0.7878969, 5.476032, 207.2934 ],
                [ -0.7802812, 4.362311, 203.4534 ],
                [ -3.234501, -1.319021, 205.0963 ],
                [ -3.242114, -0.205296, 208.9363 ],
                [ 1.13929, 2.110675, 208.2733 ],
                [ 1.146906, 0.9969301, 204.4333 ]
            ],
            "projected_cuboid": [
                [ 289.7997, 251.9729 ],
                [ 290.3137, 258.1478 ],
                [ 315.4608, 271.5485 ],
                [ 315.4198, 265.6064 ],
                [ 301.1658, 232.3195 ],
                [ 301.4684, 238.8265 ],
                [ 326.5328, 252.1028 ],
                [ 326.7, 245.8239 ]
            ]
        }
    ]
}