{
    "camera_data": {
        "location_worldframe": [
            33.618690490722659,
            184.43177795410157,
            46.17131423950195
        ],
        "quaternion_xyzw_worldframe": [
            -0.13771191239356996,
            0.8063405752182007,
            -0.5366958975791931,
            -0.20690056681632996
        ]
    },
    "objects": [
        {
            "class": "big_spoon",
            "visibility": 1.0,
            "location": [
                -0.6886851787567139,
                -0.31546807289123537,
                197.81515502929688
            ],
            "quaternion_xyzw": [
                -0.17312751710414887,
                0.5402908325195313,
                -0.815038800239563,
                0.11757779121398926
            ],
            "pose_transform_permuted": [
                [ -0.9124048, 0.004582509, 0.4092637, 0 ],
                [ -0.3787394, -0.3885227, -0.8400041, 0 ],
                [ 0.1551589, -0.9214278, 0.3562253, 0 ],
                [ -0.6886852, -0.3154681, 197.8152, 1 ]
            ],
            "cuboid_centroid": [
                -0.6886851787567139,
                -0.31546807289123537,
                197.81515502929688
            ],
            "projected_cuboid_centroid": [
                315.8422546386719,
                238.095458984375
            ],
            "bounding_box": {
                "top_left": [
                    272.2204895019531,
                    212.18505859375
                ],
                "bottom_right": [
                    359.8548583984375,
                    263.994873046875
                ]
            },
            "cuboid": [
                [ 5.729958, 2.672621, 194.7677 ],
                [ -7.884845, -2.978883, 197.083 ],
                [ -7.90021, -1.676187, 200.1725 ],
                [ 5.714592, 3.975326, 197.8572 ],
                [ 6.52284, 1.045242, 195.4578 ],
                [ -7.091966, -4.606255, 197.7731 ],
                [ -7.107327, -3.303571, 200.8626 ],
                [ 6.507475, 2.347941, 198.5473 ]
            ],
            "projected_cuboid": [
                [ 355.1343, 256.3877 ],
                [ 272.2205, 221.949 ],
                [ 272.8663, 229.9996 ],
                [ 354.493, 263.9949 ],
                [ 359.8549, 246.3865 ],
                [ 277.175, 212.1851 ],
                [ 277.7424, 220.3582 ],
                [ 359.1423, 254.1228 ]
            ]
        }
    ]
}