{
    "camera_data": {
        "location_worldframe": [
            -11.593180656433106,
            217.36810302734376,
            -21.618192672729493
        ],
        "quaternion_xyzw_worldframe": [
            0.566358208656311,
            0.41153743863105776,
            -0.38942450284957888,
            0.5985180735588074
        ]
    },
    "objects": [
        {
            "class": "big_spoon",
            "visibility": 1.0,
            "location": [
                2.926909923553467,
                3.4691288471221926,
                215.43673706054688
            ],
            "quaternion_xyzw": [
                0.7175664305686951,
                -0.09702354669570923,
                0.10077998042106629,
                -0.6822962164878845
            ],
            "pose_transform_permuted": [
                [ 0.9608597, -0.001718089, 0.2770303, 0 ],
                [ -0.2767653, -0.05011637, 0.9596297, 0 ],
                [ 0.01223508, -0.9987417, -0.04863029, 0 ],
                [ 2.92691, 3.469129, 215.4367, 1 ]
            ],
            "cuboid_centroid": [
                2.926909923553467,
                3.4691288471221926,
                215.43673706054688
            ],
            "projected_cuboid_centroid": [
                336.22509765625,
                259.2308349609375
            ],
            "bounding_box": {
                "top_left": [
                    294.780029296875,
                    242.180908203125
                ],
                "bottom_right": [
                    377.875,
                    276.0394287109375
                ]
            },
            "cuboid": [
                [ -4.513241, 4.52047, 213.7182 ],
                [ 9.824596, 0.3906191, 213.9008 ],
                [ 9.830356, 0.5586609, 217.2495 ],
                [ -4.507486, 4.688527, 217.0669 ],
                [ -3.976539, 6.379601, 213.6239 ],
                [ 10.3613, 2.24975, 213.8065 ],
                [ 10.36706, 2.417788, 217.1553 ],
                [ -3.970778, 6.547651, 216.9727 ]
            ],
            "projected_cuboid": [
                [ 294.78, 265.2604 ],
                [ 374.8529, 242.1809 ],
                [ 374.0391, 243.071 ],
                [ 295.2008, 265.7953 ],
                [ 297.7693, 275.6649 ],
                [ 377.875, 252.5664 ],
                [ 377.0142, 253.2968 ],
                [ 298.1441, 276.0394 ]
            ]
        }
    ]
}