{
    "camera_data": {
        "location_worldframe": [
            24.5616397857666,
            130.09463500976563,
            -39.012474060058597
        ],
        "quaternion_xyzw_worldframe": [
            0.6000183820724487,
            0.2583175003528595,
            -0.2133602350950241,
            0.7264485359191895
        ]
    },
    "objects": [
        {
            "class": "wine_glass",
            "visibility": 1.0,
            "location": [
                -0.6946156620979309,
                0.36816707253456118,
                124.1097183227539
            ],
            "quaternion_xyzw": [
                -0.5855803489685059,
                -0.3029804825782776,
                -0.2502844035625458,
                -0.708982527256012
            ],
            "pose_transform_permuted": [
                [ 0.6911211, -5.570054E-05, 0.722739, 0 ],
                [ 0.7097334, 0.1889067, -0.6786699, 0 ],
                [ -0.1364925, 0.981995, 0.1305969, 0 ],
                [ -0.6946157, 0.3681671, 124.1097, 1 ]
            ],
            "cuboid_centroid": [
                -0.6946156620979309,
                0.36816707253456118,
                124.1097183227539
            ],
            "projected_cuboid_centroid": [
                313.3160095214844,
                243.542724609375
            ],
            "bounding_box": {
                "top_left": [
                    255.5865478515625,
                    173.0927734375
                ],
                "bottom_right": [
                    370.20452880859377,
                    306.925048828125
                ]
            },
            "cuboid": [
                [ -6.285659, 1.706256, 131.7441 ],
                [ -0.816901, 7.322296, 130.664 ],
                [ -0.8160375, 4.394235, 115.4431 ],
                [ -6.284799, -1.221799, 116.5232 ],
                [ -0.573193, -3.657889, 132.7763 ],
                [ 4.89557, 1.958131, 131.6963 ],
                [ 4.89643, -0.9699154, 116.4754 ],
                [ -0.5723271, -6.585945, 117.5554 ]
            ],
            "projected_cuboid": [
                [ 263.0207, 255.4672 ],
                [ 312.5336, 306.925 ],
                [ 311.5581, 285.4583 ],
                [ 255.5865, 227.4777 ],
                [ 314.8444, 207.0991 ],
                [ 364.3943, 257.7568 ],
                [ 370.2045, 230.0552 ],
                [ 314.1857, 173.0928 ]
            ]
        },
        {
            "class": "big_spoon",
            "visibility": 0.7416715025901794,
            "location": [
                -31.595792770385743,
                11.23437213897705,
                128.92550659179688
            ],
            "quaternion_xyzw": [
                0.08344073593616486,
                0.04537985101342201,
                0.47805821895599368,
                -0.8731773495674133
            ],
            "pose_transform_permuted": [
                [ 0.538802, 0.8424323, 0.0005297437, 0 ],
                [ -0.8272861, 0.528996, 0.1891055, 0 ],
                [ 0.1590284, -0.1023287, 0.9819566, 0 ],
                [ -31.59579, 11.23437, 128.9255, 1 ]
            ],
            "cuboid_centroid": [
                -31.595792770385743,
                11.23437213897705,
                128.92550659179688
            ],
            "projected_cuboid_centroid": [
                27.323436737060548,
                344.065673828125
            ],
            "bounding_box": {
                "top_left": [
                    -28.313331604003908,
                    276.8621826171875
                ],
                "bottom_right": [
                    81.2887191772461,
                    411.694580078125
                ]
            },
            "cuboid": [
                [ -34.20396, 18.11037, 126.6163 ],
                [ -26.16401, 5.765694, 128.9893 ],
                [ -28.98865, 3.992001, 129.3324 ],
                [ -37.0286, 16.33667, 126.9594 ],
                [ -34.20293, 18.47673, 128.5186 ],
                [ -26.16298, 6.132061, 130.8916 ],
                [ -28.98763, 4.358361, 131.2348 ],
                [ -37.02758, 16.70303, 128.8618 ]
            ],
            "projected_cuboid": [
                [ -2.614899, 410.8187 ],
                [ 77.75862, 293.3821 ],
                [ 52.31848, 276.8622 ],
                [ -28.31333, 393.6726 ],
                [ 2.170124, 411.6946 ],
                [ 81.28872, 295.949 ],
                [ 56.20813, 279.6617 ],
                [ -23.16166, 394.7992 ]
            ]
        }
    ]
}