{
    "camera_data": {
        "location_worldframe": [
            12.183016777038575,
            32.14554977416992,
            -51.0856819152832
        ],
        "quaternion_xyzw_worldframe": [
            0.19309116899967194,
            -0.27480489015579226,
            0.056436166167259219,
            0.9402197003364563
        ]
    },
    "objects": [
        {
            "class": "small_spoon",
            "visibility": 1.0,
            "location": [
                2.9982681274414064,
                -0.3598444163799286,
                79.46381378173828
            ],
            "quaternion_xyzw": [
                -0.4816029369831085,
                0.27206578850746157,
                0.41107600927352908,
                0.724606990814209
            ],
            "pose_transform_permuted": [
                [ 0.5139934, -0.8577925, -0.001669288, 0 ],
                [ 0.3336817, 0.1981502, 0.9216251, 0 ],
                [ -0.7902324, -0.4742663, 0.3880776, 0 ],
                [ 2.998268, -0.3598444, 79.46381, 1 ]
            ],
            "cuboid_centroid": [
                2.9982681274414064,
                -0.3598444163799286,
                79.46381378173828
            ],
            "projected_cuboid_centroid": [
                365.0607604980469,
                234.5919189453125
            ],
            "bounding_box": {
                "top_left": [
                    302.51446533203127,
                    192.924560546875
                ],
                "bottom_right": [
                    434.80780029296877,
                    281.9171142578125
                ]
            },
            "cuboid": [
                [ -1.218801, -2.799944, 83.24369 ],
                [ 4.917001, 1.183375, 73.8103 ],
                [ 7.217927, 0.6518579, 75.08247 ],
                [ 1.082124, -3.331464, 84.51585 ],
                [ -1.221388, -1.371549, 83.84516 ],
                [ 4.914414, 2.611774, 74.41177 ],
                [ 7.215339, 2.080256, 75.68393 ],
                [ 1.079538, -1.903069, 85.11732 ]
            ],
            "projected_cuboid": [
                [ 302.5145, 199.8306 ],
                [ 399.5575, 259.1471 ],
                [ 434.8078, 250.3684 ],
                [ 335.291, 192.9246 ],
                [ 302.6031, 220.4642 ],
                [ 398.8729, 281.9171 ],
                [ 433.8546, 272.8254 ],
                [ 335.1467, 213.2986 ]
            ]
        },
        {
            "class": "big_fork",
            "visibility": 0.0,
            "location": [
                30.720842361450197,
                -6.007465839385986,
                93.00105285644531
            ],
            "quaternion_xyzw": [
                0.3216364085674286,
                0.7705885171890259,
                -0.5078715682029724,
                0.21168284118175507
            ],
            "pose_transform_permuted": [
                [ -0.7034804, 0.710714, -0.000459224, 0 ],
                [ 0.2806833, 0.277233, -0.9188898, 0 ],
                [ -0.6529408, -0.6465502, -0.3945133, 0 ],
                [ 30.72084, -6.007466, 93.00105, 1 ]
            ],
            "cuboid_centroid": [
                30.720842361450197,
                -6.007465839385986,
                93.00105285644531
            ],
            "projected_cuboid_centroid": [
                714.4961547851563,
                162.856201171875
            ],
            "bounding_box": {
                "top_left": [
                    622.4085083007813,
                    131.21044921875
                ],
                "bottom_right": [
                    815.4228515625,
                    198.3389892578125
                ]
            },
            "cuboid": [
                [ 36.81415, -3.721562, 89.22678 ],
                [ 35.15318, -3.058851, 87.68513 ],
                [ 24.6281, -7.164437, 97.26002 ],
                [ 26.28907, -7.82716, 98.80166 ],
                [ 36.81359, -4.850491, 88.74209 ],
                [ 35.15262, -4.187772, 87.20045 ],
                [ 24.62753, -8.293359, 96.77532 ],
                [ 26.28851, -8.956082, 98.31697 ]
            ],
            "projected_cuboid": [
                [ 812.7391, 190.1887 ],
                [ 798.7802, 198.339 ],
                [ 622.4085, 152.0278 ],
                [ 637.7668, 145.3899 ],
                [ 815.4229, 174.724 ],
                [ 801.4337, 182.6462 ],
                [ 623.9161, 137.6558 ],
                [ 639.3265, 131.2104 ]
            ]
        }
    ]
}