{
    "camera_data": {
        "location_worldframe": [
            -66.43690490722656,
            21.587017059326173,
            24.325237274169923
        ],
        "quaternion_xyzw_worldframe": [
            0.09108523279428482,
            0.8731839656829834,
            -0.17911507189273835,
            0.444039523601532
        ]
    },
    "objects": [
        {
            "class": "big_spoon",
            "visibility": 1.0,
            "location": [
                -0.367083877325058,
                -0.6792125105857849,
                51.19904327392578
            ],
            "quaternion_xyzw": [
                -0.09232291579246521,
                0.8662535548210144,
                0.18432070314884187,
                -0.45509013533592226
            ],
            "pose_transform_permuted": [
                [ -0.5687387, 0.007814959, -0.822481, 0 ],
                [ -0.3277152, 0.9150047, 0.2353064, 0 ],
                [ 0.7544128, 0.4033674, -0.5178375, 0 ],
                [ -0.3670839, -0.6792125, 51.19904, 1 ]
            ],
            "cuboid_centroid": [
                -0.367083877325058,
                -0.6792125105857849,
                51.19904327392578
            ],
            "projected_cuboid_centroid": [
                311.4375,
                224.1568603515625
            ],
            "bounding_box": {
                "top_left": [
                    203.68089294433595,
                    136.998046875
                ],
                "bottom_right": [
                    442.5898742675781,
                    332.0987548828125
                ]
            },
            "cuboid": [
                [ 4.68606, 3.071901, 46.74826 ],
                [ -3.800599, -1.818225, 58.00553 ],
                [ -3.826801, -4.8862, 56.65306 ],
                [ 4.659858, 0.003925423, 45.39579 ],
                [ 3.092634, 3.52777, 45.74504 ],
                [ -5.394026, -1.362356, 57.0023 ],
                [ -5.420226, -4.430332, 55.64983 ],
                [ 3.066432, 0.4597957, 44.39256 ]
            ],
            "projected_cuboid": [
                [ 439.7126, 318.4764 ],
                [ 241.7508, 202.5652 ],
                [ 239.3304, 136.998 ],
                [ 442.5899, 240.1033 ],
                [ 400.7388, 332.0988 ],
                [ 206.9897, 211.4573 ],
                [ 203.6809, 144.9242 ],
                [ 402.4937, 252.3695 ]
            ]
        },
        {
            "class": "bowl",
            "visibility": 0.0,
            "location": [
                -54.459781646728519,
                -15.755569458007813,
                74.73612976074219
            ],
            "quaternion_xyzw": [
                0.1904710829257965,
                0.5165948271751404,
                0.7832460999488831,
                -0.28874945640563967
            ],
            "pose_transform_permuted": [
                [ -0.7606893, 0.6491165, 3.85046E-05, 0 ],
                [ -0.255531, -0.2995073, 0.9192386, 0 ],
                [ 0.5967044, 0.6992449, 0.3937011, 0 ],
                [ -54.45978, -15.75557, 74.73613, 1 ]
            ],
            "cuboid_centroid": [
                -54.459781646728519,
                -15.755569458007813,
                74.73612976074219
            ],
            "projected_cuboid_centroid": [
                -550.24755859375,
                -11.768310546875
            ],
            "bounding_box": {
                "top_left": [
                    -651.0645751953125,
                    -125.7369384765625
                ],
                "bottom_right": [
                    -450.01458740234377,
                    110.92333984375
                ]
            },
            "cuboid": [
                [ -48.32767, -20.53806, 70.03414 ],
                [ -57.83363, -23.73131, 77.49085 ],
                [ -60.59237, -22.4584, 74.51906 ],
                [ -51.08642, -19.26515, 67.06235 ],
                [ -48.3272, -9.052751, 74.9532 ],
                [ -57.83314, -12.246, 82.4099 ],
                [ -60.59189, -10.97308, 79.43812 ],
                [ -51.08594, -7.779837, 71.98141 ]
            ],
            "projected_cuboid": [
                [ -504.107, -110.2251 ],
                [ -571.3074, -125.7369 ],
                [ -651.0646, -119.9225 ],
                [ -589.7545, -103.0767 ],
                [ -450.0146, 95.75928 ],
                [ -518.0981, 62.53516 ],
                [ -590.926, 75.03296 ],
                [ -527.5758, 110.9233 ]
            ]
        },
        {
            "class": "water_glass",
            "visibility": 0.003939247224479914,
            "location": [
                -16.545642852783204,
                -0.3881013095378876,
                49.66167449951172
            ],
            "quaternion_xyzw": [
                0.1276939958333969,
                0.15681135654449464,
                -0.6915223002433777,
                0.6934705376625061
            ],
            "pose_transform_permuted": [
                [ -0.005585779, 0.9991484, 0.04088162, 0 ],
                [ -0.9190529, 0.01098231, -0.3939812, 0 ],
                [ -0.3940946, -0.03977306, 0.9182089, 0 ],
                [ -16.54564, -0.3881013, 49.66167, 1 ]
            ],
            "cuboid_centroid": [
                -16.545642852783204,
                -0.3881013095378876,
                49.66167449951172
            ],
            "projected_cuboid_centroid": [
                -77.88707733154297,
                230.6669921875
            ],
            "bounding_box": {
                "top_left": [
                    -164.83978271484376,
                    168.5272216796875
                ],
                "bottom_right": [
                    0.6519126892089844,
                    295.747802734375
                ]
            },
            "cuboid": [
                [ -14.11837, 2.264615, 48.51366 ],
                [ -14.1407, -1.409979, 46.93798 ],
                [ -19.13644, -1.464885, 47.13684 ],
                [ -19.11411, 2.209707, 48.71253 ],
                [ -13.95484, 0.6886904, 52.1865 ],
                [ -13.97718, -2.985906, 50.61081 ],
                [ -18.97292, -3.040812, 50.80968 ],
                [ -18.95058, 0.6337799, 52.38536 ]
            ],
            "projected_cuboid": [
                [ -27.55054, 295.7478 ],
                [ -39.78592, 204.1255 ],
                [ -164.8398, 202.8857 ],
                [ -148.6093, 294.1741 ],
                [ 0.6519127, 255.7603 ],
                [ -9.817467, 169.542 ],
                [ -125.949, 168.5272 ],
                [ -112.0263, 254.4486 ]
            ]
        },
        {
            "class": "wine_glass",
            "visibility": 0.05809176340699196,
            "location": [
                14.684874534606934,
                -11.891769409179688,
                71.55158996582031
            ],
            "quaternion_xyzw": [
                -0.15004582703113557,
                0.8211579322814941,
                -0.541667103767395,
                -0.09890761971473694
            ],
            "pose_transform_permuted": [
                [ -0.9354072, -0.3535727, 0.0001122206, 0 ],
                [ -0.1392726, 0.368166, -0.9192698, 0 ],
                [ 0.3249874, -0.8599072, -0.3936282, 0 ],
                [ 14.68487, -11.89177, 71.55159, 1 ]
            ],
            "cuboid_centroid": [
                14.684874534606934,
                -11.891769409179688,
                71.55158996582031
            ],
            "projected_cuboid_centroid": [
                565.1029052734375,
                41.516357421875
            ],
            "bounding_box": {
                "top_left": [
                    465.35479736328127,
                    -50.02197265625
                ],