{
    "camera_data": {
        "location_worldframe": [
            6.786948204040527,
            245.71604919433595,
            -45.6126594543457
        ],
        "quaternion_xyzw_worldframe": [
            0.568499743938446,
            -0.3855036795139313,
            0.34165897965431216,
            0.6414547562599182
        ]
    },
    "objects": [
        {
            "class": "big_spoon",
            "visibility": 1.0,
            "location": [
                0.3447991609573364,
                2.315213918685913,
                245.1463165283203
            ],
            "quaternion_xyzw": [
                -0.46321117877960207,
                0.5188251733779907,
                -0.5875085592269898,
                0.4136298894882202
            ],
            "pose_transform_permuted": [
                [ -0.2286917, 0.005370975, 0.9734843, 0 ],
                [ -0.9666734, -0.1194618, -0.2264325, 0 ],
                [ 0.1150779, -0.9928244, 0.03251171, 0 ],
                [ 0.3447992, 2.315214, 245.1463, 1 ]
            ],
            "cuboid_centroid": [
                0.3447991609573364,
                2.315213918685913,
                245.1463165283203
            ],
            "projected_cuboid_centroid": [
                321.6797180175781,
                251.27880859375
            ],
            "bounding_box": {
                "top_left": [
                    308.7792053222656,
                    214.01708984375
                ],
                "bottom_right": [
                    334.77984619140627,
                    288.305908203125
                ]
            },
            "cuboid": [
                [ 1.11707, 9.546564, 242.5918 ],
                [ -2.295439, -4.878017, 244.309 ],
                [ -2.313446, -4.477473, 247.6378 ],
                [ 1.099061, 9.947131, 245.9207 ],
                [ 3.003042, 9.107898, 242.6548 ],
                [ -0.4094656, -5.316696, 244.372 ],
                [ -0.4274653, -4.916142, 247.7009 ],
                [ 2.985036, 9.508441, 245.9837 ]
            ],
            "projected_cuboid": [
                [ 325.4992, 286.9968 ],
                [ 308.7792, 216.1548 ],
                [ 308.8432, 218.407 ],
                [ 325.3373, 288.3059 ],
                [ 334.7798, 284.8257 ],
                [ 317.9989, 214.0171 ],
                [ 317.939, 216.2975 ],
                [ 334.4924, 286.1637 ]
            ]
        },
        {
            "class": "small_spoon",
            "visibility": 0.0,
            "location": [
                53.8018684387207,
                21.587196350097658,
                243.7326202392578
            ],
            "quaternion_xyzw": [
                -0.017922814935445787,
                0.055326398462057117,
                0.9705055356025696,
                0.23395894467830659
            ],
            "pose_transform_permuted": [
                [ -0.889884, -0.4561001, -0.008900169, 0 ],
                [ 0.4521337, -0.8844045, 0.1157756, 0 ],
                [ -0.06067659, 0.09900275, 0.9932355, 0 ],
                [ 53.80187, 21.5872, 243.7326, 1 ]
            ],
            "cuboid_centroid": [
                53.8018684387207,
                21.587196350097658,
                243.7326202392578
            ],
            "projected_cuboid_centroid": [
                583.6217651367188,
                345.7742919921875
            ],
            "bounding_box": {
                "top_left": [
                    554.046142578125,
                    326.39697265625
                ],
                "bottom_right": [
                    613.3287353515625,
                    365.10791015625
                ]
            },
            "cuboid": [
                [ 58.50855, 17.61266, 243.4579 ],
                [ 47.88555, 23.00999, 242.7336 ],
                [ 49.10899, 25.3823, 242.468 ],
                [ 59.73199, 19.98496, 243.1923 ],
                [ 58.49475, 17.79209, 244.9973 ],
                [ 47.87175, 23.18942, 244.2729 ],
                [ 49.0952, 25.56173, 244.0074 ],
                [ 59.71818, 20.1644, 244.7317 ]
            ],
            "projected_cuboid": [
                [ 607.0073, 326.397 ],
                [ 555.5983, 353.2098 ],
                [ 561.8823, 365.0184 ],
                [ 613.3287, 338.1411 ],
                [ 605.1367, 326.7288 ],
                [ 554.0461, 353.3737 ],
                [ 560.2888, 365.1079 ],
                [ 611.4163, 338.3994 ]
            ]
        },
        {
            "class": "knife",
            "visibility": 0.0,
            "location": [
                43.85931396484375,
                -34.2305908203125,
                250.84738159179688
            ],
            "quaternion_xyzw": [
                0.045932117849588397,
                0.03796207159757614,
                0.6074657440185547,
                -0.7921076416969299
            ],
            "pose_transform_permuted": [
                [ 0.2590885, 0.9658439, -0.00433572, 0 ],
                [ -0.9588692, 0.2577512, 0.1188877, 0 ],
                [ 0.1159445, -0.02664505, 0.9928982, 0 ],
                [ 43.85931, -34.23059, 250.8474, 1 ]
            ],
            "cuboid_centroid": [
                43.85931396484375,
                -34.2305908203125,
                250.84738159179688
            ],
            "projected_cuboid_centroid": [
                528.8092651367188,
                77.031982421875
            ],
            "bounding_box": {
                "top_left": [
                    514.16650390625,
                    38.5103759765625
                ],
                "bottom_right": [
                    543.3907470703125,
                    115.7327880859375
                ]
            },
            "cuboid": [
                [ 42.76952, -26.13619, 249.4706 ],
                [ 47.02037, -41.86829, 251.3729 ],
                [ 44.95259, -42.42014, 251.4299 ],
                [ 40.70172, -26.68802, 249.5276 ],
                [ 42.76605, -26.04108, 250.2649 ],
                [ 47.01691, -41.77321, 252.1672 ],
                [ 44.94911, -42.32504, 252.2242 ],
                [ 40.69824, -26.5929, 250.3219 ]
            ],
            "projected_cuboid": [
                [ 524.7446, 114.8818 ],
                [ 543.3907, 41.08643 ],
                [ 533.5184, 38.51038 ],
                [ 514.8012, 112.2693 ],
                [ 524.0782, 115.7328 ],
                [ 542.6707, 42.16333 ],
                [ 532.8295, 39.59521 ],
                [ 514.1665, 113.1284 ]
            ]
        },
        {
            "class": "teacup",
            "visibility": 0.9372470378875732,
            "location": [
                28.622974395751954,
                -37.895511627197269,
                249.1294403076172
            ],
            "quaternion_xyzw": [
                0.11912912130355835,
                0.6548587083816528,
                -0.7389101386070252,
                -0.10478630661964417
            ],
            "pose_transform_permuted": [
                [ -0.9496562, 0.001170158, -0.3132919, 0 ],
                [ 0.3108808, -0.1203599, -0.9427973, 0 ],
                [ -0.03881098, -0.9927297, 0.1139367, 0 ],
                [ 28.62297, -37.89551, 249.1294, 1 ]
            ],
            "cuboid_centroid": [
                28.622974395751954,
                -37.895511627197269,
                249.1294403076172
            ],
            "projected_cuboid_centroid": [
                457.21044921875,
                58.339599609375
            ],
            "bounding_box": {
                "top_left": [
                    431.753173828125,
                    34.54736328125
                ],
                "bottom_right": [
                    483.2303466796875,
                    81.75244140625
                ]
            },