{
    "camera_data": {
        "location_worldframe": [
            -37.780086517333987,
            123.75497436523438,
            -16.972429275512697
        ],
        "quaternion_xyzw_worldframe": [
            0.5325055718421936,
            0.35382622480392458,
            -0.2604283392429352,
            0.7234790325164795
        ]
    },
    "objects": [
        {
            "class": "big_spoon",
            "visibility": 1.0,
            "location": [
                -2.5835115909576418,
                -1.2049511671066285,
                128.5448455810547
            ],
            "quaternion_xyzw": [
                0.21629656851291657,
                0.9648066759109497,
                -0.14634738862514497,
                0.0307600200176239
            ],
            "pose_transform_permuted": [
                [ -0.904539, 0.4263721, -0.003953926, 0 ],
                [ 0.4083654, 0.8635964, -0.2957005, 0 ],
                [ -0.1226638, -0.2690873, -0.9552723, 0 ],
                [ -2.583512, -1.204951, 128.5448, 1 ]
            ],
            "cuboid_centroid": [
                -2.5835115909576418,
                -1.2049511671066285,
                128.5448455810547
            ],
            "projected_cuboid_centroid": [
                295.9976806640625,
                228.8052978515625
            ],
            "bounding_box": {
                "top_left": [
                    225.601318359375,
                    184.576904296875
                ],
                "bottom_right": [
                    365.4656982421875,
                    273.338134765625
                ]
            },
            "cuboid": [
                [ 4.883842, -2.517511, 129.9342 ],
                [ -8.613593, 3.576071, 128.1039 ],
                [ -10.0432, 0.6804654, 129.0061 ],
                [ 3.454233, -5.413119, 130.8365 ],
                [ 4.876181, -3.090379, 128.0836 ],
                [ -8.621252, 3.003204, 126.2532 ],
                [ -10.05086, 0.1075903, 127.1554 ],
                [ 3.446574, -5.98598, 128.9858 ]
            ],
            "projected_cuboid": [
                [ 364.8885, 216.861 ],
                [ 239.6992, 273.3381 ],
                [ 227.0265, 246.2993 ],
                [ 351.5297, 190.5898 ],
                [ 365.4657, 211.1852 ],
                [ 238.4497, 268.408 ],
                [ 225.6013, 241.0105 ],
                [ 351.9112, 184.5769 ]
            ]
        }
    ]
}