{
    "camera_data": {
        "location_worldframe": [
            -31.260316848754884,
            150.5022735595703,
            66.08585357666016
        ],
        "quaternion_xyzw_worldframe": [
            0.25535139441490176,
            0.7405745387077332,
            -0.48228272795677187,
            0.39210763573646548
        ]
    },
    "objects": [
        {
            "class": "mug",
            "visibility": 1.0,
            "location": [
                0.15723910927772523,
                3.2728190422058107,
                158.57485961914063
            ],
            "quaternion_xyzw": [
                -0.8319283723831177,
                -0.06494767963886261,
                0.10014734417200089,
                0.541892409324646
            ],
            "pose_transform_permuted": [
                [ 0.9715046, -0.0004745349, -0.2370201, 0 ],
                [ 0.2166018, -0.4042686, 0.8886227, 0 ],
                [ -0.09624153, -0.91464, -0.392646, 0 ],
                [ 0.1572391, 3.272819, 158.5749, 1 ]
            ],
            "cuboid_centroid": [
                0.15723910927772523,
                3.2728190422058107,
                158.57485961914063
            ],
            "projected_cuboid_centroid": [
                321.1842041015625,
                264.648193359375
            ],
            "bounding_box": {
                "top_left": [
                    272.1334228515625,
                    217.23046875
                ],
                "bottom_right": [
                    369.6082763671875,
                    311.2796630859375
                ]
            },
            "cuboid": [
                [ -4.280581, -2.998087, 157.2489 ],
                [ 6.487658, -0.5972649, 156.1821 ],
                [ 6.49122, 2.43476, 163.0419 ],
                [ -4.277017, 0.03391683, 164.1087 ],
                [ -6.176739, 4.11089, 154.1077 ],
                [ 4.591497, 6.511715, 153.041 ],
                [ 4.595059, 9.543743, 159.9008 ],
                [ -6.173181, 7.142901, 160.9675 ]
            ],
            "projected_cuboid": [
                [ 287.4903, 217.2305 ],
                [ 369.6083, 235.433 ],
                [ 367.5471, 257.8342 ],
                [ 288.8752, 240.2468 ],
                [ 272.1334, 271.8573 ],
                [ 355.8298, 290.8142 ],
                [ 354.3193, 311.2797 ],
                [ 274.1997, 292.9949 ]
            ]
        },
        {
            "class": "wine_glass",
            "visibility": 0.0,
            "location": [
                36.497398376464847,
                29.77798080444336,
                146.63308715820313
            ],
            "quaternion_xyzw": [
                -0.19819015264511109,
                -0.9581193923950195,
                0.20240680873394013,
                -0.0419449657201767
            ],
            "pose_transform_permuted": [
                [ -0.9179226, 0.3967596, 0.0001465008, 0 ],
                [ 0.3627998, 0.8395043, -0.4044859, 0 ],
                [ -0.1606067, -0.3712336, -0.9145442, 0 ],
                [ 36.4974, 29.77798, 146.6331, 1 ]
            ],
            "cuboid_centroid": [
                36.497398376464847,
                29.77798080444336,
                146.63308715820313
            ],
            "projected_cuboid_centroid": [
                617.2538452148438,
                482.52740478515627
            ],
            "bounding_box": {
                "top_left": [
                    553.309814453125,
                    404.942626953125
                ],
                "bottom_right": [
                    686.517578125,
                    560.004638671875
                ]
            },
            "cuboid": [
                [ 43.2034, 36.44726, 148.0057 ],
                [ 35.93999, 39.31804, 146.7348 ],
                [ 29.79023, 26.30573, 152.489 ],
                [ 37.05364, 23.43494, 153.7598 ],
                [ 43.20456, 33.25023, 140.7772 ],
                [ 35.94115, 36.12102, 139.5063 ],
                [ 29.79138, 23.10871, 145.2605 ],
                [ 37.05479, 20.23792, 146.5313 ]
            ],
            "projected_cuboid": [
                [ 668.6078, 534.0925 ],
                [ 612.5111, 560.0046 ],
                [ 553.3098, 446.0201 ],
                [ 607.7966, 422.0198 ],
                [ 686.5176, 522.0719 ],
                [ 627.6774, 549.2172 ],
                [ 564.9293, 429.9878 ],
                [ 622.0031, 404.9426 ]
            ]
        }
    ]
}