{
    "camera_data": {
        "location_worldframe": [
            -5.108636856079102,
            173.82022094726563,
            -15.545910835266114
        ],
        "quaternion_xyzw_worldframe": [
            0.007170837372541428,
            0.7463517189025879,
            -0.6654645800590515,
            0.008042452856898308
        ]
    },
    "objects": [
        {
            "class": "big_spoon",
            "visibility": 1.0,
            "location": [
                3.187166452407837,
                -0.3877074718475342,
                173.61233520507813
            ],
            "quaternion_xyzw": [
                0.6399070024490356,
                -0.7662302851676941,
                0.0438818633556366,
                0.03852898254990578
            ],
            "pose_transform_permuted": [
                [ -0.1780689, -0.9840137, -0.00288352, 0 ],
                [ -0.9772508, 0.1771868, -0.1165572, 0 ],
                [ 0.1152048, -0.0179373, -0.9931796, 0 ],
                [ 3.187166, -0.3877075, 173.6123, 1 ]
            ],
            "cuboid_centroid": [
                3.187166452407837,
                -0.3877074718475342,
                173.61233520507813
            ],
            "projected_cuboid_centroid": [
                341.9241027832031,
                237.3330078125
            ],
            "bounding_box": {
                "top_left": [
                    321.4190368652344,
                    184.3343505859375
                ],
                "bottom_right": [
                    362.8338317871094,
                    290.287353515625
                ]
            },
            "cuboid": [
                [ 2.868846, 7.313462, 173.6848 ],
                [ 0.2117169, -7.26897, 175.4039 ],
                [ 3.511078, -7.863086, 175.464 ],
                [ 6.168204, 6.719355, 173.7449 ],
                [ 2.863256, 7.087636, 171.7607 ],
                [ 0.2061307, -7.494792, 173.4797 ],
                [ 3.505491, -8.088889, 173.5399 ],
                [ 6.162615, 6.493553, 171.8208 ]
            ],
            "projected_cuboid": [
                [ 339.7262, 290.2874 ],
                [ 321.4415, 190.5084 ],
                [ 343.8974, 186.4817 ],
                [ 362.3979, 286.1863 ],
                [ 339.9083, 289.2805 ],
                [ 321.419, 188.4049 ],
                [ 344.1239, 184.3344 ],
                [ 362.8338, 285.134 ]
            ]
        }
    ]
}