{
    "camera_data": {
        "location_worldframe": [
            -6.267744064331055,
            144.46038818359376,
            32.46979904174805
        ],
        "quaternion_xyzw_worldframe": [
            0.4105255901813507,
            0.589176595211029,
            -0.5041594505310059,
            0.4797531068325043
        ]
    },
    "objects": [
        {
            "class": "big_plates",
            "visibility": 1.0,
            "location": [
                2.504770278930664,
                0.2198406159877777,
                145.02919006347657
            ],
            "quaternion_xyzw": [
                0.525495707988739,
                0.4695744514465332,
                -0.5487724542617798,
                -0.4496697783470154
            ],
            "pose_transform_permuted": [
                [ -0.04330277, -1.40667E-05, -0.9990621, 0 ],
                [ 0.9870515, -0.1545939, -0.04277998, 0 ],
                [ -0.1544483, -0.9879782, 0.006708205, 0 ],
                [ 2.50477, 0.2198406, 145.0292, 1 ]
            ],
            "cuboid_centroid": [
                2.504770278930664,
                0.2198406159877777,
                145.02919006347657
            ],
            "projected_cuboid_centroid": [
                340.6257629394531,
                241.810302734375
            ],
            "bounding_box": {
                "top_left": [
                    264.7517395019531,
                    167.0533447265625
                ],
                "bottom_right": [
                    415.3604736328125,
                    317.268798828125
                ]
            },
            "cuboid": [
                [ 11.62518, -8.151285, 145.5891 ],
                [ 10.8679, 9.11057, 142.8881 ],
                [ 10.86792, 9.339618, 144.3519 ],
                [ 11.6252, -7.922238, 147.0529 ],
                [ -5.858384, -8.899932, 145.7065 ],
                [ -6.615668, 8.361919, 143.0055 ],
                [ -6.615644, 8.590971, 144.4693 ],
                [ -5.85836, -8.670885, 147.1703 ]
            ],
            "projected_cuboid": [
                [ 415.3605, 173.1356 ],
                [ 410.8337, 316.146 ],
                [ 409.9128, 317.2688 ],
                [ 414.4114, 175.6614 ],
                [ 271.9828, 167.0533 ],
                [ 264.7517, 309.8314 ],
                [ 265.3117, 311.0173 ],
                [ 272.4606, 169.6376 ]
            ]
        },
        {
            "class": "small_spoon",
            "visibility": 0.0,
            "location": [
                71.93233489990235,
                33.39004135131836,
                139.80738830566407
            ],
            "quaternion_xyzw": [
                0.07547283172607422,
                0.021105187013745309,
                0.2804492712020874,
                -0.9566642642021179
            ],
            "pose_transform_permuted": [
                [ 0.8418056, 0.5397773, 0.001951445, 0 ],
                [ -0.5334058, 0.8313041, 0.1562422, 0 ],
                [ 0.08271375, -0.1325665, 0.9877169, 0 ],
                [ 71.93233, 33.39004, 139.8074, 1 ]
            ],
            "cuboid_centroid": [
                71.93233489990235,
                33.39004135131836,
                139.80738830566407
            ],
            "projected_cuboid_centroid": [
                934.4570922851563,
                525.222900390625
            ],
            "bounding_box": {
                "top_left": [
                    883.5537109375,
                    486.99835205078127
                ],
                "bottom_right": [
                    985.6887817382813,
                    564.2413330078125
                ]
            },
            "cuboid": [
                [ 67.63023, 37.56767, 138.3705 ],
                [ 77.67929, 31.20014, 139.3579 ],
                [ 76.23139, 28.97026, 139.7135 ],
                [ 66.18235, 35.3378, 138.7261 ],
                [ 67.63326, 37.80983, 139.9013 ],
                [ 77.6823, 31.44229, 140.8887 ],
                [ 76.23443, 29.21242, 141.2443 ],
                [ 66.18537, 35.57995, 140.2569 ]
            ],
            "projected_cuboid": [
                [ 903.7072, 564.2413 ],
                [ 985.6888, 507.3761 ],
                [ 971.618, 487.6348 ],
                [ 889.7464, 544.2138 ],
                [ 897.3459, 562.7606 ],
                [ 978.4813, 506.5235 ],
                [ 964.5813, 486.9984 ],
                [ 883.5537, 542.9554 ]
            ]
        },
        {
            "class": "water_glass",
            "visibility": 0.0,
            "location": [
                36.443397521972659,
                -9.71560001373291,
                145.31207275390626
            ],
            "quaternion_xyzw": [
                -0.6532564759254456,
                0.16638058423995973,
                -0.6877242922782898,
                -0.26946038007736208
            ],
            "pose_transform_permuted": [
                [ -0.001294404, -0.5880073, 0.8088548, 0 ],
                [ 0.1532505, -0.7994174, -0.5809014, 0 ],
                [ 0.9881867, 0.1232055, 0.09114698, 0 ],
                [ 36.4434, -9.7156, 145.3121, 1 ]
            ],
            "cuboid_centroid": [
                36.443397521972659,
                -9.71560001373291,
                145.31207275390626
            ],
            "projected_cuboid_centroid": [
                619.5123291015625,
                160.1517333984375
            ],
            "bounding_box": {
                "top_left": [
                    590.2072143554688,
                    130.54150390625
                ],
                "bottom_right": [
                    649.6774291992188,
                    189.16259765625
                ]
            },
            "cuboid": [
                [ 33.35826, -10.85871, 143.4623 ],
                [ 33.35309, -10.24598, 147.4133 ],
                [ 36.29313, -6.248903, 146.7973 ],
                [ 36.29829, -6.861632, 142.8463 ],
                [ 36.59368, -13.18232, 143.8269 ],
                [ 36.58851, -12.56959, 147.7779 ],
                [ 39.52855, -8.572496, 147.1619 ],
                [ 39.53372, -9.185225, 143.2109 ]
            ],
            "projected_cuboid": [
                [ 597.6919, 149.6063 ],
                [ 590.2072, 156.993 ],
                [ 615.2595, 189.1626 ],
                [ 623.4694, 182.6338 ],
                [ 623.853, 130.5415 ],
                [ 615.6873, 138.4198 ],
                [ 640.7843, 170.432 ],
                [ 649.6774, 163.4031 ]
            ]
        },
        {
            "class": "small_fork",
            "visibility": 0.0,
            "location": [
                32.124900817871097,
                37.744850158691409,
                139.41082763671876
            ],
            "quaternion_xyzw": [
                0.9951620101928711,
                0.06033006310462952,
                -0.0050748358480632309,
                0.07737728953361511
            ],
            "pose_transform_permuted": [
                [ 0.992669, 0.1208617, -0.0007642144, 0 ],
                [ 0.119291, -0.9807464, -0.1546182, 0 ],
                [ -0.01943692, 0.1533936, -0.9879743, 0 ],
                [ 32.1249, 37.74485, 139.4108, 1 ]
            ],
            "cuboid_centroid": [
                32.124900817871097,
                37.744850158691409,
                139.41082763671876
            ],
            "projected_cuboid_centroid": [
                595.1964721679688,
                563.3394775390625
            ],
            "bounding_box": {
                "top_left": [
                    581.7955322265625,
                    510.51641845703127
                ],
                "bottom_right": [
                    608.5197143554688,
                    617.2438354492188
                ]
            },