{
    "camera_data": {
        "location_worldframe": [
            53.847938537597659,
            83.47016906738281,
            -13.843048095703125
        ],
        "quaternion_xyzw_worldframe": [
            0.32671740651130679,
            -0.4533461630344391,
            0.18312492966651917,
            0.8088252544403076
        ]
    },
    "objects": [
        {
            "class": "mug",
            "visibility": 1.0,
            "location": [
                -3.1752445697784426,
                -1.451195240020752,
                115.34654998779297
            ],
            "quaternion_xyzw": [
                -0.22387808561325074,
                0.320275217294693,
                0.7545004487037659,
                0.5272868871688843
            ],
            "pose_transform_permuted": [
                [ -0.3436942, -0.9390816, -7.840991E-05, 0 ],
                [ 0.6522712, -0.2387846, 0.7193916, 0 ],
                [ -0.6755861, 0.2471996, 0.6946048, 0 ],
                [ -3.175245, -1.451195, 115.3465, 1 ]
            ],
            "cuboid_centroid": [
                -3.1752445697784426,
                -1.451195240020752,
                115.34654998779297
            ],
            "projected_cuboid_centroid": [
                287.1246643066406,
                224.974853515625
            ],
            "bounding_box": {
                "top_left": [
                    226.40541076660157,
                    149.96044921875
                ],
                "bottom_right": [
                    343.30224609375,
                    302.4921875
                ]
            },
            "cuboid": [
                [ -4.791719, -8.839114, 117.2393 ],
                [ -8.601254, -1.609287, 109.751 ],
                [ -1.558137, 0.1815977, 107.897 ],
                [ 2.251388, -7.048241, 115.3853 ],
                [ -4.792351, -3.08399, 122.7961 ],
                [ -8.601884, 4.145843, 115.3078 ],
                [ -1.55877, 5.936732, 113.4538 ],
                [ 2.25076, -1.293106, 120.9421 ]
            ],
            "projected_cuboid": [
                [ 271.1892, 149.9604 ],
                [ 226.4054, 222.4885 ],
                [ 302.7538, 242.01 ],
                [ 343.3022, 167.0496 ],
                [ 273.3919, 210.0066 ],
                [ 230.9093, 282.939 ],
                [ 303.5918, 302.4922 ],
                [ 342.2254, 227.2311 ]
            ]
        },
        {
            "class": "big_plates",
            "visibility": 0.025267841294407846,
            "location": [
                16.890403747558595,
                35.195220947265628,
                82.07936096191406
            ],
            "quaternion_xyzw": [
                0.22755523025989533,
                0.7364586591720581,
                0.29748648405075076,
                0.563337504863739
            ],
            "pose_transform_permuted": [
                [ -0.2617391, -5.662441E-07, 0.9651388, 0 ],
                [ 0.6703407, 0.7194408, 0.1817922, 0 ],
                [ -0.6943604, 0.6945538, -0.1883054, 0 ],
                [ 16.8904, 35.19522, 82.07936, 1 ]
            ],
            "cuboid_centroid": [
                16.890403747558595,
                35.195220947265628,
                82.07936096191406
            ],
            "projected_cuboid_centroid": [
                565.7556762695313,
                752.0911254882813
            ],
            "bounding_box": {
                "top_left": [
                    414.0611267089844,
                    603.9589233398438
                ],
                "bottom_right": [
                    703.6569213867188,
                    928.7311401367188
                ]
            },
            "cuboid": [
                [ 10.73413, 28.27595, 90.31316 ],
                [ 6.156766, 39.99907, 78.16998 ],
                [ 6.156767, 38.93313, 77.14091 ],
                [ 10.73413, 27.21003, 89.2841 ],
                [ 27.62404, 31.45731, 87.01781 ],
                [ 23.04668, 43.18042, 74.87463 ],
                [ 23.04668, 42.11449, 73.84558 ],
                [ 27.62404, 30.39137, 85.98875 ]
            ],
            "projected_cuboid": [
                [ 461.9427, 613.9072 ],
                [ 414.0611, 851.0933 ],
                [ 415.3159, 842.743 ],
                [ 463.5788, 603.9589 ],
                [ 699.1199, 671.7287 ],
                [ 687.5963, 928.7311 ],
                [ 692.7188, 921.0901 ],
                [ 703.6569, 662.0911 ]
            ]
        },
        {
            "class": "small_plates",
            "visibility": 0.0,
            "location": [
                -24.16012954711914,
                44.8806037902832,
                72.07040405273438
            ],
            "quaternion_xyzw": [
                0.8760132193565369,
                -0.1253105103969574,
                0.30150115489959719,
                -0.3549578785896301
            ],
            "pose_transform_permuted": [
                [ 0.7867886, -0.005506918, 0.6171979, 0 ],
                [ -0.4335877, -0.7166042, 0.5463331, 0 ],
                [ 0.4392781, -0.6974581, -0.5662037, 0 ],
                [ -24.16013, 44.8806, 72.0704, 1 ]
            ],
            "cuboid_centroid": [
                -24.16012954711914,
                44.8806037902832,
                72.07040405273438
            ],
            "projected_cuboid_centroid": [
                -80.3499984741211,
                983.7025146484375
            ],
            "bounding_box": {
                "top_left": [
                    -201.453369140625,
                    849.419921875
                ],
                "bottom_right": [
                    41.253929138183597,
                    1136.978759765625
                ]
            },
            "cuboid": [
                [ -31.53332, 43.75798, 72.21904 ],
                [ -23.27346, 39.2061, 76.83066 ],
                [ -23.2653, 40.26871, 77.86488 ],
                [ -31.52516, 44.8206, 73.25327 ],
                [ -25.05496, 49.49252, 66.27594 ],
                [ -16.79511, 44.94064, 70.88757 ],
                [ -16.78694, 46.00324, 71.92178 ],
                [ -25.0468, 50.55513, 67.31016 ]
            ],
            "projected_cuboid": [
                [ -201.4534, 963.6077 ],
                [ -41.76289, 849.4199 ],
                [ -36.83266, 857.6232 ],
                [ -193.9582, 970.7153 ],
                [ -131.4767, 1131.828 ],
                [ 37.04956, 997.1234 ],
                [ 41.25393, 1003.881 ],
                [ -124.395, 1136.979 ]
            ]
        },
        {
            "class": "small_plates",
            "visibility": 0.0,
            "location": [
                -51.42466354370117,
                24.47456169128418,
                93.18587493896485
            ],
            "quaternion_xyzw": [
                0.8600267767906189,
                -0.14018797874450684,
                0.34644466638565066,
                -0.34738659858703616
            ],
            "pose_transform_permuted": [
                [ 0.7206469, -0.0004303604, 0.6933023, 0 ],
                [ -0.4818313, -0.71934, 0.5003888, 0 ],
                [ 0.4985045, -0.6946583, -0.5185975, 0 ],
                [ -51.42466, 24.47456, 93.18587, 1 ]
            ],
            "cuboid_centroid": [
                -51.42466354370117,
                24.47456169128418,
                93.18587493896485
            ],
            "projected_cuboid_centroid": [
                -339.05084228515627,
                553.662353515625
            ],
            "bounding_box": {
                "top_left": [
                    -437.49853515625,
                    468.9090576171875
                ],
                "bottom_right": [
                    -241.4655303955078,
                    647.6683959960938
                ]
            },