{
    "camera_data": {
        "location_worldframe": [
            -64.45504760742188,
            247.5584716796875,
            -48.45996856689453
        ],
        "quaternion_xyzw_worldframe": [
            0.44982028007507326,
            0.5147164463996887,
            -0.36697158217430117,
            0.6309204697608948
        ]
    },
    "objects": [
        {
            "class": "small_fork",
            "visibility": 1.0,
            "location": [
                -2.6729679107666017,
                2.0264360904693605,
                259.7419128417969
            ],
            "quaternion_xyzw": [
                0.5360128879547119,
                -0.6098672747612,
                -0.3576337695121765,
                -0.4613568186759949
            ],
            "pose_transform_permuted": [
                [ 0.0003200173, -0.983787, 0.1793402, 0 ],
                [ -0.3237999, 0.1695765, 0.9308047, 0 ],
                [ -0.9461255, -0.05836815, -0.3184958, 0 ],
                [ -2.672968, 2.026436, 259.7419, 1 ]
            ],
            "cuboid_centroid": [
                -2.6729679107666017,
                2.0264360904693605,
                259.7419128417969
            ],
            "projected_cuboid_centroid": [
                307.7100830078125,
                249.3172607421875
            ],
            "bounding_box": {
                "top_left": [
                    280.3462829589844,
                    241.191162109375
                ],
                "bottom_right": [
                    334.951904296875,
                    257.4188232421875
                ]
            },
            "cuboid": [
                [ -8.589048, 2.879315, 260.4462 ],
                [ -8.58844, 2.267701, 258.6591 ],
                [ 3.066839, 0.2586779, 259.3506 ],
                [ 3.066235, 0.8702937, 261.1378 ],
                [ -8.412773, 3.794172, 260.1332 ],
                [ -8.412177, 3.182564, 258.3461 ],
                [ 3.243109, 1.17353, 259.0376 ],
                [ 3.242498, 1.78513, 260.8247 ]
            ],
            "projected_cuboid": [
                [ 280.6156, 253.2029 ],
                [ 280.3463, 250.4702 ],
                [ 334.1222, 241.1912 ],
                [ 334.0228, 243.9801 ],
                [ 281.3774, 257.4188 ],
                [ 281.113, 254.712 ],
                [ 334.9519, 245.4104 ],
                [ 334.8466, 248.1737 ]
            ]
        }
    ]
}