{
    "camera_data": {
        "location_worldframe": [
            -49.21512985229492,
            179.03109741210938,
            -0.844806432723999
        ],
        "quaternion_xyzw_worldframe": [
            0.2542041540145874,
            0.7308571338653565,
            -0.5256480574607849,
            0.35344353318214419
        ]
    },
    "objects": [
        {
            "class": "knife",
            "visibility": 1.0,
            "location": [
                3.5099594593048097,
                1.3395897150039673,
                187.55084228515626
            ],
            "quaternion_xyzw": [
                -0.16103823482990266,
                0.009506111964583397,
                0.05777902901172638,
                0.9852096438407898
            ],
            "pose_transform_permuted": [
                [ 0.9931424, -0.1169106, 0.0001217611, 0 ],
                [ 0.1107872, 0.9414566, 0.3184114, 0 ],
                [ -0.03734029, -0.3162143, 0.9479526, 0 ],
                [ 3.509959, 1.33959, 187.5508, 1 ]
            ],
            "cuboid_centroid": [
                3.5099594593048097,
                1.3395897150039673,
                187.55084228515626
            ],
            "projected_cuboid_centroid": [
                342.35015869140627,
                248.530029296875
            ],
            "bounding_box": {
                "top_left": [
                    289.60772705078127,
                    235.52099609375
                ],
                "bottom_right": [
                    395.16436767578127,
                    261.5760498046875
                ]
            },
            "cuboid": [
                [ -4.762456, 1.311191, 187.1395 ],
                [ 11.53198, 3.128861, 186.5268 ],
                [ 11.78228, 1.113291, 187.2038 ],
                [ -4.512164, -0.7043993, 187.8165 ],
                [ -4.762363, 1.565913, 187.8978 ],
                [ 11.53208, 3.38359, 187.2852 ],
                [ 11.78238, 1.368003, 187.9622 ],
                [ -4.512065, -0.4496681, 188.5748 ]
            ],
            "projected_cuboid": [
                [ 289.6077, 248.3676 ],
                [ 393.8347, 260.0328 ],
                [ 395.1644, 247.1022 ],
                [ 291.3088, 235.521 ],
                [ 289.731, 249.9528 ],
                [ 393.5363, 261.576 ],
                [ 394.8618, 248.6919 ],
                [ 291.4248, 237.1522 ]
            ]
        },
        {
            "class": "water_glass",
            "visibility": 1.0,
            "location": [
                -39.59251022338867,
                12.51695442199707,
                182.1124725341797
            ],
            "quaternion_xyzw": [
                0.11555559933185578,
                0.11222682893276215,
                0.6896304488182068,
                -0.7060182690620422
            ],
            "pose_transform_permuted": [
                [ 0.02362994, 0.9997203, 0.0009129345, 0 ],
                [ -0.9478465, 0.02211347, 0.3179588, 0 ],
                [ 0.3178497, -0.008378655, 0.9481041, 0 ],
                [ -39.59251, 12.51695, 182.1125, 1 ]
            ],
            "cuboid_centroid": [
                -39.59251022338867,
                12.51695442199707,
                182.1124725341797
            ],
            "projected_cuboid_centroid": [
                60.36043167114258,
                322.0836181640625
            ],
            "bounding_box": {
                "top_left": [
                    39.78559494018555,
                    305.5711669921875
                ],
                "bottom_right": [
                    80.37565612792969,
                    338.3726806640625
                ]
            },
            "cuboid": [
                [ -37.14227, 13.83118, 179.5599 ],
                [ -37.04779, 10.04147, 180.8307 ],
                [ -42.04639, 9.93089, 180.8726 ],
                [ -42.14088, 13.72061, 179.6018 ],
                [ -37.13862, 15.10301, 183.3523 ],
                [ -37.04414, 11.3133, 184.6231 ],
                [ -42.04274, 11.20273, 184.665 ],
                [ -42.13722, 14.99244, 183.3942 ]
            ],
            "projected_cuboid": [
                [ 72.96604, 331.9915 ],
                [ 75.3261, 306.3167 ],
                [ 42.37825, 305.5712 ],
                [ 39.78559, 331.2347 ],
                [ 78.0994, 338.3727 ],
                [ 80.37566, 313.1814 ],
                [ 48.10333, 312.4497 ],
                [ 45.60396, 337.6302 ]
            ]
        }
    ]
}