{
    "camera_data": {
        "location_worldframe": [
            -18.19852066040039,
            114.33724212646485,
            -56.24419021606445
        ],
        "quaternion_xyzw_worldframe": [
            0.603792130947113,
            0.23393970727920533,
            -0.1915043145418167,
            0.737586259841919
        ]
    },
    "objects": [
        {
            "class": "knife",
            "visibility": 1.0,
            "location": [
                0.836884617805481,
                2.1899960041046144,
                115.3788070678711
            ],
            "quaternion_xyzw": [
                -0.06400435417890549,
                0.07592620700597763,
                0.7617198824882507,
                0.640251100063324
            ],
            "pose_transform_permuted": [
                [ -0.1719639, -0.9851032, -0.0002830997, 0 ],
                [ 0.9656648, -0.1686275, 0.1976267, 0 ],
                [ -0.1947305, 0.03371129, 0.9802773, 0 ],
                [ 0.8368846, 2.189996, 115.3788, 1 ]
            ],
            "cuboid_centroid": [
                0.836884617805481,
                2.1899960041046144,
                115.3788070678711
            ],
            "projected_cuboid_centroid": [
                328.6623840332031,
                262.6680908203125
            ],
            "bounding_box": {
                "top_left": [
                    302.85650634765627,
                    178.64501953125
                ],
                "bottom_right": [
                    353.8374328613281,
                    348.51904296875
                ]
            },
            "cuboid": [
                [ 1.193187, -5.991372, 116.6203 ],
                [ -1.628216, 9.852258, 113.4253 ],
                [ 0.4808076, 10.21327, 113.3532 ],
                [ 3.302213, -5.63035, 116.5481 ],
                [ 1.192956, -5.833268, 117.4045 ],
                [ -1.628446, 10.01034, 114.2095 ],
                [ 0.480583, 10.37137, 114.1374 ],
                [ 3.301986, -5.472254, 117.3323 ]
            ],
            "projected_cuboid": [
                [ 332.2189, 178.645 ],
                [ 302.8565, 343.7345 ],
                [ 325.0656, 347.6041 ],
                [ 353.8374, 182.3064 ],
                [ 332.1349, 180.6631 ],
                [ 302.9718, 344.6753 ],
                [ 325.0285, 348.519 ],
                [ 353.609, 184.3011 ]
            ]
        },
        {
            "class": "water_glass",
            "visibility": 0.0,
            "location": [
                -9.07366943359375,
                -40.98592758178711,
                122.44652557373047
            ],
            "quaternion_xyzw": [
                -0.09962931275367737,
                0.004025548696517944,
                0.03942326456308365,
                0.9942351579666138
            ],
            "pose_transform_permuted": [
                [ 0.9968592, -0.07919411, 0.0001492584, 0 ],
                [ 0.07758987, 0.9770396, 0.1984273, 0 ],
                [ -0.01586011, -0.1977925, 0.9801156, 0 ],
                [ -9.073669, -40.98593, 122.4465, 1 ]
            ],
            "cuboid_centroid": [
                -9.07366943359375,
                -40.98592758178711,
                122.44652557373047
            ],
            "projected_cuboid_centroid": [
                231.50189208984376,
                -159.74755859375
            ],
            "bounding_box": {
                "top_left": [
                    207.9132080078125,
                    -194.037841796875
                ],
                "bottom_right": [
                    254.1751251220703,
                    -126.25146484375
                ]
            },
            "cuboid": [
                [ -11.26479, -39.0953, 120.0235 ],
                [ -7.279113, -38.78508, 119.9601 ],
                [ -6.883142, -43.67027, 120.9491 ],
                [ -10.86882, -43.98051, 121.0125 ],
                [ -11.26419, -38.3016, 123.944 ],
                [ -7.278512, -37.99137, 123.8806 ],
                [ -6.882543, -42.87656, 124.8695 ],
                [ -10.86823, -43.18678, 124.9329 ]
            ],
            "projected_cuboid": [
                [ 207.9132, -149.0055 ],
                [ 247.5332, -146.1228 ],
                [ 252.0356, -191.2021 ],
                [ 212.737, -194.0378 ],
                [ 211.4644, -129.0532 ],
                [ 249.8323, -126.2515 ],
                [ 254.1751, -170.0729 ],
                [ 216.1087, -172.8302 ]
            ]
        }
    ]
}