{
    "camera_data": {
        "location_worldframe": [
            -20.386974334716798,
            238.01451110839845,
            15.680676460266114
        ],
        "quaternion_xyzw_worldframe": [
            0.09422345459461212,
            0.7812415361404419,
            -0.6049610376358032,
            0.12167936563491821
        ]
    },
    "objects": [
        {
            "class": "knife",
            "visibility": 1.0,
            "location": [
                2.8199005126953127,
                3.800100326538086,
                244.031494140625
            ],
            "quaternion_xyzw": [
                0.1227230504155159,
                0.029556501656770707,
                0.23325657844543458,
                -0.9641871452331543
            ],
            "pose_transform_permuted": [
                [ 0.8894356, 0.4570605, 0.00025592, 0 ],
                [ -0.4425514, 0.8610609, 0.2504445, 0 ],
                [ 0.1142479, -0.2228675, 0.9681309, 0 ],
                [ 2.819901, 3.8001, 244.0315, 1 ]
            ],
            "cuboid_centroid": [
                2.8199005126953127,
                3.800100326538086,
                244.031494140625
            ],
            "projected_cuboid_centroid": [
                333.8002014160156,
                258.59716796875
            ],
            "bounding_box": {
                "top_left": [
                    295.58880615234377,
                    235.842529296875
                ],
                "bottom_right": [
                    371.8358154296875,
                    281.4993896484375
                ]
            },
            "cuboid": [
                [ -3.987403, 8.252111, 242.4685 ],
                [ 10.60553, 0.9911972, 244.3429 ],
                [ 9.626999, -0.8522721, 244.8201 ],
                [ -4.965931, 6.408664, 242.9456 ],
                [ -3.987199, 8.452487, 243.243 ],
                [ 10.60573, 1.191544, 245.1174 ],
                [ 9.627204, -0.6519078, 245.5945 ],
                [ -4.965729, 6.609007, 243.7201 ]
            ],
            "projected_cuboid": [
                [ 300.3604, 280.645 ],
                [ 371.8358, 244.8446 ],
                [ 366.9614, 235.8425 ],
                [ 295.5888, 271.5033 ],
                [ 300.424, 281.4994 ],
                [ 371.673, 245.8054 ],
                [ 366.8143, 236.83 ],
                [ 295.6674, 272.3849 ]
            ]
        },
        {
            "class": "water_glass",
            "visibility": 1.0,
            "location": [
                -26.073637008666993,
                36.5860595703125,
                233.90345764160157
            ],
            "quaternion_xyzw": [
                0.06074202060699463,
                0.11018325388431549,
                0.8700182437896729,
                -0.47669517993927
            ],
            "pose_transform_permuted": [
                [ -0.5381442, 0.8428525, 0.0006456822, 0 ],
                [ -0.8160815, -0.5212426, 0.2496337, 0 ],
                [ 0.210741, 0.133812, 0.9683401, 0 ],
                [ -26.07364, 36.58606, 233.9035, 1 ]
            ],
            "cuboid_centroid": [
                -26.073637008666993,
                36.5860595703125,
                233.90345764160157
            ],
            "projected_cuboid_centroid": [
                186.87411499023438,
                426.79986572265627
            ],
            "bounding_box": {
                "top_left": [
                    169.42527770996095,
                    410.12646484375
                ],
                "bottom_right": [
                    204.0491485595703,
                    443.30572509765627
                ]
            },
            "cuboid": [
                [ -22.89199, 36.41513, 231.8801 ],
                [ -25.04361, 33.15224, 232.7226 ],
                [ -29.25787, 35.75845, 232.0535 ],
                [ -27.10624, 39.02134, 231.211 ],
                [ -22.8894, 37.41367, 235.7534 ],
                [ -25.04103, 34.15078, 236.596 ],
                [ -29.25529, 36.75699, 235.9269 ],
                [ -27.10366, 40.01987, 235.0843 ]
            ],
            "projected_cuboid": [
                [ 202.099, 427.5496 ],
                [ 191.4844, 410.1265 ],
                [ 169.4253, 424.0297 ],
                [ 179.9902, 441.554 ],
                [ 204.0491, 429.5265 ],
                [ 193.6014, 412.3816 ],
                [ 171.9105, 426.063 ],
                [ 182.3102, 443.3057 ]
            ]
        }
    ]
}