{
    "camera_data": {
        "location_worldframe": [
            46.35651779174805,
            20.665630340576173,
            -15.531623840332032
        ],
        "quaternion_xyzw_worldframe": [
            -0.1056322380900383,
            0.8927934765815735,
            -0.336418479681015,
            -0.28032881021499636
        ]
    },
    "objects": [
        {
            "class": "packet_cup",
            "visibility": 0.9795982837677002,
            "location": [
                -0.0706077516078949,
                -1.3156871795654297,
                26.90182876586914
            ],
            "quaternion_xyzw": [
                -0.3238563537597656,
                0.2545572519302368,
                0.5638461112976074,
                0.7158178687095642
            ],
            "pose_transform_permuted": [
                [ 0.2345563, -0.9721022, -0.000777036, 0 ],
                [ 0.6423423, 0.1543892, 0.7507066, 0 ],
                [ -0.7296436, -0.1765821, 0.6606354, 0 ],
                [ -0.07060775, -1.315687, 26.90183, 1 ]
            ],
            "cuboid_centroid": [
                -0.0706077516078949,
                -1.3156871795654297,
                26.90182876586914
            ],
            "projected_cuboid_centroid": [
                316.8655090332031,
                181.592529296875
            ],
            "bounding_box": {
                "top_left": [
                    183.37730407714845,
                    -7.551025390625
                ],
                "bottom_right": [
                    459.40618896484377,
                    362.5653076171875
                ]
            },
            "cuboid": [
                [ -2.908619, -4.681288, 25.42503 ],
                [ -2.08767, -2.433087, 22.87127 ],
                [ 2.772839, -3.205033, 23.75418 ],
                [ 1.951891, -5.453233, 26.30794 ],
                [ -2.914062, 0.5736594, 30.04947 ],
                [ -2.093113, 2.821858, 27.49572 ],
                [ 2.767397, 2.049913, 28.37863 ],
                [ 1.946451, -0.1982854, 30.93238 ]
            ],
            "projected_cuboid": [
                [ 183.3773, 20.11206 ],
                [ 210.9893, 112.9529 ],
                [ 459.4062, 78.86499 ],
                [ 408.6066, -7.551025 ],
                [ 204.1864, 262.799 ],
                [ 229.0872, 362.5653 ],
                [ 436.4602, 326.2664 ],
                [ 395.1498, 232.3445 ]
            ]
        },
        {
            "class": "wine_glass",
            "visibility": 0.0,
            "location": [
                58.74110412597656,
                6.74270486831665,
                17.04482650756836
            ],
            "quaternion_xyzw": [
                -0.5250606536865234,
                -0.7069321274757385,
                0.010111138224601746,
                0.4737679660320282
            ],
            "pose_transform_permuted": [
                [ 0.0002894734, 0.7327838, -0.6804615, 0 ],
                [ 0.7519451, 0.4484182, 0.483218, 0 ],
                [ 0.6592257, -0.5118096, -0.5508834, 0 ],
                [ 58.7411, 6.742705, 17.04483, 1 ]
            ],
            "cuboid_centroid": [
                58.74110412597656,
                6.74270486831665,
                17.04482650756836
            ],
            "projected_cuboid_centroid": [
                4435.7314453125,
                712.4317626953125
            ],
            "bounding_box": {
                "top_left": [
                    2901.05908203125,
                    146.1539306640625
                ],
                "bottom_right": [
                    9209.5302734375,
                    1575.098876953125
                ]
            },
            "cuboid": [
                [ 67.10818, 5.333262, 12.64718 ],
                [ 67.11047, 11.28331, 17.86355 ],
                [ 55.75233, 4.332831, 25.79661 ],
                [ 55.75003, -1.617219, 20.58023 ],
                [ 61.72985, 9.152575, 8.293043 ],
                [ 61.73215, 15.10263, 13.50942 ],
                [ 50.37401, 8.152148, 21.44247 ],
                [ 50.37172, 2.202096, 16.2261 ]
            ],
            "projected_cuboid": [
                [ 6656.935, 743.6128 ],
                [ 4806.627, 994.3387 ],
                [ 2901.059, 440.5888 ],
                [ 3555.135, 146.1539 ],
                [ 9209.53, 1558.035 ],
                [ 5777.231, 1575.099 ],
                [ 3125.623, 694.0408 ],
                [ 4027.407, 402.0764 ]
            ]
        },
        {
            "class": "knife",
            "visibility": 0.0,
            "location": [
                23.01088523864746,
                12.440266609191895,
                15.943375587463379
            ],
            "quaternion_xyzw": [
                -0.3228181302547455,
                0.2568207085132599,
                0.5683674216270447,
                0.7118918895721436
            ],
            "pose_transform_permuted": [
                [ 0.2220032, -0.9750451, -0.001301467, 0 ],
                [ 0.6434195, 0.1454939, 0.7515603, 0 ],
                [ -0.7326158, -0.1676862, 0.6596631, 0 ],
                [ 23.01089, 12.44027, 15.94338, 1 ]
            ],
            "cuboid_centroid": [
                23.01088523864746,
                12.440266609191895,
                15.943375587463379
            ],
            "projected_cuboid_centroid": [
                2043.6558837890625,
                1171.85205078125
            ],
            "bounding_box": {
                "top_left": [
                    1411.708740234375,
                    606.190673828125
                ],
                "bottom_right": [
                    3457.67333984375,
                    2451.53173828125
                ]
            },
            "cuboid": [
                [ 20.14645, 7.017108, 21.51001 ],
                [ 23.78885, 17.57366, 9.49001 ],
                [ 25.87634, 17.26217, 9.849012 ],
                [ 22.23395, 6.705619, 21.86901 ],
                [ 20.14541, 7.618351, 22.03773 ],
                [ 23.7878, 18.1749, 10.01773 ],
                [ 25.8753, 17.86341, 10.37673 ],
                [ 22.2329, 7.306859, 22.39673 ]
            ],
            "projected_cuboid": [
                [ 1438.55, 629.5966 ],
                [ 3313.673, 2451.532 ],
                [ 3457.673, 2333.149 ],
                [ 1534.185, 606.1907 ],
                [ 1411.709, 652.8493 ],
                [ 3155.845, 2406.707 ],
                [ 3297.983, 2295.897 ],
                [ 1505.52, 629.6221 ]
            ]
        }
    ]
}