{
    "camera_data": {
        "location_worldframe": [
            -49.274375915527347,
            89.85706329345703,
            -42.11141586303711
        ],
        "quaternion_xyzw_worldframe": [
            0.2825378477573395,
            0.6162094473838806,
            -0.25211113691329958,
            0.690578281879425
        ]
    },
    "objects": [
        {
            "class": "packet_cup",
            "visibility": 1.0,
            "location": [
                0.30598944425582888,
                2.3242061138153078,
                120.26568603515625
            ],
            "quaternion_xyzw": [
                0.09348627924919129,
                0.3752427101135254,
                0.8952276110649109,
                -0.22140643000602723
            ],
            "pose_transform_permuted": [
                [ -0.8844792, 0.4665784, 0.001220703, 0 ],
                [ -0.3262582, -0.6203443, 0.7132522, 0 ],
                [ 0.3335453, 0.6304584, 0.7009065, 0 ],
                [ 0.3059894, 2.324206, 120.2657, 1 ]
            ],
            "cuboid_centroid": [
                0.30598944425582888,
                2.3242061138153078,
                120.26568603515625
            ],
            "projected_cuboid_centroid": [
                323.03851318359377,
                263.0797119140625
            ],
            "bounding_box": {
                "top_left": [
                    295.3362121582031,
                    217.1646728515625
                ],
                "bottom_right": [
                    350.31756591796877,
                    308.7713623046875
                ]
            },
            "cuboid": [
                [ 3.016001, -1.152086, 118.805 ],
                [ -0.07968213, -2.293988, 119.9724 ],
                [ -2.41257, 0.8077286, 116.8201 ],
                [ 0.6831133, 1.949629, 115.6527 ],
                [ 3.024548, 3.840681, 123.7113 ],
                [ -0.0711337, 2.698781, 124.8787 ],
                [ -2.404025, 5.800494, 121.7264 ],
                [ 0.6916563, 6.942403, 120.559 ]
            ],
            "projected_cuboid": [
                [ 350.3176, 228.4189 ],
                [ 319.2068, 217.1647 ],
                [ 295.3362, 248.2574 ],
                [ 327.054, 260.1323 ],
                [ 349.1977, 277.0763 ],
                [ 319.3197, 265.8093 ],
                [ 296.4142, 296.9086 ],
                [ 326.8515, 308.7714 ]
            ]
        },
        {
            "class": "wine_glass",
            "visibility": 0.0,
            "location": [
                -48.1174201965332,
                27.04006576538086,
                94.47391510009766
            ],
            "quaternion_xyzw": [
                -0.2346680909395218,
                0.30046457052230837,
                -0.640442967414856,
                -0.6666969060897827
            ],
            "pose_transform_permuted": [
                [ -0.0008922964, -0.9949816, -0.1000545, 0 ],
                [ 0.7129438, 0.0695274, -0.6977658, 0 ],
                [ 0.7012206, -0.07195586, 0.7093039, 0 ],
                [ -48.11742, 27.04007, 94.47392, 1 ]
            ],
            "cuboid_centroid": [
                -48.1174201965332,
                27.04006576538086,
                94.47391510009766
            ],
            "projected_cuboid_centroid": [
                -288.2581787109375,
                581.8167724609375
            ],
            "bounding_box": {
                "top_left": [
                    -429.355224609375,
                    502.8580322265625
                ],
                "bottom_right": [
                    -164.36927795410157,
                    661.7618408203125
                ]
            },
            "cuboid": [
                [ -55.42958, 27.51573, 88.33878 ],
                [ -55.43664, 33.15716, 93.88745 ],
                [ -40.01443, 32.07949, 95.00277 ],
                [ -40.00736, 26.43805, 89.45409 ],
                [ -56.22041, 22.00064, 93.94505 ],
                [ -56.22747, 27.64208, 99.49373 ],
                [ -40.80526, 26.5644, 100.6091 ],
                [ -40.79819, 20.92297, 95.06038 ]
            ],
            "projected_cuboid": [
                [ -429.3552, 611.9865 ],
                [ -385.1587, 661.7618 ],
                [ -183.0114, 643.2633 ],
                [ -214.118, 592.961 ],
                [ -394.6899, 519.6784 ],
                [ -354.917, 571.7971 ],
                [ -164.3693, 555.3265 ],
                [ -192.5531, 502.858 ]
            ]
        },
        {
            "class": "knife",
            "visibility": 0.7648088335990906,
            "location": [
                -27.941242218017579,
                8.65661334991455,
                118.24984741210938
            ],
            "quaternion_xyzw": [
                0.09548256546258927,
                0.3741450607776642,
                0.8939856886863709,
                -0.2273498773574829
            ],
            "pose_transform_permuted": [
                [ -0.87839, 0.4779437, 0.0005964339, 0 ],
                [ -0.3350464, -0.6166547, 0.7123765, 0 ],
                [ 0.3408438, 0.6255447, 0.7017971, 0 ],
                [ -27.94124, 8.656613, 118.2498, 1 ]
            ],
            "cuboid_centroid": [
                -27.941242218017579,
                8.65661334991455,
                118.24984741210938
            ],
            "projected_cuboid_centroid": [
                37.80933380126953,
                327.4268798828125
            ],
            "bounding_box": {
                "top_left": [
                    -34.600257873535159,
                    288.8089599609375
                ],
                "bottom_right": [
                    112.51519775390625,
                    368.1826171875
                ]
            },
            "cuboid": [
                [ -20.22401, 10.46011, 115.8426 ],
                [ -34.63572, 4.963013, 121.4349 ],
                [ -35.65896, 6.283222, 120.0956 ],
                [ -21.24724, 11.78032, 114.5034 ],
                [ -20.22353, 11.03, 116.4041 ],
                [ -34.63525, 5.532909, 121.9963 ],
                [ -35.65848, 6.853121, 120.657 ],
                [ -21.24677, 12.35021, 115.0648 ]
            ],
            "projected_cuboid": [
                [ 111.5047, 347.8364 ],
                [ -20.62641, 288.809 ],
                [ -34.60026, 302.4817 ],
                [ 98.3939, 362.8673 ],
                [ 112.5152, 353.1631 ],
                [ -19.05422, 294.1632 ],
                [ -32.94556, 307.8318 ],
                [ 99.48012, 368.1826 ]
            ]
        }
    ]
}