{
    "camera_data": {
        "location_worldframe": [
            44.06080627441406,
            25.268587112426759,
            14.453411102294922
        ],
        "quaternion_xyzw_worldframe": [
            -0.08115267753601074,
            0.8565983772277832,
            -0.1420530527830124,
            -0.4893611669540405
        ]
    },
    "objects": [
        {
            "class": "teacup",
            "visibility": 1.0,
            "location": [
                -0.21916671097278596,
                0.3042230010032654,
                66.35868835449219
            ],
            "quaternion_xyzw": [
                -0.09668125212192536,
                0.807457447052002,
                -0.5779510140419006,
                -0.06810152530670166
            ],
            "pose_transform_permuted": [
                [ -0.9720299, -0.2348507, 0.001775883, 0 ],
                [ -0.07741331, 0.3132507, -0.94651, 0 ],
                [ 0.2217322, -0.9201734, -0.3226696, 0 ],
                [ -0.2191667, 0.304223, 66.35869, 1 ]
            ],
            "cuboid_centroid": [
                -0.21916671097278596,
                0.3042230010032654,
                66.35868835449219
            ],
            "projected_cuboid_centroid": [
                316.0556640625,
                245.47509765625
            ],
            "bounding_box": {
                "top_left": [
                    227.19485473632813,
                    173.54296875
                ],
                "bottom_right": [
                    401.2818908691406,
                    322.5047607421875
                ]
            },
            "cuboid": [
                [ 3.334511, 4.427488, 64.08788 ],
                [ -4.980213, 3.765297, 65.98457 ],
                [ -3.784079, 2.169866, 70.67115 ],
                [ 4.530645, 2.83206, 68.77445 ],
                [ 3.345747, -1.561419, 62.04623 ],
                [ -4.968977, -2.223616, 63.94293 ],
                [ -3.772843, -3.819041, 68.6295 ],
                [ 4.54188, -3.156848, 66.7328 ]
            ],
            "projected_cuboid": [
                [ 382.1375, 322.5048 ],
                [ 229.863, 308.1482 ],
                [ 256.0537, 276.6681 ],
                [ 398.6739, 289.1782 ],
                [ 384.3984, 209.946 ],
                [ 227.1949, 198.4697 ],
                [ 254.3469, 173.543 ],
                [ 401.2819, 183.5048 ]
            ]
        }
    ]
}