{
    "camera_data": {
        "location_worldframe": [
            -7.120883464813232,
            79.95549774169922,
            -16.273611068725587
        ],
        "quaternion_xyzw_worldframe": [
            0.5258246660232544,
            0.22679750621318818,
            -0.14789599180221559,
            0.8063486218452454
        ]
    },
    "objects": [
        {
            "class": "bowl",
            "visibility": 1.0,
            "location": [
                0.37895482778549197,
                3.755362033843994,
                78.45669555664063
            ],
            "quaternion_xyzw": [
                0.688295304775238,
                0.6954934597015381,
                -0.14661090075969697,
                0.14506429433822633
            ],
            "pose_transform_permuted": [
                [ -0.01041182, 0.9999458, -4.065037E-05, 0 ],
                [ 0.9148737, 0.009509664, -0.403628, 0 ],
                [ -0.4036057, -0.004239708, -0.9149231, 0 ],
                [ 0.3789548, 3.755362, 78.4567, 1 ]
            ],
            "cuboid_centroid": [
                0.37895482778549197,
                3.755362033843994,
                78.45669555664063
            ],
            "projected_cuboid_centroid": [
                325.7684020996094,
                297.16357421875
            ],
            "bounding_box": {
                "top_left": [
                    289.1991882324219,
                    168.5599365234375
                ],
                "bottom_right": [
                    361.4787292480469,
                    415.733642578125
                ]
            },
            "cuboid": [
                [ 2.569151, 0.580752, 86.68522 ],
                [ 2.439039, 12.01347, 81.64155 ],
                [ -1.81073, 11.97306, 81.65958 ],
                [ -1.680616, 0.5403358, 86.70323 ],
                [ 2.568641, -4.462323, 75.25381 ],
                [ 2.438529, 6.970387, 70.21016 ],
                [ -1.811241, 6.929976, 70.22818 ],
                [ -1.681128, -4.502739, 75.27184 ]
            ],
            "projected_cuboid": [
                [ 355.395, 248.001 ],
                [ 355.6784, 415.7336 ],
                [ 293.5184, 415.1038 ],
                [ 296.8511, 247.4426 ],
                [ 360.7636, 169.1842 ],
                [ 361.4787, 358.5645 ],
                [ 289.1992, 357.8468 ],
                [ 293.3274, 168.5599 ]
            ]
        },
        {
            "class": "big_fork",
            "visibility": 1.0,
            "location": [
                7.464004039764404,
                -9.516257286071778,
                89.8442611694336
            ],
            "quaternion_xyzw": [
                -0.2556478679180145,
                -0.7084749341011047,
                0.03300143778324127,
                0.6569766998291016
            ],
            "pose_transform_permuted": [
                [ -0.006051657, 0.3188779, -0.9477766, 0 ],
                [ 0.4056026, 0.8671101, 0.289148, 0 ],
                [ 0.9140296, -0.3826708, -0.1345851, 0 ],
                [ 7.464004, -9.516257, 89.84426, 1 ]
            ],
            "cuboid_centroid": [
                7.464004039764404,
                -9.516257286071778,
                89.8442611694336
            ],
            "projected_cuboid_centroid": [
                419.21539306640627,
                113.5050048828125
            ],
            "bounding_box": {
                "top_left": [
                    377.5427551269531,
                    23.85302734375
                ],
                "bottom_right": [
                    464.5990295410156,
                    206.8997802734375
                ]
            },
            "cuboid": [
                [ 10.41451, -3.752117, 86.01437 ],
                [ 10.40023, -2.794454, 88.17247 ],
                [ 5.677904, -15.63564, 93.8395 ],
                [ 5.692195, -16.59331, 91.68141 ],
                [ 9.250101, -3.396879, 85.84903 ],
                [ 9.235813, -2.439222, 88.00713 ],
                [ 4.513495, -15.2804, 93.67416 ],
                [ 4.527784, -16.23805, 91.51605 ]
            ],
            "projected_cuboid": [
                [ 464.599, 187.9042 ],
                [ 460.8664, 202.1504 ],
                [ 392.2603, 41.01172 ],
                [ 394.1474, 23.85303 ],
                [ 448.6793, 192.7456 ],
                [ 445.3299, 206.8998 ],
                [ 377.5428, 45.18945 ],
                [ 379.0862, 28.09839 ]
            ]
        },
        {
            "class": "wine_glass",
            "visibility": 0.0,
            "location": [
                -4.910402297973633,
                53.47562789916992,
                59.05305862426758
            ],
            "quaternion_xyzw": [
                -0.5333839058876038,
                0.8204129338264465,
                -0.17271412909030915,
                -0.11222308874130249
            ],
            "pose_transform_permuted": [
                [ -0.4058152, -0.9139552, 0.0001073182, 0 ],
                [ -0.8364251, 0.3713429, -0.4031098, 0 ],
                [ 0.3683844, -0.1636778, -0.9151516, 0 ],
                [ -4.910402, 53.47563, 59.05306, 1 ]
            ],
            "cuboid_centroid": [
                -4.910402297973633,
                53.47562789916992,
                59.05305862426758
            ],
            "projected_cuboid_centroid": [
                220.6947479248047,
                1321.46142578125
            ],
            "bounding_box": {
                "top_left": [
                    28.040752410888673,
                    1132.6744384765625
                ],
                "bottom_right": [
                    401.6835021972656,
                    1555.681640625
                ]
            },
            "cuboid": [
                [ -10.38839, 61.25588, 59.94371 ],
                [ -13.59956, 54.63735, 62.8587 ],
                [ 0.5667484, 48.88153, 65.3957 ],
                [ 3.777916, 55.50006, 62.48071 ],
                [ -10.38755, 58.06973, 52.71042 ],
                [ -13.59872, 51.45119, 55.6254 ],
                [ 0.5675917, 45.69538, 58.16241 ],
                [ 3.778756, 52.31392, 55.24743 ]
            ],
            "projected_cuboid": [
                [ 113.0324, 1460.399 ],
                [ 61.62117, 1278.058 ],
                [ 330.35, 1132.674 ],
                [ 392.2111, 1300.828 ],
                [ 84.64995, 1555.682 ],
                [ 28.04075, 1344.637 ],
                [ 331.6544, 1178.269 ],
                [ 401.6835, 1370.844 ]
            ]
        },
        {
            "class": "small_spoon",
            "visibility": 0.0,
            "location": [
                12.031254768371582,
                38.68370056152344,
                69.04700469970703
            ],
            "quaternion_xyzw": [
                0.1065683588385582,
                0.17513175308704377,
                0.839175820350647,
                -0.503741979598999
            ],
            "pose_transform_permuted": [
                [ -0.4697744, 0.8827832, 0.002416745, 0 ],
                [ -0.8081292, -0.4311458, 0.4012986, 0 ],
                [ 0.3553016, 0.1865668, 0.9159441, 0 ],
                [ 12.03125, 38.6837, 69.047, 1 ]
            ],
            "cuboid_centroid": [
                12.031254768371582,
                38.68370056152344,
                69.04700469970703
            ],
            "projected_cuboid_centroid": [
                528.095947265625,
                909.0841064453125
            ],
            "bounding_box": {
                "top_left": [
                    454.138916015625,
                    796.21533203125
                ],
                "bottom_right": [
                    607.7950439453125,
                    1032.4951171875
                ]
            },