{
    "camera_data": {
        "location_worldframe": [
            57.589046478271487,
            187.593017578125,
            59.094024658203128
        ],
        "quaternion_xyzw_worldframe": [
            -0.13433794677257539,
            0.7952955365180969,
            -0.5594545006752014,
            -0.1909688413143158
        ]
    },
    "objects": [
        {
            "class": "water_glass",
            "visibility": 1.0,
            "location": [
                3.5025269985198976,
                1.3705365657806397,
                196.27928161621095
            ],
            "quaternion_xyzw": [
                0.11468256264925003,
                0.12868185341358186,
                0.7412309646606445,
                -0.6487415432929993
            ],
            "pose_transform_permuted": [
                [ -0.1319647, 0.9912498, 0.003049999, 0 ],
                [ -0.9322195, -0.1251509, 0.3395646, 0 ],
                [ 0.3369751, 0.04196726, 0.9405778, 0 ],
                [ 3.502527, 1.370537, 196.2793, 1 ]
            ],
            "cuboid_centroid": [
                3.5025269985198976,
                1.3705365657806397,
                196.27928161621095
            ],
            "projected_cuboid_centroid": [
                341.31103515625,
                248.3389892578125
            ],
            "bounding_box": {
                "top_left": [
                    324.6073913574219,
                    230.9130859375
                ],
                "bottom_right": [
                    358.4369201660156,
                    265.5703125
                ]
            },
            "cuboid": [
                [ 6.238364, 2.242143, 193.8294 ],
                [ 5.710737, -1.485071, 195.1767 ],
                [ 0.7544907, -0.8593158, 194.9668 ],
                [ 1.282117, 2.867913, 193.6195 ],
                [ 6.250562, 3.600412, 197.5917 ],
                [ 5.72294, -0.126825, 198.939 ],
                [ 0.7666889, 0.4989286, 198.7292 ],
                [ 1.294314, 4.226157, 197.3819 ]
            ],
            "projected_cuboid": [
                [ 358.4369, 253.8147 ],
                [ 354.9431, 230.9131 ],
                [ 324.6216, 234.7363 ],
                [ 327.9082, 257.6895 ],
                [ 357.7788, 261.7611 ],
                [ 354.3555, 239.2386 ],
                [ 324.6074, 242.9983 ],
                [ 327.8312, 265.5703 ]
            ]
        },
        {
            "class": "small_plates",
            "visibility": 0.8500615954399109,
            "location": [
                21.023754119873048,
                11.324929237365723,
                194.052978515625
            ],
            "quaternion_xyzw": [
                0.7015694379806519,
                -0.29782649874687197,
                0.41818928718566897,
                -0.4941834509372711
            ],
            "pose_transform_permuted": [
                [ 0.4728342, -0.004567504, 0.8811395, 0 ],
                [ -0.8312164, -0.3341639, 0.4443123, 0 ],
                [ 0.2924158, -0.9425037, -0.1618006, 0 ],
                [ 21.02375, 11.32493, 194.053, 1 ]
            ],
            "cuboid_centroid": [
                21.023754119873048,
                11.324929237365723,
                194.052978515625
            ],
            "projected_cuboid_centroid": [
                449.38604736328127,
                309.69677734375
            ],
            "bounding_box": {
                "top_left": [
                    405.666748046875,
                    266.7371826171875
                ],
                "bottom_right": [
                    493.1112976074219,
                    353.4091796875
                ]
            },
            "cuboid": [
                [ 13.91402, 13.10847, 192.6684 ],
                [ 18.87792, 4.382218, 195.7383 ],
                [ 18.8847, 4.877724, 197.1358 ],
                [ 13.9208, 13.60397, 194.066 ],
                [ 23.16282, 17.77216, 190.9701 ],
                [ 28.12672, 9.04589, 194.0399 ],
                [ 28.13349, 9.5414, 195.4375 ],
                [ 23.16959, 18.26765, 192.3677 ]
            ],
            "projected_cuboid": [
                [ 406.2462, 321.2529 ],
                [ 435.1797, 266.7372 ],
                [ 434.4042, 269.5494 ],
                [ 405.6667, 323.717 ],
                [ 464.8517, 351.1405 ],
                [ 493.1113, 295.6747 ],
                [ 491.9147, 298.3044 ],
                [ 463.8413, 353.4092 ]
            ]
        }
    ]
}