{
    "camera_data": {
        "location_worldframe": [
            55.411094665527347,
            236.1255645751953,
            35.48482131958008
        ],
        "quaternion_xyzw_worldframe": [
            -0.12628041207790376,
            0.7974129319190979,
            -0.5622349977493286,
            -0.17910239100456239
        ]
    },
    "objects": [
        {
            "class": "mug",
            "visibility": 1.0,
            "location": [
                3.7243740558624269,
                1.3177735805511475,
                245.81443786621095
            ],
            "quaternion_xyzw": [
                0.2377992868423462,
                0.7444362640380859,
                0.5248925089836121,
                0.3372742533683777
            ],
            "pose_transform_permuted": [
                [ -0.659395, -1.263618E-05, 0.7517965, 0 ],
                [ 0.7081183, 0.3358787, 0.6210909, 0 ],
                [ -0.2525202, 0.9419051, -0.2214677, 0 ],
                [ 3.724374, 1.317774, 245.8144, 1 ]
            ],
            "cuboid_centroid": [
                3.7243740558624269,
                1.3177735805511475,
                245.81443786621095
            ],
            "projected_cuboid_centroid": [
                338.0943603515625,
                246.4022216796875
            ],
            "bounding_box": {
                "top_left": [
                    305.49139404296877,
                    208.989501953125
                ],
                "bottom_right": [
                    371.0863037109375,
                    283.4375
                ]
            },
            "cuboid": [
                [ 4.371533, -3.831444, 251.6319 ],
                [ -2.937253, 4.01738, 248.833 ],
                [ -2.937165, 1.498305, 241.7687 ],
                [ 4.371627, -6.35053, 244.5676 ],
                [ 10.38591, 1.137266, 249.8602 ],
                [ 3.077115, 8.986113, 247.0612 ],
                [ 3.077213, 6.467003, 239.9969 ],
                [ 10.386, -1.381825, 242.7959 ]
            ],
            "projected_cuboid": [
                [ 340.7475, 221.8158 ],
                [ 305.9029, 259.2811 ],
                [ 305.4914, 247.4011 ],
                [ 341.3472, 208.9895 ],
                [ 369.6415, 245.4358 ],
                [ 334.8743, 283.4375 ],
                [ 335.3126, 272.1807 ],
                [ 371.0863, 233.2031 ]
            ]
        }
    ]
}