{
    "camera_data": {
        "location_worldframe": [
            -63.71512985229492,
            204.76992797851563,
            1.3581514358520508
        ],
        "quaternion_xyzw_worldframe": [
            0.39560770988464358,
            0.5941790342330933,
            -0.4187650978565216,
            0.5613214373588562
        ]
    },
    "objects": [
        {
            "class": "small_spoon",
            "visibility": 1.0,
            "location": [
                2.8598999977111818,
                0.5978129506111145,
                215.99090576171876
            ],
            "quaternion_xyzw": [
                0.0682629644870758,
                0.15192128717899323,
                0.9001096487045288,
                -0.4025701582431793
            ],
            "pose_transform_permuted": [
                [ -0.6665549, 0.7454557, 0.0005703494, 0 ],
                [ -0.7039734, -0.6297144, 0.3284529, 0 ],
                [ 0.2452063, 0.2185304, 0.9445202, 0 ],
                [ 2.8599, 0.597813, 215.9909, 1 ]
            ],
            "cuboid_centroid": [
                2.8598999977111818,
                0.5978129506111145,
                215.99090576171876
            ],
            "projected_cuboid_centroid": [
                335.8129577636719,
                243.305419921875
            ],
            "bounding_box": {
                "top_left": [
                    308.30828857421877,
                    214.1182861328125
                ],
                "bottom_right": [
                    363.72161865234377,
                    272.7708740234375
                ]
            },
            "cuboid": [
                [ 7.837759, 3.700558, 214.0884 ],
                [ -0.1192394, -4.703122, 217.0156 ],
                [ -2.118832, -3.013975, 216.4294 ],
                [ 5.838159, 5.389699, 213.5023 ],
                [ 7.83864, 4.209632, 215.5523 ],
                [ -0.1183584, -4.194064, 218.4795 ],
                [ -2.117953, -2.504916, 217.8933 ],
                [ 5.839042, 5.898757, 214.9662 ]
            ],
            "projected_cuboid": [
                [ 363.7216, 260.6429 ],
                [ 319.3438, 214.1183 ],
                [ 308.3083, 223.3689 ],
                [ 352.6566, 270.1481 ],
                [ 363.4296, 263.3232 ],
                [ 319.353, 217.0743 ],
                [ 308.3917, 226.2708 ],
                [ 352.4391, 272.7709 ]
            ]
        }
    ]
}