{
    "camera_data": {
        "location_worldframe": [
            -61.66460037231445,
            41.09617614746094,
            -22.693883895874025
        ],
        "quaternion_xyzw_worldframe": [
            0.2047806680202484,
            0.5743532180786133,
            -0.15117216110229493,
            0.77802973985672
        ]
    },
    "objects": [
        {
            "class": "small_spoon",
            "visibility": 1.0,
            "location": [
                4.196667194366455,
                -0.5230114459991455,
                82.05521392822266
            ],
            "quaternion_xyzw": [
                0.28324806690216067,
                0.41271883249282839,
                0.7156988978385925,
                -0.4870409071445465
            ],
            "pose_transform_permuted": [
                [ -0.3651235, 0.9309529, 0.003418744, 0 ],
                [ -0.4633456, -0.1849088, 0.8666716, 0 ],
                [ 0.8074626, 0.314858, 0.4988674, 0 ],
                [ 4.196667, -0.5230114, 82.05521, 1 ]
            ],
            "cuboid_centroid": [
                4.196667194366455,
                -0.5230114459991455,
                82.05521392822266
            ],
            "projected_cuboid_centroid": [
                381.0795593261719,
                232.387939453125
            ],
            "bounding_box": {
                "top_left": [
                    330.6087646484375,
                    182.1739501953125
                ],
                "bottom_right": [
                    437.7996520996094,
                    288.9180908203125
                ]
            },
            "cuboid": [
                [ 7.621931, 1.322973, 77.27136 ],
                [ 3.263274, -4.208216, 86.91045 ],
                [ 0.7661053, -3.712216, 86.06588 ],
                [ 5.124763, 1.818968, 76.4268 ],
                [ 7.627229, 2.6662, 78.04455 ],
                [ 3.268574, -2.864991, 87.68364 ],
                [ 0.7714038, -2.368998, 86.83907 ],
                [ 5.130062, 3.162198, 77.19998 ]
            ],
            "projected_cuboid": [
                [ 437.7997, 260.447 ],
                [ 364.8414, 182.174 ],
                [ 330.6305, 188.489 ],
                [ 400.0803, 268.4235 ],
                [ 436.7137, 280.7988 ],
                [ 364.5182, 200.9786 ],
                [ 330.6088, 207.4203 ],
                [ 399.3602, 288.9181 ]
            ]
        }
    ]
}