{
    "camera_data": {
        "location_worldframe": [
            -3.007000684738159,
            185.1302032470703,
            -56.979209899902347
        ],
        "quaternion_xyzw_worldframe": [
            0.6141570210456848,
            -0.037263188511133197,
            0.02905099466443062,
            0.7877681255340576
        ]
    },
    "objects": [
        {
            "class": "wine_glass",
            "visibility": 1.0,
            "location": [
                0.6523279547691345,
                -1.5432831048965455,
                186.79278564453126
            ],
            "quaternion_xyzw": [
                -0.4919728636741638,
                0.3732476830482483,
                -0.6005929708480835,
                -0.5078747868537903
            ],
            "pose_transform_permuted": [
                [ -5.146861E-05, -0.9773075, 0.2118247, 0 ],
                [ 0.2427966, -0.2054984, -0.9480611, 0 ],
                [ 0.970077, 0.05138135, 0.2372977, 0 ],
                [ 0.652328, -1.543283, 186.7928, 1 ]
            ],
            "cuboid_centroid": [
                0.6523279547691345,
                -1.5432831048965455,
                186.79278564453126
            ],
            "projected_cuboid_centroid": [
                324.170654296875,
                230.133056640625
            ],
            "bounding_box": {
                "top_left": [
                    269.20428466796877,
                    189.1737060546875
                ],
                "bottom_right": [
                    378.99090576171877,
                    270.009521484375
                ]
            },
            "cuboid": [
                [ -7.758726, -0.3498255, 182.4151 ],
                [ -7.75913, 1.571407, 190.0912 ],
                [ 7.38914, 4.756641, 189.2948 ],
                [ 7.389544, 2.835401, 181.6187 ],
                [ -6.084476, -7.843221, 184.2907 ],
                [ -6.084885, -5.921996, 191.9668 ],
                [ 9.063383, -2.736771, 191.1704 ],
                [ 9.063796, -4.658, 183.4943 ]
            ],
            "projected_cuboid": [
                [ 269.2043, 237.7097 ],
                [ 271.2529, 249.8724 ],
                [ 366.6179, 270.0095 ],
                [ 368.5909, 258.6445 ],
                [ 280.5709, 189.1737 ],
                [ 282.145, 203.1583 ],
                [ 376.6196, 222.9032 ],
                [ 378.9909, 209.6838 ]
            ]
        },
        {
            "class": "water_glass",
            "visibility": 1.0,
            "location": [
                -26.558326721191408,
                -3.5272748470306398,
                189.31716918945313
            ],
            "quaternion_xyzw": [
                0.01927340030670166,
                0.680637001991272,
                -0.19478902220726014,
                0.7059879899024963
            ],
            "pose_transform_permuted": [
                [ -0.002418987, 0.3012738, 0.9535346, 0 ],
                [ -0.248801, 0.9233716, -0.2923748, 0 ],
                [ -0.9685516, -0.2379477, 0.07272361, 0 ],
                [ -26.55833, -3.527275, 189.3172, 1 ]
            ],
            "cuboid_centroid": [
                -26.558326721191408,
                -3.5272748470306398,
                189.31716918945313
            ],
            "projected_cuboid_centroid": [
                152.46395874023438,
                217.7491455078125
            ],
            "bounding_box": {
                "top_left": [
                    134.19268798828126,
                    196.083251953125
                ],
                "bottom_right": [
                    170.450439453125,
                    239.1429443359375
                ]
            },
            "cuboid": [
                [ -27.70737, -0.1367201, 190.5131 ],
                [ -27.71705, -1.131479, 186.6406 ],
                [ -29.22342, -5.748347, 187.8303 ],
                [ -29.21375, -4.753585, 191.7029 ],
                [ -23.89324, -1.306227, 190.804 ],
                [ -23.90291, -2.300995, 186.9315 ],
                [ -25.40928, -6.917841, 188.1212 ],
                [ -25.39961, -5.923079, 191.9937 ]
            ],
            "projected_cuboid": [
                [ 146.3127, 239.1429 ],
                [ 142.6471, 232.76 ],
                [ 134.1927, 203.451 ],
                [ 138.0063, 210.3865 ],
                [ 170.4504, 231.8242 ],
                [ 167.2906, 225.2996 ],
                [ 158.6935, 196.0833 ],
                [ 162.0071, 203.1567 ]
            ]
        }
    ]
}