{
    "camera_data": {
        "location_worldframe": [
            15.01290225982666,
            161.9119110107422,
            51.544921875
        ],
        "quaternion_xyzw_worldframe": [
            -0.08506548404693604,
            0.8193966150283814,
            -0.5526727437973023,
            -0.1261187046766281
        ]
    },
    "objects": [
        {
            "class": "wine_glass",
            "visibility": 1.0,
            "location": [
                2.276271343231201,
                -1.5360933542251588,
                170.55152893066407
            ],
            "quaternion_xyzw": [
                0.6208356022834778,
                0.5469523072242737,
                0.44787347316741946,
                -0.3388446569442749
            ],
            "pose_transform_permuted": [
                [ 0.00050506, 0.982654, 0.1854478, 0 ],
                [ 0.3756158, -0.172055, 0.9106646, 0 ],
                [ 0.9267753, 0.06919721, -0.3691873, 0 ],
                [ 2.276271, -1.536093, 170.5515, 1 ]
            ],
            "cuboid_centroid": [
                2.276271343231201,
                -1.5360933542251588,
                170.55152893066407
            ],
            "projected_cuboid_centroid": [
                335.9391784667969,
                229.2437744140625
            ],
            "bounding_box": {
                "top_left": [
                    276.7712097167969,
                    183.74853515625
                ],
                "bottom_right": [
                    396.44073486328127,
                    273.85595703125
                ]
            },
            "cuboid": [
                [ 9.15696, -7.954535, 168.8801 ],
                [ 9.16095, -4.982328, 176.2136 ],
                [ -6.070185, -2.315473, 175.141 ],
                [ -6.074172, -5.287678, 167.8075 ],
                [ 10.62273, -0.7567163, 165.9621 ],
                [ 10.62672, 2.215494, 173.2955 ],
                [ -4.604415, 4.882347, 172.223 ],
                [ -4.608409, 1.910143, 164.8895 ]
            ],
            "projected_cuboid": [
                [ 384.7546, 183.7485 ],
                [ 382.0867, 206.2332 ],
                [ 278.6085, 224.2112 ],
                [ 276.7712, 202.3685 ],
                [ 396.4407, 234.5547 ],
                [ 393.2334, 255.2679 ],
                [ 288.0713, 273.856 ],
                [ 286.6224, 253.8347 ]
            ]
        },
        {
            "class": "water_glass",
            "visibility": 0.0,
            "location": [
                28.3282527923584,
                -8.455164909362793,
                175.46571350097657
            ],
            "quaternion_xyzw": [
                -0.6992102265357971,
                0.3646971583366394,
                0.6040731072425842,
                0.11487677693367005
            ],
            "pose_transform_permuted": [
                [ 0.004183322, -0.6487879, -0.7609577, 0 ],
                [ -0.3712121, -0.7075985, 0.6012535, 0 ],
                [ -0.9285387, 0.2799615, -0.2437979, 0 ],
                [ 28.32825, -8.455165, 175.4657, 1 ]
            ],
            "cuboid_centroid": [
                28.3282527923584,
                -8.455164909362793,
                175.46571350097657
            ],
            "projected_cuboid_centroid": [
                512.8079833984375,
                182.452392578125
            ],
            "bounding_box": {
                "top_left": [
                    489.35662841796877,
                    156.85986328125
                ],
                "bottom_right": [
                    536.8189086914063,
                    207.850341796875
                ]
            },
            "cuboid": [
                [ 28.21983, -10.68457, 178.5095 ],
                [ 28.23656, -12.16878, 174.797 ],
                [ 31.4805, -8.630772, 173.3971 ],
                [ 31.46376, -7.146591, 177.1097 ],
                [ 25.17601, -8.279557, 177.5343 ],
                [ 25.19273, -9.763772, 173.8218 ],
                [ 28.43666, -6.225773, 172.422 ],
                [ 28.41994, -4.741581, 176.1345 ]
            ],
            "projected_cuboid": [
                [ 508.7951, 168.5186 ],
                [ 512.9192, 156.8599 ],
                [ 536.8189, 180.5564 ],
                [ 532.1612, 191.8103 ],
                [ 489.3566, 184.3042 ],
                [ 493.0887, 172.9172 ],
                [ 516.9625, 196.8781 ],
                [ 512.6976, 207.8503 ]
            ]
        }
    ]
}