{
    "camera_data": {
        "location_worldframe": [
            -66.27252960205078,
            185.34420776367188,
            -58.79433822631836
        ],
        "quaternion_xyzw_worldframe": [
            0.5924363136291504,
            0.22575055062770844,
            -0.17769622802734376,
            0.752648651599884
        ]
    },
    "objects": [
        {
            "class": "big_fork",
            "visibility": 1.0,
            "location": [
                -2.348310947418213,
                0.9087114930152893,
                189.34320068359376
            ],
            "quaternion_xyzw": [
                0.07212527841329575,
                0.09229476749897003,
                0.8055583834648132,
                -0.5808229446411133
            ],
            "pose_transform_permuted": [
                [ -0.3148852, 0.9490872, 0.008988403, 0 ],
                [ -0.92246, -0.3082527, 0.2324817, 0 ],
                [ 0.2234161, 0.06491361, 0.9725592, 0 ],
                [ -2.348311, 0.9087115, 189.3432, 1 ]
            ],
            "cuboid_centroid": [
                -2.348310947418213,
                0.9087114930152893,
                189.34320068359376
            ],
            "projected_cuboid_centroid": [
                305.1883544921875,
                245.7315673828125
            ],
            "bounding_box": {
                "top_left": [
                    258.2174987792969,
                    223.578369140625
                ],
                "bottom_right": [
                    351.8878479003906,
                    267.919189453125
                ]
            },
            "cuboid": [
                [ 5.045495, -0.4275872, 188.9627 ],
                [ 4.30203, -2.605588, 189.4902 ],
                [ -9.753169, 1.959373, 188.5289 ],
                [ -9.009694, 4.137382, 188.0014 ],
                [ 5.056541, -0.141968, 190.1575 ],
                [ 4.313077, -2.319967, 190.685 ],
                [ -9.742116, 2.244994, 189.7237 ],
                [ -8.998646, 4.423008, 189.1962 ]
            ],
            "projected_cuboid": [
                [ 351.8878, 237.2976 ],
                [ 347.1134, 223.5784 ],
                [ 258.2175, 252.4119 ],
                [ 262.767, 266.2822 ],
                [ 351.7569, 239.1084 ],
                [ 347.0127, 225.4701 ],
                [ 258.6762, 254.1316 ],
                [ 263.1982, 267.9192 ]
            ]
        }
    ]
}