{
    "camera_data": {
        "location_worldframe": [
            25.56290054321289,
            49.48275375366211,
            53.82679748535156
        ],
        "quaternion_xyzw_worldframe": [
            -0.06009654328227043,
            0.9397902488708496,
            -0.23024481534957887,
            -0.24529603123664857
        ]
    },
    "objects": [
        {
            "class": "small_plates",
            "visibility": 1.0,
            "location": [
                -0.08586030453443527,
                1.006656289100647,
                102.65237426757813
            ],
            "quaternion_xyzw": [
                -0.20572543144226075,
                -0.49485209584236147,
                -0.12097042053937912,
                -0.8355624079704285
            ],
            "pose_transform_permuted": [
                [ 0.4809751, 0.001450643, 0.876733, 0 ],
                [ 0.405764, 0.8860864, -0.224068, 0 ],
                [ -0.7771862, 0.4635178, 0.4255969, 0 ],
                [ -0.0858603, 1.006656, 102.6524, 1 ]
            ],
            "cuboid_centroid": [
                -0.08586030453443527,
                1.006656289100647,
                102.65237426757813
            ],
            "projected_cuboid_centroid": [
                319.0010986328125,
                251.71142578125
            ],
            "bounding_box": {
                "top_left": [
                    237.2957000732422,
                    207.498291015625
                ],
                "bottom_right": [
                    403.6766052246094,
                    301.38427734375
                ]
            },
            "cuboid": [
                [ -7.210735, 0.70968, 104.8419 ],
                [ -2.161374, 4.96946, 96.68289 ],
                [ -2.163523, 3.655542, 95.99557 ],
                [ -7.212885, -0.6042408, 104.1546 ],
                [ 1.991804, -1.642227, 109.3092 ],
                [ 7.041167, 2.617559, 101.1501 ],
                [ 7.039014, 1.303639, 100.4628 ],
                [ 1.98965, -2.956145, 108.6218 ]
            ],
            "projected_cuboid": [
                [ 237.8624, 248.084 ],
                [ 293.3021, 301.3843 ],
                [ 293.0842, 285.4777 ],
                [ 237.2957, 233.0717 ],
                [ 341.7614, 222.0579 ],
                [ 403.1334, 270.9049 ],
                [ 403.6766, 255.4971 ],
                [ 341.8755, 207.4983 ]
            ]
        }
    ]
}