{
    "camera_data": {
        "location_worldframe": [
            48.01773452758789,
            128.2558135986328,
            -64.18437194824219
        ],
        "quaternion_xyzw_worldframe": [
            0.43493542075157168,
            -0.161823570728302,
            0.07978087663650513,
            0.8822014331817627
        ]
    },
    "objects": [
        {
            "class": "wine_glass",
            "visibility": 1.0,
            "location": [
                2.131088972091675,
                -2.7181811332702638,
                158.296875
            ],
            "quaternion_xyzw": [
                0.2512136995792389,
                0.20072972774505616,
                0.5920532941818237,
                -0.7389668822288513
            ],
            "pose_transform_permuted": [
                [ 0.2183609, 0.9758677, 0.0007985532, 0 ],
                [ -0.7741634, 0.1727291, 0.6089626, 0 ],
                [ 0.5941291, -0.1335918, 0.7931985, 0 ],
                [ 2.131089, -2.718181, 158.2969, 1 ]
            ],
            "cuboid_centroid": [
                2.131088972091675,
                -2.7181811332702638,
                158.296875
            ],
            "projected_cuboid_centroid": [
                336.07781982421877,
                219.492919921875
            ],
            "bounding_box": {
                "top_left": [
                    271.1033630371094,
                    168.2431640625
                ],
                "bottom_right": [
                    400.5558776855469,
                    270.9056396484375
                ]
            },
            "cuboid": [
                [ 8.826973, -0.7231882, 151.7762 ],
                [ 10.55484, -6.849065, 156.4775 ],
                [ -4.571115, -9.526358, 158.5481 ],
                [ -6.298979, -3.40049, 153.8469 ],
                [ 8.833283, 4.089993, 158.0456 ],
                [ 10.56115, -2.03587, 162.7469 ],
                [ -4.564801, -4.713164, 164.8175 ],
                [ -6.292667, 1.412697, 160.1163 ]
            ],
            "projected_cuboid": [
                [ 389.4553, 234.3096 ],
                [ 400.5559, 187.7271 ],
                [ 285.5683, 168.2432 ],
                [ 271.1034, 213.6033 ],
                [ 386.7479, 270.9056 ],
                [ 397.499, 225.0605 ],
                [ 286.9238, 205.8488 ],
                [ 273.065, 250.5369 ]
            ]
        },
        {
            "class": "big_fork",
            "visibility": 0.0,
            "location": [
                -21.655847549438478,
                46.601139068603519,
                124.63652038574219
            ],
            "quaternion_xyzw": [
                0.6937779188156128,
                0.6441309452056885,
                -0.21922284364700318,
                0.23602746427059174
            ],
            "pose_transform_permuted": [
                [ 0.07407332, 0.9972529, -0.0001187325, 0 ],
                [ 0.7902824, -0.05877291, -0.6099178, 0 ],
                [ -0.6082491, 0.04508486, -0.792465, 0 ],
                [ -21.65585, 46.60114, 124.6365, 1 ]
            ],
            "cuboid_centroid": [
                -21.655847549438478,
                46.601139068603519,
                124.63652038574219
            ],
            "projected_cuboid_centroid": [
                112.49555969238281,
                686.528076171875
            ],
            "bounding_box": {
                "top_left": [
                    39.109840393066409,
                    667.888671875
                ],
                "bottom_right": [
                    184.20106506347657,
                    705.3373413085938
                ]
            },
            "cuboid": [
                [ -14.35898, 45.60766, 126.1752 ],
                [ -14.18409, 47.47358, 124.7391 ],
                [ -28.95257, 48.34395, 124.0714 ],
                [ -29.12747, 46.47803, 125.5076 ],
                [ -14.35913, 44.85834, 125.2016 ],
                [ -14.18423, 46.72425, 123.7655 ],
                [ -28.95272, 47.59462, 123.0978 ],
                [ -29.12761, 45.72871, 124.534 ]
            ],
            "projected_cuboid": [
                [ 184.0914, 671.6793 ],
                [ 184.2011, 694.5137 ],
                [ 41.31544, 705.3373 ],
                [ 42.84008, 682.2577 ],
                [ 183.0331, 667.8887 ],
                [ 183.1314, 690.8586 ],
                [ 39.10984, 701.748 ],
                [ 40.67186, 678.5294 ]
            ]
        }
    ]
}