{
    "camera_data": {
        "location_worldframe": [
            68.44331359863281,
            181.05105590820313,
            66.78601837158203
        ],
        "quaternion_xyzw_worldframe": [
            -0.1727440357208252,
            0.8225947618484497,
            -0.4282510578632355,
            -0.3318108022212982
        ]
    },
    "objects": [
        {
            "class": "teacup",
            "visibility": 1.0,
            "location": [
                1.0774704217910767,
                3.2167770862579347,
                215.16769409179688
            ],
            "quaternion_xyzw": [
                -0.3349379599094391,
                -0.6111487746238709,
                -0.31754571199417117,
                -0.6430230140686035
            ],
            "pose_transform_permuted": [
                [ 0.0513238, 0.001015455, 0.9986817, 0 ],
                [ 0.8177723, 0.5739626, -0.04261029, 0 ],
                [ -0.5732492, 0.818881, 0.02862749, 0 ],
                [ 1.07747, 3.216777, 215.1677, 1 ]
            ],
            "cuboid_centroid": [
                1.0774704217910767,
                3.2167770862579347,
                215.16769409179688
            ],
            "projected_cuboid_centroid": [
                325.9803466796875,
                257.854248046875
            ],
            "bounding_box": {
                "top_left": [
                    307.22760009765627,
                    229.6025390625
                ],
                "bottom_right": [
                    345.24237060546877,
                    286.2261962890625
                ]
            },
            "cuboid": [
                [ -2.29897, 1.315619, 219.6142 ],
                [ -1.859949, 8.310827, 214.7107 ],
                [ -1.865116, 5.38755, 210.54 ],
                [ -2.304139, -1.607656, 215.4436 ],
                [ 4.020052, 1.046006, 219.7954 ],
                [ 4.459072, 8.041212, 214.8918 ],
                [ 4.453905, 5.117931, 210.7211 ],
                [ 4.014877, -1.877279, 215.6247 ]
            ],
            "projected_cuboid": [
                [ 307.4983, 247.1543 ],
                [ 309.6547, 286.2262 ],
                [ 309.4204, 270.5601 ],
                [ 307.2276, 231.0884 ],
                [ 341.8429, 245.6835 ],
                [ 344.7812, 284.6888 ],
                [ 345.2424, 269.0057 ],
                [ 342.2368, 229.6025 ]
            ]
        }
    ]
}