{
    "camera_data": {
        "location_worldframe": [
            -27.126699447631837,
            221.93421936035157,
            -62.38541030883789
        ],
        "quaternion_xyzw_worldframe": [
            0.5476723313331604,
            0.24426136910915376,
            -0.1711263507604599,
            0.781733512878418
        ]
    },
    "objects": [
        {
            "class": "wine_glass",
            "visibility": 1.0,
            "location": [
                0.1491231918334961,
                -4.4115424156188969,
                233.1014862060547
            ],
            "quaternion_xyzw": [
                0.012819163501262665,
                0.6605523228645325,
                -0.2535545825958252,
                0.7065525054931641
            ],
            "pose_transform_permuted": [
                [ -0.001238585, 0.3752347, 0.9269291, 0 ],
                [ -0.3413638, 0.8710915, -0.353087, 0 ],
                [ -0.9399305, -0.3168573, 0.1270126, 0 ],
                [ 0.1491232, -4.411542, 233.1015, 1 ]
            ],
            "cuboid_centroid": [
                0.1491231918334961,
                -4.4115424156188969,
                233.1014862060547
            ],
            "projected_cuboid_centroid": [
                320.7640075683594,
                217.398193359375
            ],
            "bounding_box": {
                "top_left": [
                    286.8209228515625,
                    168.5087890625
                ],
                "bottom_right": [
                    355.26373291015627,
                    265.96923828125
                ]
            },
            "cuboid": [
                [ -0.6010925, 5.08537, 233.8627 ],
                [ -0.6108949, 2.384195, 226.4251 ],
                [ -6.427035, -11.11773, 231.3364 ],
                [ -6.417234, -8.416561, 238.7739 ],
                [ 6.725279, 2.294592, 234.8666 ],
                [ 6.715476, -0.406582, 227.429 ],
                [ 0.8993352, -13.90848, 232.3403 ],
                [ 0.9091376, -11.20732, 239.7778 ]
            ],
            "projected_cuboid": [
                [ 316.9304, 265.9692 ],
                [ 316.7779, 252.5752 ],
                [ 286.8209, 182.6056 ],
                [ 287.9034, 197.9036 ],
                [ 354.1969, 251.6676 ],
                [ 355.2637, 237.865 ],
                [ 324.6227, 168.5088 ],
                [ 324.5281, 184.1799 ]
            ]
        }
    ]
}