{
    "camera_data": {
        "location_worldframe": [
            -17.26936149597168,
            208.18609619140626,
            24.37505340576172
        ],
        "quaternion_xyzw_worldframe": [
            0.5137684941291809,
            0.46498167514801028,
            -0.3968764841556549,
            0.6019327640533447
        ]
    },
    "objects": [
        {
            "class": "water_glass",
            "visibility": 1.0,
            "location": [
                1.9798654317855836,
                3.705512523651123,
                207.7842254638672
            ],
            "quaternion_xyzw": [
                0.047929905354976657,
                0.062255632132291797,
                0.7930156588554382,
                -0.6041135787963867
            ],
            "pose_transform_permuted": [
                [ -0.2654992, 0.9641109, 0.0007993877, 0 ],
                [ -0.9521753, -0.2623422, 0.1566496, 0 ],
                [ 0.1512373, 0.04082917, 0.9876539, 0 ],
                [ 1.979865, 3.705513, 207.7842, 1 ]
            ],
            "cuboid_centroid": [
                1.9798654317855836,
                3.705512523651123,
                207.7842254638672
            ],
            "projected_cuboid_centroid": [
                331.3794250488281,
                261.2977294921875
            ],
            "bounding_box": {
                "top_left": [
                    314.4186706542969,
                    244.8233642578125
                ],
                "bottom_right": [
                    348.5732727050781,
                    277.52490234375
                ]
            },
            "cuboid": [
                [ 4.919305, 4.639869, 205.6087 ],
                [ 3.85778, 0.8328557, 206.2133 ],
                [ -0.9627779, 2.144562, 206.0092 ],
                [ 0.09875018, 5.951586, 205.4045 ],
                [ 4.922503, 5.26647, 209.5593 ],
                [ 3.860978, 1.459452, 210.1639 ],
                [ -0.9595822, 2.771164, 209.9598 ],
                [ 0.1019468, 6.578177, 209.3551 ]
            ],
            "projected_cuboid": [
                [ 348.5733, 266.9502 ],
                [ 342.3418, 244.8234 ],
                [ 314.4187, 252.4323 ],
                [ 320.5742, 274.6035 ],
                [ 348.0528, 270.0131 ],
                [ 341.94, 248.2933 ],
                [ 314.5419, 255.7625 ],
                [ 320.5815, 277.5249 ]
            ]
        },
        {
            "class": "packet_cup",
            "visibility": 0.0,
            "location": [
                68.3927001953125,
                -7.102607250213623,
                208.99557495117188
            ],
            "quaternion_xyzw": [
                -0.30682891607284548,
                0.6703033447265625,
                0.5721319913864136,
                -0.3594639301300049
            ],
            "pose_transform_permuted": [
                [ -0.5532832, -1.525879E-05, -0.832993, 0 ],
                [ -0.8226585, 0.157042, 0.5464161, 0 ],
                [ 0.1308064, 0.9875918, -0.08690113, 0 ],
                [ 68.3927, -7.102607, 208.9956, 1 ]
            ],
            "cuboid_centroid": [
                68.3927001953125,
                -7.102607250213623,
                208.99557495117188
            ],
            "projected_cuboid_centroid": [
                710.8140869140625,
                199.413818359375
            ],
            "bounding_box": {
                "top_left": [
                    684.447021484375,
                    177.4359130859375
                ],
                "bottom_right": [
                    737.7920532226563,
                    220.9881591796875
                ]
            },
            "cuboid": [
                [ 72.27638, -7.182823, 211.5398 ],
                [ 70.33986, -10.06213, 211.9976 ],
                [ 70.33995, -10.84733, 207.0596 ],
                [ 72.27645, -7.968025, 206.6018 ],
                [ 66.44541, -3.357902, 210.9314 ],
                [ 64.50893, -6.237223, 211.3893 ],
                [ 64.509, -7.022428, 206.4513 ],
                [ 66.4455, -4.143116, 205.9935 ]
            ],
            "projected_cuboid": [
                [ 728.0392, 199.4491 ],
                [ 716.2489, 183.3165 ],
                [ 725.6992, 177.4359 ],
                [ 737.7921, 193.941 ],
                [ 696.2021, 220.9882 ],
                [ 684.447, 204.7625 ],
                [ 693.1644, 199.3774 ],
                [ 705.2206, 215.9801 ]
            ]
        },
        {
            "class": "wine_glass",
            "visibility": 1.0,
            "location": [
                3.6642072200775148,
                10.198447227478028,
                204.77452087402345
            ],
            "quaternion_xyzw": [
                0.5573750734329224,
                0.517422080039978,
                0.48150575160980227,
                -0.4356139898300171
            ],
            "pose_transform_permuted": [
                [ 0.0008531809, 0.9962976, 0.08596602, 0 ],
                [ 0.1572951, -0.08502954, 0.9838842, 0 ],
                [ 0.9875512, 0.01268265, -0.1567852, 0 ],
                [ 3.664207, 10.19845, 204.7745, 1 ]
            ],
            "cuboid_centroid": [
                3.6642072200775148,
                10.198447227478028,
                204.77452087402345
            ],
            "projected_cuboid_centroid": [
                341.369873046875,
                299.4779052734375
            ],
            "bounding_box": {
                "top_left": [
                    293.9062805175781,
                    269.7926025390625
                ],
                "bottom_right": [
                    389.87371826171877,
                    328.252685546875
                ]
            },
            "cuboid": [
                [ 11.0424, 5.028862, 201.5853 ],
                [ 11.04915, 6.273526, 209.3996 ],
                [ -4.393462, 7.591493, 209.203 ],
                [ -4.40021, 6.346822, 201.3887 ],
                [ 11.72188, 12.80541, 200.346 ],
                [ 11.72863, 14.05006, 208.1604 ],
                [ -3.713989, 15.36803, 207.9638 ],
                [ -3.720738, 14.12336, 200.1494 ]
            ],
            "projected_cuboid": [
                [ 385.4188, 269.7926 ],
                [ 383.016, 275.7794 ],
                [ 294.9195, 283.3368 ],
                [ 293.9063, 277.6373 ],
                [ 389.8737, 316.3326 ],
                [ 387.2894, 320.6079 ],
                [ 298.672, 328.2527 ],
                [ 297.799, 324.2716 ]
            ]
        },
        {
            "class": "big_fork",
            "visibility": 1.0,
            "location": [
                7.414420127868652,
                -22.62377166748047,
                213.30406188964845
            ],
            "quaternion_xyzw": [
                -0.07852110266685486,
                0.029569733887910844,
                0.3671875596046448,
                0.9263548851013184
            ],
            "pose_transform_permuted": [
                [ 0.7285979, -0.6849356, -0.00287981, 0 ],
                [ 0.6756483, 0.7180155, 0.1671921, 0 ],
                [ -0.1124481, -0.1237615, 0.9859201, 0 ],
                [ 7.41442, -22.62377, 213.3041, 1 ]
            ],
            "cuboid_centroid": [
                7.414420127868652,
                -22.62377166748047,
                213.30406188964845
            ],
            "projected_cuboid_centroid": [
                361.5121765136719,
                113.3330078125
            ],
            "bounding_box": {
                "top_left": [
                    328.2979736328125,
                    78.8604736328125
                ],
                "bottom_right": [
                    394.6710205078125,
                    147.949462890625
                ]
            },