{
    "camera_data": {
        "location_worldframe": [
            28.747018814086915,
            163.9713897705078,
            14.142924308776856
        ],
        "quaternion_xyzw_worldframe": [
            -0.1589750349521637,
            0.7348023056983948,
            -0.6330412030220032,
            -0.18453018367290498
        ]
    },
    "objects": [
        {
            "class": "big_fork",
            "visibility": 1.0,
            "location": [
                2.368286609649658,
                1.5731027126312256,
                164.46568298339845
            ],
            "quaternion_xyzw": [
                0.07526504248380661,
                0.018882257863879205,
                0.2859036326408386,
                -0.9551113843917847
            ],
            "pose_transform_permuted": [
                [ 0.8358052, 0.548982, 0.006967779, 0 ],
                [ -0.5432973, 0.8251886, 0.15457, 0 ],
                [ 0.07910642, -0.132976, 0.9879572, 0 ],
                [ 2.368287, 1.573103, 164.4657, 1 ]
            ],
            "cuboid_centroid": [
                2.368286609649658,
                1.5731027126312256,
                164.46568298339845
            ],
            "projected_cuboid_centroid": [
                337.1971435546875,
                251.4229736328125
            ],
            "bounding_box": {
                "top_left": [
                    300.51727294921877,
                    201.8167724609375
                ],
                "bottom_right": [
                    374.3435363769531,
                    301.3140869140625
                ]
            },
            "cuboid": [
                [ 5.442285, 8.229713, 162.7808 ],
                [ 7.415688, 6.946938, 162.9675 ],
                [ -0.7142761, -5.273426, 164.9368 ],
                [ -2.687681, -3.990656, 164.75 ],
                [ 5.450849, 8.419613, 163.9946 ],
                [ 7.424251, 7.136843, 164.1813 ],
                [ -0.7057154, -5.08352, 166.1506 ],
                [ -2.679118, -3.800765, 165.9638 ]
            ],
            "projected_cuboid": [
                [ 359.9278, 300.3781 ],
                [ 374.3435, 290.9084 ],
                [ 314.8282, 201.8168 ],
                [ 300.5173, 211.0721 ],
                [ 359.6947, 301.3141 ],
                [ 374.0041, 291.9135 ],
                [ 314.9275, 203.4607 ],
                [ 300.7214, 212.6501 ]
            ]
        },
        {
            "class": "knife",
            "visibility": 0.0,
            "location": [
                68.854248046875,
                14.768839836120606,
                162.78013610839845
            ],
            "quaternion_xyzw": [
                -0.06193196401000023,
                0.04137825220823288,
                0.5593500733375549,
                0.8255784511566162
            ],
            "pose_transform_permuted": [
                [ 0.3708307, -0.9287, -0.0009613112, 0 ],
                [ 0.9184495, 0.3665839, 0.1485492, 0 ],
                [ -0.1376053, -0.05596953, 0.9889045, 0 ],
                [ 68.85425, 14.76884, 162.7801, 1 ]
            ],
            "cuboid_centroid": [
                68.854248046875,
                14.768839836120606,
                162.78013610839845
            ],
            "projected_cuboid_centroid": [
                825.1575317382813,
                348.3533935546875
            ],
            "bounding_box": {
                "top_left": [
                    791.3021850585938,
                    289.51953125
                ],
                "bottom_right": [
                    859.6276245117188,
                    407.763427734375
                ]
            },
            "cuboid": [
                [ 64.81839, 7.567363, 163.4535 ],
                [ 70.9026, 22.63633, 161.1958 ],
                [ 72.89088, 21.85149, 161.3157 ],
                [ 66.80668, 6.782527, 163.5734 ],
                [ 64.81763, 7.686202, 164.2446 ],
                [ 70.90184, 22.75515, 161.987 ],
                [ 72.89011, 21.97033, 162.1068 ],
                [ 66.8059, 6.901365, 164.3645 ]
            ],
            "projected_cuboid": [
                [ 793.5889, 295.2902 ],
                [ 845.2982, 407.7064 ],
                [ 859.6276, 401.7715 ],
                [ 807.7585, 289.5195 ],
                [ 791.3022, 295.8879 ],
                [ 842.7271, 407.7634 ],
                [ 856.9885, 401.8575 ],
                [ 805.4052, 290.1447 ]
            ]
        },
        {
            "class": "knife",
            "visibility": 1.0,
            "location": [
                11.10411548614502,
                30.87335968017578,
                159.6820831298828
            ],
            "quaternion_xyzw": [
                0.09976398944854737,
                0.6540977358818054,
                -0.7450082302093506,
                -0.08465224504470825
            ],
            "pose_transform_permuted": [
                [ -0.9657622, 0.004377559, -0.2593917, 0 ],
                [ 0.256644, -0.1299802, -0.9577259, 0 ],
                [ -0.03790831, -0.9915069, 0.1244066, 0 ],
                [ 11.10412, 30.87336, 159.6821, 1 ]
            ],
            "cuboid_centroid": [
                11.10411548614502,
                30.87335968017578,
                159.6820831298828
            ],
            "projected_cuboid_centroid": [
                403.0472412109375,
                470.90069580078127
            ],
            "bounding_box": {
                "top_left": [
                    342.8686828613281,
                    451.44708251953127
                ],
                "bottom_right": [
                    463.8319396972656,
                    490.7039794921875
                ]
            },
            "cuboid": [
                [ 19.13517, 29.01192, 158.8819 ],
                [ 3.289944, 33.22269, 158.26 ],
                [ 3.280573, 33.50097, 160.3827 ],
                [ 19.1258, 29.29021, 161.0047 ],
                [ 18.92767, 28.24576, 158.9815 ],
                [ 3.082432, 32.45652, 158.3595 ],
                [ 3.073058, 32.7348, 160.4822 ],
                [ 18.91829, 28.52404, 161.1042 ]
            ],
            "projected_cuboid": [
                [ 463.8319, 458.0718 ],
                [ 344.8265, 490.704 ],
                [ 344.4281, 489.4579 ],
                [ 461.8661, 457.2609 ],
                [ 462.1832, 452.1799 ],
                [ 343.2459, 484.7684 ],
                [ 342.8687, 483.6017 ],
                [ 460.2402, 451.4471 ]
            ]
        }
    ]
}