{
    "camera_data": {
        "location_worldframe": [
            -26.355998992919923,
            104.62492370605469,
            44.61027908325195
        ],
        "quaternion_xyzw_worldframe": [
            -0.0891403779387474,
            0.8093825578689575,
            -0.5663246512413025,
            -0.12739808857440949
        ]
    },
    "objects": [
        {
            "class": "small_fork",
            "visibility": 1.0,
            "location": [
                -3.0124754905700685,
                3.012333393096924,
                109.32000732421875
            ],
            "quaternion_xyzw": [
                -0.1517707109451294,
                0.0857175886631012,
                0.483295738697052,
                0.8579297065734863
            ],
            "pose_transform_permuted": [
                [ 0.5181555, -0.8552864, 0.0003790557, 0 ],
                [ 0.8032487, 0.4867817, 0.3432711, 0 ],
                [ -0.2937796, -0.1775633, 0.9392363, 0 ],
                [ -3.012475, 3.012333, 109.32, 1 ]
            ],
            "cuboid_centroid": [
                -3.0124754905700685,
                3.012333393096924,
                109.32000732421875
            ],
            "projected_cuboid_centroid": [
                287.0904846191406,
                272.907958984375
            ],
            "bounding_box": {
                "top_left": [
                    225.32421875,
                    231.345458984375
                ],
                "bottom_right": [
                    347.7030944824219,
                    315.135498046875
                ]
            },
            "cuboid": [
                [ -8.568467, 4.968565, 108.0841 ],
                [ -7.589739, 6.485791, 107.5292 ],
                [ 2.543146, 0.7187123, 109.6328 ],
                [ 1.564418, -0.7985085, 110.1877 ],
                [ -8.568098, 5.305955, 109.0072 ],
                [ -7.589366, 6.823173, 108.4523 ],
                [ 2.54352, 1.056104, 110.556 ],
                [ 1.564794, -0.4611328, 111.1109 ]
            ],
            "projected_cuboid": [
                [ 225.3242, 294.8993 ],
                [ 235.7057, 312.0334 ],
                [ 347.7031, 247.8291 ],
                [ 336.9557, 231.3455 ],
                [ 226.13, 298.1307 ],
                [ 236.4273, 315.1355 ],
                [ 347.4758, 251.4083 ],
                [ 336.8189, 235.0436 ]
            ]
        },
        {
            "class": "small_spoon",
            "visibility": 0.0,
            "location": [
                -39.29313659667969,
                12.649256706237793,
                105.52369689941406
            ],
            "quaternion_xyzw": [
                0.08848825097084046,
                0.14493031799793244,
                0.8467140197753906,
                -0.5042226314544678
            ],
            "pose_transform_permuted": [
                [ -0.4758588, 0.879514, 0.003694192, 0 ],
                [ -0.8282155, -0.4495096, 0.3346646, 0 ],
                [ 0.2960028, 0.1561935, 0.9423301, 0 ],
                [ -39.29314, 12.64926, 105.5237, 1 ]
            ],
            "cuboid_centroid": [
                -39.29313659667969,
                12.649256706237793,
                105.52369689941406
            ],
            "projected_cuboid_centroid": [
                -124.69703674316406,
                383.156982421875
            ],
            "bounding_box": {
                "top_left": [
                    -166.411865234375,
                    316.54833984375
                ],
                "bottom_right": [
                    -82.32315063476563,
                    451.357421875
                ]
            },
            "cuboid": [
                [ -35.27613, 16.73045, 103.2362 ],
                [ -40.95668, 6.843626, 106.7697 ],
                [ -43.31588, 8.049376, 106.3507 ],
                [ -37.63531, 17.93619, 102.8172 ],
                [ -35.27039, 17.24913, 104.6967 ],
                [ -40.95095, 7.362312, 108.2302 ],
                [ -43.31015, 8.56806, 107.8112 ],
                [ -37.62959, 18.45488, 104.2777 ]
            ],
            "projected_cuboid": [
                [ -88.08113, 433.5411 ],
                [ -138.1147, 316.5483 ],
                [ -166.4119, 330.3898 ],
                [ -117.1468, 448.3349 ],
                [ -82.32315, 436.7578 ],
                [ -131.8696, 321.2388 ],
                [ -159.7591, 334.9109 ],
                [ -110.9587, 451.3574 ]
            ]
        },
        {
            "class": "small_fork",
            "visibility": 1.0,
            "location": [
                5.098701477050781,
                18.967973709106447,
                103.01750946044922
            ],
            "quaternion_xyzw": [
                0.7035382986068726,
                0.17489349842071534,
                0.685181200504303,
                0.07051838934421539
            ],
            "pose_transform_permuted": [
                [ -0.0001220182, 0.1494528, 0.9887689, 0 ],
                [ 0.3427243, -0.9288788, 0.1404427, 0 ],
                [ 0.939436, 0.3388923, -0.05110777, 0 ],
                [ 5.098701, 18.96797, 103.0175, 1 ]
            ],
            "cuboid_centroid": [
                5.098701477050781,
                18.967973709106447,
                103.01750946044922
            ],
            "projected_cuboid_centroid": [
                379.10797119140627,
                459.8909912109375
            ],
            "bounding_box": {
                "top_left": [
                    363.67474365234377,
                    389.88427734375
                ],
                "bottom_right": [
                    394.216552734375,
                    531.4718017578125
                ]
            },
            "cuboid": [
                [ 5.498216, 13.07289, 104.1629 ],
                [ 5.497986, 13.72026, 105.9374 ],
                [ 3.727368, 24.72502, 101.9224 ],
                [ 3.727599, 24.07766, 100.1479 ],
                [ 6.470036, 13.21093, 104.1126 ],
                [ 6.469804, 13.85828, 105.8871 ],
                [ 4.69919, 24.86305, 101.8721 ],
                [ 4.699419, 24.21569, 100.0977 ]
            ],
            "projected_cuboid": [
                [ 383.0386, 389.8843 ],
                [ 381.98, 394.6716 ],
                [ 363.6747, 529.7108 ],
                [ 364.4513, 527.1243 ],
                [ 394.2166, 391.54 ],
                [ 392.9702, 396.3018 ],
                [ 375.0891, 531.4718 ],
                [ 376.0684, 528.9152 ]
            ]
        },
        {
            "class": "mug",
            "visibility": 1.0,
            "location": [
                -21.214521408081056,
                2.846900701522827,
                105.91366577148438
            ],
            "quaternion_xyzw": [
                -0.44482460618019106,
                -0.5170745849609375,
                -0.3615153431892395,
                -0.6356661915779114
            ],
            "pose_transform_permuted": [
                [ 0.203881, 0.0004088283, 0.9789955, 0 ],
                [ 0.9196212, 0.3428755, -0.1916591, 0 ],
                [ -0.3357518, 0.9393808, 0.06952986, 0 ],
                [ -21.21452, 2.846901, 105.9137, 1 ]
            ],
            "cuboid_centroid": [
                -21.214521408081056,
                2.846900701522827,
                105.91366577148438
            ],
            "projected_cuboid_centroid": [
                80.79031372070313,
                272.1009521484375
            ],
            "bounding_box": {
                "top_left": [
                    18.35132598876953,
                    190.848388671875
                ],
                "bottom_right": [
                    140.9829864501953,
                    351.257568359375
                ]
            },