{
    "camera_data": {
        "location_worldframe": [
            16.20188331604004,
            22.11262321472168,
            40.995208740234378
        ],
        "quaternion_xyzw_worldframe": [
            -0.028880534693598748,
            0.9699959754943848,
            -0.14534825086593629,
            -0.19273711740970612
        ]
    },
    "objects": [
        {
            "class": "big_plates",
            "visibility": 0.837439239025116,
            "location": [
                1.722595453262329,
                -1.3581899404525757,
                75.98023986816406
            ],
            "quaternion_xyzw": [
                -0.13571825623512269,
                -0.3971107602119446,
                -0.059505317360162738,
                -0.905727744102478
            ],
            "pose_transform_permuted": [
                [ 0.6775243, -8.717179E-07, 0.7355004, 0 ],
                [ 0.2155816, 0.9560794, -0.1985872, 0 ],
                [ -0.7031966, 0.293108, 0.6477672, 0 ],
                [ 1.722595, -1.35819, 75.98024, 1 ]
            ],
            "cuboid_centroid": [
                1.722595453262329,
                -1.3581899404525757,
                75.98023986816406
            ],
            "projected_cuboid_centroid": [
                347.07574462890627,
                218.6519775390625
            ],
            "bounding_box": {
                "top_left": [
                    153.3799591064453,
                    162.42138671875
                ],
                "bottom_right": [
                    543.40234375,
                    295.1451416015625
                ]
            },
            "cuboid": [
                [ -10.6374, -0.7973608, 76.67828 ],
                [ 1.211347, 2.972792, 64.38056 ],
                [ 1.211349, 1.556252, 63.94629 ],
                [ -10.6374, -2.213905, 76.244 ],
                [ 2.233844, -4.272625, 88.01419 ],
                [ 14.08259, -0.5024748, 75.71648 ],
                [ 14.08259, -1.919016, 75.2822 ],
                [ 2.233844, -5.689171, 87.57992 ]
            ],
            "projected_cuboid": [
                [ 154.3236, 227.5812 ],
                [ 342.4704, 295.1451 ],
                [ 342.623, 269.0645 ],
                [ 153.38, 205.3223 ],
                [ 350.3108, 182.0251 ],
                [ 542.121, 232.0746 ],
                [ 543.4023, 209.5573 ],
                [ 350.4611, 162.4214 ]
            ]
        },
        {
            "class": "mug",
            "visibility": 0.0,
            "location": [
                -25.185672760009767,
                13.501715660095215,
                17.24192237854004
            ],
            "quaternion_xyzw": [
                -0.5742672681808472,
                0.12058736383914948,
                -0.805151104927063,
                0.08606646955013275
            ],
            "pose_transform_permuted": [
                [ -0.3256192, 9.427965E-05, 0.9455009, 0 ],
                [ -0.2770918, -0.9561024, -0.09533179, 0 ],
                [ 0.9039868, -0.2930324, 0.3113516, 0 ],
                [ -25.18567, 13.50172, 17.24192, 1 ]
            ],
            "cuboid_centroid": [
                -25.185672760009767,
                13.501715660095215,
                17.24192237854004
            ],
            "projected_cuboid_centroid": [
                -1424.4775390625,
                1175.192138671875
            ],
            "bounding_box": {
                "top_left": [
                    -2960.76171875,
                    666.51611328125
                ],
                "bottom_right": [
                    -806.885986328125,
                    2117.93798828125
                ]
            },
            "cuboid": [
                [ -27.16271, 11.83331, 9.887714 ],
                [ -30.77192, 8.762007, 19.90758 ],
                [ -30.77262, 15.93277, 22.10532 ],
                [ -27.16342, 19.00408, 12.08546 ],
                [ -19.59871, 11.07066, 12.37852 ],
                [ -23.20791, 7.999349, 22.39839 ],
                [ -23.20862, 15.17012, 24.59613 ],
                [ -19.59942, 18.24143, 14.57627 ]
            ],
            "projected_cuboid": [
                [ -2960.762, 1669.249 ],
                [ -1526.008, 765.6332 ],
                [ -1342.514, 1100.78 ],
                [ -2364.225, 2117.938 ],
                [ -1570.846, 1308.076 ],
                [ -917.4188, 666.5161 ],
                [ -806.886, 976.5797 ],
                [ -1285.811, 1734.548 ]
            ]
        },
        {
            "class": "knife",
            "visibility": 0.0,
            "location": [
                17.56936264038086,
                17.22071647644043,
                16.543439865112306
            ],
            "quaternion_xyzw": [
                0.5891997218132019,
                0.07518675178289414,
                0.10162587463855744,
                -0.7980368733406067
            ],
            "pose_transform_permuted": [
                [ 0.9680383, 0.2508024, -0.0002477318, 0 ],
                [ -0.07360236, 0.2850317, 0.9556881, 0 ],
                [ 0.2397595, -0.9251243, 0.2943813, 0 ],
                [ 17.56936, 17.22072, 16.54344, 1 ]
            ],
            "cuboid_centroid": [
                17.56936264038086,
                17.22071647644043,
                16.543439865112306
            ],
            "projected_cuboid_centroid": [
                1588.316650390625,
                1483.1483154296875
            ],
            "bounding_box": {
                "top_left": [
                    1032.6497802734375,
                    1221.48291015625
                ],
                "bottom_right": [
                    2089.1396484375,
                    1853.24609375
                ]
            },
            "cuboid": [
                [ 9.896659, 17.74736, 13.46852 ],
                [ 25.77922, 16.53977, 17.40224 ],
                [ 25.24227, 15.92954, 19.38286 ],
                [ 9.359705, 17.13713, 15.44913 ],
                [ 9.896461, 18.5119, 13.70402 ],
                [ 25.77902, 17.30431, 17.63774 ],
                [ 25.24207, 16.69408, 19.61836 ],
                [ 9.359509, 17.90167, 15.68464 ]
            ],
            "projected_cuboid": [
                [ 1197.539, 1813.662 ],
                [ 2089.14, 1375.068 ],
                [ 1875.278, 1221.483 ],
                [ 1043.528, 1564.742 ],
                [ 1182.441, 1853.246 ],
                [ 2065.504, 1411.679 ],
                [ 1856.596, 1256.242 ],
                [ 1032.65, 1603.065 ]
            ]
        }
    ]
}