{
    "camera_data": {
        "location_worldframe": [
            -15.955728530883789,
            159.47401428222657,
            65.41777038574219
        ],
        "quaternion_xyzw_worldframe": [
            0.008477462455630303,
            0.812294065952301,
            -0.583066999912262,
            0.01181029248982668
        ]
    },
    "objects": [
        {
            "class": "big_plates",
            "visibility": 1.0,
            "location": [
                -1.5953729152679444,
                -2.9337217807769777,
                168.11416625976563
            ],
            "quaternion_xyzw": [
                -0.619184672832489,
                -0.37879320979118349,
                0.5259109139442444,
                0.44333258271217348
            ],
            "pose_transform_permuted": [
                [ 0.1598668, 0.002779007, -0.9871347, 0 ],
                [ 0.9353928, -0.3199439, 0.1505865, 0 ],
                [ -0.3154092, -0.9474325, -0.05374789, 0 ],
                [ -1.595373, -2.933722, 168.1142, 1 ]
            ],
            "cuboid_centroid": [
                -1.5953729152679444,
                -2.9337217807769777,
                168.11416625976563
            ],
            "projected_cuboid_centroid": [
                308.6667175292969,
                219.1593017578125
            ],
            "bounding_box": {
                "top_left": [
                    238.16404724121095,
                    151.3438720703125
                ],
                "bottom_right": [
                    381.0563659667969,
                    289.0440673828125
                ]
            },
            "cuboid": [
                [ 5.646203, -12.66758, 170.6406 ],
                [ 8.441999, 3.690842, 165.1246 ],
                [ 8.43788, 4.164866, 166.5284 ],
                [ 5.642086, -12.19356, 172.0443 ],
                [ -11.62863, -10.03233, 169.7 ],
                [ -8.832834, 6.326105, 164.1841 ],
                [ -8.836951, 6.800131, 165.5878 ],
                [ -11.63275, -9.558294, 171.1037 ]
            ],
            "projected_cuboid": [
                [ 359.5159, 151.3439 ],
                [ 381.0564, 266.6938 ],
                [ 380.5121, 269.8683 ],
                [ 359.1649, 155.3577 ],
                [ 238.164, 169.3979 ],
                [ 255.751, 286.0154 ],
                [ 256.2659, 289.0441 ],
                [ 238.8067, 173.2858 ]
            ]
        }
    ]
}