{
    "camera_data": {
        "location_worldframe": [
            2.6902079582214357,
            210.5724639892578,
            -42.96226119995117
        ],
        "quaternion_xyzw_worldframe": [
            0.5795661211013794,
            0.2110525369644165,
            -0.1586567461490631,
            0.7709656357765198
        ]
    },
    "objects": [
        {
            "class": "big_spoon",
            "visibility": 1.0,
            "location": [
                -1.1634421348571778,
                4.847540855407715,
                216.3567352294922
            ],
            "quaternion_xyzw": [
                -0.8834680914878845,
                0.44662755727767947,
                -0.06445689499378205,
                -0.12590967118740083
            ],
            "pose_transform_permuted": [
                [ 0.5927383, -0.8053939, 0.001421764, 0 ],
                [ -0.7729309, -0.5693411, -0.2800508, 0 ],
                [ 0.2263607, 0.1648979, -0.9599841, 0 ],
                [ -1.163442, 4.847541, 216.3567, 1 ]
            ],
            "cuboid_centroid": [
                -1.1634421348571778,
                4.847540855407715,
                216.3567352294922
            ],
            "projected_cuboid_centroid": [
                313.5779724121094,
                266.7576904296875
            ],
            "bounding_box": {
                "top_left": [
                    281.30267333984377,
                    228.2161865234375
                ],
                "bottom_right": [
                    345.3929138183594,
                    305.6697998046875
                ]
            },
            "cuboid": [
                [ -6.937435, 9.93112, 215.8742 ],
                [ 1.907342, -1.602458, 219.2519 ],
                [ 4.607798, 0.3064999, 218.6991 ],
                [ -4.236984, 11.8401, 215.3214 ],
                [ -6.934679, 9.38856, 214.0144 ],
                [ 1.910099, -2.145023, 217.3921 ],
                [ 4.610552, -0.2360478, 216.8392 ],
                [ -4.23423, 11.29755, 213.4615 ]
            ],
            "projected_cuboid": [
                [ 281.6208, 294.9408 ],
                [ 330.3892, 231.2715 ],
                [ 345.1619, 241.6737 ],
                [ 296.5, 305.6698 ],
                [ 281.3027, 292.3906 ],
                [ 330.4932, 228.2162 ],
                [ 345.3929, 238.7 ],
                [ 296.3107, 303.2065 ]
            ]
        },
        {
            "class": "teacup",
            "visibility": 1.0,
            "location": [
                -15.552938461303711,
                -23.599332809448243,
                221.1619415283203
            ],
            "quaternion_xyzw": [
                -0.49574005603790285,
                0.3466191589832306,
                -0.616324782371521,
                -0.5042229890823364
            ],
            "pose_transform_permuted": [
                [ -2.145767E-06, -0.9651963, 0.2615271, 0 ],
                [ 0.2778642, -0.2512289, -0.927187, 0 ],
                [ 0.9606205, 0.07266712, 0.2681939, 0 ],
                [ -15.55294, -23.59933, 221.1619, 1 ]
            ],
            "cuboid_centroid": [
                -15.552938461303711,
                -23.599332809448243,
                221.1619415283203
            ],
            "projected_cuboid_centroid": [
                236.01541137695313,
                112.5655517578125
            ],
            "bounding_box": {
                "top_left": [
                    216.03164672851563,
                    84.6943359375
                ],
                "bottom_right": [
                    255.155029296875,
                    139.67236328125
                ]
            },
            "cuboid": [
                [ -18.83826, -22.4942, 216.3899 ],
                [ -18.83827, -20.11735, 224.6071 ],
                [ -13.92239, -18.8378, 224.237 ],
                [ -13.92238, -21.21465, 216.0199 ],
                [ -17.18349, -28.36086, 218.0869 ],
                [ -17.1835, -25.984, 226.304 ],
                [ -12.26762, -24.70446, 225.9339 ],
                [ -12.26761, -27.08129, 217.7168 ]
            ],
            "projected_cuboid": [
                [ 216.0316, 115.8545 ],
                [ 219.8352, 133.0342 ],
                [ 245.8512, 139.6724 ],
                [ 243.0307, 122.7157 ],
                [ 225.9023, 84.69434 ],
                [ 229.3189, 102.8767 ],
                [ 255.155, 109.4155 ],
                [ 252.7077, 91.44922 ]
            ]
        },
        {
            "class": "big_spoon",
            "visibility": 1.0,
            "location": [
                -36.5513801574707,
                5.263719081878662,
                216.2576904296875
            ],
            "quaternion_xyzw": [
                -0.11661730706691742,
                0.0786193385720253,
                0.5571567416191101,
                0.8184105157852173
            ],
            "pose_transform_permuted": [
                [ 0.3667907, -0.9303026, -0.001262456, 0 ],
                [ 0.8936291, 0.3519535, 0.2784882, 0 ],
                [ -0.258634, -0.1032751, 0.9604388, 0 ],
                [ -36.55138, 5.263719, 216.2577, 1 ]
            ],
            "cuboid_centroid": [
                -36.5513801574707,
                5.263719081878662,
                216.2576904296875
            ],
            "projected_cuboid_centroid": [
                118.14955139160156,
                269.0682373046875
            ],
            "bounding_box": {
                "top_left": [
                    95.28929138183594,
                    227.568115234375
                ],
                "bottom_right": [
                    141.18511962890626,
                    311.0208740234375
                ]
            },
            "cuboid": [
                [ -40.84641, -1.083316, 217.0839 ],
                [ -35.37319, 12.25131, 213.2245 ],
                [ -32.25392, 11.07123, 213.5708 ],
                [ -37.72713, -2.26339, 217.4301 ],
                [ -40.84884, -0.5437962, 218.9445 ],
                [ -35.37564, 12.79084, 215.0853 ],
                [ -32.25636, 11.61076, 215.4315 ],
                [ -37.72958, -1.723871, 219.2908 ]
            ],
            "projected_cuboid": [
                [ 95.28929, 234.0403 ],
                [ 121.8772, 308.6188 ],
                [ 139.6409, 301.9087 ],
                [ 112.7801, 227.5681 ],
                [ 97.18568, 237.0338 ],
                [ 123.5776, 311.0209 ],
                [ 141.1851, 304.3649 ],
                [ 114.525, 230.6118 ]
            ]
        }
    ]
}