{
    "camera_data": {
        "location_worldframe": [
            68.6385726928711,
            229.65142822265626,
            40.08138656616211
        ],
        "quaternion_xyzw_worldframe": [
            -0.2364223152399063,
            0.7222338318824768,
            -0.5793154835700989,
            -0.2947481572628021
        ]
    },
    "objects": [
        {
            "class": "big_spoon",
            "visibility": 1.0,
            "location": [
                3.355463743209839,
                -1.1185240745544434,
                234.08309936523438
            ],
            "quaternion_xyzw": [
                0.5518624782562256,
                0.8269275426864624,
                -0.08996772766113281,
                0.05953520908951759
            ],
            "pose_transform_permuted": [
                [ -0.3838067, 0.9234131, -0.0008370131, 0 ],
                [ 0.9019881, 0.3747072, -0.2145041, 0 ],
                [ -0.1977622, -0.08308309, -0.9767227, 0 ],
                [ 3.355464, -1.118524, 234.0831, 1 ]
            ],
            "cuboid_centroid": [
                3.355463743209839,
                -1.1185240745544434,
                234.08309936523438
            ],
            "projected_cuboid_centroid": [
                337.11907958984377,
                234.29345703125
            ],
            "bounding_box": {
                "top_left": [
                    314.55426025390627,
                    195.82080078125
                ],
                "bottom_right": [
                    359.5565490722656,
                    272.986572265625
                ]
            },
            "cuboid": [
                [ 7.767915, -7.01224, 236.3654 ],
                [ 2.04079, 6.447145, 233.4144 ],
                [ -1.055372, 5.190749, 233.693 ],
                [ 4.671749, -8.268605, 236.644 ],
                [ 7.766296, -7.427809, 234.4732 ],
                [ 2.03917, 6.031575, 231.5222 ],
                [ -1.057, 4.775192, 231.8008 ],
                [ 4.67013, -8.684185, 234.7517 ]
            ],
            "projected_cuboid": [
                [ 359.248, 204.5701 ],
                [ 330.4416, 272.9866 ],
                [ 314.6067, 266.5266 ],
                [ 343.5766, 198.2714 ],
                [ 359.5565, 202.1675 ],
                [ 330.5186, 271.1125 ],
                [ 314.5543, 264.6022 ],
                [ 343.7584, 195.8208 ]
            ]
        },
        {
            "class": "teacup",
            "visibility": 1.0,
            "location": [
                24.158721923828126,
                21.994993209838868,
                225.57652282714845
            ],
            "quaternion_xyzw": [
                -0.5462244153022766,
                -0.5568701028823853,
                -0.4357697665691376,
                0.4490426778793335
            ],
            "pose_transform_permuted": [
                [ 8.046627E-07, 0.9997105, -0.02406073, 0 ],
                [ 0.2169936, 0.02348718, 0.9758905, 0 ],
                [ 0.976173, -0.005221844, -0.2169309, 0 ],
                [ 24.15872, 21.99499, 225.5765, 1 ]
            ],
            "cuboid_centroid": [
                24.158721923828126,
                21.994993209838868,
                225.57652282714845
            ],
            "projected_cuboid_centroid": [
                447.9020690917969,
                356.44677734375
            ],
            "bounding_box": {
                "top_left": [
                    432.2777099609375,
                    336.355712890625
                ],
                "bottom_right": [
                    464.09112548828127,
                    375.9281005859375
                ]
            },
            "cuboid": [
                [ 26.78067, 18.03933, 222.0744 ],
                [ 26.78068, 19.89549, 230.4246 ],
                [ 21.68901, 19.77586, 230.4512 ],
                [ 21.689, 17.91969, 222.101 ],
                [ 26.62844, 24.21412, 220.7019 ],
                [ 26.62844, 26.07029, 229.052 ],
                [ 21.53677, 25.95066, 229.0786 ],
                [ 21.53676, 24.09451, 220.7284 ]
            ],
            "projected_cuboid": [
                [ 464.0192, 337.0106 ],
                [ 458.8003, 343.1154 ],
                [ 432.3979, 342.4835 ],
                [ 436.6236, 336.3557 ],
                [ 464.0911, 371.0269 ],
                [ 458.8383, 375.9281 ],
                [ 432.2777, 375.2887 ],
                [ 436.5251, 370.3639 ]
            ]
        },
        {
            "class": "big_spoon",
            "visibility": 0.0,
            "location": [
                37.62276077270508,
                -9.748712539672852,
                236.02252197265626
            ],
            "quaternion_xyzw": [
                0.05040625482797623,
                0.09629205614328385,
                0.8829808831214905,
                -0.45665276050567629
            ],
            "pose_transform_permuted": [
                [ -0.5778548, 0.8161387, 0.001071453, 0 ],
                [ -0.7967238, -0.564392, 0.2160844, 0 ],
                [ 0.1769596, 0.1240118, 0.9763741, 0 ],
                [ 37.62276, -9.748713, 236.0225, 1 ]
            ],
            "cuboid_centroid": [
                37.62276077270508,
                -9.748712539672852,
                236.02252197265626
            ],
            "projected_cuboid_centroid": [
                510.36834716796877,
                190.6722412109375
            ],
            "bounding_box": {
                "top_left": [
                    480.238037109375,
                    154.95751953125
                ],
                "bottom_right": [
                    541.02880859375,
                    226.5635986328125
                ]
            },
            "cuboid": [
                [ 43.30132, -4.959902, 233.9644 ],
                [ 34.67863, -16.84854, 236.6049 ],
                [ 31.94214, -14.95613, 236.1891 ],
                [ 40.56483, -3.067509, 233.5485 ],
                [ 43.30338, -4.541278, 235.8559 ],
                [ 34.6807, -16.4299, 238.4965 ],
                [ 31.94422, -14.53752, 238.0807 ],
                [ 40.5669, -2.6489, 235.4401 ]
            ],
            "projected_cuboid": [
                [ 541.0288, 214.6825 ],
                [ 495.0393, 154.9575 ],
                [ 481.5109, 164.3765 ],
                [ 527.4293, 224.3142 ],
                [ 539.2666, 217.0052 ],
                [ 493.6614, 157.7283 ],
                [ 480.238, 167.0771 ],
                [ 525.7733, 226.5636 ]
            ]
        }
    ]
}