{
    "camera_data": {
        "location_worldframe": [
            -38.81755828857422,
            139.2605438232422,
            2.8750240802764894
        ],
        "quaternion_xyzw_worldframe": [
            0.45063403248786929,
            0.5149736404418945,
            -0.36896225810050967,
            0.6289658546447754
        ]
    },
    "objects": [
        {
            "class": "mug",
            "visibility": 1.0,
            "location": [
                -4.093534469604492,
                2.9009058475494386,
                139.81268310546876
            ],
            "quaternion_xyzw": [
                0.29794561862945559,
                0.5113832354545593,
                -0.48834019899368288,
                0.6412795782089233
            ],
            "pose_transform_permuted": [
                [ 2.205372E-05, 0.931054, 0.3648816, 0 ],
                [ -0.3215964, 0.3455045, -0.8815908, 0 ],
                [ -0.9468769, -0.1173251, 0.2994312, 0 ],
                [ -4.093534, 2.900906, 139.8127, 1 ]
            ],
            "cuboid_centroid": [
                -4.093534469604492,
                2.9009058475494386,
                139.81268310546876
            ],
            "projected_cuboid_centroid": [
                285.0337219238281,
                264.779052734375
            ],
            "bounding_box": {
                "top_left": [
                    239.27706909179688,
                    207.52783203125
                ],
                "bottom_right": [
                    327.5682373046875,
                    319.1483154296875
                ]
            },
            "cuboid": [
                [ -2.061728, 9.505211, 143.4226 ],
                [ -2.061482, 5.940608, 132.9274 ],
                [ -9.044388, 3.34933, 133.8073 ],
                [ -9.044634, 6.91393, 144.3026 ],
                [ 0.8573196, 2.452483, 145.8181 ],
                [ 0.8575681, -1.112118, 135.3228 ],
                [ -6.125339, -3.703393, 136.2027 ],
                [ -6.125587, -0.1388072, 146.698 ]
            ],
            "projected_cuboid": [
                [ 302.8323, 319.1483 ],
                [ 301.4791, 293.3721 ],
                [ 239.2771, 269.8934 ],
                [ 245.1461, 297.2201 ],
                [ 327.0215, 260.0859 ],
                [ 327.5682, 230.1853 ],
                [ 266.2917, 207.5278 ],
                [ 270.1321, 238.87 ]
            ]
        }
    ]
}