{
    "camera_data": {
        "location_worldframe": [
            -32.22512435913086,
            141.65200805664063,
            -22.715831756591798
        ],
        "quaternion_xyzw_worldframe": [
            0.42127010226249697,
            0.5641621351242065,
            -0.4098348617553711,
            0.5799034833908081
        ]
    },
    "objects": [
        {
            "class": "small_fork",
            "visibility": 1.0,
            "location": [
                1.8363834619522095,
                3.7243502140045168,
                146.8011016845703
            ],
            "quaternion_xyzw": [
                -0.027508486062288286,
                0.1549413949251175,
                0.9743950963020325,
                0.16059476137161256
            ],
            "pose_transform_permuted": [
                [ -0.9469053, -0.3214899, -0.003842715, 0 ],
                [ 0.3044411, -0.900405, 0.3107837, 0 ],
                [ -0.1033738, 0.2931128, 0.9504729, 0 ],
                [ 1.836383, 3.72435, 146.8011, 1 ]
            ],
            "cuboid_centroid": [
                1.8363834619522095,
                3.7243502140045168,
                146.8011016845703
            ],
            "projected_cuboid_centroid": [
                334.9393310546875,
                270.29833984375
            ],
            "bounding_box": {
                "top_left": [
                    312.2486572265625,
                    223.479736328125
                ],
                "bottom_right": [
                    358.2716064453125,
                    317.996826171875
                ]
            },
            "cuboid": [
                [ 0.8281617, -2.049621, 148.1679 ],
                [ -0.9604205, -1.474563, 147.9727 ],
                [ 2.848386, 9.192851, 144.5001 ],
                [ 4.636962, 8.6178, 144.6953 ],
                [ 0.8243817, -1.744156, 149.1021 ],
                [ -0.9641911, -1.169112, 148.9069 ],
                [ 2.844613, 9.498302, 145.4342 ],
                [ 4.633189, 8.923261, 145.6295 ]
            ],
            "projected_cuboid": [
                [ 326.6751, 223.4797 ],
                [ 312.2487, 228.0991 ],
                [ 343.5412, 315.9766 ],
                [ 358.2716, 311.1278 ],
                [ 326.603, 226.0299 ],
                [ 312.267, 230.6235 ],
                [ 343.359, 317.9968 ],
                [ 357.9951, 313.1765 ]
            ]
        },
        {
            "class": "bowl",
            "visibility": 1.0,
            "location": [
                2.8182568550109865,
                31.561256408691408,
                131.70065307617188
            ],
            "quaternion_xyzw": [
                -0.5160038471221924,
                0.8421462774276733,
                -0.13410398364067079,
                -0.08090674877166748
            ],
            "pose_transform_permuted": [
                [ -0.4543884, -0.8908013, 0.00212571, 0 ],
                [ -0.8474016, 0.4315123, -0.3093667, 0 ],
                [ 0.274667, -0.1423739, -0.9509406, 0 ],
                [ 2.818257, 31.56126, 131.7007, 1 ]
            ],
            "cuboid_centroid": [
                2.8182568550109865,
                31.561256408691408,
                131.70065307617188
            ],
            "projected_cuboid_centroid": [
                345.55584716796877,
                526.1962280273438
            ],
            "bounding_box": {
                "top_left": [
                    302.15240478515627,
                    458.860595703125
                ],
                "bottom_right": [
                    392.6430969238281,
                    589.6373901367188
                ]
            },
            "cuboid": [
                [ 3.751163, 39.70566, 135.6226 ],
                [ -1.9271, 29.11612, 139.055 ],
                [ 1.858803, 27.28219, 139.6601 ],
                [ 7.537064, 37.87173, 136.2277 ],
                [ 3.777717, 35.84032, 123.7412 ],
                [ -1.900549, 25.25077, 127.1736 ],
                [ 1.885356, 23.41685, 127.7787 ],
                [ 7.563619, 34.0064, 124.3463 ]
            ],
            "projected_cuboid": [
                [ 353.0317, 589.6374 ],
                [ 303.4493, 490.0601 ],
                [ 335.8949, 473.2945 ],
                [ 386.0746, 572.0071 ],
                [ 356.4597, 585.9036 ],
                [ 302.1524, 477.1238 ],
                [ 337.6211, 458.8606 ],
                [ 392.6431, 566.6069 ]
            ]
        },
        {
            "class": "packet_cup",
            "visibility": 1.0,
            "location": [
                9.573101043701172,
                -4.833673000335693,
                147.4695281982422
            ],
            "quaternion_xyzw": [
                -0.11038225889205933,
                0.794654905796051,
                0.5772809982299805,
                -0.15194061398506165
            ],
            "pose_transform_permuted": [
                [ -0.9294595, -6.750226E-06, -0.3689239, 0 ],
                [ -0.3508565, 0.3091248, 0.8839353, 0 ],
                [ 0.1140375, 0.9510215, -0.2873213, 0 ],
                [ 9.573101, -4.833673, 147.4695, 1 ]
            ],
            "cuboid_centroid": [
                9.573101043701172,
                -4.833673000335693,
                147.4695281982422
            ],
            "projected_cuboid_centroid": [
                397.5260925292969,
                200.8553466796875
            ],
            "bounding_box": {
                "top_left": [
                    373.3284912109375,
                    163.9656982421875
                ],
                "bottom_right": [
                    422.24493408203127,
                    237.1630859375
                ]
            },
            "cuboid": [
                [ 12.49088, -6.540637, 150.6531 ],
                [ 9.237766, -7.768624, 151.0523 ],
                [ 9.237797, -9.314248, 146.2971 ],
                [ 12.4909, -8.086262, 145.898 ],
                [ 9.908405, -0.3530924, 148.6419 ],
                [ 6.655297, -1.581091, 149.041 ],
                [ 6.65533, -3.126716, 144.2859 ],
                [ 9.90844, -1.898716, 143.8868 ]
            ],
            "projected_cuboid": [
                [ 419.0176, 188.1511 ],
                [ 393.036, 178.5793 ],
                [ 395.4102, 163.9657 ],
                [ 422.2449, 173.8094 ],
                [ 399.6086, 237.1631 ],
                [ 373.3285, 227.3308 ],
                [ 375.0862, 214.1201 ],
                [ 402.2397, 224.2407 ]
            ]
        },
        {
            "class": "knife",
            "visibility": 0.5985017418861389,
            "location": [
                -38.34020233154297,
                -2.4634978771209719,
                148.90826416015626
            ],
            "quaternion_xyzw": [
                0.028692394495010377,
                0.15373080968856812,
                0.9708887338638306,
                -0.1814352422952652
            ],
            "pose_transform_permuted": [
                [ -0.9325162, 0.3611287, -7.012859E-05, 0 ],
                [ -0.3434851, -0.8868964, 0.3089226, 0 ],
                [ 0.1114986, 0.2880994, 0.9510872, 0 ],
                [ -38.3402, -2.463498, 148.9083, 1 ]
            ],
            "cuboid_centroid": [
                -38.34020233154297,
                -2.4634978771209719,
                148.90826416015626
            ],
            "projected_cuboid_centroid": [
                12.508506774902344,
                220.2425537109375
            ],
            "bounding_box": {
                "top_left": [
                    -51.380958557128909,
                    189.325439453125
                ],
                "bottom_right": [
                    76.59208679199219,
                    251.51171875
                ]
            },