{
    "camera_data": {
        "location_worldframe": [
            -61.07722091674805,
            110.68312072753906,
            50.034706115722659
        ],
        "quaternion_xyzw_worldframe": [
            0.20553937554359437,
            0.7935658693313599,
            -0.4255674481391907,
            0.3832741975784302
        ]
    },
    "objects": [
        {
            "class": "small_spoon",
            "visibility": 1.0,
            "location": [
                1.1810802221298218,
                1.8102318048477173,
                129.6020965576172
            ],
            "quaternion_xyzw": [
                0.17965146899223329,
                0.8096212148666382,
                0.44003885984420779,
                0.3443903923034668
            ],
            "pose_transform_permuted": [
                [ -0.6982415, -0.01219103, 0.7157588, 0 ],
                [ 0.5939896, 0.5481823, 0.5887891, 0 ],
                [ -0.3995443, 0.8362701, -0.3755223, 0 ],
                [ 1.18108, 1.810232, 129.6021, 1 ]
            ],
            "cuboid_centroid": [
                1.1810802221298218,
                1.8102318048477173,
                129.6020965576172
            ],
            "projected_cuboid_centroid": [
                330.8834228515625,
                256.680908203125
            ],
            "bounding_box": {
                "top_left": [
                    286.6927795410156,
                    213.351318359375
                ],
                "bottom_right": [
                    374.14288330078127,
                    301.0623779296875
                ]
            },
            "cuboid": [
                [ 4.77769, -1.456202, 133.3995 ],
                [ -3.557564, 5.634549, 128.6299 ],
                [ -3.524865, 4.164117, 126.3867 ],
                [ 4.810393, -2.926627, 131.1563 ],
                [ 5.887024, -0.5436596, 132.8175 ],
                [ -2.44823, 6.547096, 128.0479 ],
                [ -2.415532, 5.076657, 125.8047 ],
                [ 5.919724, -2.014081, 130.5743 ]
            ],
            "projected_cuboid": [
                [ 362.7722, 226.9634 ],
                [ 286.97, 292.3136 ],
                [ 286.6928, 279.3477 ],
                [ 363.8015, 213.3513 ],
                [ 372.9344, 235.1116 ],
                [ 297.1663, 301.0624 ],
                [ 297.0695, 288.1924 ],
                [ 374.1429, 221.5789 ]
            ]
        },
        {
            "class": "knife",
            "visibility": 0.7798267006874085,
            "location": [
                6.704272270202637,
                -26.72187614440918,
                149.6661834716797
            ],
            "quaternion_xyzw": [
                0.20398490130901338,
                0.20455867052078248,
                0.6780388951301575,
                -0.6758765578269959
            ],
            "pose_transform_permuted": [
                [ -0.003161967, 0.999995, 0.0001065731, 0 ],
                [ -0.8330874, -0.002693146, 0.5531347, 0 ],
                [ 0.5531322, 0.001660258, 0.8330919, 0 ],
                [ 6.704272, -26.72188, 149.6662, 1 ]
            ],
            "cuboid_centroid": [
                6.704272270202637,
                -26.72187614440918,
                149.6661834716797
            ],
            "projected_cuboid_centroid": [
                373.49652099609377,
                26.773681640625
            ],
            "bounding_box": {
                "top_left": [
                    363.3382873535156,
                    -22.179931640625
                ],
                "bottom_right": [
                    384.3379211425781,
                    78.55859375
                ]
            },
            "cuboid": [
                [ 7.800625, -20.11179, 144.7971 ],
                [ 7.748746, -33.78022, 153.8723 ],
                [ 5.607837, -33.77446, 153.8688 ],
                [ 5.659715, -20.10603, 144.7936 ],
                [ 7.800706, -19.66928, 145.4636 ],
                [ 7.74883, -33.33771, 154.5388 ],
                [ 5.607919, -33.33196, 154.5353 ],
                [ 5.659798, -19.66351, 145.46 ]
            ],
            "projected_cuboid": [
                [ 384.3379, 74.12219 ],
                [ 380.1407, -22.17993 ],
                [ 363.5254, -22.14124 ],
                [ 366.6813, 74.16565 ],
                [ 384.0438, 78.51514 ],
                [ 379.882, -17.62964 ],
                [ 363.3383, -17.59106 ],
                [ 366.4681, 78.55859 ]
            ]
        }
    ]
}