{
    "camera_data": {
        "location_worldframe": [
            -51.258426666259769,
            161.11557006835938,
            -67.3118896484375
        ],
        "quaternion_xyzw_worldframe": [
            0.4994249641895294,
            0.24159234762191773,
            -0.14735186100006104,
            0.8188377618789673
        ]
    },
    "objects": [
        {
            "class": "small_spoon",
            "visibility": 1.0,
            "location": [
                -2.191164970397949,
                -2.8293964862823488,
                180.7300567626953
            ],
            "quaternion_xyzw": [
                -0.218728169798851,
                0.7706732749938965,
                0.4779636263847351,
                -0.3602379560470581
            ],
            "pose_transform_permuted": [
                [ -0.644773, 0.007225364, -0.7643397, 0 ],
                [ -0.6814972, 0.4474175, 0.5791192, 0 ],
                [ 0.3461633, 0.8942959, -0.2835586, 0 ],
                [ -2.191165, -2.829396, 180.7301, 1 ]
            ],
            "cuboid_centroid": [
                -2.191164970397949,
                -2.8293964862823488,
                180.7300567626953
            ],
            "projected_cuboid_centroid": [
                305.5208740234375,
                221.303466796875
            ],
            "bounding_box": {
                "top_left": [
                    276.268798828125,
                    187.807373046875
                ],
                "bottom_right": [
                    335.0552062988281,
                    255.2047119140625
                ]
            },
            "cuboid": [
                [ 2.259328, 1.389571, 180.0831 ],
                [ -5.437649, -6.745794, 184.2154 ],
                [ -5.457029, -7.945937, 181.8165 ],
                [ 2.239947, 0.1894294, 177.6842 ],
                [ 1.074698, 2.287137, 179.6436 ],
                [ -6.622272, -5.848236, 183.7759 ],
                [ -6.641653, -7.04839, 181.3771 ],
                [ 1.055314, 1.086983, 177.2447 ]
            ],
            "projected_cuboid": [
                [ 334.9832, 249.2152 ],
                [ 284.7481, 196.2675 ],
                [ 284.1557, 187.8074 ],
                [ 335.0552, 241.2732 ],
                [ 327.1445, 255.2047 ],
                [ 276.9656, 201.9956 ],
                [ 276.2688, 193.5907 ],
                [ 327.1106, 247.324 ]
            ]
        },
        {
            "class": "knife",
            "visibility": 0.005962233059108257,
            "location": [
                31.977169036865236,
                5.488192558288574,
                177.4901123046875
            ],
            "quaternion_xyzw": [
                -0.2352810949087143,
                0.011147101409733296,
                0.045618005096912387,
                0.970792293548584
            ],
            "pose_transform_permuted": [
                [ 0.9955895, -0.09381662, 0.0001769327, 0 ],
                [ 0.08332581, 0.8851236, 0.4578351, 0 ],
                [ -0.04310915, -0.4558011, 0.8890371, 0 ],
                [ 31.97717, 5.488193, 177.4901, 1 ]
            ],
            "cuboid_centroid": [
                31.977169036865236,
                5.488192558288574,
                177.4901123046875
            ],
            "projected_cuboid_centroid": [
                535.160888671875,
                276.927734375
            ],
            "bounding_box": {
                "top_left": [
                    479.3326110839844,
                    264.6534423828125
                ],
                "bottom_right": [
                    591.2686767578125,
                    289.26953125
                ]
            },
            "cuboid": [
                [ 23.70937, 5.569005, 177.0002 ],
                [ 40.04396, 6.936122, 176.2929 ],
                [ 40.24482, 5.041136, 177.2688 ],
                [ 23.91022, 3.674022, 177.9761 ],
                [ 23.70951, 5.935257, 177.7115 ],
                [ 40.04411, 7.30238, 177.0042 ],
                [ 40.24495, 5.407394, 177.98 ],
                [ 23.91036, 4.040276, 178.6873 ]
            ],
            "projected_cuboid": [
                [ 479.9719, 277.5752 ],
                [ 591.2687, 286.9872 ],
                [ 591.1285, 273.962 ],
                [ 480.4425, 264.6534 ],
                [ 479.3326, 279.8861 ],
                [ 590.1797, 289.2695 ],
                [ 590.046, 276.2839 ],
                [ 479.8049, 267.0032 ]
            ]
        }
    ]
}