{
    "camera_data": {
        "location_worldframe": [
            64.54188537597656,
            134.7064208984375,
            42.00953674316406
        ],
        "quaternion_xyzw_worldframe": [
            -0.20592845976352693,
            0.7433054447174072,
            -0.578956663608551,
            -0.26438552141189577
        ]
    },
    "objects": [
        {
            "class": "small_spoon",
            "visibility": 1.0,
            "location": [
                2.8033783435821535,
                -0.4036101698875427,
                137.82403564453126
            ],
            "quaternion_xyzw": [
                -0.8499340415000916,
                0.5123178362846375,
                -0.06401377171278,
                -0.10509397834539414
            ],
            "pose_transform_permuted": [
                [ 0.4668654, -0.8843277, 0.001131929, 0 ],
                [ -0.8574178, -0.4529712, -0.2442367, 0 ],
                [ 0.216498, 0.1130551, -0.9697148, 0 ],
                [ 2.803378, -0.4036102, 137.824, 1 ]
            ],
            "cuboid_centroid": [
                2.8033783435821535,
                -0.4036101698875427,
                137.82403564453126
            ],
            "projected_cuboid_centroid": [
                344.29150390625,
                236.502685546875
            ],
            "bounding_box": {
                "top_left": [
                    309.73480224609377,
                    185.5267333984375
                ],
                "bottom_right": [
                    378.55712890625,
                    287.993408203125
                ]
            },
            "cuboid": [
                [ -1.170154, 4.295857, 137.4349 ],
                [ 4.403049, -5.939586, 140.0194 ],
                [ 6.775153, -4.724529, 139.7161 ],
                [ 1.201949, 5.51089, 137.1317 ],
                [ -1.1684, 3.917321, 135.932 ],
                [ 4.404808, -6.318111, 138.5164 ],
                [ 6.776909, -5.103068, 138.2132 ],
                [ 1.203704, 5.132358, 135.6287 ]
            ],
            "projected_cuboid": [
                [ 309.8318, 277.3293 ],
                [ 357.5546, 189.34 ],
                [ 377.9122, 199.616 ],
                [ 330.4676, 287.9934 ],
                [ 309.7348, 274.4164 ],
                [ 357.9772, 185.5267 ],
                [ 378.5571, 195.906 ],
                [ 330.599, 285.1921 ]
            ]
        },
        {
            "class": "mug",
            "visibility": 0.0,
            "location": [
                64.46983337402344,
                -51.51603317260742,
                147.6635284423828
            ],
            "quaternion_xyzw": [
                -0.20236533880233766,
                0.7452695965766907,
                0.5798757076263428,
                -0.25954920053482058
            ],
            "pose_transform_permuted": [
                [ -0.7833652, -0.0006209314, -0.6215618, 0 ],
                [ -0.602646, 0.2455848, 0.75928, 0 ],
                [ 0.1521748, 0.969375, -0.192757, 0 ],
                [ 64.46983, -51.51603, 147.6635, 1 ]
            ],
            "cuboid_centroid": [
                64.46983337402344,
                -51.51603317260742,
                147.6635284423828
            ],
            "projected_cuboid_centroid": [
                841.4117431640625,
                -176.6455078125
            ],
            "bounding_box": {
                "top_left": [
                    774.7549438476563,
                    -242.268798828125
                ],
                "bottom_right": [
                    911.5020751953125,
                    -112.7939453125
                ]
            },
            "cuboid": [
                [ 71.2952, -50.29231, 151.2263 ],
                [ 62.6123, -56.97207, 152.9131 ],
                [ 62.61696, -58.81397, 145.6428 ],
                [ 71.29985, -52.1342, 143.956 ],
                [ 66.32269, -44.21807, 149.6843 ],
                [ 57.63982, -50.89784, 151.371 ],
                [ 57.64446, -52.73972, 144.1007 ],
                [ 66.32735, -46.05996, 142.414 ]
            ],
            "projected_cuboid": [
                [ 883.0284, -157.1656 ],
                [ 809.0042, -204.9539 ],
                [ 833.4529, -242.2688 ],
                [ 911.5021, -192.5043 ],
                [ 849.1558, -112.7939 ],
                [ 774.7549, -161.5635 ],
                [ 797.7372, -197.0884 ],
                [ 876.2085, -146.25 ]
            ]
        },
        {
            "class": "small_spoon",
            "visibility": 0.0,
            "location": [
                -13.166121482849121,
                -46.00708770751953,
                149.33956909179688
            ],
            "quaternion_xyzw": [
                -0.978593111038208,
                -0.16217513382434846,
                0.019452843815088273,
                -0.12520505487918855
            ],
            "pose_transform_permuted": [
                [ 0.9466416, 0.3222781, 0.002537455, 0 ],
                [ 0.3125358, -0.9160457, -0.2513591, 0 ],
                [ -0.07868314, 0.2387401, -0.9678905, 0 ],
                [ -13.16612, -46.00709, 149.3396, 1 ]
            ],
            "cuboid_centroid": [
                -13.166121482849121,
                -46.00708770751953,
                149.33956909179688
            ],
            "projected_cuboid_centroid": [
                214.71160888671876,
                -127.9149169921875
            ],
            "bounding_box": {
                "top_left": [
                    165.46450805664063,
                    -154.1103515625
                ],
                "bottom_right": [
                    263.5641174316406,
                    -101.7054443359375
                ]
            },
            "cuboid": [
                [ -18.38612, -48.90634, 150.8794 ],
                [ -7.085588, -45.17544, 149.9402 ],
                [ -7.950056, -42.71825, 149.2998 ],
                [ -19.25059, -46.44915, 150.2391 ],
                [ -18.38219, -49.29591, 149.3793 ],
                [ -7.081649, -45.56499, 148.44 ],
                [ -7.946126, -43.10784, 147.7997 ],
                [ -19.24666, -46.83872, 148.7389 ]
            ],
            "projected_cuboid": [
                [ 174.4683, -147.1084 ],
                [ 263.5641, -119.8173 ],
                [ 256.4071, -101.7054 ],
                [ 166.9763, -129.2262 ],
                [ 173.0383, -154.1104 ],
                [ 263.0255, -126.5876 ],
                [ 255.7934, -108.3215 ],
                [ 165.4645, -136.078 ]
            ]
        },
        {
            "class": "big_plates",
            "visibility": 0.0,
            "location": [
                -16.105600357055665,
                -42.18836212158203,
                147.37889099121095
            ],
            "quaternion_xyzw": [
                0.37374261021614077,
                0.5501264333724976,
                -0.6576775908470154,
                -0.3537479639053345
            ],
            "pose_transform_permuted": [
                [ -0.4703578, -0.05409285, -0.8808165, 0 ],
                [ 0.8765156, -0.1444467, -0.4591903, 0 ],
                [ -0.102392, -0.9880331, 0.1153547, 0 ],
                [ -16.1056, -42.18836, 147.3789, 1 ]
            ],
            "cuboid_centroid": [
                -16.105600357055665,
                -42.18836212158203,
                147.37889099121095
            ],
            "projected_cuboid_centroid": [
                189.49139404296876,
                -101.865234375
            ],
            "bounding_box": {
                "top_left": [
                    92.43135070800781,
                    -193.944580078125
                ],
                "bottom_right": [
                    285.74090576171877,
                    -8.308837890625
                ]
            },