{
    "camera_data": {
        "location_worldframe": [
            29.432880401611329,
            114.10408020019531,
            12.966507911682129
        ],
        "quaternion_xyzw_worldframe": [
            -0.26459214091300967,
            0.7317009568214417,
            -0.4851119816303253,
            -0.3990878760814667
        ]
    },
    "objects": [
        {
            "class": "bowl",
            "visibility": 1.0,
            "location": [
                -2.797184467315674,
                0.3180864155292511,
                116.53044128417969
            ],
            "quaternion_xyzw": [
                0.6678744554519653,
                0.717108428478241,
                -0.1469600647687912,
                0.13454380631446839
            ],
            "pose_transform_permuted": [
                [ -0.07168351, 0.9974219, -0.003336743, 0 ],
                [ 0.9183317, 0.06469293, -0.3904893, 0 ],
                [ -0.3892667, -0.03105587, -0.9206015, 0 ],
                [ -2.797184, 0.3180864, 116.5304, 1 ]
            ],
            "cuboid_centroid": [
                -2.797184467315674,
                0.3180864155292511,
                116.53044128417969
            ],
            "projected_cuboid_centroid": [
                291.33319091796877,
                243.2598876953125
            ],
            "bounding_box": {
                "top_left": [
                    260.67498779296877,
                    155.691650390625
                ],
                "bottom_right": [
                    317.9983215332031,
                    326.072021484375
                ]
            },
            "cuboid": [
                [ -0.2089216, -2.842948, 124.6479 ],
                [ -1.104715, 8.632985, 119.7834 ],
                [ -5.343758, 8.358037, 119.9154 ],
                [ -4.447966, -3.117893, 124.7798 ],
                [ -0.2506106, -7.721865, 113.1455 ],
                [ -1.146404, 3.754063, 108.281 ],
                [ -5.385447, 3.479122, 108.413 ],
                [ -4.489656, -7.996808, 113.2775 ]
            ],
            "projected_cuboid": [
                [ 317.9983, 212.7616 ],
                [ 308.9858, 326.072 ],
                [ 266.7807, 323.239 ],
                [ 277.4289, 210.1589 ],
                [ 317.3548, 158.4954 ],
                [ 307.356, 281.4044 ],
                [ 260.675, 278.3253 ],
                [ 272.6667, 155.6917 ]
            ]
        },
        {
            "class": "big_spoon",
            "visibility": 0.0,
            "location": [
                35.29996871948242,
                -2.8351995944976808,
                123.59027862548828
            ],
            "quaternion_xyzw": [
                -0.014829919673502446,
                0.19730406999588014,
                0.9775463342666626,
                0.07248757779598236
            ],
            "pose_transform_permuted": [
                [ -0.9890515, -0.147572, -0.0003896784, 0 ],
                [ 0.1358679, -0.9116336, 0.3878977, 0 ],
                [ -0.05759805, 0.3835978, 0.9217023, 0 ],
                [ 35.29997, -2.8352, 123.5903, 1 ]
            ],
            "cuboid_centroid": [
                35.29996871948242,
                -2.8351995944976808,
                123.59027862548828
            ],
            "projected_cuboid_centroid": [
                661.1046142578125,
                212.6033935546875
            ],
            "bounding_box": {
                "top_left": [
                    585.0322265625,
                    184.489501953125
                ],
                "bottom_right": [
                    738.551025390625,
                    240.799072265625
                ]
            },
            "cuboid": [
                [ 42.43221, -5.752995, 123.7703 ],
                [ 27.67368, -3.725575, 122.9108 ],
                [ 28.1685, -0.6689046, 121.6246 ],
                [ 42.927, -2.696307, 122.4841 ],
                [ 42.43144, -5.0015, 125.5559 ],
                [ 27.67294, -2.97409, 124.6965 ],
                [ 28.16774, 0.08257304, 123.4103 ],
                [ 42.92625, -1.944828, 124.2697 ]
            ],
            "projected_cuboid": [
                [ 729.4274, 184.4895 ],
                [ 588.8899, 203.8007 ],
                [ 596.5921, 233.4319 ],
                [ 738.551, 213.7102 ],
                [ 723.5972, 192.427 ],
                [ 585.0322, 211.5162 ],
                [ 592.5826, 240.7991 ],
                [ 732.5296, 221.3098 ]
            ]
        },
        {
            "class": "teacup",
            "visibility": 0.0,
            "location": [
                43.51192092895508,
                17.744394302368165,
                111.30029296875
            ],
            "quaternion_xyzw": [
                -0.013136237859725953,
                0.645436704158783,
                -0.2882956862449646,
                -0.7071948051452637
            ],
            "pose_transform_permuted": [
                [ 0.0005941093, -0.4247197, -0.9053247, 0 ],
                [ 0.3908052, 0.8334261, -0.390733, 0 ],
                [ 0.9204732, -0.3535735, 0.1664778, 0 ],
                [ 43.51192, 17.74439, 111.3003, 1 ]
            ],
            "cuboid_centroid": [
                43.51192092895508,
                17.744394302368165,
                111.30029296875
            ],
            "projected_cuboid_centroid": [
                786.884521484375,
                430.39801025390627
            ],
            "bounding_box": {
                "top_left": [
                    731.4032592773438,
                    379.5732421875
                ],
                "bottom_right": [
                    846.0355224609375,
                    478.981201171875
                ]
            },
            "cuboid": [
                [ 45.29195, 19.43145, 105.9363 ],
                [ 45.29705, 22.77439, 113.8101 ],
                [ 47.4602, 18.52964, 115.6109 ],
                [ 47.45511, 15.1867, 107.7371 ],
                [ 39.56364, 16.95915, 106.9897 ],
                [ 39.56871, 20.30208, 114.8634 ],
                [ 41.73188, 16.05733, 116.6642 ],
                [ 41.72679, 12.71439, 108.7905 ]
            ],
            "projected_cuboid": [
                [ 830.5915, 459.0573 ],
                [ 795.3207, 478.9812 ],
                [ 810.2622, 431.4105 ],
                [ 846.0355, 408.3431 ],
                [ 761.623, 429.3039 ],
                [ 731.4033, 451.0845 ],
                [ 747.1966, 404.374 ],
                [ 778.0591, 379.5732 ]
            ]
        },
        {
            "class": "big_fork",
            "visibility": 0.0,
            "location": [
                29.359638214111329,
                6.16927433013916,
                119.55406951904297
            ],
            "quaternion_xyzw": [
                0.7051906585693359,
                0.22794188559055329,
                0.6694682836532593,
                0.050604380667209628
            ],
            "pose_transform_permuted": [
                [ -0.0002905428, 0.2537289, 0.9672753, 0 ],
                [ 0.389241, -0.8909633, 0.2338282, 0 ],
                [ 0.9211358, 0.3765712, -0.09850273, 0 ],
                [ 29.35964, 6.169274, 119.5541, 1 ]
            ],
            "cuboid_centroid": [
                29.359638214111329,
                6.16927433013916,
                119.55406951904297
            ],
            "projected_cuboid_centroid": [
                613.2809448242188,
                301.62646484375
            ],
            "bounding_box": {
                "top_left": [
                    592.3110961914063,
                    229.849609375
                ],
                "bottom_right": [
                    633.6831665039063,
                    375.5498046875
                ]
            },