{
    "camera_data": {
        "location_worldframe": [
            -60.83236312866211,
            160.5743865966797,
            -21.333690643310548
        ],
        "quaternion_xyzw_worldframe": [
            0.4940551519393921,
            0.4627309739589691,
            -0.354358434677124,
            0.645150899887085
        ]
    },
    "objects": [
        {
            "class": "small_plates",
            "visibility": 1.0,
            "location": [
                0.7564830780029297,
                1.8883237838745118,
                164.63446044921876
            ],
            "quaternion_xyzw": [
                -0.13232210278511048,
                0.7753756642341614,
                0.5927837491035461,
                -0.17288973927497865
            ],
            "pose_transform_permuted": [
                [ -0.9052, -0.0002262145, -0.4249858, 0 ],
                [ -0.4101712, 0.2621966, 0.8735059, 0 ],
                [ 0.1112322, 0.9650145, -0.2374332, 0 ],
                [ 0.7564831, 1.888324, 164.6345, 1 ]
            ],
            "cuboid_centroid": [
                0.7564830780029297,
                1.8883237838745118,
                164.63446044921876
            ],
            "projected_cuboid_centroid": [
                325.4875183105469,
                253.6978759765625
            ],
            "bounding_box": {
                "top_left": [
                    274.46112060546877,
                    203.6610107421875
                ],
                "bottom_right": [
                    376.1534118652344,
                    304.416748046875
                ]
            },
            "cuboid": [
                [ 7.7382, -0.3485906, 166.0122 ],
                [ -1.76475, -4.654641, 167.1799 ],
                [ -1.764414, -5.043433, 165.749 ],
                [ 7.738538, -0.7373853, 164.5812 ],
                [ 3.277382, 8.820071, 163.52 ],
                [ -6.225574, 4.514031, 164.6877 ],
                [ -6.225239, 4.125228, 163.2568 ],
                [ 3.277716, 8.431278, 162.089 ]
            ],
            "projected_cuboid": [
                [ 375.667, 237.4923 ],
                [ 307.3934, 206.7494 ],
                [ 307.287, 203.661 ],
                [ 376.1534, 234.6493 ],
                [ 343.9361, 304.4167 ],
                [ 274.8544, 272.7341 ],
                [ 274.4611, 270.1769 ],
                [ 344.1499, 302.1208 ]
            ]
        }
    ]
}