{
    "camera_data": {
        "location_worldframe": [
            40.699493408203128,
            211.14950561523438,
            -41.311580657958987
        ],
        "quaternion_xyzw_worldframe": [
            0.47944003343582156,
            -0.5174622535705566,
            0.46031317114830019,
            0.5389637351036072
        ]
    },
    "objects": [
        {
            "class": "big_spoon",
            "visibility": 1.0,
            "location": [
                -0.48282667994499209,
                -1.58202064037323,
                210.6925506591797
            ],
            "quaternion_xyzw": [
                0.6229856014251709,
                -0.3644908666610718,
                0.411953330039978,
                -0.5561742782592773
            ],
            "pose_transform_permuted": [
                [ 0.3948817, 0.004090548, 0.9187229, 0 ],
                [ -0.9123808, -0.1156332, 0.3926707, 0 ],
                [ 0.1078411, -0.9932836, -0.0419293, 0 ],
                [ -0.4828267, -1.582021, 210.6926, 1 ]
            ],
            "cuboid_centroid": [
                -0.48282667994499209,
                -1.58202064037323,
                210.6925506591797
            ],
            "projected_cuboid_centroid": [
                317.2632141113281,
                231.03271484375
            ],
            "bounding_box": {
                "top_left": [
                    295.27288818359377,
                    188.994384765625
                ],
                "bottom_right": [
                    339.12799072265627,
                    272.7451171875
                ]
            },
            "cuboid": [
                [ -4.3121, 4.650987, 208.2634 ],
                [ 1.580277, -8.963467, 209.8726 ],
                [ 1.566563, -8.575763, 213.203 ],
                [ -4.325818, 5.038686, 211.5938 ],
                [ -2.532222, 5.411714, 208.1821 ],
                [ 3.360157, -8.202734, 209.7913 ],
                [ 3.346438, -7.815013, 213.1217 ],
                [ -2.545941, 5.79943, 211.5126 ]
            ],
            "projected_cuboid": [
                [ 295.2729, 266.6704 ],
                [ 328.9924, 188.9944 ],
                [ 328.7751, 191.9629 ],
                [ 295.5847, 268.4388 ],
                [ 305.4737, 271.0448 ],
                [ 339.128, 193.3052 ],
                [ 338.7522, 196.2075 ],
                [ 305.6249, 272.7451 ]
            ]
        },
        {
            "class": "small_fork",
            "visibility": 0.0,
            "location": [
                59.100711822509769,
                -7.724764347076416,
                212.14956665039063
            ],
            "quaternion_xyzw": [
                0.6829566955566406,
                0.10280845314264298,
                -0.699505627155304,
                0.1835547536611557
            ],
            "pose_transform_permuted": [
                [ 0.0002446063, 0.3972226, -0.9177222, 0 ],
                [ -0.1163677, -0.911476, -0.3945501, 0 ],
                [ -0.9932061, 0.1068897, 0.04600113, 0 ],
                [ 59.10071, -7.724764, 212.1496, 1 ]
            ],
            "cuboid_centroid": [
                59.100711822509769,
                -7.724764347076416,
                212.14956665039063
            ],
            "projected_cuboid_centroid": [
                652.6964111328125,
                196.514892578125
            ],
            "bounding_box": {
                "top_left": [
                    636.4219970703125,
                    164.3096923828125
                ],
                "bottom_right": [
                    669.02099609375,
                    228.6343994140625
                ]
            },
            "cuboid": [
                [ 61.90449, -12.82026, 213.6982 ],
                [ 61.90495, -13.04008, 211.8221 ],
                [ 57.19891, -2.241479, 210.5558 ],
                [ 57.19846, -2.021692, 212.4318 ],
                [ 61.00251, -13.20806, 213.7434 ],
                [ 61.00295, -13.42786, 211.8673 ],
                [ 56.29692, -2.629266, 210.601 ],
                [ 56.29646, -2.409466, 212.477 ]
            ],
            "projected_cuboid": [
                [ 665.9545, 168.3538 ],
                [ 669.021, 166.4799 ],
                [ 644.4279, 227.2865 ],
                [ 641.5602, 228.6344 ],
                [ 660.8416, 166.2021 ],
                [ 663.8622, 164.3097 ],
                [ 639.2433, 225.0902 ],
                [ 636.422, 226.4573 ]
            ]
        }
    ]
}