{
    "camera_data": {
        "location_worldframe": [
            -39.07098388671875,
            126.89534759521485,
            -63.72138977050781
        ],
        "quaternion_xyzw_worldframe": [
            0.5997365713119507,
            0.005283094011247158,
            -0.0039597381837666039,
            0.8001703023910523
        ]
    },
    "objects": [
        {
            "class": "water_glass",
            "visibility": 1.0,
            "location": [
                1.440751314163208,
                1.8917841911315919,
                129.1546173095703
            ],
            "quaternion_xyzw": [
                -0.06765026599168778,
                0.12436313182115555,
                0.8710089921951294,
                0.4704259932041168
            ],
            "pose_transform_permuted": [
                [ -0.5482457, -0.8363169, -0.0008406788, 0 ],
                [ 0.8026642, -0.5264665, 0.2802917, 0 ],
                [ -0.2348553, 0.1529939, 0.9599145, 0 ],
                [ 1.440751, 1.891784, 129.1546, 1 ]
            ],
            "cuboid_centroid": [
                1.440751314163208,
                1.8917841911315919,
                129.1546173095703
            ],
            "projected_cuboid_centroid": [
                333.32220458984377,
                257.4927978515625
            ],
            "bounding_box": {
                "top_left": [
                    303.61578369140627,
                    225.178955078125
                ],
                "bottom_right": [
                    363.42144775390627,
                    289.276611328125
                ]
            },
            "cuboid": [
                [ 0.4476553, -1.589592, 128.0868 ],
                [ -1.744363, 1.619656, 127.1478 ],
                [ 2.43722, 4.251997, 126.3828 ],
                [ 4.629237, 1.042745, 127.3218 ],
                [ 0.444286, -0.4684207, 131.9264 ],
                [ -1.74773, 2.740824, 130.9874 ],
                [ 2.433856, 5.373153, 130.2225 ],
                [ 4.625869, 2.16392, 131.1615 ]
            ],
            "projected_cuboid": [
                [ 324.1739, 225.179 ],
                [ 303.6158, 255.2129 ],
                [ 343.0305, 280.1793 ],
                [ 363.4214, 249.7808 ],
                [ 324.0219, 235.7596 ],
                [ 304.0654, 264.989 ],
                [ 342.3206, 289.2766 ],
                [ 362.1196, 259.703 ]
            ]
        },
        {
            "class": "teacup",
            "visibility": 0.0,
            "location": [
                39.39652633666992,
                2.801788091659546,
                126.51496887207031
            ],
            "quaternion_xyzw": [
                -0.5387578010559082,
                0.2883983254432678,
                -0.6456196308135986,
                -0.45797550678253176
            ],
            "pose_transform_permuted": [
                [ 3.412366E-06, -0.9021097, 0.4315065, 0 ],
                [ 0.2806023, -0.4141693, -0.865867, 0 ],
                [ 0.959824, 0.1210845, 0.2531329, 0 ],
                [ 39.39653, 2.801788, 126.515, 1 ]
            ],
            "cuboid_centroid": [
                39.39652633666992,
                2.801788091659546,
                126.51496887207031
            ],
            "projected_cuboid_centroid": [
                691.88916015625,
                266.4478759765625
            ],
            "bounding_box": {
                "top_left": [
                    647.952392578125,
                    218.8026123046875
                ],
                "bottom_right": [
                    738.4088745117188,
                    311.888671875
                ]
            },
            "cuboid": [
                [ 35.73407, 3.286255, 121.9173 ],
                [ 35.7341, 5.686533, 130.1276 ],
                [ 40.32868, 7.795956, 129.511 ],
                [ 40.32864, 5.395684, 121.3006 ],
                [ 38.46437, -2.192392, 123.519 ],
                [ 38.4644, 0.2078805, 131.7293 ],
                [ 43.05897, 2.3173, 131.1126 ],
                [ 43.05894, -0.08296187, 122.9023 ]
            ],
            "projected_cuboid": [
                [ 670.0375, 272.1909 ],
                [ 647.9524, 292.1886 ],
                [ 691.8818, 311.8887 ],
                [ 717.0526, 293.1228 ],
                [ 691.8969, 218.8026 ],
                [ 668.7177, 241.8846 ],
                [ 712.2083, 261.1074 ],
                [ 738.4089, 239.1938 ]
            ]
        },
        {
            "class": "packet_cup",
            "visibility": 1.0,
            "location": [
                10.87789249420166,
                -8.721109390258789,
                131.73504638671876
            ],
            "quaternion_xyzw": [
                -0.17622768878936768,
                0.7648628950119019,
                0.5732855200767517,
                -0.2351006418466568
            ],
            "pose_transform_permuted": [
                [ -0.827343, -2.044439E-05, -0.5616971, 0 ],
                [ -0.5391396, 0.280575, 0.7941071, 0 ],
                [ 0.157582, 0.9598321, -0.2321429, 0 ],
                [ 10.87789, -8.721109, 131.735, 1 ]
            ],
            "cuboid_centroid": [
                10.87789249420166,
                -8.721109390258789,
                131.73504638671876
            ],
            "projected_cuboid_centroid": [
                418.6145324707031,
                160.93798828125
            ],
            "bounding_box": {
                "top_left": [
                    386.72247314453127,
                    119.630859375
                ],
                "bottom_right": [
                    451.42144775390627,
                    201.430908203125
                ]
            },
            "cuboid": [
                [ 14.29163, -9.855549, 134.6714 ],
                [ 11.39593, -11.74254, 135.2229 ],
                [ 11.39603, -13.14541, 130.4237 ],
                [ 14.29173, -11.25843, 129.8722 ],
                [ 10.35975, -4.296795, 133.0463 ],
                [ 7.464046, -6.183794, 133.5979 ],
                [ 7.464149, -7.586678, 128.7987 ],
                [ 10.35985, -5.699674, 128.2472 ]
            ],
            "projected_cuboid": [
                [ 446.7372, 152.6017 ],
                [ 420.6461, 136.2927 ],
                [ 424.3505, 119.6309 ],
                [ 451.4214, 136.4717 ],
                [ 412.9916, 201.4309 ],
                [ 386.7225, 184.7219 ],
                [ 389.2096, 169.6543 ],
                [ 416.4724, 186.9238 ]
            ]
        },
        {
            "class": "teacup",
            "visibility": 0.0,
            "location": [
                -2.8683109283447267,
                -55.43944549560547,
                144.70448303222657
            ],
            "quaternion_xyzw": [
                -0.10945546627044678,
                0.09152983129024506,
                0.6440781950950623,
                0.7515351176261902
            ],
            "pose_transform_permuted": [
                [ 0.1535711, -0.9881316, -0.003419995, 0 ],
                [ 0.9480579, 0.1463655, 0.282424, 0 ],
                [ -0.2785715, -0.04661451, 0.9592836, 0 ],
                [ -2.868311, -55.43945, 144.7045, 1 ]
            ],
            "cuboid_centroid": [
                -2.8683109283447267,
                -55.43944549560547,
                144.70448303222657
            ],
            "projected_cuboid_centroid": [
                296.32763671875,
                -217.545654296875
            ],
            "bounding_box": {
                "top_left": [
                    269.54437255859377,
                    -267.5096435546875
                ],
                "bottom_right": [
                    322.6814270019531,
                    -168.758544921875
                ]
            },