{
    "camera_data": {
        "location_worldframe": [
            23.327836990356447,
            148.83056640625,
            -66.92070007324219
        ],
        "quaternion_xyzw_worldframe": [
            0.45673322677612307,
            -0.41552749276161196,
            0.255054771900177,
            0.7440959215164185
        ]
    },
    "objects": [
        {
            "class": "wine_glass",
            "visibility": 1.0,
            "location": [
                3.5337207317352297,
                0.05621851608157158,
                162.0026397705078
            ],
            "quaternion_xyzw": [
                -0.03942331671714783,
                0.9717370271682739,
                -0.23256422579288484,
                -0.009316992945969105
            ],
            "pose_transform_permuted": [
                [ -0.996718, -0.08095179, 0.0002295729, 0 ],
                [ -0.07228459, 0.8887194, -0.4527172, 0 ],
                [ 0.03644424, -0.4512479, -0.8916541, 0 ],
                [ 3.533721, 0.05621852, 162.0026, 1 ]
            ],
            "cuboid_centroid": [
                3.5337207317352297,
                0.05621851608157158,
                162.0026397705078
            ],
            "projected_cuboid_centroid": [
                346.04998779296877,
                240.4144287109375
            ],
            "bounding_box": {
                "top_left": [
                    312.0226745605469,
                    174.390625
                ],
                "bottom_right": [
                    379.815185546875,
                    306.5340576171875
                ]
            },
            "cuboid": [
                [ 6.848892, 9.018893, 161.8851 ],
                [ -1.038014, 8.446909, 162.1734 ],
                [ 0.2167369, -5.328242, 169.1678 ],
                [ 8.103642, -4.756248, 168.8794 ],
                [ 6.850708, 5.44066, 154.8375 ],
                [ -1.036202, 4.868683, 155.1259 ],
                [ 0.2185513, -8.906469, 162.1202 ],
                [ 8.105464, -8.3345, 161.8318 ]
            ],
            "projected_cuboid": [
                [ 370.5255, 306.5341 ],
                [ 312.356, 302.2036 ],
                [ 321.5301, 202.3848 ],
                [ 377.3062, 206.3655 ],
                [ 372.8393, 281.9636 ],
                [ 312.0227, 277.4822 ],
                [ 321.61, 174.3906 ],
                [ 379.8152, 178.4946 ]
            ]
        }
    ]
}