{
    "camera_data": {
        "location_worldframe": [
            -13.783049583435059,
            155.34451293945313,
            -27.90369987487793
        ],
        "quaternion_xyzw_worldframe": [
            0.513888418674469,
            0.2556179463863373,
            -0.16371670365333558,
            0.8023560047149658
        ]
    },
    "objects": [
        {
            "class": "small_spoon",
            "visibility": 1.0,
            "location": [
                -2.3627407550811769,
                0.4861738979816437,
                169.50234985351563
            ],
            "quaternion_xyzw": [
                0.4653726816177368,
                -0.8589916825294495,
                0.18714788556098939,
                0.10265152901411057
            ],
            "pose_transform_permuted": [
                [ -0.5457821, -0.8379246, -0.002166599, 0 ],
                [ -0.7610805, 0.4968079, -0.4170594, 0 ],
                [ 0.3505406, -0.2259745, -0.9088769, 0 ],
                [ -2.362741, 0.4861739, 169.5023, 1 ]
            ],
            "cuboid_centroid": [
                -2.3627407550811769,
                0.4861738979816437,
                169.50234985351563
            ],
            "projected_cuboid_centroid": [
                303.3529357910156,
                243.4254150390625
            ],
            "bounding_box": {
                "top_left": [
                    272.773193359375,
                    204.798583984375
                ],
                "bottom_right": [
                    334.42352294921877,
                    282.830810546875
                ]
            },
            "cuboid": [
                [ -0.2272364, 6.018386, 167.8113 ],
                [ -6.742508, -3.067021, 171.9959 ],
                [ -4.494878, -4.399635, 172.6021 ],
                [ 2.020394, 4.685759, 168.4175 ],
                [ -0.2305964, 5.371981, 166.4027 ],
                [ -6.745866, -3.713397, 170.5873 ],
                [ -4.498234, -5.04603, 171.1934 ],
                [ 2.017034, 4.03936, 167.0088 ]
            ],
            "projected_cuboid": [
                [ 318.3828, 282.8308 ],
                [ 273.1833, 218.7041 ],
                [ 288.8994, 209.5583 ],
                [ 334.3267, 273.2269 ],
                [ 318.345, 278.5542 ],
                [ 272.7732, 214.0031 ],
                [ 288.62, 204.7986 ],
                [ 334.4235, 268.8849 ]
            ]
        },
        {
            "class": "small_fork",
            "visibility": 1.0,
            "location": [
                -34.644622802734378,
                12.270029067993164,
                164.39059448242188
            ],
            "quaternion_xyzw": [
                -0.1158393993973732,
                0.18232619762420655,
                0.8259000182151794,
                0.5207951664924622
            ],
            "pose_transform_permuted": [
                [ -0.4307074, -0.9024906, -0.001434326, 0 ],
                [ 0.8180084, -0.3910592, 0.4218236, 0 ],
                [ -0.3812527, 0.1805092, 0.9066768, 0 ],
                [ -34.64462, 12.27003, 164.3906, 1 ]
            ],
            "cuboid_centroid": [
                -34.644622802734378,
                12.270029067993164,
                164.39059448242188
            ],
            "projected_cuboid_centroid": [
                68.31554412841797,
                329.138671875
            ],
            "bounding_box": {
                "top_left": [
                    26.997699737548829,
                    304.8035888671875
                ],
                "bottom_right": [
                    109.76619720458985,
                    353.7667236328125
                ]
            },
            "cuboid": [
                [ -39.5832, 8.973662, 165.3744 ],
                [ -40.39675, 10.51878, 164.6542 ],
                [ -29.70462, 15.15179, 162.5157 ],
                [ -28.89108, 13.60669, 163.2358 ],
                [ -39.58462, 9.388256, 166.2655 ],
                [ -40.39817, 10.93337, 165.5454 ],
                [ -29.70603, 15.56639, 163.4068 ],
                [ -28.89249, 14.02128, 164.127 ]
            ],
            "projected_cuboid": [
                [ 34.14865, 304.8036 ],
                [ 26.9977, 316.2939 ],
                [ 101.7138, 351.3439 ],
                [ 108.6288, 339.5485 ],
                [ 35.67059, 307.4342 ],
                [ 28.56474, 318.8741 ],
                [ 102.8939, 353.7667 ],
                [ 109.7662, 342.0247 ]
            ]
        }
    ]
}