{
    "camera_data": {
        "location_worldframe": [
            41.47511291503906,
            170.7517547607422,
            -60.9295768737793
        ],
        "quaternion_xyzw_worldframe": [
            0.4316574037075043,
            -0.5145153403282166,
            0.3364497125148773,
            0.660111665725708
        ]
    },
    "objects": [
        {
            "class": "small_plates",
            "visibility": 1.0,
            "location": [
                3.1548118591308595,
                -1.9829065799713135,
                185.9948272705078
            ],
            "quaternion_xyzw": [
                -0.004834949038922787,
                0.8368765115737915,
                0.5473375916481018,
                -0.00598443578928709
            ],
            "pose_transform_permuted": [
                [ -0.9998815, -0.001541497, -0.01530917, 0 ],
                [ -0.01464352, 0.4007964, 0.9160501, 0 ],
                [ 0.004723769, 0.9161658, -0.4007714, 0 ],
                [ 3.154812, -1.982907, 185.9948, 1 ]
            ],
            "cuboid_centroid": [
                3.1548118591308595,
                -1.9829065799713135,
                185.9948272705078
            ],
            "projected_cuboid_centroid": [
                340.25677490234377,
                227.2679443359375
            ],
            "bounding_box": {
                "top_left": [
                    305.8382873535156,
                    194.3526611328125
                ],
                "bottom_right": [
                    374.26727294921877,
                    260.699951171875
                ]
            },
            "cuboid": [
                [ 8.482491, -6.41651, 188.7526 ],
                [ -2.014449, -6.570229, 188.8022 ],
                [ -2.012169, -7.164547, 187.4437 ],
                [ 8.484768, -7.010813, 187.3941 ],
                [ 8.321794, 3.19872, 184.546 ],
                [ -2.175143, 3.044992, 184.5956 ],
                [ -2.17286, 2.450679, 183.237 ],
                [ 8.32408, 2.604415, 183.1875 ]
            ],
            "projected_cuboid": [
                [ 373.6696, 199.4021 ],
                [ 307.2577, 198.4404 ],
                [ 307.1799, 194.3527 ],
                [ 374.0732, 195.3203 ],
                [ 373.853, 260.7 ],
                [ 305.9277, 259.6998 ],
                [ 305.8383, 255.9724 ],
                [ 374.2673, 256.979 ]
            ]
        },
        {
            "class": "mug",
            "visibility": 0.0,
            "location": [
                50.754390716552737,
                14.651545524597168,
                175.17416381835938
            ],
            "quaternion_xyzw": [
                -0.1626889854669571,
                0.12442375719547272,
                0.5944806337356567,
                0.777588427066803
            ],
            "pose_transform_permuted": [
                [ 0.262223, -0.9650072, 7.005036E-05, 0 ],
                [ 0.8840378, 0.2402501, 0.4009452, 0 ],
                [ -0.3869318, -0.1050751, 0.9161021, 0 ],
                [ 50.75439, 14.65155, 175.1742, 1 ]
            ],
            "cuboid_centroid": [
                50.754390716552737,
                14.651545524597168,
                175.17416381835938
            ],
            "projected_cuboid_centroid": [
                666.0198974609375,
                339.887451171875
            ],
            "bounding_box": {
                "top_left": [
                    622.1048583984375,
                    289.7293701171875
                ],
                "bottom_right": [
                    712.7365112304688,
                    389.40478515625
                ]
            },
            "cuboid": [
                [ 45.68209, 9.049318, 173.2601 ],
                [ 48.58859, 18.84807, 168.9713 ],
                [ 55.82613, 17.0462, 169.7594 ],
                [ 52.91964, 7.247445, 174.0482 ],
                [ 45.68266, 12.25689, 180.5889 ],
                [ 48.58914, 22.05564, 176.3001 ],
                [ 55.82669, 20.25375, 177.0882 ],
                [ 52.92021, 10.45501, 181.377 ]
            ],
            "projected_cuboid": [
                [ 634.8798, 302.3756 ],
                [ 663.4146, 373.2145 ],
                [ 712.7365, 359.9199 ],
                [ 683.1156, 289.7294 ],
                [ 622.1049, 321.0563 ],
                [ 649.1426, 389.4048 ],
                [ 696.4868, 376.5883 ],
                [ 668.4471, 308.8398 ]
            ]
        },
        {
            "class": "packet_cup",
            "visibility": 1.0,
            "location": [
                13.514473915100098,
                11.890789031982422,
                178.83900451660157
            ],
            "quaternion_xyzw": [
                0.656944751739502,
                -0.023642070591449739,
                -0.7066818475723267,
                0.2616591155529022
            ],
            "pose_transform_permuted": [
                [ 8.361542E-05, 0.3387564, -0.9408742, 0 ],
                [ -0.4008826, -0.8619513, -0.3103763, 0 ],
                [ -0.9161295, 0.377206, 0.1357293, 0 ],
                [ 13.51447, 11.89079, 178.839, 1 ]
            ],
            "cuboid_centroid": [
                13.514473915100098,
                11.890789031982422,
                178.83900451660157
            ],
            "projected_cuboid_centroid": [
                410.2473449707031,
                319.4046630859375
            ],
            "bounding_box": {
                "top_left": [
                    382.20562744140627,
                    293.1307373046875
                ],
                "bottom_right": [
                    438.64739990234377,
                    345.624267578125
                ]
            },
            "cuboid": [
                [ 17.65427, 11.52377, 180.9102 ],
                [ 17.65457, 10.12069, 177.7038 ],
                [ 15.96079, 14.43045, 175.8177 ],
                [ 15.9605, 15.83353, 179.0242 ],
                [ 11.06816, 9.35115, 181.8603 ],
                [ 11.06845, 7.948052, 178.6539 ],
                [ 9.374671, 12.25782, 176.7678 ],
                [ 9.37438, 13.66089, 179.9743 ]
            ],
            "projected_cuboid": [
                [ 436.5425, 316.0728 ],
                [ 438.6474, 308.016 ],
                [ 428.4149, 338.02 ],
                [ 426.4713, 345.6243 ],
                [ 392.6834, 301.408 ],
                [ 393.9898, 293.1307 ],
                [ 383.3359, 322.8147 ],
                [ 382.2056, 330.6497 ]
            ]
        },
        {
            "class": "bowl",
            "visibility": 0.0,
            "location": [
                77.65734100341797,
                29.190509796142579,
                170.85955810546876
            ],
            "quaternion_xyzw": [
                -0.009358658455312252,
                0.5471840500831604,
                -0.8369351625442505,
                0.006437932141125202
            ],
            "pose_transform_permuted": [
                [ -0.9997417, 0.000534446, 0.02271065, 0 ],
                [ -0.02101808, -0.4010962, -0.9157946, 0 ],
                [ 0.008619714, -0.9160357, 0.4010041, 0 ],
                [ 77.65734, 29.19051, 170.8596, 1 ]
            ],
            "cuboid_centroid": [
                77.65734100341797,
                29.190509796142579,
                170.85955810546876
            ],
            "projected_cuboid_centroid": [
                862.8011474609375,
                444.03277587890627
            ],
            "bounding_box": {
                "top_left": [
                    807.2733154296875,
                    396.60693359375
                ],
                "bottom_right": [
                    921.336669921875,
                    491.79986572265627
                ]
            },