{
    "camera_data": {
        "location_worldframe": [
            54.58265686035156,
            41.58561706542969,
            -2.254718542098999
        ],
        "quaternion_xyzw_worldframe": [
            0.10792022943496704,
            -0.8203669786453247,
            0.16493107378482819,
            0.5367951393127441
        ]
    },
    "objects": [
        {
            "class": "small_plates",
            "visibility": 1.0,
            "location": [
                0.7296608686447144,
                0.964409589767456,
                102.30915832519531
            ],
            "quaternion_xyzw": [
                -0.06585675477981568,
                0.925187349319458,
                0.18633252382278443,
                -0.3239929974079132
            ],
            "pose_transform_permuted": [
                [ -0.7813829, -0.001118802, -0.624051, 0 ],
                [ -0.2426005, 0.9218861, 0.3021107, 0 ],
                [ 0.574966, 0.3874592, -0.7206175, 0 ],
                [ 0.7296609, 0.9644096, 102.3092, 1 ]
            ],
            "cuboid_centroid": [
                0.7296608686447144,
                0.964409589767456,
                102.30915832519531
            ],
            "projected_cuboid_centroid": [
                328.517333984375,
                251.257568359375
            ],
            "bounding_box": {
                "top_left": [
                    241.6133270263672,
                    211.707275390625
                ],
                "bottom_right": [
                    414.1964416503906,
                    296.185546875
                ]
            },
            "cuboid": [
                [ 8.105524, 1.335808, 103.3603 ],
                [ -0.09757605, -1.211055, 109.3964 ],
                [ -0.09591478, -2.578061, 108.8219 ],
                [ 8.107183, -0.03119356, 102.7858 ],
                [ 1.555235, 4.506884, 95.79643 ],
                [ -6.647864, 1.960021, 101.8325 ],
                [ -6.646208, 0.5930157, 101.258 ],
                [ 1.556894, 3.139884, 95.22189 ]
            ],
            "projected_cuboid": [
                [ 413.6537, 255.4343 ],
                [ 318.9348, 226.7792 ],
                [ 318.9474, 211.7073 ],
                [ 414.1964, 239.6376 ],
                [ 339.3885, 296.1855 ],
                [ 242.0362, 262.9865 ],
                [ 241.6133, 246.9941 ],
                [ 339.5263, 279.3799 ]
            ]
        },
        {
            "class": "mug",
            "visibility": 0.0,
            "location": [
                26.391935348510743,
                15.215227127075196,
                59.90781784057617
            ],
            "quaternion_xyzw": [
                -0.30756571888923647,
                0.4606378972530365,
                0.6924041509628296,
                0.46237701177597048
            ],
            "pose_transform_permuted": [
                [ -0.3832216, -0.9236564, 5.719066E-05, 0 ],
                [ 0.3569507, -0.1480404, 0.9223178, 0 ],
                [ -0.8518963, 0.3534725, 0.3864321, 0 ],
                [ 26.39194, 15.21523, 59.90782, 1 ]
            ],
            "cuboid_centroid": [
                26.391935348510743,
                15.215227127075196,
                59.90781784057617
            ],
            "projected_cuboid_centroid": [
                846.1205444335938,
                543.3140258789063
            ],
            "bounding_box": {
                "top_left": [
                    747.9534912109375,
                    406.7384033203125
                ],
                "bottom_right": [
                    953.0577392578125,
                    702.079345703125
                ]
            },
            "cuboid": [
                [ 25.05182, 8.992566, 64.40885 ],
                [ 20.80416, 12.94904, 54.96637 ],
                [ 27.73158, 14.05934, 52.31531 ],
                [ 31.97925, 10.10287, 61.7578 ],
                [ 25.05228, 16.37111, 67.50031 ],
                [ 20.80462, 20.32758, 58.05782 ],
                [ 27.73204, 21.43788, 55.40677 ],
                [ 31.9797, 17.48142, 64.84927 ]
            ],
            "projected_cuboid": [
                [ 784.5059, 406.7384 ],
                [ 772.0128, 521.3442 ],
                [ 953.0577, 560.9473 ],
                [ 938.4063, 435.3667 ],
                [ 763.2401, 529.6476 ],
                [ 747.9535, 658.1407 ],
                [ 917.7458, 702.0793 ],
                [ 908.9343, 561.9357 ]
            ]
        },
        {
            "class": "packet_cup",
            "visibility": 1.0,
            "location": [
                -0.6119292974472046,
                7.260529518127441,
                84.71463012695313
            ],
            "quaternion_xyzw": [
                0.32762911915779116,
                -0.05992073565721512,
                -0.7045550346374512,
                0.6266345977783203
            ],
            "pose_transform_permuted": [
                [ 2.342416E-05, 0.8437335, -0.5367623, 0 ],
                [ -0.9222606, -0.2074773, -0.3261726, 0 ],
                [ -0.3865687, 0.4950424, 0.7781373, 0 ],
                [ -0.6119293, 7.26053, 84.71463, 1 ]
            ],
            "cuboid_centroid": [
                -0.6119292974472046,
                7.260529518127441,
                84.71463012695313
            ],
            "projected_cuboid_centroid": [
                311.3733825683594,
                342.3546142578125
            ],
            "bounding_box": {
                "top_left": [
                    255.76719665527345,
                    294.0986328125
                ],
                "bottom_right": [
                    368.8410949707031,
                    394.5035400390625
                ]
            },
            "cuboid": [
                [ 3.376031, 9.497398, 83.90526 ],
                [ 3.376112, 6.26948, 82.55227 ],
                [ -0.8425548, 7.306872, 80.07705 ],
                [ -0.8426358, 10.53478, 81.43004 ],
                [ -0.3813037, 7.214193, 89.35221 ],
                [ -0.3812248, 3.986279, 87.99922 ],
                [ -4.59989, 5.023664, 85.52401 ],
                [ -4.599971, 8.251575, 86.87701 ]
            ],
            "projected_cuboid": [
                [ 368.0524, 375.1802 ],
                [ 368.8411, 330.6985 ],
                [ 307.4343, 348.9735 ],
                [ 307.6419, 394.5035 ],
                [ 314.9036, 336.4229 ],
                [ 314.8263, 294.0986 ],
                [ 255.7672, 310.1504 ],
                [ 256.7664, 353.4304 ]
            ]
        },
        {
            "class": "bowl",
            "visibility": 0.0,
            "location": [
                38.45772933959961,
                27.908971786499025,
                34.470611572265628
            ],
            "quaternion_xyzw": [
                -0.3274995982646942,
                0.18578092753887177,
                -0.924043595790863,
                0.06612712889909744
            ],
            "pose_transform_permuted": [
                [ -0.7767422, 0.0005223379, 0.6298181, 0 ],
                [ -0.2438951, -0.9222251, -0.3000261, 0 ],
                [ 0.5806774, -0.3866526, 0.7164589, 0 ],
                [ 38.45773, 27.90897, 34.47061, 1 ]
            ],
            "cuboid_centroid": [
                38.45772933959961,
                27.908971786499025,
                34.470611572265628
            ],
            "projected_cuboid_centroid": [
                1652.3924560546875,
                1206.924072265625
            ],
            "bounding_box": {
                "top_left": [
                    1348.6683349609375,
                    885.0231323242188
                ],
                "bottom_right": [
                    2160.94873046875,
                    1701.2696533203125
                ]
            },