{
    "camera_data": {
        "location_worldframe": [
            -59.50062942504883,
            221.2862548828125,
            -36.34814453125
        ],
        "quaternion_xyzw_worldframe": [
            0.5424200296401978,
            0.29579684138298037,
            -0.2118871808052063,
            0.7572242617607117
        ]
    },
    "objects": [
        {
            "class": "big_plates",
            "visibility": 1.0,
            "location": [
                -0.8697365522384644,
                4.381112575531006,
                231.0219268798828
            ],
            "quaternion_xyzw": [
                -0.5416767597198486,
                -0.29845350980758669,
                -0.21379247307777406,
                -0.7561776041984558
            ],
            "pose_transform_permuted": [
                [ 0.7304366, 5.066395E-07, 0.6829805, 0 ],
                [ 0.6466608, 0.3217582, -0.6915934, 0 ],
                [ -0.2197549, 0.9468219, 0.2350236, 0 ],
                [ -0.8697366, 4.381113, 231.0219, 1 ]
            ],
            "cuboid_centroid": [
                -0.8697365522384644,
                4.381112575531006,
                231.0219268798828
            ],
            "projected_cuboid_centroid": [
                315.5039367675781,
                262.64794921875
            ],
            "bounding_box": {
                "top_left": [
                    251.34487915039063,
                    201.4493408203125
                ],
                "bottom_right": [
                    379.5605163574219,
                    325.6075439453125
                ]
            },
            "cuboid": [
                [ -13.23286, 5.016412, 231.5884 ],
                [ -0.4587612, 16.32541, 227.7453 ],
                [ -0.4587658, 15.84869, 226.3425 ],
                [ -13.23286, 4.539694, 230.1856 ],
                [ -1.280713, -7.086448, 235.7014 ],
                [ 11.49338, 4.222546, 231.8582 ],
                [ 11.49338, 3.745833, 230.4554 ],
                [ -1.28071, -7.563169, 234.2986 ]
            ],
            "projected_cuboid": [
                [ 251.7607, 265.8687 ],
                [ 317.5943, 325.6075 ],
                [ 317.5794, 323.6228 ],
                [ 251.3449, 263.553 ],
                [ 313.5109, 204.0942 ],
                [ 379.2001, 261.7495 ],
                [ 379.5605, 259.4115 ],
                [ 313.472, 201.4493 ]
            ]
        }
    ]
}