{
    "camera_data": {
        "location_worldframe": [
            60.013206481933597,
            45.63442611694336,
            -37.19546127319336
        ],
        "quaternion_xyzw_worldframe": [
            0.20833265781402589,
            -0.4046434462070465,
            0.09522014856338501,
            0.8853215575218201
        ]
    },
    "objects": [
        {
            "class": "small_fork",
            "visibility": 1.0,
            "location": [
                2.861029863357544,
                0.12071278691291809,
                99.07542419433594
            ],
            "quaternion_xyzw": [
                -0.623033881187439,
                0.4083346426486969,
                0.5771737694740295,
                -0.33460724353790285
            ],
            "pose_transform_permuted": [
                [ 0.0002665222, -0.1225595, -0.9924611, 0 ],
                [ -0.8950657, -0.4426016, 0.05441678, 0 ],
                [ -0.4459342, 0.8883034, -0.1098168, 0 ],
                [ 2.86103, 0.1207128, 99.07542, 1 ]
            ],
            "cuboid_centroid": [
                2.861029863357544,
                0.12071278691291809,
                99.07542419433594
            ],
            "projected_cuboid_centroid": [
                354.48687744140627,
                241.455078125
            ],
            "bounding_box": {
                "top_left": [
                    338.7861633300781,
                    201.2537841796875
                ],
                "bottom_right": [
                    372.07916259765627,
                    285.8350830078125
                ]
            },
            "cuboid": [
                [ 2.622498, -1.682524, 104.8126 ],
                [ 2.623003, -3.37319, 103.9703 ],
                [ 4.075006, 1.870463, 93.44622 ],
                [ 4.074505, 3.561132, 94.28851 ],
                [ 1.647049, -1.629044, 104.7046 ],
                [ 1.647554, -3.319698, 103.8623 ],
                [ 3.099559, 1.923952, 93.33827 ],
                [ 3.099056, 3.614614, 94.18059 ]
            ],
            "projected_cuboid": [
                [ 349.8813, 220.829 ],
                [ 350.1292, 201.2538 ],
                [ 372.0792, 263.9048 ],
                [ 371.6076, 285.1052 ],
                [ 338.7862, 221.4192 ],
                [ 338.9443, 201.8286 ],
                [ 359.6586, 264.6168 ],
                [ 359.2975, 285.8351 ]
            ]
        }
    ]
}