{
    "camera_data": {
        "location_worldframe": [
            58.07666015625,
            197.69664001464845,
            -55.40947341918945
        ],
        "quaternion_xyzw_worldframe": [
            0.4870103597640991,
            -0.4266969561576843,
            0.2959032654762268,
            0.7022762298583984
        ]
    },
    "objects": [
        {
            "class": "big_plates",
            "visibility": 1.0,
            "location": [
                -3.8867859840393068,
                -2.248591899871826,
                210.71180725097657
            ],
            "quaternion_xyzw": [
                0.14806605875492097,
                0.5605409145355225,
                -0.80827796459198,
                -0.10274836421012879
            ],
            "pose_transform_permuted": [
                [ -0.9350388, -0.0001043081, -0.3545464, 0 ],
                [ 0.3320926, -0.3504737, -0.8757187, 0 ],
                [ -0.1241677, -0.9365728, 0.3277406, 0 ],
                [ -3.886786, -2.248592, 210.7118, 1 ]
            ],
            "cuboid_centroid": [
                -3.8867859840393068,
                -2.248591899871826,
                210.71180725097657
            ],
            "projected_cuboid_centroid": [
                297.97076416015627,
                227.255615234375
            ],
            "bounding_box": {
                "top_left": [
                    234.4891357421875,
                    167.025634765625
                ],
                "bottom_right": [
                    362.3912353515625,
                    289.37841796875
                ]
            },
            "cuboid": [
                [ 7.391531, 2.250434, 208.236 ],
                [ -8.960697, 8.058178, 206.0645 ],
                [ -8.960548, 8.577438, 207.4521 ],
                [ 7.391686, 2.769705, 209.6236 ],
                [ 1.186973, -13.07461, 213.9715 ],
                [ -15.16525, -7.266883, 211.8 ],
                [ -15.1651, -6.747605, 213.1876 ],
                [ 1.187124, -12.55534, 215.3591 ]
            ],
            "projected_cuboid": [
                [ 362.3912, 252.9065 ],
                [ 268.0679, 286.7015 ],
                [ 268.4161, 289.3784 ],
                [ 362.1115, 255.7794 ],
                [ 326.6249, 167.0256 ],
                [ 234.4891, 199.0249 ],
                [ 235.0466, 202.2006 ],
                [ 326.5831, 170.3754 ]
            ]
        },
        {
            "class": "big_fork",
            "visibility": 1.0,
            "location": [
                15.581242561340332,
                -3.8537962436676027,
                211.44883728027345
            ],
            "quaternion_xyzw": [
                0.35720881819725039,
                0.9168819189071655,
                -0.1659693717956543,
                0.06468068808317185
            ],
            "pose_transform_permuted": [
                [ -0.7364365, 0.6765066, 3.766268E-05, 0 ],
                [ 0.6335666, 0.689712, -0.3505577, 0 ],
                [ -0.2371806, -0.2581396, -0.9365411, 0 ],
                [ 15.58124, -3.853796, 211.4488, 1 ]
            ],
            "cuboid_centroid": [
                15.581242561340332,
                -3.8537962436676027,
                211.44883728027345
            ],
            "projected_cuboid_centroid": [
                408.0023498535156,
                218.23388671875
            ],
            "bounding_box": {
                "top_left": [
                    374.2338562011719,
                    184.3740234375
                ],
                "bottom_right": [
                    442.48309326171877,
                    252.615234375
                ]
            },
            "cuboid": [
                [ 21.45986, 0.7206163, 210.3928 ],
                [ 19.72108, 2.216517, 209.8327 ],
                [ 9.702579, -7.99755, 213.6556 ],
                [ 11.44136, -9.493445, 214.2156 ],
                [ 21.4599, 0.2899304, 209.2421 ],
                [ 19.72112, 1.785839, 208.6821 ],
                [ 9.702621, -8.428217, 212.505 ],
                [ 11.44141, -9.924124, 213.065 ]
            ],
            "projected_cuboid": [
                [ 441.813, 244.0905 ],
                [ 432.2419, 252.6152 ],
                [ 374.2339, 195.2966 ],
                [ 383.7858, 187.0739 ],
                [ 442.4831, 241.6548 ],
                [ 432.861, 250.2201 ],
                [ 374.5277, 192.6343 ],
                [ 384.1306, 184.374 ]
            ]
        },
        {
            "class": "water_glass",
            "visibility": 0.43226611614227297,
            "location": [
                29.199560165405275,
                -16.866395950317384,
                214.8394775390625
            ],
            "quaternion_xyzw": [
                0.27399274706840517,
                0.9450936317443848,
                -0.17107199132442475,
                0.04960217326879501
            ],
            "pose_transform_permuted": [
                [ -0.8449351, 0.5348687, 1.242757E-05, 0 ],
                [ 0.5009265, 0.7913247, -0.3505394, 0 ],
                [ -0.1875024, -0.2961768, -0.9365479, 0 ],
                [ 29.19956, -16.8664, 214.8395, 1 ]
            ],
            "cuboid_centroid": [
                29.199560165405275,
                -16.866395950317384,
                214.8394775390625
            ],
            "projected_cuboid_centroid": [
                482.3153991699219,
                146.2425537109375
            ],
            "bounding_box": {
                "top_left": [
                    463.9921569824219,
                    125.3773193359375
                ],
                "bottom_right": [
                    501.0245361328125,
                    166.961181640625
                ]
            },
            "cuboid": [
                [ 32.22583, -15.18842, 216.347 ],
                [ 28.84758, -13.18559, 215.5973 ],
                [ 26.17324, -17.14222, 217.0782 ],
                [ 29.55149, -19.14504, 217.8279 ],
                [ 32.22588, -16.59057, 212.6008 ],
                [ 28.84763, -14.58776, 211.8511 ],
                [ 26.17329, -18.54437, 213.332 ],
                [ 29.55154, -20.54719, 214.0817 ]
            ],
            "projected_cuboid": [
                [ 497.8897, 156.1584 ],
                [ 479.7952, 166.9612 ],
                [ 463.9922, 145.692 ],
                [ 482.0181, 135.036 ],
                [ 501.0245, 146.8047 ],
                [ 482.6211, 157.7653 ],
                [ 466.521, 136.1865 ],
                [ 484.8535, 125.3773 ]
            ]
        }
    ]
}