{
    "camera_data": {
        "location_worldframe": [
            13.410860061645508,
            98.08145904541016,
            35.26388931274414
        ],
        "quaternion_xyzw_worldframe": [
            0.10631073266267777,
            0.8400475978851318,
            -0.5012764930725098,
            0.17815732955932618
        ]
    },
    "objects": [
        {
            "class": "wine_glass",
            "visibility": 1.0,
            "location": [
                -1.72702157497406,
                -1.0014554262161255,
                102.7227783203125
            ],
            "quaternion_xyzw": [
                -0.177804097533226,
                0.8051825165748596,
                0.4803547263145447,
                -0.29887479543685915
            ],
            "pose_transform_permuted": [
                [ -0.7581191, 0.0008023381, -0.6521156, 0 ],
                [ -0.5734614, 0.4752901, 0.6672641, 0 ],
                [ 0.3104795, 0.8798288, -0.3598664, 0 ],
                [ -1.727022, -1.001455, 102.7228, 1 ]
            ],
            "cuboid_centroid": [
                -1.72702157497406,
                -1.0014554262161255,
                102.7227783203125
            ],
            "projected_cuboid_centroid": [
                299.921630859375,
                228.3570556640625
            ],
            "bounding_box": {
                "top_left": [
                    228.78927612304688,
                    123.78125
                ],
                "bottom_right": [
                    367.76318359375,
                    324.7772216796875
                ]
            },
            "cuboid": [
                [ 3.855785, 2.313903, 109.7352 ],
                [ -2.143121, -2.223818, 112.192 ],
                [ -2.155558, -9.590824, 98.55467 ],
                [ 3.843346, -5.053089, 96.09789 ],
                [ -1.298481, 7.587911, 106.8909 ],
                [ -7.29739, 3.050181, 109.3477 ],
                [ -7.309829, -4.31682, 95.71033 ],
                [ -1.310922, 0.220911, 93.25353 ]
            ],
            "projected_cuboid": [
                [ 361.9628, 265.1824 ],
                [ 297.187, 216.328 ],
                [ 293.8796, 123.7813 ],
                [ 367.7632, 177.2028 ],
                [ 305.4925, 324.7772 ],
                [ 240.3005, 273.313 ],
                [ 228.7893, 186.1355 ],
                [ 303.2116, 242.8291 ]
            ]
        },
        {
            "class": "bowl",
            "visibility": 0.0,
            "location": [
                71.36620330810547,
                9.53648853302002,
                103.43373107910156
            ],
            "quaternion_xyzw": [
                0.4820197820663452,
                -0.2915656566619873,
                -0.17411845922470094,
                0.807668924331665
            ],
            "pose_transform_permuted": [
                [ 0.7693444, 0.0001792908, -0.6388341, 0 ],
                [ -0.562341, 0.4746794, -0.6770908, 0 ],
                [ 0.30312, 0.8801587, 0.3652928, 0 ],
                [ 71.3662, 9.536489, 103.4337, 1 ]
            ],
            "cuboid_centroid": [
                71.36620330810547,
                9.53648853302002,
                103.43373107910156
            ],
            "projected_cuboid_centroid": [
                1144.0013427734375,
                350.1092529296875
            ],
            "bounding_box": {
                "top_left": [
                    1026.9866943359375,
                    248.857421875
                ],
                "bottom_right": [
                    1266.2398681640625,
                    455.9781494140625
                ]
            },
            "cuboid": [
                [ 70.55045, 18.28875, 101.1281 ],
                [ 80.16456, 11.26145, 104.916 ],
                [ 80.16379, 9.244073, 101.1753 ],
                [ 70.54967, 16.27136, 97.38737 ],
                [ 62.5686, 9.828912, 105.6921 ],
                [ 72.18272, 2.801619, 109.4801 ],
                [ 72.18195, 0.7842364, 105.7394 ],
                [ 62.56784, 7.811532, 101.9515 ]
            ],
            "projected_cuboid": [
                [ 1153.155, 455.9781 ],
                [ 1232.511, 368.1888 ],
                [ 1266.24, 349.1155 ],
                [ 1185.147, 439.5348 ],
                [ 1026.987, 351.0607 ],
                [ 1107.4, 270.5613 ],
                [ 1135.247, 248.8574 ],
                [ 1052.918, 331.504 ]
            ]
        },
        {
            "class": "small_plates",
            "visibility": 0.0,
            "location": [
                40.76212692260742,
                0.7867159843444824,
                109.72738647460938
            ],
            "quaternion_xyzw": [
                0.1912582516670227,
                0.7972902059555054,
                0.4749872088432312,
                0.3195868134498596
            ],
            "pose_transform_permuted": [
                [ -0.722569, 0.001377374, 0.6912974, 0 ],
                [ 0.6085759, 0.4756148, 0.6351581, 0 ],
                [ -0.3279164, 0.8796525, -0.3445028, 0 ],
                [ 40.76213, 0.786716, 109.7274, 1 ]
            ],
            "cuboid_centroid": [
                40.76212692260742,
                0.7867159843444824,
                109.72738647460938
            ],
            "projected_cuboid_centroid": [
                763.6488037109375,
                248.5625
            ],
            "bounding_box": {
                "top_left": [
                    680.4644775390625,
                    175.3704833984375
                ],
                "bottom_right": [
                    847.9611206054688,
                    325.6961669921875
                ]
            },
            "cuboid": [
                [ 40.92791, -5.38856, 113.9089 ],
                [ 33.34225, 1.000383, 110.4663 ],
                [ 33.34021, 0.2951278, 109.162 ],
                [ 40.92586, -6.093811, 112.6045 ],
                [ 48.18405, 1.278316, 110.2928 ],
                [ 40.59838, 7.667248, 106.8503 ],
                [ 40.59634, 6.961997, 105.5459 ],
                [ 48.182, 0.5730523, 108.9884 ]
            ],
            "projected_cuboid": [
                [ 749.101, 183.5046 ],
                [ 680.4645, 250.8152 ],
                [ 684.7494, 243.2288 ],
                [ 754.0499, 175.3705 ],
                [ 841.7393, 253.8417 ],
                [ 773.7646, 325.6962 ],
                [ 779.3492, 318.7753 ],
                [ 847.9611, 246.2793 ]
            ]
        },
        {
            "class": "wine_glass",
            "visibility": 0.0,
            "location": [
                25.941770553588868,
                -4.757808685302734,
                109.0667953491211
            ],
            "quaternion_xyzw": [
                0.5574626922607422,
                0.11868008971214295,
                -0.6968573331832886,
                0.43536216020584109
            ],
            "pose_transform_permuted": [
                [ 0.0006097574, 0.7390901, -0.6736063, 0 ],
                [ -0.4744512, -0.5927496, -0.6508025, 0 ],
                [ -0.8802816, 0.3199902, 0.3503008, 0 ],
                [ 25.94177, -4.757809, 109.0668, 1 ]
            ],
            "cuboid_centroid": [
                25.941770553588868,
                -4.757808685302734,
                109.0667953491211
            ],
            "projected_cuboid_centroid": [
                604.056396484375,
                187.903076171875
            ],
            "bounding_box": {
                "top_left": [
                    508.0453796386719,
                    89.412353515625
                ],
                "bottom_right": [
                    704.3643188476563,
                    287.08544921875
                ]
            },