{
    "camera_data": {
        "location_worldframe": [
            12.142192840576172,
            67.33143615722656,
            29.531415939331056
        ],
        "quaternion_xyzw_worldframe": [
            -0.16727392375469209,
            0.8269650936126709,
            -0.4293614327907562,
            -0.32217544317245486
        ]
    },
    "objects": [
        {
            "class": "big_spoon",
            "visibility": 1.0,
            "location": [
                -2.0436015129089357,
                1.5270602703094483,
                79.56201934814453
            ],
            "quaternion_xyzw": [
                -0.841805100440979,
                -0.44874462485313418,
                0.14011164009571076,
                -0.26525673270225527
            ],
            "pose_transform_permuted": [
                [ 0.5579939, 0.8298422, 0.00217168, 0 ],
                [ 0.6811799, -0.4565341, -0.5723376, 0 ],
                [ -0.4739584, 0.3208402, -0.8200151, 0 ],
                [ -2.043602, 1.52706, 79.56202, 1 ]
            ],
            "cuboid_centroid": [
                -2.0436015129089357,
                1.5270602703094483,
                79.56201934814453
            ],
            "projected_cuboid_centroid": [
                289.32476806640627,
                262.9217529296875
            ],
            "bounding_box": {
                "top_left": [
                    209.0563201904297,
                    169.721923828125
                ],
                "bottom_right": [
                    375.3689880371094,
                    364.1357421875
                ]
            },
            "cuboid": [
                [ -4.817654, -3.766146, 84.4304 ],
                [ 3.508669, 6.398343, 77.35806 ],
                [ 0.7262418, 7.929084, 76.28229 ],
                [ -7.600081, -2.235406, 83.35464 ],
                [ -4.813445, -4.874967, 82.84175 ],
                [ 3.512877, 5.289528, 75.7694 ],
                [ 0.7304498, 6.820265, 74.69364 ],
                [ -7.595874, -3.34422, 81.76599 ]
            ],
            "projected_cuboid": [
                [ 251.8549, 186.7284 ],
                [ 374.1669, 338.7778 ],
                [ 331.3699, 364.1357 ],
                [ 211.1105, 207.9724 ],
                [ 250.6088, 169.7219 ],
                [ 375.369, 323.3721 ],
                [ 331.679, 349.0474 ],
                [ 209.0563, 191.155 ]
            ]
        },
        {
            "class": "wine_glass",
            "visibility": 0.0,
            "location": [
                15.536246299743653,
                1.9911423921585084,
                75.60601806640625
            ],
            "quaternion_xyzw": [
                0.3020808696746826,
                0.0037217482458800079,
                0.012029176577925682,
                -0.9531991481781006
            ],
            "pose_transform_permuted": [
                [ 0.9996829, 0.02518094, 0.0001724339, 0 ],
                [ -0.02068386, 0.8172049, 0.575976, 0 ],
                [ 0.0143627, -0.5757969, 0.8174666, 0 ],
                [ 15.53625, 1.991142, 75.60602, 1 ]
            ],
            "cuboid_centroid": [
                15.536246299743653,
                1.9911423921585084,
                75.60601806640625
            ],
            "projected_cuboid_centroid": [
                565.4071655273438,
                271.45166015625
            ],
            "bounding_box": {
                "top_left": [
                    483.3607482910156,
                    135.937744140625
                ],
                "bottom_right": [
                    665.8887939453125,
                    411.6651611328125
                ]
            },
            "cuboid": [
                [ 11.77553, 6.130081, 67.85618 ],
                [ 19.68589, 5.966417, 67.96983 ],
                [ 19.2956, -6.700264, 76.89467 ],
                [ 11.38523, -6.536593, 76.78102 ],
                [ 11.7769, 10.68255, 74.31738 ],
                [ 19.68726, 10.51888, 74.43102 ],
                [ 19.29696, -2.147792, 83.35587 ],
                [ 11.38659, -1.984129, 83.24221 ]
            ],
            "projected_cuboid": [
                [ 527.2472, 347.8883 ],
                [ 665.8888, 344.8323 ],
                [ 619.6813, 135.9377 ],
                [ 497.0865, 138.3295 ],
                [ 509.2509, 411.6652 ],
                [ 635.8849, 408.777 ],
                [ 596.4715, 209.2281 ],
                [ 483.3607, 211.5342 ]
            ]
        }
    ]
}