{
    "camera_data": {
        "location_worldframe": [
            14.232176780700684,
            45.76945877075195,
            34.824493408203128
        ],
        "quaternion_xyzw_worldframe": [
            -0.12319561094045639,
            0.8761562705039978,
            -0.347030907869339,
            -0.311034619808197
        ]
    },
    "objects": [
        {
            "class": "big_spoon",
            "visibility": 1.0,
            "location": [
                -1.0516911745071412,
                -1.880976915359497,
                66.83174133300781
            ],
            "quaternion_xyzw": [
                -0.7970460653305054,
                -0.45657989382743838,
                0.1955629587173462,
                -0.34352222084999087
            ],
            "pose_transform_permuted": [
                [ 0.5065799, 0.8621908, 0.001945317, 0 ],
                [ 0.59347, -0.3470547, -0.7261863, 0 ],
                [ -0.6254361, 0.3690258, -0.6874954, 0 ],
                [ -1.051691, -1.880977, 66.83174, 1 ]
            ],
            "cuboid_centroid": [
                -1.0516911745071412,
                -1.880976915359497,
                66.83174133300781
            ],
            "projected_cuboid_centroid": [
                301.2066955566406,
                206.3876953125
            ],
            "bounding_box": {
                "top_left": [
                    213.27197265625,
                    113.0693359375
                ],
                "bottom_right": [
                    400.27069091796877,
                    313.56298828125
                ]
            },
            "cuboid": [
                [ -3.387698, -6.187219, 72.78271 ],
                [ 4.171435, 2.668471, 63.45002 ],
                [ 1.280544, 3.832135, 62.21269 ],
                [ -6.278589, -5.023559, 71.54537 ],
                [ -3.383929, -7.594095, 71.45079 ],
                [ 4.175204, 1.261601, 62.11811 ],
                [ 1.284313, 2.425263, 60.88078 ],
                [ -6.274821, -6.430429, 70.21346 ]
            ],
            "projected_cuboid": [
                [ 264.4129, 138.4769 ],
                [ 398.5147, 290.226 ],
                [ 344.5818, 313.563 ],
                [ 215.196, 156.1453 ],
                [ 263.4397, 113.0693 ],
                [ 400.2707, 264.255 ],
                [ 345.1935, 287.5747 ],
                [ 213.272, 130.6252 ]
            ]
        },
        {
            "class": "wine_glass",
            "visibility": 0.0,
            "location": [
                16.334484100341798,
                -1.4985674619674683,
                62.089263916015628
            ],
            "quaternion_xyzw": [
                -0.3973236680030823,
                0.007124505937099457,
                0.016295045614242555,
                0.9175061583518982
            ],
            "pose_transform_permuted": [
                [ 0.9993674, -0.03556308, 0.0001247413, 0 ],
                [ 0.02424014, 0.6837367, 0.729326, 0 ],
                [ -0.02602237, -0.7288617, 0.6841663, 0 ],
                [ 16.33448, -1.498567, 62.08926, 1 ]
            ],
            "cuboid_centroid": [
                16.334484100341798,
                -1.4985674619674683,
                62.089263916015628
            ],
            "projected_cuboid_centroid": [
                634.1857299804688,
                211.17578125
            ],
            "bounding_box": {
                "top_left": [
                    534.265380859375,
                    60.767578125
                ],
                "bottom_right": [
                    765.611083984375,
                    377.113037109375
                ]
            },
            "cuboid": [
                [ 12.10444, 0.8222224, 53.83974 ],
                [ 20.01232, 1.014035, 53.63383 ],
                [ 20.56354, -9.583884, 64.9312 ],
                [ 12.65567, -9.77569, 65.1371 ],
                [ 12.10543, 6.586758, 59.24734 ],
                [ 20.0133, 6.77857, 59.04143 ],
                [ 20.56453, -3.819348, 70.3388 ],
                [ 12.65665, -4.011162, 70.54469 ]
            ],
            "projected_cuboid": [
                [ 588.4969, 258.2383 ],
                [ 765.6111, 262.5793 ],
                [ 698.2178, 63.72705 ],
                [ 552.0353, 60.76758 ],
                [ 564.0107, 372.7701 ],
                [ 724.8176, 377.113 ],
                [ 669.1575, 175.1527 ],
                [ 534.2654, 172.0947 ]
            ]
        }
    ]
}