{
    "camera_data": {
        "location_worldframe": [
            -38.422271728515628,
            219.37200927734376,
            42.52455139160156
        ],
        "quaternion_xyzw_worldframe": [
            0.23255760967731477,
            0.7370296120643616,
            -0.5540870428085327,
            0.30934104323387148
        ]
    },
    "objects": [
        {
            "class": "small_spoon",
            "visibility": 1.0,
            "location": [
                0.1338162124156952,
                0.9876435995101929,
                226.85577392578126
            ],
            "quaternion_xyzw": [
                -0.08271154761314392,
                0.11316893249750138,
                0.8055404424667358,
                0.5757222175598145
            ],
            "pose_transform_permuted": [
                [ -0.3234052, -0.9462558, -0.002947256, 0 ],
                [ 0.9088143, -0.3114732, 0.2775621, 0 ],
                [ -0.2635627, 0.08708655, 0.9607032, 0 ],
                [ 0.1338162, 0.9876436, 226.8558, 1 ]
            ],
            "cuboid_centroid": [
                0.1338162124156952,
                0.9876435995101929,
                226.85577392578126
            ],
            "projected_cuboid_centroid": [
                320.7044677734375,
                245.1993408203125
            ],
            "bounding_box": {
                "top_left": [
                    303.7154541015625,
                    213.4219970703125
                ],
                "bottom_right": [
                    337.5046081542969,
                    277.24267578125
                ]
            },
            "cuboid": [
                [ 0.7973226, -5.069686, 227.8012 ],
                [ -3.063332, 5.779304, 224.6549 ],
                [ -0.5251123, 6.614794, 224.4214 ],
                [ 3.335536, -4.234195, 227.5676 ],
                [ 0.7927492, -4.6395, 229.2902 ],
                [ -3.067899, 6.209478, 226.1439 ],
                [ -0.5296786, 7.044975, 225.9103 ],
                [ 3.330969, -3.803986, 229.0566 ]
            ],
            "projected_cuboid": [
                [ 324.18, 213.422 ],
                [ 303.7155, 270.7225 ],
                [ 317.2056, 275.2006 ],
                [ 337.5046, 217.7793 ],
                [ 324.129, 215.8352 ],
                [ 303.7986, 272.792 ],
                [ 317.1999, 277.2427 ],
                [ 337.367, 220.1667 ]
            ]
        },
        {
            "class": "big_fork",
            "visibility": 1.0,
            "location": [
                26.733749389648439,
                9.678631782531739,
                223.91873168945313
            ],
            "quaternion_xyzw": [
                -0.6804655194282532,
                -0.004838809370994568,
                -0.7071961760520935,
                -0.19187763333320619
            ],
            "pose_transform_permuted": [
                [ -0.0002996711, -0.264805, 0.9643021, 0 ],
                [ 0.2779756, -0.9263195, -0.2542883, 0 ],
                [ 0.9605883, 0.2679762, 0.07388654, 0 ],
                [ 26.73375, 9.678632, 223.9187, 1 ]
            ],
            "cuboid_centroid": [
                26.733749389648439,
                9.678631782531739,
                223.91873168945313
            ],
            "projected_cuboid_centroid": [
                462.5827331542969,
                291.620361328125
            ],
            "bounding_box": {
                "top_left": [
                    447.21807861328127,
                    252.4052734375
                ],
                "bottom_right": [
                    478.375,
                    331.150390625
                ]
            },
            "cuboid": [
                [ 24.18097, 2.64766, 224.7236 ],
                [ 24.18027, 3.303988, 226.9916 ],
                [ 28.10181, 17.02201, 223.0231 ],
                [ 28.10251, 16.36569, 220.7551 ],
                [ 25.36569, 2.335245, 224.8143 ],
                [ 25.36498, 2.991565, 227.0824 ],
                [ 29.28652, 16.70959, 223.1139 ],
                [ 29.28724, 16.05327, 220.8458 ]
            ],
            "projected_cuboid": [
                [ 448.5058, 254.0706 ],
                [ 447.2181, 257.3831 ],
                [ 470.4811, 331.1504 ],
                [ 472.0309, 328.5363 ],
                [ 454.7473, 252.4053 ],
                [ 453.3978, 255.733 ],
                [ 476.7612, 329.441 ],
                [ 478.375, 326.8104 ]
            ]
        },
        {
            "class": "water_glass",
            "visibility": 0.9589635729789734,
            "location": [
                27.974578857421876,
                -23.209571838378908,
                232.58277893066407
            ],
            "quaternion_xyzw": [
                0.3972957730293274,
                -0.6721583604812622,
                -0.21514108777046204,
                -0.5865779519081116
            ],
            "pose_transform_permuted": [
                [ 0.003834903, -0.7864854, 0.6175973, 0 ],
                [ -0.2816973, 0.5917407, 0.7553077, 0 ],
                [ -0.9594958, -0.1768721, -0.2192816, 0 ],
                [ 27.97458, -23.20957, 232.5828, 1 ]
            ],
            "cuboid_centroid": [
                27.974578857421876,
                -23.209571838378908,
                232.58277893066407
            ],
            "projected_cuboid_centroid": [
                463.6427001953125,
                120.824462890625
            ],
            "bounding_box": {
                "top_left": [
                    446.12664794921877,
                    101.96435546875
                ],
                "bottom_right": [
                    481.44952392578127,
                    139.5169677734375
                ]
            },
            "cuboid": [
                [ 24.7655, -22.67769, 234.4973 ],
                [ 24.78084, -23.804, 230.661 ],
                [ 28.71326, -26.76269, 231.5454 ],
                [ 28.69794, -25.63642, 235.3817 ],
                [ 27.2359, -19.65648, 233.6202 ],
                [ 27.25122, -20.78276, 229.7839 ],
                [ 31.18366, -23.74146, 230.6683 ],
                [ 31.16832, -22.61516, 234.5045 ]
            ],
            "projected_cuboid": [
                [ 446.1266, 124.5062 ],
                [ 448.3038, 116.7539 ],
                [ 468.0962, 101.9644 ],
                [ 465.6047, 109.9285 ],
                [ 459.2287, 139.517 ],
                [ 461.6328, 131.9857 ],
                [ 481.4495, 117.0815 ],
                [ 478.7302, 124.8282 ]
            ]
        },
        {
            "class": "small_fork",
            "visibility": 1.0,
            "location": [
                -2.1074562072753908,
                -34.886756896972659,
                237.5227508544922
            ],
            "quaternion_xyzw": [
                0.9634172320365906,
                0.22825028002262116,
                -0.0327310748398304,
                0.13659359514713288
            ],
            "pose_transform_permuted": [
                [ 0.893661, 0.4487422, -0.000712309, 0 ],
                [ 0.4308588, -0.8584882, -0.278135, 0 ],
                [ -0.1254224, 0.2482515, -0.9605419, 0 ],
                [ -2.107456, -34.88676, 237.5228, 1 ]
            ],
            "cuboid_centroid": [
                -2.1074562072753908,
                -34.886756896972659,
                237.5227508544922
            ],
            "projected_cuboid_centroid": [
                309.4037780761719,
                64.590576171875
            ],
            "bounding_box": {
                "top_left": [
                    291.5747375488281,
                    37.2415771484375
                ],
                "bottom_right": [
                    326.9851379394531,
                    92.197998046875
                ]
            },