{
    "camera_data": {
        "location_worldframe": [
            25.916580200195314,
            155.42709350585938,
            -5.082416534423828
        ],
        "quaternion_xyzw_worldframe": [
            0.4140457808971405,
            -0.5549651980400086,
            0.3715015649795532,
            0.6185194849967957
        ]
    },
    "objects": [
        {
            "class": "mug",
            "visibility": 1.0,
            "location": [
                2.2622153759002687,
                -0.31318333745002749,
                161.81643676757813
            ],
            "quaternion_xyzw": [
                -0.5606982707977295,
                0.18459422886371613,
                -0.6826004981994629,
                -0.4308120608329773
            ],
            "pose_transform_permuted": [
                [ -3.691018E-05, -0.7951484, 0.606415, 0 ],
                [ 0.3811418, -0.560652, -0.7351193, 0 ],
                [ 0.9245167, 0.2311029, 0.3030849, 0 ],
                [ 2.262215, -0.3131833, 161.8164, 1 ]
            ],
            "cuboid_centroid": [
                2.2622153759002687,
                -0.31318333745002749,
                161.81643676757813
            ],
            "projected_cuboid_centroid": [
                336.69586181640627,
                237.6885986328125
            ],
            "bounding_box": {
                "top_left": [
                    295.9765625,
                    183.8238525390625
                ],
                "bottom_right": [
                    378.32843017578127,
                    289.5638427734375
                ]
            },
            "cuboid": [
                [ -3.145048, -1.58745, 156.347 ],
                [ -3.145454, 2.637149, 166.5945 ],
                [ 2.818153, 6.842043, 164.8612 ],
                [ 2.818563, 2.617452, 154.6138 ],
                [ 1.706273, -7.4684, 158.7717 ],
                [ 1.705863, -3.243799, 169.0191 ],
                [ 7.669475, 0.9610856, 167.2858 ],
                [ 7.669884, -3.263516, 157.0384 ]
            ],
            "projected_cuboid": [
                [ 295.9766, 227.8743 ],
                [ 297.4514, 258.9048 ],
                [ 340.4147, 289.5638 ],
                [ 341.7709, 260.2175 ],
                [ 332.8343, 183.8239 ],
                [ 332.0533, 217.08 ],
                [ 374.7525, 246.8612 ],
                [ 378.3284, 215.1814 ]
            ]
        }
    ]
}