{
    "camera_data": {
        "location_worldframe": [
            6.047624588012695,
            110.6761245727539,
            -2.609461545944214
        ],
        "quaternion_xyzw_worldframe": [
            -0.2961449921131134,
            0.6558849215507507,
            -0.6195288896560669,
            -0.3135237693786621
        ]
    },
    "objects": [
        {
            "class": "big_plates",
            "visibility": 1.0,
            "location": [
                1.6891146898269654,
                0.5481890439987183,
                109.68216705322266
            ],
            "quaternion_xyzw": [
                -0.2978026270866394,
                0.6550418138504028,
                0.6187336444854736,
                -0.31528180837631228
            ],
            "pose_transform_permuted": [
                [ -0.6238222, 4.589558E-06, -0.7815665, 0 ],
                [ -0.7802973, 0.05696452, 0.6228094, 0 ],
                [ 0.04452452, 0.9983763, -0.03553236, 0 ],
                [ 1.689115, 0.548189, 109.6822, 1 ]
            ],
            "cuboid_centroid": [
                1.6891146898269654,
                0.5481890439987183,
                109.68216705322266
            ],
            "projected_cuboid_centroid": [
                338.39166259765627,
                245.9688720703125
            ],
            "bounding_box": {
                "top_left": [
                    203.83572387695313,
                    111.8350830078125
                ],
                "bottom_right": [
                    473.391357421875,
                    380.9884033203125
                ]
            },
            "cuboid": [
                [ 13.98261, 1.963845, 110.3433 ],
                [ 3.073022, -11.68222, 111.122 ],
                [ 3.073018, -11.76662, 109.6428 ],
                [ 13.98261, 1.879446, 108.8641 ],
                [ 0.3052163, 12.86299, 109.7215 ],
                [ -10.60437, -0.7830738, 110.5002 ],
                [ -10.60438, -0.8674687, 109.021 ],
                [ 0.305209, 12.77859, 108.2423 ]
            ],
            "projected_cuboid": [
                [ 471.3351, 261.2549 ],
                [ 353.0266, 114.4482 ],
                [ 353.472, 111.8351 ],
                [ 473.3914, 260.6178 ],
                [ 323.3221, 380.0063 ],
                [ 205.3908, 231.5367 ],
                [ 203.8357, 230.4974 ],
                [ 323.3674, 380.9884 ]
            ]
        },
        {
            "class": "small_spoon",
            "visibility": 1.0,
            "location": [
                -22.162857055664064,
                -1.6933907270431519,
                109.77433013916016
            ],
            "quaternion_xyzw": [
                0.9586634039878845,
                0.2832052707672119,
                -0.008284365758299828,
                0.026279283687472345
            ],
            "pose_transform_permuted": [
                [ 0.8394523, 0.5434325, -0.0009989738, 0 ],
                [ 0.5425617, -0.8382083, -0.05507833, 0 ],
                [ -0.0307687, 0.04569362, -0.9984815, 0 ],
                [ -22.16286, -1.693391, 109.7743, 1 ]
            ],
            "cuboid_centroid": [
                -22.162857055664064,
                -1.6933907270431519,
                109.77433013916016
            ],
            "projected_cuboid_centroid": [
                78.88597106933594,
                221.5772705078125
            ],
            "bounding_box": {
                "top_left": [
                    14.626235961914063,
                    173.330078125
                ],
                "bottom_right": [
                    142.38760375976563,
                    269.36181640625
                ]
            },
            "cuboid": [
                [ -26.44372, -6.013321, 110.793 ],
                [ -16.42275, 0.4635047, 110.4257 ],
                [ -17.88045, 2.711898, 110.3031 ],
                [ -27.9014, -3.764925, 110.6704 ],
                [ -26.44526, -6.098682, 109.2455 ],
                [ -16.4243, 0.3781497, 108.8782 ],
                [ -17.88199, 2.626539, 108.7556 ],
                [ -27.90295, -3.850296, 109.1229 ]
            ],
            "projected_cuboid": [
                [ 34.95878, 175.1814 ],
                [ 142.3876, 245.0128 ],
                [ 126.4077, 269.3618 ],
                [ 18.91302, 199.3723 ],
                [ 30.90412, 173.3301 ],
                [ 139.8462, 244.1478 ],
                [ 123.6361, 268.8423 ],
                [ 14.62624, 197.8618 ]
            ]
        },
        {
            "class": "big_spoon",
            "visibility": 0.06123602017760277,
            "location": [
                -33.52093505859375,
                18.616910934448243,
                107.72314453125
            ],
            "quaternion_xyzw": [
                0.3513091206550598,
                0.5989698171615601,
                -0.6380759477615356,
                -0.3326800465583801
            ],
            "pose_transform_permuted": [
                [ -0.5318115, -0.003703147, -0.8468544, 0 ],
                [ 0.8453974, -0.06111802, -0.5306294, 0 ],
                [ -0.04979318, -0.9981235, 0.03563415, 0 ],
                [ -33.52094, 18.61691, 107.7231, 1 ]
            ],
            "cuboid_centroid": [
                -33.52093505859375,
                18.616910934448243,
                107.72314453125
            ],
            "projected_cuboid_centroid": [
                -51.624755859375,
                446.3935546875
            ],
            "bounding_box": {
                "top_left": [
                    -112.85438537597656,
                    369.4063720703125
                ],
                "bottom_right": [
                    7.361545562744141,
                    526.4113159179688
                ]
            },
            "cuboid": [
                [ -28.739, 12.72099, 106.3868 ],
                [ -36.67463, 25.33591, 105.6438 ],
                [ -36.66222, 25.54084, 108.9905 ],
                [ -28.72658, 12.92591, 109.7335 ],
                [ -30.37965, 11.69298, 106.4558 ],
                [ -38.31528, 24.3079, 105.7128 ],
                [ -38.30287, 24.51283, 109.0595 ],
                [ -30.36722, 11.8979, 109.8025 ]
            ],
            "projected_cuboid": [
                [ -2.612686, 382.8008 ],
                [ -94.59049, 526.4113 ],
                [ -81.72405, 519.8622 ],
                [ 7.361546, 380.6759 ],
                [ -20.80875, 371.1757 ],
                [ -112.8544, 514.6106 ],
                [ -99.43562, 508.4278 ],
                [ -10.28618, 369.4064 ]
            ]
        }
    ]
}