{
    "camera_data": {
        "location_worldframe": [
            34.20922088623047,
            42.85833740234375,
            -40.421504974365237
        ],
        "quaternion_xyzw_worldframe": [
            0.2754223048686981,
            -0.06387053430080414,
            0.018342997878789903,
            0.9590238332748413
        ]
    },
    "objects": [
        {
            "class": "wine_glass",
            "visibility": 1.0,
            "location": [
                -3.011293888092041,
                -1.9959168434143067,
                75.75257873535156
            ],
            "quaternion_xyzw": [
                -0.2601175904273987,
                0.5692712068557739,
                -0.4195350408554077,
                0.6574644446372986
            ],
            "pose_transform_permuted": [
                [ -0.0001587272, 0.2555038, 0.966808, 0 ],
                [ -0.8478137, 0.5126584, -0.1356223, 0 ],
                [ -0.5302942, -0.8196946, 0.2165383, 0 ],
                [ -3.011294, -1.995917, 75.75258, 1 ]
            ],
            "cuboid_centroid": [
                -3.011293888092041,
                -1.9959168434143067,
                75.75257873535156
            ],
            "projected_cuboid_centroid": [
                272.5262756347656,
                208.533935546875
            ],
            "bounding_box": {
                "top_left": [
                    187.02926635742188,
                    94.388671875
                ],
                "bottom_right": [
                    368.8691711425781,
                    339.19384765625
                ]
            },
            "cuboid": [
                [ -4.851296, 5.867483, 70.64227 ],
                [ -4.852551, -0.8411659, 66.44611 ],
                [ -8.812863, -8.787369, 79.15138 ],
                [ -8.81161, -2.078717, 83.34754 ],
                [ 2.790277, 4.795532, 72.35378 ],
                [ 2.789022, -1.913111, 68.15762 ],
                [ -1.171292, -9.859318, 80.86288 ],
                [ -1.170035, -3.150664, 85.05904 ]
            ],
            "projected_cuboid": [
                [ 237.9855, 339.1938 ],
                [ 232.7836, 224.8815 ],
                [ 187.0293, 107.4139 ],
                [ 193.7417, 210.2148 ],
                [ 366.0557, 319.1541 ],
                [ 368.8692, 206.4785 ],
                [ 302.7013, 94.38867 ],
                [ 303.5723, 195.7637 ]
            ]
        },
        {
            "class": "knife",
            "visibility": 0.0,
            "location": [
                -54.359249114990237,
                -3.047652244567871,
                84.16983032226563
            ],
            "quaternion_xyzw": [
                -0.3385910987854004,
                0.8061739802360535,
                -0.4482937753200531,
                -0.18566711246967317
            ],
            "pose_transform_permuted": [
                [ -0.7017676, -0.7123935, 0.004216582, 0 ],
                [ -0.3794599, 0.3687775, -0.848536, 0 ],
                [ 0.6029365, -0.5970751, -0.5291208, 0 ],
                [ -54.35925, -3.047652, 84.16983, 1 ]
            ],
            "cuboid_centroid": [
                -54.359249114990237,
                -3.047652244567871,
                84.16983032226563
            ],
            "projected_cuboid_centroid": [
                -451.2843322753906,
                196.7579345703125
            ],
            "bounding_box": {
                "top_left": [
                    -503.68621826171877,
                    148.0440673828125
                ],
                "bottom_right": [
                    -393.5221862792969,
                    252.1160888671875
                ]
            },
            "cuboid": [
                [ -49.36658, 0.7994106, 78.79615 ],
                [ -60.88046, -5.426369, 88.68851 ],
                [ -59.35527, -6.215893, 89.96679 ],
                [ -47.8414, 0.009886946, 80.07444 ],
                [ -49.3632, 0.1205954, 78.37286 ],
                [ -60.87708, -6.105195, 88.26521 ],
                [ -59.35189, -6.894714, 89.5435 ],
                [ -47.83803, -0.6689301, 79.65115 ]
            ],
            "projected_cuboid": [
                [ -428.2135, 252.1161 ],
                [ -499.8004, 166.9299 ],
                [ -467.9063, 157.4877 ],
                [ -393.5222, 240.1475 ],
                [ -432.2031, 241.8376 ],
                [ -503.6862, 157.3948 ],
                [ -471.5859, 148.0441 ],
                [ -397.2635, 229.9703 ]
            ]
        }
    ]
}