{
    "camera_data": {
        "location_worldframe": [
            -29.372507095336915,
            25.904497146606447,
            -5.589306354522705
        ],
        "quaternion_xyzw_worldframe": [
            0.12533195316791535,
            0.7887375950813294,
            -0.17135117948055268,
            0.5769087672233582
        ]
    },
    "objects": [
        {
            "class": "teacup",
            "visibility": 1.0,
            "location": [
                1.102534532546997,
                0.1625494509935379,
                53.49067306518555
            ],
            "quaternion_xyzw": [
                -0.6585888266563416,
                0.5239662528038025,
                -0.33716392517089846,
                -0.4219486117362976
            ],
            "pose_transform_permuted": [
                [ 0.2235597, -0.9746884, 0.001931131, 0 ],
                [ -0.4056249, -0.09483752, -0.9091064, 0 ],
                [ 0.8862785, 0.2024563, -0.4165598, 0 ],
                [ 1.102535, 0.1625495, 53.49067, 1 ]
            ],
            "cuboid_centroid": [
                1.102534532546997,
                0.1625494509935379,
                53.49067306518555
            ],
            "projected_cuboid_centroid": [
                344.61566162109377,
                243.629150390625
            ],
            "bounding_box": {
                "top_left": [
                    263.102294921875,
                    140.8306884765625
                ],
                "bottom_right": [
                    417.93310546875,
                    358.59326171875
                ]
            },
            "cuboid": [
                [ -2.341849, 4.532016, 51.5335 ],
                [ -0.4295283, 1.062305, 59.11471 ],
                [ 4.534694, 1.545325, 58.08358 ],
                [ 2.622375, 5.015037, 50.50236 ],
                [ -2.329626, -1.220227, 48.89777 ],
                [ -0.4173065, -4.689933, 56.47898 ],
                [ 4.546915, -4.206911, 55.44785 ],
                [ 2.634599, -0.7372069, 47.86664 ]
            ],
            "projected_cuboid": [
                [ 265.7291, 345.0266 ],
                [ 311.3225, 261.4611 ],
                [ 413.2379, 271.7734 ],
                [ 382.0127, 358.5933 ],
                [ 263.1023, 210.1978 ],
                [ 311.176, 140.8307 ],
                [ 417.9331, 149.39 ],
                [ 385.7324, 221.6069 ]
            ]
        },
        {
            "class": "big_fork",
            "visibility": 0.0,
            "location": [
                22.477298736572267,
                11.63123893737793,
                33.11832809448242
            ],
            "quaternion_xyzw": [
                0.6232349872589111,
                -0.705629289150238,
                0.045310527086257938,
                -0.3340843617916107
            ],
            "pose_transform_permuted": [
                [ 6.85025E-05, -0.8492707, 0.5279576, 0 ],
                [ -0.9098208, 0.2190502, 0.3524812, 0 ],
                [ -0.4150012, -0.480371, -0.7726691, 0 ],
                [ 22.4773, 11.63124, 33.11833, 1 ]
            ],
            "cuboid_centroid": [
                22.477298736572267,
                11.63123893737793,
                33.11832809448242
            ],
            "projected_cuboid_centroid": [
                1130.5377197265625,
                659.42578125
            ],
            "bounding_box": {
                "top_left": [
                    940.6578369140625,
                    524.0240478515625
                ],
                "bottom_right": [
                    1292.849365234375,
                    827.2548828125
                ]
            },
            "cuboid": [
                [ 15.86441, 14.11077, 30.52595 ],
                [ 15.86457, 11.96261, 29.5461 ],
                [ 28.44157, 8.718664, 36.65999 ],
                [ 28.4414, 10.86683, 37.63984 ],
                [ 16.51303, 14.54381, 29.57667 ],
                [ 16.5132, 12.39565, 28.59682 ],
                [ 29.09019, 9.151713, 35.71071 ],
                [ 29.09004, 11.29988, 36.69056 ]
            ],
            "projected_cuboid": [
                [ 940.6578, 792.0507 ],
                [ 961.2474, 723.5298 ],
                [ 1246.528, 524.024 ],
                [ 1222.403, 584.7882 ],
                [ 986.7687, 827.2549 ],
                [ 1009.622, 757.6656 ],
                [ 1292.849, 546.0564 ],
                [ 1266.864, 607.8043 ]
            ]
        }
    ]
}