{
    "camera_data": {
        "location_worldframe": [
            -6.285381317138672,
            218.72825622558595,
            -58.69621658325195
        ],
        "quaternion_xyzw_worldframe": [
            0.5352744460105896,
            0.3694489002227783,
            -0.2800777554512024,
            0.7060773372650147
        ]
    },
    "objects": [
        {
            "class": "big_plates",
            "visibility": 1.0,
            "location": [
                -0.9169391989707947,
                -2.714259624481201,
                226.7466278076172
            ],
            "quaternion_xyzw": [
                0.21429501473903657,
                0.7450721263885498,
                0.5648367404937744,
                0.2826741337776184
            ],
            "pose_transform_permuted": [
                [ -0.748346, 1.013279E-06, 0.6633086, 0 ],
                [ 0.63866, 0.2700742, 0.7205369, 0 ],
                [ -0.1791418, 0.9628395, -0.2021096, 0 ],
                [ -0.9169392, -2.71426, 226.7466, 1 ]
            ],
            "cuboid_centroid": [
                -0.9169391989707947,
                -2.714259624481201,
                226.7466278076172
            ],
            "projected_cuboid_centroid": [
                315.1705627441406,
                225.7042236328125
            ],
            "bounding_box": {
                "top_left": [
                    249.97886657714845,
                    162.9219970703125
                ],
                "bottom_right": [
                    380.4483337402344,
                    289.9552001953125
                ]
            },
            "cuboid": [
                [ -0.1772426, -14.40341, 230.7948 ],
                [ -13.26453, -3.234346, 227.6619 ],
                [ -13.26454, -3.634483, 226.2353 ],
                [ -0.1772424, -14.80356, 229.3682 ],
                [ 11.43065, -1.794025, 227.2579 ],
                [ -1.656641, 9.375048, 224.125 ],
                [ -1.656642, 8.974909, 222.6984 ],
                [ 11.43065, -2.194177, 225.8313 ]
            ],
            "projected_cuboid": [
                [ 319.0829, 165.469 ],
                [ 250.4176, 223.0334 ],
                [ 249.9789, 220.8142 ],
                [ 319.0771, 162.922 ],
                [ 380.0689, 230.5723 ],
                [ 311.1725, 289.9552 ],
                [ 311.116, 288.1294 ],
                [ 380.4483, 228.3966 ]
            ]
        }
    ]
}