{
    "camera_data": {
        "location_worldframe": [
            -64.61814880371094,
            105.0689926147461,
            -15.423912048339844
        ],
        "quaternion_xyzw_worldframe": [
            0.3891325294971466,
            0.5588112473487854,
            -0.33353090286254885,
            0.6519685387611389
        ]
    },
    "objects": [
        {
            "class": "small_spoon",
            "visibility": 1.0,
            "location": [
                -1.7053859233856202,
                -3.063206434249878,
                119.04794311523438
            ],
            "quaternion_xyzw": [
                -0.0817968100309372,
                0.8444064855575562,
                0.5107312202453613,
                -0.13942956924438477
            ],
            "pose_transform_permuted": [
                [ -0.9477373, 0.004282549, -0.3190228, 0 ],
                [ -0.2805616, 0.4649258, 0.8397197, 0 ],
                [ 0.1519181, 0.8853393, -0.439426, 0 ],
                [ -1.705386, -3.063206, 119.0479, 1 ]
            ],
            "cuboid_centroid": [
                -1.7053859233856202,
                -3.063206434249878,
                119.04794311523438
            ],
            "projected_cuboid_centroid": [
                302.89202880859377,
                209.270751953125
            ],
            "bounding_box": {
                "top_left": [
                    243.2061004638672,
                    179.7186279296875
                ],
                "bottom_right": [
                    362.69085693359377,
                    238.8525390625
                ]
            },
            "cuboid": [
                [ 4.204386, -1.415782, 119.6691 ],
                [ -7.109228, -4.764984, 121.4826 ],
                [ -7.120718, -6.012097, 119.1078 ],
                [ 4.192897, -2.662893, 117.2943 ],
                [ 3.70994, -0.1143266, 118.9881 ],
                [ -7.603673, -3.463534, 120.8016 ],
                [ -7.61516, -4.710634, 118.4268 ],
                [ 3.698455, -1.36144, 116.6132 ]
            ],
            "projected_cuboid": [
                [ 361.9583, 225.871 ],
                [ 250.1115, 193.157 ],
                [ 248.6028, 179.7186 ],
                [ 362.6909, 212.8872 ],
                [ 357.2358, 238.8525 ],
                [ 244.8293, 205.7592 ],
                [ 243.2061, 192.4963 ],
                [ 357.8765, 226.0573 ]
            ]
        },
        {
            "class": "big_fork",
            "visibility": 1.0,
            "location": [
                -19.61231803894043,
                -5.759479999542236,
                121.24514770507813
            ],
            "quaternion_xyzw": [
                0.2165227234363556,
                0.10595915466547013,
                0.4495304524898529,
                -0.8601238131523132
            ],
            "pose_transform_permuted": [
                [ 0.5733901, 0.8191888, 0.01239114, 0 ],
                [ -0.7274185, 0.5020806, 0.4677364, 0 ],
                [ 0.3769431, -0.277209, 0.8837811, 0 ],
                [ -19.61232, -5.75948, 121.2451, 1 ]
            ],
            "cuboid_centroid": [
                -19.61231803894043,
                -5.759479999542236,
                121.24514770507813
            ],
            "projected_cuboid_centroid": [
                126.82003021240235,
                183.26953125
            ],
            "bounding_box": {
                "top_left": [
                    62.590789794921878,
                    137.0218505859375
                ],
                "bottom_right": [
                    192.18734741210938,
                    231.03271484375
                ]
            },
            "cuboid": [
                [ -14.23109, -1.470358, 118.2046 ],
                [ -12.87727, -3.187855, 119.0946 ],
                [ -25.00877, -10.62326, 123.1999 ],
                [ -26.36259, -8.905763, 122.3099 ],
                [ -14.21587, -0.8957124, 119.2904 ],
                [ -12.86205, -2.613214, 120.1804 ],
                [ -24.99355, -10.04861, 124.2857 ],
                [ -26.34737, -8.331114, 123.3957 ]
            ],
            "projected_cuboid": [
                [ 176.2191, 225.1445 ],
                [ 190.8694, 208.0328 ],
                [ 77.57374, 137.0219 ],
                [ 62.59079, 153.0425 ],
                [ 177.6802, 231.0327 ],
                [ 192.1873, 214.032 ],
                [ 79.83795, 143.4432 ],
                [ 65.00313, 159.3693 ]
            ]
        }
    ]
}