{
    "camera_data": {
        "location_worldframe": [
            -38.25946807861328,
            239.99996948242188,
            23.270456314086915
        ],
        "quaternion_xyzw_worldframe": [
            0.0855475664138794,
            0.7644073963165283,
            -0.6305617094039917,
            0.10370625555515289
        ]
    },
    "objects": [
        {
            "class": "small_spoon",
            "visibility": 1.0,
            "location": [
                -0.05399775132536888,
                -0.7689955830574036,
                243.411376953125
            ],
            "quaternion_xyzw": [
                0.4586280584335327,
                0.883460521697998,
                -0.08514172583818436,
                0.04368786886334419
            ],
            "pose_transform_permuted": [
                [ -0.5755032, 0.8177989, -0.0009037554, 0 ],
                [ 0.8029203, 0.5648224, -0.1905117, 0 ],
                [ -0.1552898, -0.1103657, -0.9816844, 0 ],
                [ -0.05399775, -0.7689956, 243.4114, 1 ]
            ],
            "cuboid_centroid": [
                -0.05399775132536888,
                -0.7689955830574036,
                243.411376953125
            ],
            "projected_cuboid_centroid": [
                319.7350769042969,
                236.22705078125
            ],
            "bounding_box": {
                "top_left": [
                    297.35357666015627,
                    208.313720703125
                ],
                "bottom_right": [
                    341.96478271484377,
                    264.212646484375
                ]
            },
            "cuboid": [
                [ 4.478559, -4.656255, 244.951 ],
                [ -2.39151, 4.928614, 243.0972 ],
                [ -4.585156, 3.413529, 243.3932 ],
                [ 2.284914, -6.171315, 245.247 ],
                [ 4.477163, -4.951525, 243.4295 ],
                [ -2.392912, 4.633333, 241.5757 ],
                [ -4.586563, 3.118263, 241.8718 ],
                [ 2.283515, -6.466583, 243.7256 ]
            ],
            "projected_cuboid": [
                [ 341.8352, 217.2985 ],
                [ 308.2513, 264.2126 ],
                [ 297.502, 256.7491 ],
                [ 331.1266, 209.9481 ],
                [ 341.9648, 215.708 ],
                [ 308.1704, 262.9054 ],
                [ 297.3536, 255.3966 ],
                [ 331.1892, 208.3137 ]
            ]
        }
    ]
}