{
    "camera_data": {
        "location_worldframe": [
            -23.98381805419922,
            51.53069305419922,
            45.16207504272461
        ],
        "quaternion_xyzw_worldframe": [
            -0.004059750586748123,
            0.951138436794281,
            -0.3084843158721924,
            -0.012517280876636505
        ]
    },
    "objects": [
        {
            "class": "small_spoon",
            "visibility": 1.0,
            "location": [
                -0.07859531044960022,
                1.3064608573913575,
                83.99251556396485
            ],
            "quaternion_xyzw": [
                0.5226455926895142,
                0.7212949991226196,
                -0.3683635890483856,
                0.2662394940853119
            ],
            "pose_transform_permuted": [
                [ -0.3119164, 0.9501092, -0.0009728074, 0 ],
                [ 0.5578174, 0.1822997, -0.8096954, 0 ],
                [ -0.7691216, -0.2530999, -0.5868497, 0 ],
                [ -0.07859531, 1.306461, 83.99252, 1 ]
            ],
            "cuboid_centroid": [
                -0.07859531044960022,
                1.3064608573913575,
                83.99251556396485
            ],
            "projected_cuboid_centroid": [
                318.8824768066406,
                258.5760498046875
            ],
            "bounding_box": {
                "top_left": [
                    271.5682678222656,
                    200.919921875
                ],
                "bottom_right": [
                    361.5821838378906,
                    322.7222900390625
                ]
            },
            "cuboid": [
                [ 3.058185, -1.151054, 88.69853 ],
                [ -0.6653142, 5.507896, 79.51714 ],
                [ -3.213868, 5.018899, 80.19605 ],
                [ 0.5096306, -1.640044, 89.37744 ],
                [ 3.056679, -2.405977, 87.78899 ],
                [ -0.6668212, 4.252975, 78.6076 ],
                [ -3.215377, 3.763978, 79.28651 ],
                [ 0.5081264, -2.894967, 88.4679 ]
            ],
            "projected_cuboid": [
                [ 361.1761, 224.502 ],
                [ 310.0078, 322.7223 ],
                [ 272.14, 314.74 ],
                [ 326.8097, 218.0858 ],
                [ 361.5822, 207.2698 ],
                [ 309.8692, 304.6139 ],
                [ 271.5683, 296.6951 ],
                [ 326.8594, 200.9199 ]
            ]
        }
    ]
}