{
    "camera_data": {
        "location_worldframe": [
            67.70175170898438,
            73.93896484375,
            -66.92870330810547
        ],
        "quaternion_xyzw_worldframe": [
            0.29167070984840395,
            -0.46111443638801577,
            0.16363680362701417,
            0.8219030499458313
        ]
    },
    "objects": [
        {
            "class": "big_spoon",
            "visibility": 1.0,
            "location": [
                -1.1936213970184327,
                2.3349215984344484,
                112.25016021728516
            ],
            "quaternion_xyzw": [
                0.2836594581604004,
                0.32283735275268557,
                0.6794020533561707,
                -0.594748854637146
            ],
            "pose_transform_permuted": [
                [ -0.1316222, 0.9912989, 0.001423359, 0 ],
                [ -0.6249955, -0.0840997, 0.776085, 0 ],
                [ 0.7694519, 0.1012605, 0.6306267, 0 ],
                [ -1.193621, 2.334922, 112.2502, 1 ]
            ],
            "cuboid_centroid": [
                -1.1936213970184327,
                2.3349215984344484,
                112.25016021728516
            ],
            "projected_cuboid_centroid": [
                307.30078125,
                264.841796875
            ],
            "bounding_box": {
                "top_left": [
                    280.88525390625,
                    207.277099609375
                ],
                "bottom_right": [
                    336.3138427734375,
                    328.1114501953125
                ]
            },
            "cuboid": [
                [ 1.44892, 6.105206, 106.0682 ],
                [ -0.5151374, -3.220894, 117.5499 ],
                [ -3.838919, -2.938913, 117.2104 ],
                [ -1.874864, 6.387189, 105.7287 ],
                [ 1.451678, 7.608751, 107.29 ],
                [ -0.5123802, -1.717363, 118.7716 ],
                [ -3.836162, -1.43537, 118.4321 ],
                [ -1.872108, 7.890733, 106.9504 ]
            ],
            "projected_cuboid": [
                [ 336.3138, 308.7405 ],
                [ 314.7664, 207.2771 ],
                [ 280.8853, 210.0554 ],
                [ 298.8225, 312.1464 ],
                [ 336.1588, 324.6938 ],
                [ 314.848, 222.7318 ],
                [ 281.3166, 225.5259 ],
                [ 299.0952, 328.1115 ]
            ]
        }
    ]
}