{
    "camera_data": {
        "location_worldframe": [
            -5.730027198791504,
            123.56209564208985,
            38.4756965637207
        ],
        "quaternion_xyzw_worldframe": [
            -0.00336576160043478,
            0.8518290519714356,
            -0.5237805247306824,
            -0.005473768338561058
        ]
    },
    "objects": [
        {
            "class": "big_spoon",
            "visibility": 1.0,
            "location": [
                -0.4909590184688568,
                0.020026836544275285,
                136.92013549804688
            ],
            "quaternion_xyzw": [
                -0.22797639667987824,
                0.04640168324112892,
                0.19488270580768586,
                0.952834963798523
            ],
            "pose_transform_permuted": [
                [ 0.9197353, -0.3925391, -0.0004310235, 0 ],
                [ 0.3502252, 0.820095, 0.4525335, 0 ],
                [ -0.1772836, -0.416362, 0.8917473, 0 ],
                [ -0.490959, 0.02002684, 136.9201, 1 ]
            ],
            "cuboid_centroid": [
                -0.4909590184688568,
                0.020026836544275285,
                136.92013549804688
            ],
            "projected_cuboid_centroid": [
                315.71771240234377,
                240.1746826171875
            ],
            "bounding_box": {
                "top_left": [
                    250.0060272216797,
                    201.8897705078125
                ],
                "bottom_right": [
                    381.9883728027344,
                    279.112060546875
                ]
            },
            "cuboid": [
                [ -8.010715, -1.656461, 136.681 ],
                [ 5.713468, 3.569553, 134.0356 ],
                [ 7.029636, 0.8198017, 135.4316 ],
                [ -6.694548, -4.406214, 138.0771 ],
                [ -8.011549, -0.7797477, 138.4086 ],
                [ 5.712634, 4.446265, 135.7632 ],
                [ 7.0288, 1.69652, 137.1593 ],
                [ -6.695383, -3.529504, 139.8047 ]
            ],
            "projected_cuboid": [
                [ 250.006, 225.5266 ],
                [ 370.907, 271.8047 ],
                [ 381.9884, 247.2291 ],
                [ 262.0975, 201.8898 ],
                [ 250.8725, 233.272 ],
                [ 370.2518, 279.1121 ],
                [ 381.2003, 254.7717 ],
                [ 262.8059, 209.8499 ]
            ]
        }
    ]
}