{
    "camera_data": {
        "location_worldframe": [
            24.50703239440918,
            233.49880981445313,
            -41.90192794799805
        ],
        "quaternion_xyzw_worldframe": [
            0.5175371170043945,
            -0.36346593499183657,
            0.2574745714664459,
            0.7305852174758911
        ]
    },
    "objects": [
        {
            "class": "small_spoon",
            "visibility": 1.0,
            "location": [
                -0.24170635640621186,
                3.376763343811035,
                245.10189819335938
            ],
            "quaternion_xyzw": [
                -0.14772920310497285,
                0.08904663473367691,
                0.5191201567649841,
                0.8371147513389587
            ],
            "pose_transform_permuted": [
                [ 0.4451699, -0.8954358, -0.004293904, 0 ],
                [ 0.8428167, 0.4173807, 0.3397844, 0 ],
                [ -0.3024629, -0.1548808, 0.9404936, 0 ],
                [ -0.2417064, 3.376763, 245.1019, 1 ]
            ],
            "cuboid_centroid": [
                -0.24170635640621186,
                3.376763343811035,
                245.10189819335938
            ],
            "projected_cuboid_centroid": [
                318.8222961425781,
                256.4532470703125
            ],
            "bounding_box": {
                "top_left": [
                    300.11065673828127,
                    227.9942626953125
                ],
                "bottom_right": [
                    337.80584716796877,
                    285.2120361328125
                ]
            },
            "cuboid": [
                [ -4.096435, -1.357332, 245.9707 ],
                [ 1.21778, 8.703793, 242.36 ],
                [ 3.619681, 7.584213, 242.7755 ],
                [ -1.694533, -2.476895, 246.3861 ],
                [ -4.103098, -0.8307008, 247.4283 ],
                [ 1.211125, 9.230424, 243.8177 ],
                [ 3.613025, 8.110858, 244.2331 ],
                [ -1.70119, -1.950276, 247.8438 ]
            ],
            "projected_cuboid": [
                [ 300.1107, 233.4098 ],
                [ 326.0007, 282.8889 ],
                [ 337.8058, 277.3081 ],
                [ 311.7864, 227.9943 ],
                [ 300.1957, 235.9905 ],
                [ 325.9323, 285.212 ],
                [ 337.6671, 279.6606 ],
                [ 311.8027, 230.6024 ]
            ]
        }
    ]
}