{
    "camera_data": {
        "location_worldframe": [
            -38.369590759277347,
            143.8561553955078,
            -27.242868423461915
        ],
        "quaternion_xyzw_worldframe": [
            0.41098758578300478,
            0.582527220249176,
            -0.43573713302612307,
            0.5494401454925537
        ]
    },
    "objects": [
        {
            "class": "mug",
            "visibility": 1.0,
            "location": [
                -3.0669925212860109,
                -2.9545631408691408,
                146.24522399902345
            ],
            "quaternion_xyzw": [
                0.9748504757881165,
                -0.1710200011730194,
                0.024602459743618966,
                0.1407596915960312
            ],
            "pose_transform_permuted": [
                [ 0.9402937, -0.3403639, -0.0001780093, 0 ],
                [ -0.3265118, -0.9018775, -0.2828543, 0 ],
                [ 0.09611288, 0.2660243, -0.9591627, 0 ],
                [ -3.066993, -2.954563, 146.2452, 1 ]
            ],
            "cuboid_centroid": [
                -3.0669925212860109,
                -2.9545631408691408,
                146.24522399902345
            ],
            "projected_cuboid_centroid": [
                294.9545593261719,
                215.8726806640625
            ],
            "bounding_box": {
                "top_left": [
                    240.12948608398438,
                    163.0242919921875
                ],
                "bottom_right": [
                    348.77288818359377,
                    267.0799560546875
                ]
            },
            "cuboid": [
                [ -9.553792, -3.395654, 150.5468 ],
                [ 0.868498, -7.014728, 151.6121 ],
                [ 3.42123, -0.2506538, 149.6169 ],
                [ -7.001061, 3.368432, 148.5516 ],
                [ -9.555219, -5.658484, 142.8735 ],
                [ 0.8670754, -9.277567, 143.9388 ],
                [ 3.419809, -2.513486, 141.9436 ],
                [ -7.002487, 1.105603, 140.8783 ]
            ],
            "projected_cuboid": [
                [ 244.2118, 213.063 ],
                [ 326.8412, 184.7446 ],
                [ 347.3086, 237.9993 ],
                [ 263.7161, 267.08 ],
                [ 240.1295, 192.7017 ],
                [ 327.1941, 163.0243 ],
                [ 348.7729, 218.8525 ],
                [ 260.6384, 249.3724 ]
            ]
        },
        {
            "class": "packet_cup",
            "visibility": 1.0,
            "location": [
                -15.19158935546875,
                -15.680310249328614,
                151.55601501464845
            ],
            "quaternion_xyzw": [
                -0.7588289976119995,
                -0.19067826867103578,
                0.25730717182159426,
                0.5671095848083496
            ],
            "pose_transform_permuted": [
                [ 0.7948696, -0.002458334, -0.6067753, 0 ],
                [ 0.5812271, -0.2840569, 0.7625526, 0 ],
                [ -0.1742333, -0.9588041, -0.2243593, 0 ],
                [ -15.19159, -15.68031, 151.556, 1 ]
            ],
            "cuboid_centroid": [
                -15.19158935546875,
                -15.680310249328614,
                151.55601501464845
            ],
            "projected_cuboid_centroid": [
                200.29080200195313,
                116.439697265625
            ],
            "bounding_box": {
                "top_left": [
                    169.6927032470703,
                    80.4215087890625
                ],
                "bottom_right": [
                    229.74868774414063,
                    151.8419189453125
                ]
            },
            "cuboid": [
                [ -14.46504, -20.07654, 150.2492 ],
                [ -11.683, -18.04224, 149.6393 ],
                [ -11.67071, -16.62195, 154.4334 ],
                [ -14.45275, -18.65625, 155.0432 ],
                [ -18.71247, -14.73868, 148.6786 ],
                [ -15.93043, -12.70438, 148.0688 ],
                [ -15.91813, -11.28409, 152.8629 ],
                [ -18.70018, -13.31838, 153.4727 ]
            ],
            "projected_cuboid": [
                [ 205.0245, 80.42151 ],
                [ 226.7592, 96.00671 ],
                [ 229.7487, 111.46 ],
                [ 208.6743, 96.2959 ],
                [ 169.6927, 121.6121 ],
                [ 191.5124, 137.5322 ],
                [ 195.638, 151.8419 ],
                [ 174.4835, 136.3623 ]
            ]
        }
    ]
}