{
    "camera_data": {
        "location_worldframe": [
            64.48123168945313,
            51.01515197753906,
            6.320113182067871
        ],
        "quaternion_xyzw_worldframe": [
            0.1138027161359787,
            -0.8369376063346863,
            0.19035910069942475,
            0.5003477334976196
        ]
    },
    "objects": [
        {
            "class": "small_spoon",
            "visibility": 1.0,
            "location": [
                3.2234573364257814,
                -0.17097291350364686,
                115.58880615234375
            ],
            "quaternion_xyzw": [
                0.006750583648681641,
                0.8462711572647095,
                -0.5326927304267883,
                0.00424316106364131
            ],
            "pose_transform_permuted": [
                [ -0.9998729, 0.01594625, -1.024408E-05, 0 ],
                [ 0.006905047, 0.4323858, -0.9016623, 0 ],
                [ -0.0143737, -0.9015477, -0.4324409, 0 ],
                [ 3.223457, -0.1709729, 115.5888, 1 ]
            ],
            "cuboid_centroid": [
                3.2234573364257814,
                -0.17097291350364686,
                115.58880615234375
            ],
            "projected_cuboid_centroid": [
                353.3045654296875,
                238.2335205078125
            ],
            "bounding_box": {
                "top_left": [
                    291.46209716796877,
                    224.7236328125
                ],
                "bottom_right": [
                    416.4027099609375,
                    251.969482421875
                ]
            },
            "cuboid": [
                [ 9.212843, 1.066447, 114.8006 ],
                [ -2.723142, 1.148873, 114.629 ],
                [ -2.765915, -0.01094699, 117.0473 ],
                [ 9.170069, -0.09337121, 117.2189 ],
                [ 9.212826, -0.3310037, 114.1304 ],
                [ -2.723154, -0.2485743, 113.9588 ],
                [ -2.765928, -1.408395, 116.3771 ],
                [ 9.170053, -1.490836, 116.5486 ]
            ],
            "projected_cuboid": [
                [ 415.8401, 251.0941 ],
                [ 291.6291, 251.9695 ],
                [ 291.7788, 239.8883 ],
                [ 413.4271, 239.0487 ],
                [ 416.4027, 236.5364 ],
                [ 291.4621, 237.395 ],
                [ 291.6162, 225.5471 ],
                [ 413.9642, 224.7236 ]
            ]
        }
    ]
}