{
    "camera_data": {
        "location_worldframe": [
            -9.859031677246094,
            243.2898712158203,
            -6.523508071899414
        ],
        "quaternion_xyzw_worldframe": [
            0.5381856560707092,
            0.431774377822876,
            -0.37552890181541445,
            0.6187933087348938
        ]
    },
    "objects": [
        {
            "class": "knife",
            "visibility": 1.0,
            "location": [
                0.6703683137893677,
                -1.1176953315734864,
                245.0324249267578
            ],
            "quaternion_xyzw": [
                0.6505517959594727,
                0.7561650276184082,
                -0.054853249341249469,
                0.04458712413907051
            ],
            "pose_transform_permuted": [
                [ -0.1495889, 0.9887406, -0.003939308, 0 ],
                [ 0.9789575, 0.147547, -0.1409687, 0 ],
                [ -0.1388002, -0.02494375, -0.9900064, 0 ],
                [ 0.6703683, -1.117695, 245.0324, 1 ]
            ],
            "cuboid_centroid": [
                0.6703683137893677,
                -1.1176953315734864,
                245.0324249267578
            ],
            "projected_cuboid_centroid": [
                323.26727294921877,
                234.552490234375
            ],
            "bounding_box": {
                "top_left": [
                    312.07135009765627,
                    194.50927734375
                ],
                "bottom_right": [
                    334.357177734375,
                    274.847900390625
                ]
            },
            "cuboid": [
                [ 2.957504, -8.934233, 246.5404 ],
                [ 0.5032068, 7.127497, 244.2631 ],
                [ -1.613603, 6.811601, 244.3165 ],
                [ 0.8406889, -9.2501, 246.5938 ],
                [ 2.954354, -9.047004, 245.7484 ],
                [ 0.5000587, 7.014697, 243.4711 ],
                [ -1.616757, 6.698815, 243.5245 ],
                [ 0.8375334, -9.3629, 245.8018 ]
            ],
            "projected_cuboid": [
                [ 334.3263, 196.722 ],
                [ 322.4603, 274.8479 ],
                [ 312.1125, 273.2961 ],
                [ 324.0715, 195.2017 ],
                [ 334.3572, 196.0345 ],
                [ 322.4529, 274.408 ],
                [ 312.0714, 272.8513 ],
                [ 324.0692, 194.5093 ]
            ]
        },
        {
            "class": "packet_cup",
            "visibility": 1.0,
            "location": [
                -7.356090545654297,
                49.92886734008789,
                236.5011444091797
            ],
            "quaternion_xyzw": [
                -0.33310437202453616,
                0.5715237855911255,
                -0.4163830876350403,
                -0.6237202882766724
            ],
            "pose_transform_permuted": [
                [ -2.864003E-05, -0.9001673, -0.4355439, 0 ],
                [ 0.138659, 0.4313332, -0.8914736, 0 ],
                [ 0.99034, -0.06041777, 0.1248041, 0 ],
                [ -7.356091, 49.92887, 236.5011, 1 ]
            ],
            "cuboid_centroid": [
                -7.356090545654297,
                49.92886734008789,
                236.5011444091797
            ],
            "projected_cuboid_centroid": [
                282.85406494140627,
                492.12506103515627
            ],
            "bounding_box": {
                "top_left": [
                    263.44659423828127,
                    469.89312744140627
                ],
                "bottom_right": [
                    302.0255126953125,
                    514.7975463867188
                ]
            },
            "cuboid": [
                [ -8.082056, 53.8847, 234.1802 ],
                [ -8.082151, 54.37001, 237.6464 ],
                [ -3.581311, 52.21334, 237.9485 ],
                [ -3.581211, 51.72804, 234.4823 ],
                [ -11.13086, 47.64439, 235.0538 ],
                [ -11.13096, 48.1297, 238.52 ],
                [ -6.630123, 45.97302, 238.8221 ],
                [ -6.630021, 45.48772, 235.3559 ]
            ],
            "projected_cuboid": [
                [ 278.7837, 514.7975 ],
                [ 279.3844, 513.2283 ],
                [ 302.0255, 502.0572 ],
                [ 301.7603, 503.4593 ],
                [ 263.4466, 482.0706 ],
                [ 264.2679, 480.9827 ],
                [ 286.8453, 469.8931 ],
                [ 286.3576, 470.8163 ]
            ]
        }
    ]
}