{
    "camera_data": {
        "location_worldframe": [
            68.41748046875,
            70.12431335449219,
            68.76800537109375
        ],
        "quaternion_xyzw_worldframe": [
            -0.11734190583229065,
            0.8604126572608948,
            -0.2297302633523941,
            -0.4394826591014862
        ]
    },
    "objects": [
        {
            "class": "packet_cup",
            "visibility": 1.0,
            "location": [
                -1.3080675601959229,
                -2.284202814102173,
                140.3397979736328
            ],
            "quaternion_xyzw": [
                -0.29820960760116579,
                0.06106865406036377,
                -0.7044652700424194,
                -0.6411477327346802
            ],
            "pose_transform_permuted": [
                [ -1.385342E-06, -0.9397551, 0.3418486, 0 ],
                [ 0.8669102, -0.1704006, -0.4684343, 0 ],
                [ 0.4984647, 0.2963513, 0.8146833, 0 ],
                [ -1.308068, -2.284203, 140.3398, 1 ]
            ],
            "cuboid_centroid": [
                -1.3080675601959229,
                -2.284202814102173,
                140.3397979736328
            ],
            "projected_cuboid_centroid": [
                308.8686828613281,
                220.56201171875
            ],
            "bounding_box": {
                "top_left": [
                    277.79736328125,
                    191.0240478515625
                ],
                "bottom_right": [
                    338.8764953613281,
                    251.2674560546875
                ]
            },
            "cuboid": [
                [ -4.853923, -2.587787, 137.357 ],
                [ -4.853929, 0.4463954, 139.1016 ],
                [ -0.1551518, 1.298402, 137.6199 ],
                [ -0.155151, -1.735775, 135.8752 ],
                [ -2.460983, -5.866823, 143.0598 ],
                [ -2.460985, -2.832638, 144.8044 ],
                [ 2.237789, -1.980632, 143.3226 ],
                [ 2.237792, -5.01482, 141.578 ]
            ],
            "projected_cuboid": [
                [ 277.7974, 217.5004 ],
                [ 278.3266, 243.8325 ],
                [ 318.6536, 251.2675 ],
                [ 318.6363, 224.7437 ],
                [ 299.4558, 191.024 ],
                [ 299.7033, 216.6382 ],
                [ 338.6467, 223.4961 ],
                [ 338.8765, 197.6984 ]
            ]
        }
    ]
}