{
    "camera_data": {
        "location_worldframe": [
            -64.62324523925781,
            195.2838134765625,
            66.77194213867188
        ],
        "quaternion_xyzw_worldframe": [
            0.11479635536670685,
            0.8112889528274536,
            -0.5474390387535095,
            0.17012490332126618
        ]
    },
    "objects": [
        {
            "class": "packet_cup",
            "visibility": 1.0,
            "location": [
                -2.8840370178222658,
                -0.8331171870231628,
                208.60679626464845
            ],
            "quaternion_xyzw": [
                0.7016928791999817,
                0.18163466453552247,
                0.6833807826042175,
                0.08733068406581879
            ],
            "pose_transform_permuted": [
                [ -9.164214E-07, 0.1355433, 0.9907714, 0 ],
                [ 0.3742637, -0.9187644, 0.1256926, 0 ],
                [ 0.9273223, 0.3708099, -0.05072811, 0 ],
                [ -2.884037, -0.8331172, 208.6068, 1 ]
            ],
            "cuboid_centroid": [
                -2.8840370178222658,
                -0.8331171870231628,
                208.60679626464845
            ],
            "projected_cuboid_centroid": [
                303.4891357421875,
                235.23046875
            ],
            "bounding_box": {
                "top_left": [
                    281.25628662109377,
                    215.75244140625
                ],
                "bottom_right": [
                    325.3035888671875,
                    254.6119384765625
                ]
            },
            "cuboid": [
                [ -6.012876, -4.224924, 208.0886 ],
                [ -6.01288, -2.915002, 211.3342 ],
                [ -6.690599, 1.678823, 209.4801 ],
                [ -6.690598, 0.3689019, 206.2345 ],
                [ 0.9225237, -3.345062, 207.7335 ],
                [ 0.9225222, -2.035144, 210.9791 ],
                [ 0.2448042, 2.558683, 209.125 ],
                [ 0.2448059, 1.248743, 205.8794 ]
            ],
            "projected_cuboid": [
                [ 285.4911, 215.7524 ],
                [ 286.021, 223.5272 ],
                [ 281.8566, 249.571 ],
                [ 281.2563, 242.1362 ],
                [ 325.3036, 220.7693 ],
                [ 325.222, 228.48 ],
                [ 321.398, 254.6119 ],
                [ 321.42, 247.2437 ]
            ]
        }
    ]
}