{
    "camera_data": {
        "location_worldframe": [
            -53.38164138793945,
            230.2311248779297,
            -37.605220794677737
        ],
        "quaternion_xyzw_worldframe": [
            0.4638548195362091,
            0.49514907598495486,
            -0.3580586910247803,
            0.6414515376091003
        ]
    },
    "objects": [
        {
            "class": "big_spoon",
            "visibility": 1.0,
            "location": [
                0.9778950214385986,
                1.0006070137023926,
                240.65304565429688
            ],
            "quaternion_xyzw": [
                0.6828812956809998,
                0.7135589122772217,
                -0.11323605477809906,
                0.10809459537267685
            ],
            "pose_transform_permuted": [
                [ -0.04397741, 0.9990325, -0.0003898442, 0 ],
                [ 0.9500717, 0.04170147, -0.3092327, 0 ],
                [ -0.3089173, -0.01396963, -0.9509863, 0 ],
                [ 0.977895, 1.000607, 240.653, 1 ]
            ],
            "cuboid_centroid": [
                0.9778950214385986,
                1.0006070137023926,
                240.65304565429688
            ],
            "projected_cuboid_centroid": [
                324.8528747558594,
                244.965576171875
            ],
            "bounding_box": {
                "top_left": [
                    314.8424987792969,
                    208.1416015625
                ],
                "bottom_right": [
                    334.70770263671877,
                    282.22265625
                ]
            },
            "cuboid": [
                [ 2.98124, -5.718377, 243.8556 ],
                [ 2.325019, 8.458489, 239.246 ],
                [ -1.024699, 8.318671, 239.2928 ],
                [ -0.3684709, -5.85819, 243.9025 ],
                [ 2.980485, -6.317452, 242.0132 ],
                [ 2.32426, 7.859399, 237.4036 ],
                [ -1.025452, 7.719571, 237.4505 ],
                [ -0.3692248, -6.45728, 242.0601 ]
            ],
            "projected_cuboid": [
                [ 334.6003, 211.9949 ],
                [ 331.6059, 282.2227 ],
                [ 314.886, 281.5166 ],
                [ 318.1958, 211.3157 ],
                [ 334.7077, 208.8254 ],
                [ 331.6922, 279.5366 ],
                [ 314.8425, 278.8256 ],
                [ 318.1783, 208.1416 ]
            ]
        }
    ]
}