{
    "camera_data": {
        "location_worldframe": [
            54.54171371459961,
            65.3844223022461,
            -69.21101379394531
        ],
        "quaternion_xyzw_worldframe": [
            0.36282262206077578,
            -0.28470563888549807,
            0.11745138466358185,
            0.8794928193092346
        ]
    },
    "objects": [
        {
            "class": "big_spoon",
            "visibility": 1.0,
            "location": [
                0.11578144133090973,
                2.366436719894409,
                88.39957427978516
            ],
            "quaternion_xyzw": [
                0.18902117013931275,
                -0.9034011960029602,
                0.3762994110584259,
                0.08084580302238465
            ],
            "pose_transform_permuted": [
                [ -0.91547, -0.4023684, -0.003815278, 0 ],
                [ -0.2806795, 0.6453395, -0.7104618, 0 ],
                [ 0.2883295, -0.6493356, -0.7037255, 0 ],
                [ 0.1157814, 2.366437, 88.39957, 1 ]
            ],
            "cuboid_centroid": [
                0.11578144133090973,
                2.366436719894409,
                88.39957427978516
            ],
            "projected_cuboid_centroid": [
                321.5641784667969,
                271.969970703125
            ],
            "bounding_box": {
                "top_left": [
                    220.55435180664063,
                    220.334228515625
                ],
                "bottom_right": [
                    424.97406005859377,
                    326.683349609375
                ]
            },
            "cuboid": [
                [ 6.275188, 6.230675, 85.84144 ],
                [ -7.385357, 2.042414, 90.14386 ],
                [ -6.036233, -0.1213909, 92.32106 ],
                [ 7.624312, 4.066878, 88.01865 ],
                [ 6.267799, 4.854274, 84.47809 ],
                [ -7.392748, 0.6660067, 88.78051 ],
                [ -6.043625, -1.497798, 90.9577 ],
                [ 7.616923, 2.690471, 86.6553 ]
            ],
            "projected_cuboid": [
                [ 407.3026, 326.6833 ],
                [ 222.1563, 267.0586 ],
                [ 241.9159, 238.4297 ],
                [ 423.4483, 295.1803 ],
                [ 408.6071, 308.6243 ],
                [ 220.5544, 248.959 ],
                [ 240.6484, 220.3342 ],
                [ 424.9741, 277.0792 ]
            ]
        }
    ]
}