{
    "camera_data": {
        "location_worldframe": [
            -52.40024948120117,
            222.5983123779297,
            59.814666748046878
        ],
        "quaternion_xyzw_worldframe": [
            0.28358161449432375,
            0.6942862868309021,
            -0.5604960322380066,
            0.35127246379852297
        ]
    },
    "objects": [
        {
            "class": "packet_cup",
            "visibility": 1.0,
            "location": [
                -1.8999568223953248,
                1.5989378690719605,
                223.3816680908203
            ],
            "quaternion_xyzw": [
                -0.9199670553207398,
                0.3772444725036621,
                -0.04080604761838913,
                -0.09839741885662079
            ],
            "pose_transform_permuted": [
                [ 0.7120429, -0.7021354, 0.0008406714, 0 ],
                [ -0.6860746, -0.6960091, -0.2118325, 0 ],
                [ 0.1493202, 0.1502571, -0.9773056, 0 ],
                [ -1.899957, 1.598938, 223.3817, 1 ]
            ],
            "cuboid_centroid": [
                -1.8999568223953248,
                1.5989378690719605,
                223.3816680908203
            ],
            "projected_cuboid_centroid": [
                309.84234619140627,
                248.54833984375
            ],
            "bounding_box": {
                "top_left": [
                    293.4183044433594,
                    228.72265625
                ],
                "bottom_right": [
                    325.99932861328127,
                    267.88623046875
                ]
            },
            "cuboid": [
                [ -4.904301, 1.80098, 226.9166 ],
                [ -2.412158, -0.6002998, 227.4392 ],
                [ 1.09852, 2.879759, 226.6879 ],
                [ -1.393631, 5.281025, 226.1653 ],
                [ -4.898427, 0.3181456, 220.0754 ],
                [ -2.406279, -2.083105, 220.5981 ],
                [ 1.104399, 1.39692, 219.8468 ],
                [ -1.387747, 3.798187, 219.3241 ]
            ],
            "projected_cuboid": [
                [ 294.1888, 249.4785 ],
                [ 307.334, 236.8479 ],
                [ 325.7873, 255.1714 ],
                [ 312.641, 267.8862 ],
                [ 293.4183, 241.7264 ],
                [ 306.9731, 228.7227 ],
                [ 325.9993, 247.5884 ],
                [ 312.4435, 260.6818 ]
            ]
        }
    ]
}