{
    "camera_data": {
        "location_worldframe": [
            19.355144500732423,
            115.97779846191406,
            43.31380844116211
        ],
        "quaternion_xyzw_worldframe": [
            -0.35329174995422366,
            0.6466368436813355,
            -0.4839783012866974,
            -0.47202834486961367
        ]
    },
    "objects": [
        {
            "class": "packet_cup",
            "visibility": 1.0,
            "location": [
                1.8255445957183838,
                -2.0374414920806886,
                117.41243743896485
            ],
            "quaternion_xyzw": [
                0.08161650598049164,
                -0.9864315986633301,
                0.14190679788589478,
                0.012403218075633049
            ],
            "pose_transform_permuted": [
                [ -0.9863697, -0.1645384, -0.001305979, 0 ],
                [ -0.157498, 0.9464024, -0.2819873, 0 ],
                [ 0.04763373, -0.2779381, -0.9594172, 0 ],
                [ 1.825545, -2.037441, 117.4124, 1 ]
            ],
            "cuboid_centroid": [
                1.8255445957183838,
                -2.0374414920806886,
                117.41243743896485
            ],
            "projected_cuboid_centroid": [
                338.5684509277344,
                219.2762451171875
            ],
            "bounding_box": {
                "top_left": [
                    316.6678771972656,
                    181.073486328125
                ],
                "bottom_right": [
                    361.227783203125,
                    255.836181640625
                ]
            },
            "cuboid": [
                [ 3.144915, 1.59113, 119.9922 ],
                [ -0.3073778, 1.039891, 120.1589 ],
                [ 0.5153139, -3.692112, 121.5486 ],
                [ 3.967604, -3.14088, 121.3819 ],
                [ 3.135774, -0.3827736, 113.2763 ],
                [ -0.3165196, -0.934019, 113.443 ],
                [ 0.5061715, -5.666028, 114.8327 ],
                [ 3.958468, -5.114789, 114.666 ]
            ],
            "projected_cuboid": [
                [ 351.3007, 255.8362 ],
                [ 316.945, 250.3354 ],
                [ 325.0631, 203.7238 ],
                [ 359.0366, 209.0974 ],
                [ 353.06, 235.9645 ],
                [ 316.6679, 230.1672 ],
                [ 325.2642, 181.0735 ],
                [ 361.2278, 186.729 ]
            ]
        }
    ]
}