{
    "camera_data": {
        "location_worldframe": [
            -36.09967803955078,
            238.00570678710938,
            11.28528118133545
        ],
        "quaternion_xyzw_worldframe": [
            0.6188991665840149,
            0.2582230567932129,
            -0.22621192038059236,
            0.7064792513847351
        ]
    },
    "objects": [
        {
            "class": "packet_cup",
            "visibility": 1.0,
            "location": [
                1.5554451942443848,
                -0.4378862679004669,
                236.21572875976563
            ],
            "quaternion_xyzw": [
                -0.9328892827033997,
                -0.3541475534439087,
                0.022769024595618249,
                -0.061471447348594668
            ],
            "pose_transform_permuted": [
                [ 0.7481222, 0.6635602, 0.001057968, 0 ],
                [ 0.6579617, -0.7416017, -0.1308193, 0 ],
                [ -0.08602189, 0.09856492, -0.9914058, 0 ],
                [ 1.555445, -0.4378863, 236.2157, 1 ]
            ],
            "cuboid_centroid": [
                1.5554451942443848,
                -0.4378862679004669,
                236.21572875976563
            ],
            "projected_cuboid_centroid": [
                327.864013671875,
                237.7861328125
            ],
            "bounding_box": {
                "top_left": [
                    312.7673645019531,
                    220.0164794921875
                ],
                "bottom_right": [
                    343.22052001953127,
                    255.0994873046875
                ]
            },
            "cuboid": [
                [ 1.901422, -2.985454, 240.0826 ],
                [ 4.519855, -0.6825817, 239.7815 ],
                [ 1.202057, 3.025429, 239.2887 ],
                [ -1.416372, 0.722564, 239.5897 ],
                [ 1.908829, -3.901185, 233.1427 ],
                [ 4.527256, -1.598325, 232.8417 ],
                [ 1.209454, 2.109686, 232.3488 ],
                [ -1.408969, -0.1931881, 232.6499 ]
            ],
            "projected_cuboid": [
                [ 329.4583, 225.1493 ],
                [ 342.5116, 236.6003 ],
                [ 325.9993, 255.0995 ],
                [ 312.94, 243.6017 ],
                [ 329.7778, 220.0165 ],
                [ 343.2205, 231.8021 ],
                [ 326.2165, 250.8436 ],
                [ 312.7674, 239.0083 ]
            ]
        }
    ]
}