{
    "camera_data": {
        "location_worldframe": [
            19.296602249145509,
            37.21620559692383,
            67.55496978759766
        ],
        "quaternion_xyzw_worldframe": [
            -0.12626990675926209,
            0.8370128870010376,
            -0.21748140454292298,
            -0.48597046732902529
        ]
    },
    "objects": [
        {
            "class": "big_plates",
            "visibility": 1.0,
            "location": [
                -4.065523624420166,
                0.46099379658699038,
                73.29496765136719
            ],
            "quaternion_xyzw": [
                0.9136219620704651,
                -0.0835648775100708,
                0.32037433981895449,
                -0.2359493374824524
            ],
            "pose_transform_permuted": [
                [ 0.7807544, -0.00150919, 0.6248362, 0 ],
                [ -0.3038777, -0.8746897, 0.3775929, 0 ],
                [ 0.5459679, -0.4846811, -0.6833764, 0 ],
                [ -4.065524, 0.4609938, 73.29497, 1 ]
            ],
            "cuboid_centroid": [
                -4.065523624420166,
                0.46099379658699038,
                73.29496765136719
            ],
            "projected_cuboid_centroid": [
                253.75701904296876,
                247.5113525390625
            ],
            "bounding_box": {
                "top_left": [
                    56.46039962768555,
                    152.2664794921875
                ],
                "bottom_right": [
                    456.9849853515625,
                    374.2352294921875
                ]
            },
            "cuboid": [
                [ -16.36098, -0.8337684, 74.14143 ],
                [ -2.706913, -6.148071, 83.68948 ],
                [ -2.704678, -4.852121, 84.40759 ],
                [ -16.35874, 0.4621875, 74.85954 ],
                [ -5.426369, 5.774103, 62.18235 ],
                [ 8.227703, 0.4597969, 71.73039 ],
                [ 8.229932, 1.755749, 72.44851 ],
                [ -5.424132, 7.070055, 62.90046 ]
            ],
            "projected_cuboid": [
                [ 56.4604, 226.5698 ],
                [ 281.3721, 152.2665 ],
                [ 281.7324, 171.3489 ],
                [ 59.02414, 247.3734 ],
                [ 215.7827, 350.8958 ],
                [ 456.985, 247.6553 ],
                [ 455.6639, 268.9421 ],
                [ 217.015, 374.2352 ]
            ]
        }
    ]
}