{
    "camera_data": {
        "location_worldframe": [
            -43.6978759765625,
            168.5703582763672,
            10.996240615844727
        ],
        "quaternion_xyzw_worldframe": [
            0.4165744483470917,
            0.581498384475708,
            -0.462126761674881,
            0.5241796374320984
        ]
    },
    "objects": [
        {
            "class": "big_spoon",
            "visibility": 1.0,
            "location": [
                -3.6165401935577394,
                1.271178960800171,
                171.33078002929688
            ],
            "quaternion_xyzw": [
                -0.7432109713554382,
                -0.6596959829330444,
                0.07392378896474838,
                -0.0835106149315834
            ],
            "pose_transform_permuted": [
                [ 0.118673, 0.9929335, 0.0003012866, 0 ],
                [ 0.9682397, -0.1156546, -0.2216665, 0 ],
                [ -0.2200652, 0.02659755, -0.9751227, 0 ],
                [ -3.61654, 1.271179, 171.3308, 1 ]
            ],
            "cuboid_centroid": [
                -3.6165401935577394,
                1.271178960800171,
                171.33078002929688
            ],
            "projected_cuboid_centroid": [
                294.791015625,
                248.8607177734375
            ],
            "bounding_box": {
                "top_left": [
                    277.18115234375,
                    195.84912109375
                ],
                "bottom_right": [
                    312.53558349609377,
                    302.3333740234375
                ]
            },
            "cuboid": [
                [ -2.837612, -5.931991, 173.9618 ],
                [ -1.066782, 8.515977, 170.678 ],
                [ -4.396048, 8.903768, 170.5889 ],
                [ -6.16688, -5.544198, 173.8727 ],
                [ -2.837033, -6.361415, 172.0727 ],
                [ -1.066199, 8.086536, 168.7889 ],
                [ -4.395464, 8.474329, 168.6997 ],
                [ -6.166295, -5.973628, 171.9835 ]
            ],
            "projected_cuboid": [
                [ 300.5197, 199.2766 ],
                [ 312.5356, 299.5874 ],
                [ 289.2242, 302.3334 ],
                [ 277.6424, 201.9193 ],
                [ 300.3098, 195.8491 ],
                [ 312.4562, 297.2158 ],
                [ 288.8837, 299.9913 ],
                [ 277.1812, 198.519 ]
            ]
        },
        {
            "class": "wine_glass",
            "visibility": 1.0,
            "location": [
                -31.419294357299806,
                7.0387282371521,
                165.26031494140626
            ],
            "quaternion_xyzw": [
                -0.37862467765808108,
                0.23104837536811829,
                0.8457458019256592,
                0.29660430550575259
            ],
            "pose_transform_permuted": [
                [ -0.5373386, -0.6766649, -0.5033806, 0 ],
                [ 0.3267424, -0.7172852, 0.6154198, 0 ],
                [ -0.7775003, 0.166213, 0.60652, 0 ],
                [ -31.41929, 7.038728, 165.2603, 1 ]
            ],
            "cuboid_centroid": [
                -31.419294357299806,
                7.0387282371521,
                165.26031494140626
            ],
            "projected_cuboid_centroid": [
                92.94798278808594,
                290.865478515625
            ],
            "bounding_box": {
                "top_left": [
                    26.393718719482423,
                    223.966796875
                ],
                "bottom_right": [
                    159.99452209472657,
                    359.376220703125
                ]
            },
            "cuboid": [
                [ -32.54816, -2.245075, 167.2277 ],
                [ -36.80006, 0.3403815, 161.0754 ],
                [ -26.31175, 11.45832, 158.4991 ],
                [ -22.05985, 8.872832, 164.6514 ],
                [ -36.52684, 2.619143, 172.0216 ],
                [ -40.77874, 5.204615, 165.8693 ],
                [ -30.29043, 16.32254, 163.293 ],
                [ -26.03853, 13.73706, 169.4452 ]
            ],
            "projected_cuboid": [
                [ 87.55733, 223.9668 ],
                [ 47.15452, 242.5237 ],
                [ 121.7467, 326.3359 ],
                [ 159.9945, 304.3568 ],
                [ 66.4131, 258.1833 ],
                [ 26.39372, 277.4731 ],
                [ 98.46851, 359.3762 ],
                [ 136.4795, 336.8193 ]
            ]
        }
    ]
}