{
    "camera_data": {
        "location_worldframe": [
            0.592261552810669,
            198.51882934570313,
            56.19050216674805
        ],
        "quaternion_xyzw_worldframe": [
            -0.09326881915330887,
            0.7647250890731812,
            -0.6273519992828369,
            -0.11369216442108154
        ]
    },
    "objects": [
        {
            "class": "teacup",
            "visibility": 1.0,
            "location": [
                -2.7677760124206545,
                -3.1625139713287355,
                199.42225646972657
            ],
            "quaternion_xyzw": [
                0.029795432463288308,
                0.09239576756954193,
                0.9480553865432739,
                -0.3029292821884155
            ],
            "pose_transform_permuted": [
                [ -0.814692, 0.5798934, 0.0005166717, 0 ],
                [ -0.5688816, -0.7993936, 0.1932444, 0 ],
                [ 0.1124742, 0.1571408, 0.9811505, 0 ],
                [ -2.767776, -3.162514, 199.4223, 1 ]
            ],
            "cuboid_centroid": [
                -2.7677760124206545,
                -3.1625139713287355,
                199.42225646972657
            ],
            "projected_cuboid_centroid": [
                303.4249572753906,
                221.06103515625
            ],
            "bounding_box": {
                "top_left": [
                    272.9921875,
                    190.0816650390625
                ],
                "bottom_right": [
                    333.33856201171877,
                    251.3575439453125
                ]
            },
            "cuboid": [
                [ 2.191758, -3.376475, 196.2373 ],
                [ -4.777105, -8.242675, 197.1994 ],
                [ -7.730578, -4.171272, 196.3991 ],
                [ -0.7617225, 0.6949432, 195.437 ],
                [ 2.195027, -2.153753, 202.4454 ],
                [ -4.773832, -7.019939, 203.4075 ],
                [ -7.727312, -2.948521, 202.6072 ],
                [ -0.7584512, 1.917673, 201.6451 ]
            ],
            "projected_cuboid": [
                [ 333.3386, 219.4515 ],
                [ 291.0695, 190.0817 ],
                [ 272.9922, 214.6355 ],
                [ 315.3453, 244.2466 ],
                [ 332.9488, 227.2947 ],
                [ 291.9716, 198.7842 ],
                [ 274.4518, 222.6201 ],
                [ 315.508, 251.3575 ]
            ]
        }
    ]
}