{
    "camera_data": {
        "location_worldframe": [
            -9.946483612060547,
            77.10052490234375,
            -21.484895706176759
        ],
        "quaternion_xyzw_worldframe": [
            0.3836416006088257,
            0.5935655236244202,
            -0.3827146887779236,
            0.5950030088424683
        ]
    },
    "objects": [
        {
            "class": "wine_glass",
            "visibility": 1.0,
            "location": [
                1.0408910512924195,
                3.5334999561309816,
                78.26704406738281
            ],
            "quaternion_xyzw": [
                0.6199488639831543,
                0.565688967704773,
                0.42378905415534975,
                -0.3406791090965271
            ],
            "pose_transform_permuted": [
                [ 0.0007976294, 0.9901487, 0.1400182, 0 ],
                [ 0.4126443, -0.1278675, 0.9018728, 0 ],
                [ 0.9108919, 0.05705833, -0.4086812, 0 ],
                [ 1.040891, 3.5335, 78.26704, 1 ]
            ],
            "cuboid_centroid": [
                1.0408910512924195,
                3.5334999561309816,
                78.26704406738281
            ],
            "projected_cuboid_centroid": [
                335.8826904296875,
                293.916748046875
            ],
            "bounding_box": {
                "top_left": [
                    206.78439331054688,
                    198.68310546875
                ],
                "bottom_right": [
                    470.556884765625,
                    385.45947265625
                ]
            },
            "cuboid": [
                [ 8.158038, -2.654247, 76.72046 ],
                [ 8.164346, 0.6109647, 83.92823 ],
                [ -7.182958, 2.592916, 83.04382 ],
                [ -7.189264, -0.6722986, 75.83604 ],
                [ 9.264732, 4.474086, 73.49026 ],
                [ 9.271041, 7.739298, 80.69805 ],
                [ -6.076259, 9.721237, 79.81363 ],
                [ -6.08257, 6.456029, 72.60586 ]
            ],
            "projected_cuboid": [
                [ 446.9907, 198.6831 ],
                [ 436.1745, 248.6937 ],
                [ 216.7016, 277.2888 ],
                [ 206.7844, 229.4127 ],
                [ 470.5569, 312.7063 ],
                [ 457.2028, 354.5344 ],
                [ 229.0806, 385.4595 ],
                [ 219.9509, 346.1919 ]
            ]
        }
    ]
}