{
    "camera_data": {
        "location_worldframe": [
            -57.5486946105957,
            241.6537322998047,
            33.323707580566409
        ],
        "quaternion_xyzw_worldframe": [
            0.3805219829082489,
            0.6180684566497803,
            -0.4591498076915741,
            0.5122264623641968
        ]
    },
    "objects": [
        {
            "class": "small_plates",
            "visibility": 1.0,
            "location": [
                3.5397372245788576,
                -1.2314411401748658,
                251.60012817382813
            ],
            "quaternion_xyzw": [
                -0.7437008619308472,
                -0.22371216118335725,
                0.3057434558868408,
                0.5508020520210266
            ],
            "pose_transform_permuted": [
                [ 0.7129476, -0.004058391, -0.7012056, 0 ],
                [ 0.669558, -0.2931401, 0.6824669, 0 ],
                [ -0.2083211, -0.956061, -0.2062762, 0 ],
                [ 3.539737, -1.231441, 251.6001, 1 ]
            ],
            "cuboid_centroid": [
                3.5397372245788576,
                -1.2314411401748658,
                251.60012817382813
            ],
            "projected_cuboid_centroid": [
                336.8018798828125,
                234.15478515625
            ],
            "bounding_box": {
                "top_left": [
                    301.50482177734377,
                    199.6748046875
                ],
                "bottom_right": [
                    372.16827392578127,
                    269.0394287109375
                ]
            },
            "cuboid": [
                [ 3.474468, -8.545061, 253.0674 ],
                [ 10.95912, -1.515922, 250.8804 ],
                [ 10.96514, -1.081238, 252.2981 ],
                [ 3.480487, -8.110379, 254.485 ],
                [ -3.885666, -1.381618, 250.9022 ],
                [ 3.598988, 5.647514, 248.7152 ],
                [ 3.605009, 6.082208, 250.1329 ],
                [ -3.879647, -0.9469337, 252.3199 ]
            ],
            "projected_cuboid": [
                [ 336.3965, 199.6748 ],
                [ 372.1683, 232.7838 ],
                [ 371.9037, 234.882 ],
                [ 336.3333, 201.9393 ],
                [ 301.5048, 233.4237 ],
                [ 337.2813, 267.1177 ],
                [ 337.2121, 269.0394 ],
                [ 301.6372, 235.5181 ]
            ]
        }
    ]
}