{
    "camera_data": {
        "location_worldframe": [
            -24.823074340820314,
            222.40249633789063,
            -19.08319091796875
        ],
        "quaternion_xyzw_worldframe": [
            0.6731773614883423,
            0.1801651418209076,
            -0.17433582246303559,
            0.6956865787506104
        ]
    },
    "objects": [
        {
            "class": "knife",
            "visibility": 1.0,
            "location": [
                0.8026661276817322,
                0.3406725227832794,
                221.73545837402345
            ],
            "quaternion_xyzw": [
                -0.7932968139648438,
                -0.6071280241012573,
                -0.012709666043519974,
                -0.04375206679105759
            ],
            "pose_transform_permuted": [
                [ 0.262468, 0.9621533, 0.07329129, 0 ],
                [ 0.9643776, -0.2589628, -0.05398396, 0 ],
                [ -0.03296114, 0.08484954, -0.9958486, 0 ],
                [ 0.8026661, 0.3406725, 221.7355, 1 ]
            ],
            "cuboid_centroid": [
                0.8026661276817322,
                0.3406725227832794,
                221.73545837402345
            ],
            "projected_cuboid_centroid": [
                324.3231201171875,
                241.8348388671875
            ],
            "bounding_box": {
                "top_left": [
                    307.05499267578127,
                    197.60888671875
                ],
                "bottom_right": [
                    341.6815490722656,
                    286.046142578125
                ]
            },
            "cuboid": [
                [ -0.3498499, -7.826187, 222.495 ],
                [ 3.956454, 7.996306, 221.9542 ],
                [ 1.896557, 8.550738, 221.7726 ],
                [ -2.40974, -7.271773, 222.3133 ],
                [ -0.2912194, -7.869367, 221.6983 ],
                [ 4.015085, 7.953114, 221.1575 ],
                [ 1.955189, 8.507552, 220.9759 ],
                [ -2.351111, -7.314952, 221.5167 ]
            ],
            "projected_cuboid": [
                [ 318.1222, 197.9924 ],
                [ 341.2883, 283.0253 ],
                [ 330.213, 286.0461 ],
                [ 307.055, 200.9364 ],
                [ 318.4312, 197.6089 ],
                [ 341.6815, 282.947 ],
                [ 330.5667, 285.9788 ],
                [ 307.3245, 200.5631 ]
            ]
        },
        {
            "class": "bowl",
            "visibility": 1.0,
            "location": [
                -10.484604835510254,
                -6.414001941680908,
                220.20620727539063
            ],
            "quaternion_xyzw": [
                -0.6461573243141174,
                -0.2768303155899048,
                -0.25771158933639529,
                -0.6628954410552979
            ],
            "pose_transform_permuted": [
                [ 0.7138994, 0.0160802, 0.7000636, 0 ],
                [ 0.6994236, 0.03213087, -0.7139847, 0 ],
                [ -0.03397465, 0.9993542, 0.01169135, 0 ],
                [ -10.4846, -6.414002, 220.2062, 1 ]
            ],
            "cuboid_centroid": [
                -10.484604835510254,
                -6.414001941680908,
                220.20620727539063
            ],
            "projected_cuboid_centroid": [
                263.1382751464844,
                205.214599609375
            ],
            "bounding_box": {
                "top_left": [
                    214.08840942382813,
                    156.25390625
                ],
                "bottom_right": [
                    311.31207275390627,
                    253.3646240234375
                ]
            },
            "cuboid": [
                [ -19.28448, -6.255496, 222.4691 ],
                [ -10.36324, 2.484845, 222.0445 ],
                [ -10.43158, 2.348289, 217.7973 ],
                [ -19.35282, -6.39207, 218.2218 ],
                [ -10.53762, -15.17629, 222.6152 ],
                [ -1.616385, -6.435942, 222.1906 ],
                [ -1.684724, -6.572508, 217.9434 ],
                [ -10.60596, -15.31284, 218.3679 ]
            ],
            "projected_cuboid": [
                [ 216.4772, 206.4193 ],
                [ 264.2618, 253.3646 ],
                [ 262.8001, 252.8765 ],
                [ 214.0884, 205.0183 ],
                [ 263.4692, 158.5842 ],
                [ 311.3121, 205.4073 ],
                [ 310.7683, 203.9849 ],
                [ 261.9959, 156.2539 ]
            ]
        },
        {
            "class": "packet_cup",
            "visibility": 1.0,
            "location": [
                5.164331436157227,
                12.251970291137696,
                219.9685821533203
            ],
            "quaternion_xyzw": [
                -0.203340083360672,
                -0.6835588812828064,
                -0.18096332252025605,
                0.6772388815879822
            ],
            "pose_transform_permuted": [
                [ -9.089708E-07, 0.5231006, -0.8522711, 0 ],
                [ 0.03287904, 0.8518102, 0.5228178, 0 ],
                [ 0.9994595, -0.02802145, -0.01719984, 0 ],
                [ 5.164331, 12.25197, 219.9686, 1 ]
            ],
            "cuboid_centroid": [
                5.164331436157227,
                12.251970291137696,
                219.9685821533203
            ],
            "projected_cuboid_centroid": [
                348.03826904296877,
                306.5185546875
            ],
            "bounding_box": {
                "top_left": [
                    324.7054748535156,
                    284.9505615234375
                ],
                "bottom_right": [
                    371.74713134765627,
                    328.458251953125
                ]
            },
            "cuboid": [
                [ 9.455025, 12.49409, 218.2096 ],
                [ 9.455027, 12.60918, 221.7077 ],
                [ 6.839521, 8.350122, 221.8479 ],
                [ 6.839522, 8.235039, 218.3497 ],
                [ 3.489133, 16.15381, 218.0892 ],
                [ 3.489125, 16.26889, 221.5874 ],
                [ 0.8736243, 12.00985, 221.7275 ],
                [ 0.8736295, 11.89476, 218.2293 ]
            ],
            "projected_cuboid": [
                [ 371.7471, 308.3799 ],
                [ 370.9307, 307.9209 ],
                [ 356.8187, 284.9506 ],
                [ 357.4085, 285.0413 ],
                [ 339.1065, 328.4583 ],
                [ 338.8048, 327.682 ],
                [ 324.7055, 304.6868 ],
                [ 324.7809, 305.0939 ]
            ]
        }
    ]
}