{
    "camera_data": {
        "location_worldframe": [
            -54.878108978271487,
            109.89805603027344,
            -15.50423526763916
        ],
        "quaternion_xyzw_worldframe": [
            0.417649507522583,
            0.49935585260391238,
            -0.2988907992839813,
            0.6977657079696655
        ]
    },
    "objects": [
        {
            "class": "small_spoon",
            "visibility": 1.0,
            "location": [
                1.7235215902328492,
                1.7908586263656617,
                122.39240264892578
            ],
            "quaternion_xyzw": [
                -0.4634714424610138,
                0.8511489629745483,
                -0.21824635565280915,
                -0.1144905835390091
            ],
            "pose_transform_permuted": [
                [ -0.5441721, -0.8389408, 0.007404819, 0 ],
                [ -0.7389922, 0.4751255, -0.4776465, 0 ],
                [ 0.397199, -0.2653941, -0.8785207, 0 ],
                [ 1.723522, 1.790859, 122.3924, 1 ]
            ],
            "cuboid_centroid": [
                1.7235215902328492,
                1.7908586263656617,
                122.39240264892578
            ],
            "projected_cuboid_centroid": [
                336.81744384765627,
                257.4744873046875
            ],
            "bounding_box": {
                "top_left": [
                    294.4795837402344,
                    205.1873779296875
                ],
                "bottom_right": [
                    380.88641357421877,
                    311.5394287109375
                ]
            },
            "cuboid": [
                [ 3.840632, 7.209105, 120.3465 ],
                [ -2.655425, -1.612624, 125.088 ],
                [ -0.4050653, -2.887086, 125.7999 ],
                [ 6.090989, 5.934631, 121.0584 ],
                [ 3.852106, 6.468812, 118.9849 ],
                [ -2.643948, -2.352906, 123.7265 ],
                [ -0.39359, -3.627382, 124.4383 ],
                [ 6.102466, 5.194346, 119.6968 ]
            ],
            "projected_cuboid": [
                [ 358.1125, 311.5394 ],
                [ 294.6478, 224.6038 ],
                [ 316.1546, 212.592 ],
                [ 380.0884, 298.5459 ],
                [ 358.6638, 304.9277 ],
                [ 294.4796, 217.2888 ],
                [ 316.2227, 205.1874 ],
                [ 380.8864, 291.8258 ]
            ]
        },
        {
            "class": "knife",
            "visibility": 0.0,
            "location": [
                51.99882888793945,
                -21.638912200927736,
                135.3878631591797
            ],
            "quaternion_xyzw": [
                0.22329364717006684,
                0.09805095195770264,
                0.39173710346221926,
                -0.8871684670448303
            ],
            "pose_transform_permuted": [
                [ 0.6738561, 0.7388619, 0.000969395, 0 ],
                [ -0.6512853, 0.593364, 0.4730185, 0 ],
                [ 0.3489202, -0.3193778, 0.8810519, 0 ],
                [ 51.99883, -21.63891, 135.3879, 1 ]
            ],
            "cuboid_centroid": [
                51.99882888793945,
                -21.638912200927736,
                135.3878631591797
            ],
            "projected_cuboid_centroid": [
                778.681640625,
                49.1231689453125
            ],
            "bounding_box": {
                "top_left": [
                    729.5037841796875,
                    -0.217529296875
                ],
                "bottom_right": [
                    826.3092041015625,
                    100.5872802734375
                ]
            },
            "cuboid": [
                [ 47.2614, -15.85013, 131.8312 ],
                [ 58.31733, -26.53575, 137.5559 ],
                [ 56.73548, -27.80609, 138.2397 ],
                [ 45.67955, -17.12048, 132.515 ],
                [ 47.26217, -15.47173, 132.536 ],
                [ 58.3181, -26.15733, 138.2608 ],
                [ 56.73626, -27.42768, 138.9445 ],
                [ 45.68032, -16.74207, 133.2198 ]
            ],
            "projected_cuboid": [
                [ 748.1401, 96.41394 ],
                [ 826.3092, 9.617432 ],
                [ 810.1393, -0.2175293 ],
                [ 731.6749, 85.70618 ],
                [ 745.8701, 100.5873 ],
                [ 823.7348, 14.06055 ],
                [ 807.6596, 4.25354 ],
                [ 729.5038, 89.91479 ]
            ]
        }
    ]
}