{
    "camera_data": {
        "location_worldframe": [
            15.501433372497559,
            125.36815643310547,
            -41.75861358642578
        ],
        "quaternion_xyzw_worldframe": [
            0.4622137248516083,
            -0.3062043786048889,
            0.173903688788414,
            0.8138518929481506
        ]
    },
    "objects": [
        {
            "class": "big_plates",
            "visibility": 1.0,
            "location": [
                -0.6445654034614563,
                -1.3523447513580323,
                145.45208740234376
            ],
            "quaternion_xyzw": [
                -0.22195930778980256,
                0.7768343687057495,
                0.44142746925354006,
                -0.39038965106010439
            ],
            "pose_transform_permuted": [
                [ -0.5966597, -0.0001938045, -0.802494, 0 ],
                [ -0.6895087, 0.5117517, 0.5125309, 0 ],
                [ 0.4105783, 0.8591333, -0.3054751, 0 ],
                [ -0.6445654, -1.352345, 145.4521, 1 ]
            ],
            "cuboid_centroid": [
                -0.6445654034614563,
                -1.3523447513580323,
                145.45208740234376
            ],
            "projected_cuboid_centroid": [
                314.70770263671877,
                228.8963623046875
            ],
            "bounding_box": {
                "top_left": [
                    214.42172241210938,
                    143.202880859375
                ],
                "bottom_right": [
                    416.22772216796877,
                    321.486572265625
                ]
            },
            "cuboid": [
                [ 11.59439, 0.5713016, 145.1713 ],
                [ 1.159828, -11.48704, 152.3516 ],
                [ 1.160113, -12.24527, 151.0787 ],
                [ 11.59467, -0.1869163, 143.8984 ],
                [ -2.449242, 9.54058, 139.8255 ],
                [ -12.88381, -2.517761, 147.0058 ],
                [ -12.88352, -3.275975, 145.7329 ],
                [ -2.448953, 8.782359, 138.5526 ]
            ],
            "projected_cuboid": [
                [ 415.3816, 244.6998 ],
                [ 329.0917, 149.9552 ],
                [ 329.1705, 143.2029 ],
                [ 416.2277, 238.4487 ],
                [ 299.0809, 321.4866 ],
                [ 215.3336, 219.546 ],
                [ 214.4217, 213.1539 ],
                [ 298.8912, 315.6997 ]
            ]
        },
        {
            "class": "big_spoon",
            "visibility": 1.0,
            "location": [
                -4.525152683258057,
                3.288684606552124,
                140.87522888183595
            ],
            "quaternion_xyzw": [
                -0.6193681359291077,
                -0.7429332137107849,
                0.1905709207057953,
                -0.16767849028110505
            ],
            "pose_transform_permuted": [
                [ -0.176534, 0.9842076, 0.01308072, 0 ],
                [ 0.856389, 0.1601317, -0.4908724, 0 ],
                [ -0.4852149, -0.07545349, -0.8711333, 0 ],
                [ -4.525153, 3.288685, 140.8752, 1 ]
            ],
            "cuboid_centroid": [
                -4.525152683258057,
                3.288684606552124,
                140.87522888183595
            ],
            "projected_cuboid_centroid": [
                281.6384582519531,
                267.8795166015625
            ],
            "bounding_box": {
                "top_left": [
                    254.5781707763672,
                    208.064697265625
                ],
                "bottom_right": [
                    307.14117431640627,
                    330.2113037109375
                ]
            },
            "cuboid": [
                [ -1.570712, -2.356837, 145.2127 ],
                [ -4.204926, 10.42211, 137.9724 ],
                [ -7.504934, 9.885202, 138.2254 ],
                [ -4.870718, -2.893749, 145.4657 ],
                [ -1.545367, -3.307824, 143.5251 ],
                [ -4.179584, 9.471127, 136.2847 ],
                [ -7.479591, 8.934216, 136.5377 ],
                [ -4.84538, -3.844733, 143.7781 ]
            ],
            "projected_cuboid": [
                [ 307.0822, 220.6169 ],
                [ 283.6032, 330.2113 ],
                [ 255.158, 325.4073 ],
                [ 280.012, 216.2427 ],
                [ 307.1412, 212.476 ],
                [ 283.3745, 322.995 ],
                [ 254.5782, 318.145 ],
                [ 279.7531, 208.0647 ]
            ]
        },
        {
            "class": "small_spoon",
            "visibility": 1.0,
            "location": [
                9.361135482788086,
                4.030326843261719,
                141.54055786132813
            ],
            "quaternion_xyzw": [
                0.7628458738327026,
                -0.23394429683685304,
                0.4157836437225342,
                -0.43641746044158938
            ],
            "pose_transform_permuted": [
                [ 0.5447881, 0.005983591, 0.8385525, 0 ],
                [ -0.7198374, -0.5096198, 0.4712981, 0 ],
                [ 0.4301629, -0.860379, -0.2733276, 0 ],
                [ 9.361135, 4.030327, 141.5406, 1 ]
            ],
            "cuboid_centroid": [
                9.361135482788086,
                4.030326843261719,
                141.54055786132813
            ],
            "projected_cuboid_centroid": [
                398.985107421875,
                274.006103515625
            ],
            "bounding_box": {
                "top_left": [
                    366.3919372558594,
                    229.03125
                ],
                "bottom_right": [
                    431.0294189453125,
                    320.0260009765625
                ]
            },
            "cuboid": [
                [ 5.467635, 7.278132, 138.0309 ],
                [ 11.97104, -1.314922, 143.166 ],
                [ 11.95499, 0.05207358, 145.4738 ],
                [ 5.451584, 8.645123, 140.3388 ],
                [ 6.767281, 8.008592, 137.6073 ],
                [ 13.27069, -0.584473, 142.7424 ],
                [ 13.25464, 0.7825142, 145.0502 ],
                [ 6.751234, 9.375585, 139.9152 ]
            ],
            "projected_cuboid": [
                [ 367.3065, 302.9711 ],
                [ 419.8596, 229.0313 ],
                [ 418.1436, 240.4275 ],
                [ 366.3919, 313.5684 ],
                [ 378.7314, 309.5044 ],
                [ 431.0294, 235.11 ],
                [ 429.1307, 246.4427 ],
                [ 377.6257, 320.026 ]
            ]
        },
        {
            "class": "small_plates",
            "visibility": 0.0,
            "location": [
                37.67378234863281,
                16.517610549926759,
                134.79400634765626
            ],
            "quaternion_xyzw": [
                0.4928894340991974,
                -0.07005351036787033,
                -0.039458468556404117,
                0.8663691878318787
            ],
            "pose_transform_permuted": [
                [ 0.9870711, -0.0006860718, -0.1602817, 0 ],
                [ -0.1374285, 0.5110061, -0.84852, 0 ],
                [ 0.08248708, 0.8595768, 0.504305, 0 ],
                [ 37.67378, 16.51761, 134.794, 1 ]
            ],
            "cuboid_centroid": [
                37.67378234863281,
                16.517610549926759,
                134.79400634765626
            ],
            "projected_cuboid_centroid": [
                653.7844848632813,
                386.34375
            ],
            "bounding_box": {
                "top_left": [
                    594.6138916015625,
                    335.412109375
                ],
                "bottom_right": [
                    715.51220703125,
                    439.155029296875
                ]
            },