{
    "camera_data": {
        "location_worldframe": [
            -15.885233879089356,
            129.33123779296876,
            50.7647819519043
        ],
        "quaternion_xyzw_worldframe": [
            0.13012811541557313,
            0.84521484375,
            -0.45986515283584597,
            0.23917056620121003
        ]
    },
    "objects": [
        {
            "class": "big_plates",
            "visibility": 1.0,
            "location": [
                -0.9584500193595886,
                2.490800619125366,
                151.0617218017578
            ],
            "quaternion_xyzw": [
                0.4596167504787445,
                0.4075639843940735,
                -0.7485865950584412,
                -0.24952347576618195
            ],
            "pose_transform_permuted": [
                [ -0.4529806, 0.001066595, -0.8915194, 0 ],
                [ 0.7482263, -0.5432589, -0.3808235, 0 ],
                [ -0.4847323, -0.8395642, 0.2452881, 0 ],
                [ -0.95845, 2.490801, 151.0617, 1 ]
            ],
            "cuboid_centroid": [
                -0.9584500193595886,
                2.490800619125366,
                151.0617218017578
            ],
            "projected_cuboid_centroid": [
                312.4227294921875,
                259.691650390625
            ],
            "bounding_box": {
                "top_left": [
                    217.6038818359375,
                    180.704345703125
                ],
                "bottom_right": [
                    404.5908203125,
                    344.944580078125
                ]
            },
            "cuboid": [
                [ 10.80406, -1.122051, 152.5321 ],
                [ 2.882193, 11.96316, 144.0549 ],
                [ 2.880612, 12.76805, 145.2988 ],
                [ 10.80248, -0.3171613, 153.776 ],
                [ -4.797516, -7.78645, 156.8246 ],
                [ -12.71939, 5.298741, 148.3475 ],
                [ -12.72096, 6.103655, 149.5914 ],
                [ -4.799098, -6.981555, 158.0685 ]
            ],
            "projected_cuboid": [
                [ 404.5908, 231.2148 ],
                [ 343.8942, 339.178 ],
                [ 343.6766, 344.9446 ],
                [ 403.8943, 237.5369 ],
                [ 283.4658, 180.7043 ],
                [ 217.6039, 282.657 ],
                [ 218.4427, 288.7283 ],
                [ 283.7413, 187.2522 ]
            ]
        },
        {
            "class": "small_spoon",
            "visibility": 1.0,
            "location": [
                -28.433940887451173,
                28.51544761657715,
                134.2125701904297
            ],
            "quaternion_xyzw": [
                0.19977276027202607,
                0.19696484506130219,
                0.6821177005767822,
                -0.675285816192627
            ],
            "pose_transform_permuted": [
                [ -0.008159414, 0.9999452, 0.00652194, 0 ],
                [ -0.8425524, -0.01038742, 0.5385138, 0 ],
                [ 0.5385522, -0.001101017, 0.8425914, 0 ],
                [ -28.43394, 28.51545, 134.2126, 1 ]
            ],
            "cuboid_centroid": [
                -28.433940887451173,
                28.51544761657715,
                134.2125701904297
            ],
            "projected_cuboid_centroid": [
                66.98783874511719,
                493.7374267578125
            ],
            "bounding_box": {
                "top_left": [
                    47.59613037109375,
                    441.31097412109377
                ],
                "bottom_right": [
                    85.29365539550781,
                    548.2027587890625
                ]
            },
            "cuboid": [
                [ -27.04918, 33.11319, 130.3437 ],
                [ -27.14658, 23.05521, 136.7726 ],
                [ -29.82881, 23.08307, 136.7756 ],
                [ -29.73141, 33.14106, 130.3466 ],
                [ -27.03906, 33.94781, 131.6496 ],
                [ -27.13647, 23.88984, 138.0785 ],
                [ -29.81871, 23.91771, 138.0815 ],
                [ -29.7213, 33.97568, 131.6525 ]
            ],
            "projected_cuboid": [
                [ 72.16557, 543.3952 ],
                [ 82.96442, 441.311 ],
                [ 59.54962, 441.5499 ],
                [ 47.59613, 543.6436 ],
                [ 74.71567, 547.9569 ],
                [ 85.29366, 446.6259 ],
                [ 62.10024, 446.8624 ],
                [ 50.3899, 548.2028 ]
            ]
        },
        {
            "class": "packet_cup",
            "visibility": 0.0,
            "location": [
                41.55314636230469,
                3.8723268508911135,
                148.97084045410157
            ],
            "quaternion_xyzw": [
                0.5630011558532715,
                0.053457409143447879,
                -0.7051236033439636,
                0.42775294184684756
            ],
            "pose_transform_permuted": [
                [ -0.0001139832, 0.6634306, -0.7482377, 0 ],
                [ -0.5430442, -0.6283392, -0.557039, 0 ],
                [ -0.839704, 0.4062626, 0.360344, 0 ],
                [ 41.55315, 3.872327, 148.9708, 1 ]
            ],
            "cuboid_centroid": [
                41.55314636230469,
                3.8723268508911135,
                148.97084045410157
            ],
            "projected_cuboid_centroid": [
                653.1195678710938,
                271.0433349609375
            ],
            "bounding_box": {
                "top_left": [
                    615.4293212890625,
                    235.22802734375
                ],
                "bottom_right": [
                    691.687744140625,
                    307.2490234375
                ]
            },
            "cuboid": [
                [ 45.83075, 5.201455, 150.1948 ],
                [ 45.83036, 3.300804, 147.2558 ],
                [ 42.5132, 6.442496, 145.2245 ],
                [ 42.51361, 8.34314, 148.1635 ],
                [ 40.59309, 1.302179, 152.7172 ],
                [ 40.5927, -0.5984809, 149.7782 ],
                [ 37.27554, 2.543216, 147.7469 ],
                [ 37.27594, 4.443866, 150.6859 ]
            ],
            "projected_cuboid": [
                [ 684.4178, 281.3588 ],
                [ 691.6877, 266.7698 ],
                [ 669.6081, 292.98 ],
                [ 662.6765, 307.249 ],
                [ 637.4401, 250.1831 ],
                [ 643.6658, 235.228 ],
                [ 621.3027, 260.5571 ],
                [ 615.4293, 275.2197 ]
            ]
        },
        {
            "class": "small_plates",
            "visibility": 1.0,
            "location": [
                -7.04373025894165,
                32.631107330322269,
                131.58152770996095
            ],
            "quaternion_xyzw": [
                0.31496796011924746,
                0.4464545249938965,
                -0.8205453753471375,
                -0.16786544024944306
            ],
            "pose_transform_permuted": [
                [ -0.7452327, 0.005755335, -0.6667796, 0 ],
                [ 0.5567201, -0.5449991, -0.6269279, 0 ],
                [ -0.3670024, -0.8384169, 0.4029471, 0 ],
                [ -7.04373, 32.63111, 131.5815, 1 ]
            ],
            "cuboid_centroid": [
                -7.04373025894165,
                32.631107330322269,
                131.58152770996095
            ],
            "projected_cuboid_centroid": [
                256.0699157714844,
                536.1654663085938
            ],
            "bounding_box": {
                "top_left": [
                    188.41015625,
                    470.13153076171877
                ],
                "bottom_right": [
                    323.3947448730469,
                    605.7232666015625
                ]
            },