{
    "camera_data": {
        "location_worldframe": [
            19.094709396362306,
            88.17810821533203,
            -39.39681625366211
        ],
        "quaternion_xyzw_worldframe": [
            0.5861736536026001,
            0.13111542165279389,
            -0.09684298932552338,
            0.7936186790466309
        ]
    },
    "objects": [
        {
            "class": "big_plates",
            "visibility": 1.0,
            "location": [
                0.06896505504846573,
                2.7990994453430177,
                90.19798278808594
            ],
            "quaternion_xyzw": [
                -0.4414692521095276,
                0.4970771074295044,
                -0.6720907688140869,
                0.3260571360588074
            ],
            "pose_transform_permuted": [
                [ -0.3975833, -0.0006085336, 0.9175659, 0 ],
                [ -0.8771685, -0.2932022, -0.3802735, 0 ],
                [ 0.2692638, -0.9560503, 0.1160385, 0 ],
                [ 0.06896506, 2.799099, 90.19798, 1 ]
            ],
            "cuboid_centroid": [
                0.06896505504846573,
                2.7990994453430177,
                90.19798278808594
            ],
            "projected_cuboid_centroid": [
                320.9131164550781,
                277.0611572265625
            ],
            "bounding_box": {
                "top_left": [
                    169.62539672851563,
                    131.76806640625
                ],
                "bottom_right": [
                    476.7999267578125,
                    431.1895751953125
                ]
            },
            "cuboid": [
                [ -4.48365, 13.57937, 86.11992 ],
                [ -11.43671, -1.760809, 90.8289 ],
                [ -11.4358, -1.326398, 92.24539 ],
                [ -4.482746, 14.01378, 87.53642 ],
                [ 11.57374, 6.924599, 88.15059 ],
                [ 4.620683, -8.415587, 92.85956 ],
                [ 4.621584, -7.981177, 94.27606 ],
                [ 11.57464, 7.359007, 89.56709 ]
            ],
            "projected_cuboid": [
                [ 257.8236, 428.3101 ],
                [ 169.6254, 216.8481 ],
                [ 171.9462, 222.8278 ],
                [ 258.842, 431.1896 ],
                [ 476.7999, 333.8138 ],
                [ 379.4261, 131.7681 ],
                [ 378.5446, 138.8972 ],
                [ 474.3322, 338.1224 ]
            ]
        },
        {
            "class": "small_spoon",
            "visibility": 0.0,
            "location": [
                -6.278657913208008,
                -36.33070373535156,
                102.224853515625
            ],
            "quaternion_xyzw": [
                -0.14403875172138215,
                0.051302846521139148,
                0.3312658667564392,
                0.9310659766197205
            ],
            "pose_transform_permuted": [
                [ 0.7752619, -0.63164, 0.0001024231, 0 ],
                [ 0.6020815, 0.7390316, 0.3022089, 0 ],
                [ -0.1909629, -0.2342294, 0.9532417, 0 ],
                [ -6.278658, -36.3307, 102.2249, 1 ]
            ],
            "cuboid_centroid": [
                -6.278657913208008,
                -36.33070373535156,
                102.224853515625
            ],
            "projected_cuboid_centroid": [
                246.64869689941407,
                -184.4385986328125
            ],
            "bounding_box": {
                "top_left": [
                    182.80792236328126,
                    -237.3974609375
                ],
                "bottom_right": [
                    310.59820556640627,
                    -130.7333984375
                ]
            },
            "cuboid": [
                [ -11.75323, -39.16739, 102.3118 ],
                [ -2.49854, -31.98004, 100.0322 ],
                [ -0.8042399, -33.96239, 100.6605 ],
                [ -10.05893, -41.14975, 102.9401 ],
                [ -11.75307, -38.69901, 103.7892 ],
                [ -2.49838, -31.51166, 101.5096 ],
                [ -0.8040818, -33.49402, 102.1379 ],
                [ -10.05877, -40.68137, 104.4175 ]
            ],
            "projected_cuboid": [
                [ 182.8079, -217.1897 ],
                [ 290.1706, -141.8008 ],
                [ 310.4583, -162.9368 ],
                [ 203.3016, -237.3975 ],
                [ 184.7627, -205.2922 ],
                [ 290.6067, -130.7334 ],
                [ 310.5982, -151.6318 ],
                [ 204.9546, -225.2858 ]
            ]
        },
        {
            "class": "packet_cup",
            "visibility": 0.0,
            "location": [
                -28.818391799926759,
                32.39443588256836,
                80.04157257080078
            ],
            "quaternion_xyzw": [
                -0.05123783275485039,
                0.6891247034072876,
                -0.15853634476661683,
                0.7052291035652161
            ],
            "pose_transform_permuted": [
                [ -5.325302E-05, 0.1529904, 0.9882277, 0 ],
                [ -0.2942274, 0.9444818, -0.1462338, 0 ],
                [ -0.9557354, -0.2907715, 0.04496366, 0 ],
                [ -28.81839, 32.39444, 80.04157, 1 ]
            ],
            "cuboid_centroid": [
                -28.818391799926759,
                32.39443588256836,
                80.04157257080078
            ],
            "projected_cuboid_centroid": [
                -109.98336791992188,
                723.339599609375
            ],
            "bounding_box": {
                "top_left": [
                    -174.1071319580078,
                    674.2826538085938
                ],
                "bottom_right": [
                    -47.602806091308597,
                    775.6341552734375
                ]
            },
            "cuboid": [
                [ -31.89462, 35.78236, 80.82981 ],
                [ -31.89481, 34.75257, 77.48473 ],
                [ -32.65976, 30.03015, 78.93858 ],
                [ -32.65957, 31.05995, 82.28366 ],
                [ -24.97702, 34.75872, 81.14455 ],
                [ -24.97721, 33.72893, 77.79948 ],
                [ -25.74216, 29.00652, 79.25333 ],
                [ -25.74198, 30.03631, 82.5984 ]
            ],
            "projected_cuboid": [
                [ -151.2414, 768.6825 ],
                [ -171.5881, 775.6342 ],
                [ -174.1071, 694.3241 ],
                [ -154.0175, 690.8008 ],
                [ -47.60281, 751.5664 ],
                [ -63.41114, 757.7539 ],
                [ -67.9047, 677.0947 ],
                [ -52.19261, 674.2827 ]
            ]
        },
        {
            "class": "small_plates",
            "visibility": 0.10239648073911667,
            "location": [
                -23.68581771850586,
                -23.55701446533203,
                98.32279968261719
            ],
            "quaternion_xyzw": [
                -0.5570733547210693,
                0.430269330739975,
                -0.5778462290763855,
                0.41307541728019717
            ],
            "pose_transform_permuted": [
                [ -0.03807592, -0.001995027, 0.9992729, 0 ],
                [ -0.9567713, -0.288474, -0.0370324, 0 ],
                [ 0.2883381, -0.9574857, 0.009075165, 0 ],
                [ -23.68582, -23.55701, 98.3228, 1 ]
            ],
            "cuboid_centroid": [
                -23.68581771850586,
                -23.55701446533203,
                98.32279968261719
            ],
            "projected_cuboid_centroid": [
                32.3054313659668,
                -46.130126953125
            ],
            "bounding_box": {
                "top_left": [
                    -37.23602294921875,
                    -109.0672607421875
                ],