{
    "camera_data": {
        "location_worldframe": [
            54.61868667602539,
            169.28195190429688,
            40.95567321777344
        ],
        "quaternion_xyzw_worldframe": [
            -0.24166351556777955,
            0.7124511003494263,
            -0.5908441543579102,
            -0.2914024889469147
        ]
    },
    "objects": [
        {
            "class": "mug",
            "visibility": 1.0,
            "location": [
                -0.06434622406959534,
                -4.4566569328308109,
                168.6171112060547
            ],
            "quaternion_xyzw": [
                -0.08256635814905167,
                0.042549729347229007,
                0.4557286202907562,
                0.8852590918540955
            ],
            "pose_transform_permuted": [
                [ 0.5810019, -0.8139022, 7.936358E-05, 0 ],
                [ 0.7998495, 0.5709885, 0.1849675, 0 ],
                [ -0.1505908, -0.107403, 0.9827446, 0 ],
                [ -0.06434622, -4.456657, 168.6171, 1 ]
            ],
            "cuboid_centroid": [
                -0.06434622406959534,
                -4.4566569328308109,
                168.6171112060547
            ],
            "projected_cuboid_centroid": [
                319.54425048828127,
                208.43505859375
            ],
            "bounding_box": {
                "top_left": [
                    274.16802978515627,
                    155.280029296875
                ],
                "bottom_right": [
                    365.13262939453127,
                    259.91845703125
                ]
            },
            "cuboid": [
                [ -6.336731, -7.488121, 165.118 ],
                [ 0.1031386, 1.377478, 163.4488 ],
                [ 6.207404, -2.904931, 164.2543 ],
                [ -0.2324683, -11.77053, 165.9235 ],
                [ -6.336094, -6.008378, 172.9799 ],
                [ 0.1037713, 2.857214, 171.3108 ],
                [ 6.208035, -1.425192, 172.1163 ],
                [ -0.2318289, -10.29079, 173.7854 ]
            ],
            "projected_cuboid": [
                [ 274.168, 185.8403 ],
                [ 320.7536, 250.0647 ],
                [ 365.1326, 218.8789 ],
                [ 318.3268, 155.28 ],
                [ 276.2555, 198.5181 ],
                [ 320.7234, 259.9185 ],
                [ 363.0754, 230.1111 ],
                [ 318.4069, 169.2815 ]
            ]
        }
    ]
}