{
    "camera_data": {
        "location_worldframe": [
            24.38301658630371,
            229.9156951904297,
            -12.722862243652344
        ],
        "quaternion_xyzw_worldframe": [
            0.6565698981285095,
            0.08422596007585526,
            -0.0741417184472084,
            0.7458719611167908
        ]
    },
    "objects": [
        {
            "class": "mug",
            "visibility": 1.0,
            "location": [
                -1.0845972299575806,
                0.098479263484478,
                227.3393096923828
            ],
            "quaternion_xyzw": [
                0.04333816096186638,
                0.04647006839513779,
                0.7293745875358582,
                -0.6811571717262268
            ],
            "pose_transform_permuted": [
                [ -0.06829356, 0.9976653, -8.732826E-05, 0 ],
                [ -0.9896096, -0.06773101, 0.1268284, 0 ],
                [ 0.1265264, 0.008747976, 0.9919246, 0 ],
                [ -1.084597, 0.09847926, 227.3393, 1 ]
            ],
            "cuboid_centroid": [
                -1.0845972299575806,
                0.098479263484478,
                227.3393096923828
            ],
            "projected_cuboid_centroid": [
                314.3023986816406,
                240.517333984375
            ],
            "bounding_box": {
                "top_left": [
                    292.25994873046877,
                    207.2412109375
                ],
                "bottom_right": [
                    336.27789306640627,
                    272.860107421875
                ]
            },
            "cuboid": [
                [ 3.035477, 4.821626, 222.7032 ],
                [ 2.278508, -6.147282, 224.1056 ],
                [ -5.203978, -5.639295, 224.04 ],
                [ -4.447011, 5.329617, 222.6376 ],
                [ 3.034782, 5.836249, 230.6386 ],
                [ 2.277813, -5.132663, 232.041 ],
                [ -5.204672, -4.624667, 231.9754 ],
                [ -4.447712, 6.344244, 230.573 ]
            ],
            "projected_cuboid": [
                [ 336.2779, 265.8562 ],
                [ 332.1422, 207.2412 ],
                [ 292.2599, 209.9395 ],
                [ 296.1457, 268.5887 ],
                [ 335.7142, 270.2203 ],
                [ 331.7233, 213.5835 ],
                [ 293.2053, 216.1913 ],
                [ 296.963, 272.8601 ]
            ]
        }
    ]
}