{
    "camera_data": {
        "location_worldframe": [
            59.489959716796878,
            225.5196075439453,
            26.661705017089845
        ],
        "quaternion_xyzw_worldframe": [
            -0.3881967067718506,
            0.6089090704917908,
            -0.5256829261779785,
            -0.44965606927871706
        ]
    },
    "objects": [
        {
            "class": "mug",
            "visibility": 1.0,
            "location": [
                -1.8813371658325196,
                0.8926003575325012,
                223.38037109375
            ],
            "quaternion_xyzw": [
                -0.0712299793958664,
                0.01652389205992222,
                0.2250300794839859,
                0.9716041684150696
            ],
            "pose_transform_permuted": [
                [ 0.8981768, -0.4396343, 5.158782E-05, 0 ],
                [ 0.4349263, 0.8885755, 0.1458514, 0 ],
                [ -0.06416714, -0.1309779, 0.9893065, 0 ],
                [ -1.881337, 0.8926004, 223.3804, 1 ]
            ],
            "cuboid_centroid": [
                -1.8813371658325196,
                0.8926003575325012,
                223.38037109375
            ],
            "projected_cuboid_centroid": [
                309.94183349609377,
                244.7720947265625
            ],
            "bounding_box": {
                "top_left": [
                    273.66534423828127,
                    210.5416259765625
                ],
                "bottom_right": [
                    345.8087158203125,
                    278.0625
                ]
            },
            "cuboid": [
                [ -8.5079, 1.230974, 219.2876 ],
                [ 1.447559, 6.051734, 218.5764 ],
                [ 4.744818, -0.6125795, 219.5587 ],
                [ -5.210646, -5.433336, 220.27 ],
                [ -8.507488, 2.397787, 227.2021 ],
                [ 1.447972, 7.218558, 226.4908 ],
                [ 4.745235, 0.5542135, 227.4732 ],
                [ -5.210228, -4.26652, 228.1844 ]
            ],
            "projected_cuboid": [
                [ 273.6653, 246.704 ],
                [ 327.9092, 273.0654 ],
                [ 345.8087, 236.668 ],
                [ 291.749, 210.5416 ],
                [ 275.2816, 252.6036 ],
                [ 327.6349, 278.0625 ],
                [ 344.913, 242.9097 ],
                [ 292.731, 217.6702 ]
            ]
        }
    ]
}