{
    "camera_data": {
        "location_worldframe": [
            -66.05259704589844,
            147.71498107910157,
            4.359722137451172
        ],
        "quaternion_xyzw_worldframe": [
            0.25976788997650149,
            0.7402284145355225,
            -0.439868688583374,
            0.43714767694473269
        ]
    },
    "objects": [
        {
            "class": "water_glass",
            "visibility": 1.0,
            "location": [
                1.4570313692092896,
                -0.6231966018676758,
                165.7860107421875
            ],
            "quaternion_xyzw": [
                0.33945557475090029,
                0.3832515478134155,
                -0.5949897766113281,
                0.6195766925811768
            ],
            "pose_transform_permuted": [
                [ -0.001789182, 0.9974773, 0.07096225, 0 ],
                [ -0.4770899, 0.06151412, -0.876699, 0 ],
                [ -0.8788527, -0.03542399, 0.4757763, 0 ],
                [ 1.457031, -0.6231966, 165.786, 1 ]
            ],
            "cuboid_centroid": [
                1.4570313692092896,
                -0.6231966018676758,
                165.7860107421875
            ],
            "projected_cuboid_centroid": [
                330.4958801269531,
                235.5107421875
            ],
            "bounding_box": {
                "top_left": [
                    311.3474426269531,
                    214.792724609375
                ],
                "bottom_right": [
                    349.6157531738281,
                    256.050537109375
                ]
            },
            "cuboid": [
                [ 3.812374, 2.237761, 166.5028 ],
                [ 3.805221, 0.3302318, 162.989 ],
                [ -1.182161, 0.02266571, 163.1661 ],
                [ -1.175012, 1.930185, 166.68 ],
                [ 4.096229, -1.269031, 168.4059 ],
                [ 4.089074, -3.176558, 164.8921 ],
                [ -0.8983112, -3.48413, 165.0692 ],
                [ -0.8911608, -1.57661, 168.5831 ]
            ],
            "projected_cuboid": [
                [ 347.3446, 256.0505 ],
                [ 347.8817, 242.4197 ],
                [ 311.3474, 240.1659 ],
                [ 311.5811, 253.8297 ],
                [ 349.0485, 231.0006 ],
                [ 349.6158, 216.9933 ],
                [ 313.5008, 214.7927 ],
                [ 313.687, 228.8312 ]
            ]
        }
    ]
}