{
    "camera_data": {
        "location_worldframe": [
            29.736125946044923,
            130.0093231201172,
            54.11685562133789
        ],
        "quaternion_xyzw_worldframe": [
            -0.00492437370121479,
            0.8732688426971436,
            -0.4871338903903961,
            -0.008827762678265572
        ]
    },
    "objects": [
        {
            "class": "big_plates",
            "visibility": 1.0,
            "location": [
                -0.5798032879829407,
                -2.064568042755127,
                152.72872924804688
            ],
            "quaternion_xyzw": [
                -0.4835336208343506,
                -0.11462567001581192,
                -0.06343621015548706,
                -0.8654664158821106
            ],
            "pose_transform_permuted": [
                [ 0.9656736, 0.001046911, 0.2597564, 0 ],
                [ 0.2206545, 0.5243422, -0.8224214, 0 ],
                [ -0.1370623, 0.851507, 0.5061124, 0 ],
                [ -0.5798033, -2.064568, 152.7287, 1 ]
            ],
            "cuboid_centroid": [
                -0.5798032879829407,
                -2.064568042755127,
                152.72872924804688
            ],
            "projected_cuboid_centroid": [
                315.46624755859377,
                223.856201171875
            ],
            "bounding_box": {
                "top_left": [
                    229.36912536621095,
                    152.329345703125
                ],
                "bottom_right": [
                    397.9339294433594,
                    300.220947265625
                ]
            },
            "cuboid": [
                [ -11.29589, 3.590613, 150.1295 ],
                [ 5.592102, 7.449484, 147.7325 ],
                [ 5.590552, 6.672613, 146.4709 ],
                [ -11.29743, 2.813737, 148.8679 ],
                [ -6.750152, -10.80174, 158.9865 ],
                [ 10.13783, -6.942865, 156.5895 ],
                [ 10.13628, -7.719743, 155.3279 ],
                [ -6.751705, -11.57862, 157.7249 ]
            ],
            "projected_cuboid": [
                [ 230.1431, 268.5627 ],
                [ 365.206, 300.2209 ],
                [ 365.5828, 294.4054 ],
                [ 229.3691, 262.5725 ],
                [ 269.295, 158.8607 ],
                [ 397.3179, 187.0491 ],
                [ 397.9339, 180.6459 ],
                [ 268.8777, 152.3293 ]
            ]
        },
        {
            "class": "water_glass",
            "visibility": 0.0,
            "location": [
                45.30225372314453,
                -5.299370765686035,
                153.24737548828126
            ],
            "quaternion_xyzw": [
                0.05589112639427185,
                0.26694971323013308,
                0.9419443011283875,
                -0.19584417343139649
            ],
            "pose_transform_permuted": [
                [ -0.9170424, 0.3987888, 0.0007315651, 0 ],
                [ -0.3391084, -0.7807658, 0.5247954, 0 ],
                [ 0.2098537, 0.4810116, 0.8512281, 0 ],
                [ 45.30225, -5.299371, 153.2474, 1 ]
            ],
            "cuboid_centroid": [
                45.30225372314453,
                -5.299370765686035,
                153.24737548828126
            ],
            "projected_cuboid_centroid": [
                673.040283203125,
                198.7020263671875
            ],
            "bounding_box": {
                "top_left": [
                    649.0215454101563,
                    169.99169921875
                ],
                "bottom_right": [
                    697.34912109375,
                    227.3824462890625
                ]
            },
            "cuboid": [
                [ 48.13104, -7.622945, 152.3279 ],
                [ 44.46448, -8.978774, 153.167 ],
                [ 42.47054, -5.074963, 150.7619 ],
                [ 46.1371, -3.719112, 149.9229 ],
                [ 48.13398, -5.523774, 155.7328 ],
                [ 44.46741, -6.879604, 156.5719 ],
                [ 42.47347, -2.975789, 154.1668 ],
                [ 46.14003, -1.619937, 153.3278 ]
            ],
            "projected_cuboid": [
                [ 697.3491, 180.2358 ],
                [ 666.6934, 169.9917 ],
                [ 656.4291, 199.7988 ],
                [ 687.519, 210.3743 ],
                [ 689.1212, 197.6403 ],
                [ 659.1763, 187.5256 ],
                [ 649.0215, 216.948 ],
                [ 679.3805, 227.3824 ]
            ]
        },
        {
            "class": "small_spoon",
            "visibility": 0.0,
            "location": [
                64.20819854736328,
                56.647315979003909,
                116.44982147216797
            ],
            "quaternion_xyzw": [
                0.18215221166610719,
                0.20142418146133424,
                0.7184606194496155,
                -0.6403617858886719
            ],
            "pose_transform_permuted": [
                [ -0.1135147, 0.9935291, 0.003769696, 0 ],
                [ -0.8467698, -0.09873014, 0.5227173, 0 ],
                [ 0.5197071, 0.05614404, 0.8524978, 0 ],
                [ 64.2082, 56.64732, 116.4498, 1 ]
            ],
            "cuboid_centroid": [
                64.20819854736328,
                56.647315979003909,
                116.44982147216797
            ],
            "projected_cuboid_centroid": [
                978.489990234375,
                820.9490356445313
            ],
            "bounding_box": {
                "top_left": [
                    938.3267211914063,
                    752.5272216796875
                ],
                "bottom_right": [
                    1021.2798461914063,
                    892.3936767578125
                ]
            },
            "cuboid": [
                [ 66.21532, 61.16399, 112.7625 ],
                [ 64.86025, 51.05568, 118.9665 ],
                [ 62.19522, 51.32051, 118.8159 ],
                [ 63.55031, 61.42882, 112.6119 ],
                [ 66.22117, 61.97412, 114.0837 ],
                [ 64.86608, 51.86582, 120.2878 ],
                [ 62.20107, 52.13065, 120.1372 ],
                [ 63.55615, 62.23896, 113.9332 ]
            ],
            "projected_cuboid": [
                [ 1021.28, 887.7816 ],
                [ 971.1057, 752.5272 ],
                [ 945.1439, 755.8387 ],
                [ 993.9551, 891.4565 ],
                [ 1013.219, 888.7602 ],
                [ 964.0117, 754.9409 ],
                [ 938.3267, 758.219 ],
                [ 986.2005, 892.3937 ]
            ]
        },
        {
            "class": "big_plates",
            "visibility": 1.0,
            "location": [
                4.997798442840576,
                -10.289491653442383,
                156.47496032714845
            ],
            "quaternion_xyzw": [
                0.44231653213500979,
                -0.18239712715148927,
                -0.07486125826835633,
                0.8749189376831055
            ],
            "pose_transform_permuted": [
                [ 0.9222541, -0.03035946, -0.3853902, 0 ],
                [ -0.2923496, 0.5975037, -0.7466733, 0 ],
                [ 0.2529407, 0.8012912, 0.5421748, 0 ],
                [ 4.997798, -10.28949, 156.475, 1 ]
            ],
            "cuboid_centroid": [
                4.997798442840576,
                -10.289491653442383,
                156.47496032714845
            ],
            "projected_cuboid_centroid": [
                358.14447021484377,
                161.468017578125
            ],
            "bounding_box": {
                "top_left": [
                    271.6292724609375,
                    94.62548828125
                ],
                "bottom_right": [
                    448.1625061035156,
                    233.9765625
                ]
            },