{
    "camera_data": {
        "location_worldframe": [
            32.59523391723633,
            131.42726135253907,
            -5.534148216247559
        ],
        "quaternion_xyzw_worldframe": [
            0.3707798719406128,
            -0.6167230010032654,
            0.405841588973999,
            0.5634427666664124
        ]
    },
    "objects": [
        {
            "class": "packet_cup",
            "visibility": 1.0,
            "location": [
                1.7540922164916993,
                -1.69412362575531,
                139.58506774902345
            ],
            "quaternion_xyzw": [
                -0.9693949818611145,
                0.13947147130966187,
                -0.02898315154016018,
                -0.19995266199111939
            ],
            "pose_transform_permuted": [
                [ 0.9594154, -0.2819964, 0.0004168563, 0 ],
                [ -0.2588154, -0.8811333, -0.3957509, 0 ],
                [ 0.1119676, 0.3795816, -0.9183579, 0 ],
                [ 1.754092, -1.694124, 139.5851, 1 ]
            ],
            "cuboid_centroid": [
                1.7540922164916993,
                -1.69412362575531,
                139.58506774902345
            ],
            "projected_cuboid_centroid": [
                335.0075988769531,
                225.5054931640625
            ],
            "bounding_box": {
                "top_left": [
                    314.52691650390627,
                    190.1942138671875
                ],
                "bottom_right": [
                    356.4527893066406,
                    259.7850341796875
                ]
            },
            "cuboid": [
                [ -0.6313413, -2.058904, 143.5524 ],
                [ 2.726616, -2.964765, 143.9442 ],
                [ 4.136596, 1.4409, 142.0463 ],
                [ 0.7786428, 2.346764, 141.6544 ],
                [ -0.628416, -4.829159, 137.1238 ],
                [ 2.729537, -5.735015, 137.5157 ],
                [ 4.13952, -1.329349, 135.6178 ],
                [ 0.7815636, -0.4234926, 135.2259 ]
            ],
            "projected_cuboid": [
                [ 314.7477, 222.8713 ],
                [ 342.6218, 215.4023 ],
                [ 354.7785, 252.1144 ],
                [ 326.5646, 259.785 ],
                [ 314.5269, 197.9413 ],
                [ 343.7047, 190.1942 ],
                [ 356.4528, 228.2937 ],
                [ 326.9024, 236.2599 ]
            ]
        }
    ]
}