{
    "camera_data": {
        "location_worldframe": [
            -55.24497604370117,
            110.25761413574219,
            -17.673295974731447
        ],
        "quaternion_xyzw_worldframe": [
            0.5281205773353577,
            0.44957706332206728,
            -0.3934463858604431,
            0.6034643054008484
        ]
    },
    "objects": [
        {
            "class": "knife",
            "visibility": 1.0,
            "location": [
                2.4603469371795656,
                -1.4695732593536378,
                110.63159942626953
            ],
            "quaternion_xyzw": [
                -0.06707090884447098,
                0.0010028338292613626,
                0.014862381853163243,
                0.9976370334625244
            ],
            "pose_transform_permuted": [
                [ 0.9995562, -0.02978905, 7.261522E-06, 0 ],
                [ 0.02952, 0.9905612, 0.1338546, 0 ],
                [ -0.003994595, -0.133795, 0.991001, 0 ],
                [ 2.460347, -1.469573, 110.6316, 1 ]
            ],
            "cuboid_centroid": [
                2.4603469371795656,
                -1.4695732593536378,
                110.63159942626953
            ],
            "projected_cuboid_centroid": [
                346.5591735839844,
                224.1361083984375
            ],
            "bounding_box": {
                "top_left": [
                    257.41180419921877,
                    209.4366455078125
                ],
                "bottom_right": [
                    435.7188415527344,
                    238.777099609375
                ]
            },
            "cuboid": [
                [ -5.771383, -0.7049288, 110.1248 ],
                [ 10.62829, -0.2205942, 110.0592 ],
                [ 10.69207, -2.341302, 110.3457 ],
                [ -5.707606, -2.825639, 110.4112 ],
                [ -5.771377, -0.5978432, 110.9176 ],
                [ 10.6283, -0.1135095, 110.852 ],
                [ 10.69207, -2.234221, 111.1385 ],
                [ -5.707602, -2.718565, 111.204 ]
            ],
            "projected_cuboid": [
                [ 257.4118, 232.3553 ],
                [ 435.328, 237.6063 ],
                [ 435.7188, 214.6604 ],
                [ 258.264, 209.4366 ],
                [ 257.8592, 233.563 ],
                [ 434.5032, 238.7771 ],
                [ 434.8934, 215.9918 ],
                [ 258.7042, 210.8044 ]
            ]
        },
        {
            "class": "big_plates",
            "visibility": 0.019421709701418878,
            "location": [
                -34.277503967285159,
                -32.96200942993164,
                114.49752044677735
            ],
            "quaternion_xyzw": [
                -0.6467093229293823,
                -0.14217570424079896,
                -0.1244211196899414,
                -0.7389671802520752
            ],
            "pose_transform_permuted": [
                [ 0.9286109, 6.467104E-06, 0.3710549, 0 ],
                [ 0.367779, 0.1325729, -0.9204146, 0 ],
                [ -0.04919776, 0.9911733, 0.1231062, 0 ],
                [ -34.2775, -32.96201, 114.4975, 1 ]
            ],
            "cuboid_centroid": [
                -34.277503967285159,
                -32.96200942993164,
                114.49752044677735
            ],
            "projected_cuboid_centroid": [
                -37.52845764160156,
                -103.807373046875
            ],
            "bounding_box": {
                "top_left": [
                    -161.9007568359375,
                    -219.2764892578125
                ],
                "bottom_right": [
                    83.87884521484375,
                    13.2318115234375
                ]
            },
            "cuboid": [
                [ -45.64413, -28.02609, 114.5848 ],
                [ -29.40431, -21.59426, 113.7244 ],
                [ -29.40432, -21.79068, 112.2559 ],
                [ -45.64415, -28.22252, 113.1163 ],
                [ -39.15068, -44.13332, 116.7392 ],
                [ -22.91085, -37.70149, 115.8787 ],
                [ -22.91086, -37.89792, 114.4102 ],
                [ -39.15068, -44.32974, 115.2706 ]
            ],
            "projected_cuboid": [
                [ -155.7245, -52.10107 ],
                [ 11.21599, 13.23181 ],
                [ 7.176342, 8.175537 ],
                [ -161.9008, -57.96704 ],
                [ -80.5164, -211.4895 ],
                [ 83.87885, -148.5548 ],
                [ 80.84797, -155.5925 ],
                [ -85.61901, -219.2765 ]
            ]
        }
    ]
}