{
    "camera_data": {
        "location_worldframe": [
            30.451160430908204,
            64.36422729492188,
            31.21323013305664
        ],
        "quaternion_xyzw_worldframe": [
            0.6538313031196594,
            0.20268471539020539,
            -0.18816471099853517,
            0.7042851448059082
        ]
    },
    "objects": [
        {
            "class": "water_glass",
            "visibility": 1.0,
            "location": [
                -1.8217498064041138,
                2.844130039215088,
                61.927024841308597
            ],
            "quaternion_xyzw": [
                -0.3864167630672455,
                -0.6191085577011108,
                -0.3403521776199341,
                0.5929139852523804
            ],
            "pose_transform_permuted": [
                [ 0.00172995, 0.882067, -0.4711207, 0 ],
                [ 0.07486871, 0.469685, 0.8796537, 0 ],
                [ 0.9971918, -0.03679392, -0.06522667, 0 ],
                [ -1.82175, 2.84413, 61.92702, 1 ]
            ],
            "cuboid_centroid": [
                -1.8217498064041138,
                2.844130039215088,
                61.927024841308597
            ],
            "projected_cuboid_centroid": [
                284.86773681640627,
                294.8487548828125
            ],
            "bounding_box": {
                "top_left": [
                    220.85020446777345,
                    235.2540283203125
                ],
                "bottom_right": [
                    346.3297119140625,
                    352.562744140625
                ]
            },
            "cuboid": [
                [ 1.3222, 2.10936, 59.97198 ],
                [ 1.329118, 2.40871, 63.959 ],
                [ -3.081218, 0.06028556, 64.14297 ],
                [ -3.088137, -0.23906, 60.15595 ],
                [ -0.5622824, 5.627973, 59.71107 ],
                [ -0.5553639, 5.927319, 63.69809 ],
                [ -4.965701, 3.578901, 63.88206 ],
                [ -4.97262, 3.279552, 59.89505 ]
            ],
            "projected_cuboid": [
                [ 346.3297, 282.0049 ],
                [ 344.8176, 284.976 ],
                [ 262.6318, 241.1224 ],
                [ 258.6922, 235.254 ],
                [ 308.754, 352.5627 ],
                [ 309.5876, 351.1295 ],
                [ 227.1677, 306.9065 ],
                [ 220.8502, 305.3915 ]
            ]
        },
        {
            "class": "knife",
            "visibility": 0.0,
            "location": [
                20.45206069946289,
                58.938926696777347,
                59.355716705322269
            ],
            "quaternion_xyzw": [
                0.03719527646899223,
                0.0021468433551490309,
                0.06006907671689987,
                -0.997498631477356
            ],
            "pose_transform_permuted": [
                [ 0.9927742, 0.1199973, 0.0001856252, 0 ],
                [ -0.1196779, 0.9900165, 0.07446239, 0 ],
                [ 0.008751519, -0.07394656, 0.9972238, 0 ],
                [ 20.45206, 58.93893, 59.35572, 1 ]
            ],
            "cuboid_centroid": [
                20.45206069946289,
                58.938926696777347,
                59.355716705322269
            ],
            "projected_cuboid_centroid": [
                731.5020751953125,
                1425.870361328125
            ],
            "bounding_box": {
                "top_left": [
                    563.3892211914063,
                    1374.880126953125
                ],
                "bottom_right": [
                    901.93212890625,
                    1477.81396484375
                ]
            },
            "cuboid": [
                [ 12.43624, 60.95068, 58.80588 ],
                [ 28.72465, 58.98713, 58.94946 ],
                [ 28.46774, 56.86758, 59.10777 ],
                [ 12.17933, 58.83113, 58.96419 ],
                [ 12.43638, 61.01025, 59.60365 ],
                [ 28.72479, 59.0467, 59.74723 ],
                [ 28.46788, 56.92715, 59.90554 ],
                [ 12.17948, 58.89072, 59.76197 ]
            ],
            "projected_cuboid": [
                [ 572.5607, 1477.814 ],
                [ 901.9321, 1435.019 ],
                [ 895.1828, 1388.994 ],
                [ 566.6792, 1431.561 ],
                [ 569.1832, 1462.44 ],
                [ 894.1649, 1420.254 ],
                [ 887.5259, 1374.88 ],
                [ 563.3892, 1416.845 ]
            ]
        },
        {
            "class": "knife",
            "visibility": 0.0,
            "location": [
                24.763500213623048,
                71.83690643310547,
                58.40054702758789
            ],
            "quaternion_xyzw": [
                0.823310375213623,
                0.5663654804229736,
                -0.02177724801003933,
                0.030263008549809457
            ],
            "pose_transform_permuted": [
                [ 0.3575118, 0.9339073, -0.001579024, 0 ],
                [ 0.9312711, -0.3566285, -0.07449946, 0 ],
                [ -0.07013872, 0.02516394, -0.9972197, 0 ],
                [ 24.7635, 71.83691, 58.40055, 1 ]
            ],
            "cuboid_centroid": [
                24.763500213623048,
                71.83690643310547,
                58.40054702758789
            ],
            "projected_cuboid_centroid": [
                826.3988037109375,
                1709.021728515625
            ],
            "bounding_box": {
                "top_left": [
                    739.193603515625,
                    1523.592529296875
                ],
                "bottom_right": [
                    916.4797973632813,
                    1900.9197998046875
                ]
            },
            "cuboid": [
                [ 22.83101, 63.84529, 59.40175 ],
                [ 28.69668, 79.12461, 58.25098 ],
                [ 26.69726, 79.88811, 58.19711 ],
                [ 20.83158, 64.6088, 59.34787 ],
                [ 22.82974, 63.78569, 58.60398 ],
                [ 28.69542, 79.06501, 57.45322 ],
                [ 26.696, 79.82852, 57.39935 ],
                [ 20.83033, 64.5492, 58.55011 ]
            ],
            "projected_cuboid": [
                [ 779.0113, 1523.593 ],
                [ 908.3368, 1862.206 ],
                [ 867.8515, 1879.375 ],
                [ 739.1936, 1540.122 ],
                [ 785.234, 1539.851 ],
                [ 916.4798, 1883.492 ],
                [ 875.4395, 1900.92 ],
                [ 744.8796, 1556.621 ]
            ]
        },
        {
            "class": "water_glass",
            "visibility": 0.0,
            "location": [
                5.547781944274902,
                35.9183349609375,
                59.46556854248047
            ],
            "quaternion_xyzw": [
                0.987370491027832,
                -0.15413695573806764,
                0.004639385733753443,
                0.03632951155304909
            ],
            "pose_transform_permuted": [
                [ 0.9524406, -0.3047177, -0.002037856, 0 ],
                [ -0.3040435, -0.949844, -0.07317157, 0 ],
                [ 0.02036102, 0.07031117, -0.9973174, 0 ],
                [ 5.547782, 35.91833, 59.46557, 1 ]
            ],
            "cuboid_centroid": [
                5.547781944274902,
                35.9183349609375,
                59.46556854248047
            ],
            "projected_cuboid_centroid": [
                431.4169616699219,
                961.353515625
            ],
            "bounding_box": {
                "top_left": [
                    375.9563903808594,
                    880.5772094726563
                ],
                "bottom_right": [
                    490.9976806640625,
                    1048.36865234375
                ]
            },