{
    "camera_data": {
        "location_worldframe": [
            42.248207092285159,
            205.081298828125,
            36.1619758605957
        ],
        "quaternion_xyzw_worldframe": [
            0.46337050199508669,
            -0.5328549742698669,
            0.45539015531539919,
            0.5421929359436035
        ]
    },
    "objects": [
        {
            "class": "bowl",
            "visibility": 1.0,
            "location": [
                0.4412727952003479,
                1.7169945240020753,
                200.61572265625
            ],
            "quaternion_xyzw": [
                0.7058898210525513,
                0.06891269981861115,
                0.703733503818512,
                0.041590504348278049
            ],
            "pose_transform_permuted": [
                [ 2.040528E-05, 0.03875228, 0.9992489, 0 ],
                [ 0.1558268, -0.9870425, 0.03827572, 0 ],
                [ 0.9877844, 0.155709, -0.006058792, 0 ],
                [ 0.4412728, 1.716995, 200.6157, 1 ]
            ],
            "cuboid_centroid": [
                0.4412727952003479,
                1.7169945240020753,
                200.61572265625
            ],
            "projected_cuboid_centroid": [
                322.62689208984377,
                250.22119140625
            ],
            "bounding_box": {
                "top_left": [
                    283.8083190917969,
                    230.2330322265625
                ],
                "bottom_right": [
                    361.49359130859377,
                    269.08544921875
                ]
            },
            "cuboid": [
                [ -5.719008, -1.593231, 194.8125 ],
                [ -5.718743, 0.3540573, 207.1564 ],
                [ -5.883442, 4.54899, 206.4946 ],
                [ -5.883697, 2.601704, 194.1508 ],
                [ 6.765996, -1.114996, 194.7368 ],
                [ 6.76625, 0.8322933, 207.0807 ],
                [ 6.601556, 5.027217, 206.4189 ],
                [ 6.601291, 3.079937, 194.0751 ]
            ],
            "projected_cuboid": [
                [ 284.9409, 230.233 ],
                [ 287.0315, 242.0411 ],
                [ 285.9733, 266.309 ],
                [ 283.8083, 256.0035 ],
                [ 361.4936, 233.1621 ],
                [ 359.0217, 244.7999 ],
                [ 358.1939, 269.0854 ],
                [ 360.6216, 258.9526 ]
            ]
        }
    ]
}