{
    "camera_data": {
        "location_worldframe": [
            26.76820182800293,
            116.91051483154297,
            17.113018035888673
        ],
        "quaternion_xyzw_worldframe": [
            0.5967026948928833,
            -0.2168416678905487,
            0.17177031934261323,
            0.7532732486724854
        ]
    },
    "objects": [
        {
            "class": "bowl",
            "visibility": 1.0,
            "location": [
                -1.2818200588226319,
                1.4621126651763917,
                112.92525482177735
            ],
            "quaternion_xyzw": [
                -0.5865836143493652,
                0.2501413822174072,
                -0.6613764762878418,
                -0.39487990736961367
            ],
            "pose_transform_permuted": [
                [ 2.087653E-05, -0.8157862, 0.5783536, 0 ],
                [ 0.2288709, -0.5629984, -0.7941355, 0 ],
                [ 0.9734568, 0.1323849, 0.1866979, 0 ],
                [ -1.28182, 1.462113, 112.9253, 1 ]
            ],
            "cuboid_centroid": [
                -1.2818200588226319,
                1.4621126651763917,
                112.92525482177735
            ],
            "projected_cuboid_centroid": [
                306.4439392089844,
                255.4627685546875
            ],
            "bounding_box": {
                "top_left": [
                    245.28883361816407,
                    172.447265625
                ],
                "bottom_right": [
                    365.0604248046875,
                    331.9326171875
                ]
            },
            "cuboid": [
                [ -6.628589, 3.796823, 105.9578 ],
                [ -6.628321, 6.656903, 118.1226 ],
                [ -3.161233, 9.049647, 117.56 ],
                [ -3.161498, 6.189558, 105.3952 ],
                [ 0.5975835, -6.125418, 108.2905 ],
                [ 0.5978496, -3.265326, 120.4553 ],
                [ 4.064942, -0.872575, 119.8927 ],
                [ 4.064675, -3.732672, 107.7279 ]
            ],
            "projected_cuboid": [
                [ 245.2888, 282.7942 ],
                [ 252.9856, 307.3033 ],
                [ 287.886, 331.9326 ],
                [ 284.1764, 310.1353 ],
                [ 326.5903, 172.4473 ],
                [ 325.9274, 207.6259 ],
                [ 360.4911, 231.3082 ],
                [ 365.0604, 198.6201 ]
            ]
        }
    ]
}