{
    "camera_data": {
        "location_worldframe": [
            16.049659729003908,
            43.149627685546878,
            -63.22058868408203
        ],
        "quaternion_xyzw_worldframe": [
            0.1896437406539917,
            -0.32467812299728396,
            0.06662183254957199,
            0.9242191314697266
        ]
    },
    "objects": [
        {
            "class": "teacup",
            "visibility": 1.0,
            "location": [
                -3.0033984184265138,
                0.5756180882453919,
                99.18048858642578
            ],
            "quaternion_xyzw": [
                0.8316143751144409,
                -0.08019611984491348,
                0.05220680683851242,
                0.5470471382141113
            ],
            "pose_transform_permuted": [
                [ 0.9816861, -0.1905037, -0.0009102523, 0 ],
                [ -0.07626533, -0.388616, -0.9182381, 0 ],
                [ 0.174574, 0.901491, -0.3960277, 0 ],
                [ -3.003398, 0.5756181, 99.18049, 1 ]
            ],
            "cuboid_centroid": [
                -3.0033984184265138,
                0.5756180882453919,
                99.18048858642578
            ],
            "projected_cuboid_centroid": [
                283.8353576660156,
                246.93115234375
            ],
            "bounding_box": {
                "top_left": [
                    227.6776885986328,
                    196.885009765625
                ],
                "bottom_right": [
                    340.78662109375,
                    298.8165283203125
                ]
            },
            "cuboid": [
                [ -7.684311, 2.817182, 101.9825 ],
                [ 0.7130133, 2.164802, 103.4758 ],
                [ 1.683276, 4.14409, 98.88434 ],
                [ -6.71405, 4.79646, 97.39104 ],
                [ -7.69007, -2.992846, 99.47665 ],
                [ 0.7072541, -3.645212, 100.9699 ],
                [ 1.677517, -1.665941, 96.37852 ],
                [ -6.719814, -1.013566, 94.88523 ]
            ],
            "projected_cuboid": [
                [ 230.0136, 272.9904 ],
                [ 328.2292, 264.9849 ],
                [ 340.3294, 290.0494 ],
                [ 237.6691, 298.8165 ],
                [ 227.6777, 204.0697 ],
                [ 328.3653, 196.885 ],
                [ 340.7866, 219.3568 ],
                [ 235.4222, 227.2429 ]
            ]
        },
        {
            "class": "small_plates",
            "visibility": 0.0,
            "location": [
                19.535181045532228,
                29.561992645263673,
                37.70289611816406
            ],
            "quaternion_xyzw": [
                -0.516169011592865,
                0.17327214777469636,
                -0.8318179249763489,
                0.10782086849212647
            ],
            "pose_transform_permuted": [
                [ -0.4438886, 0.0004992336, 0.896082, 0 ],
                [ -0.3582501, -0.916703, -0.1769542, 0 ],
                [ 0.8213525, -0.3995694, 0.4070927, 0 ],
                [ 19.53518, 29.56199, 37.7029, 1 ]
            ],
            "cuboid_centroid": [
                19.535181045532228,
                29.561992645263673,
                37.70289611816406
            ],
            "projected_cuboid_centroid": [
                938.7857055664063,
                1176.3895263671875
            ],
            "bounding_box": {
                "top_left": [
                    691.6476440429688,
                    950.0303955078125
                ],
                "bottom_right": [
                    1220.5916748046875,
                    1491.01611328125
                ]
            },
            "cuboid": [
                [ 17.16274, 31.69151, 30.95879 ],
                [ 12.50272, 27.93054, 39.5815 ],
                [ 12.50198, 29.28986, 40.174 ],
                [ 17.162, 33.05083, 31.55128 ],
                [ 26.56839, 29.83414, 35.2318 ],
                [ 21.90836, 26.07315, 43.8545 ],
                [ 21.90762, 27.43247, 44.447 ],
                [ 26.56765, 31.19345, 35.82429 ]
            ],
            "projected_cuboid": [
                [ 982.0643, 1462.522 ],
                [ 697.2332, 1082.723 ],
                [ 691.6476, 1110.702 ],
                [ 969.6036, 1491.016 ],
                [ 1220.592, 1251.291 ],
                [ 916.6137, 950.0304 ],
                [ 908.6407, 977.0892 ],
                [ 1205.672, 1279.88 ]
            ]
        },
        {
            "class": "packet_cup",
            "visibility": 0.0,
            "location": [
                46.08003234863281,
                16.653474807739259,
                60.79723358154297
            ],
            "quaternion_xyzw": [
                -0.3857932984828949,
                0.39306485652923586,
                0.5954439640045166,
                0.5849016904830933
            ],
            "pose_transform_permuted": [
                [ -0.018107, -0.9998359, 0.0003719926, 0 ],
                [ 0.3932688, -0.006779969, 0.9193985, 0 ],
                [ -0.9192452, 0.01679388, 0.3933271, 0 ],
                [ 46.08003, 16.65347, 60.79723, 1 ]
            ],
            "cuboid_centroid": [
                46.08003234863281,
                16.653474807739259,
                60.79723358154297
            ],
            "projected_cuboid_centroid": [
                1225.162353515625,
                567.128662109375
            ],
            "bounding_box": {
                "top_left": [
                    1136.0751953125,
                    488.94482421875
                ],
                "bottom_right": [
                    1323.5865478515625,
                    646.0205078125
                ]
            },
            "cuboid": [
                [ 43.61082, 12.73041, 61.07125 ],
                [ 43.54745, 14.10685, 57.85389 ],
                [ 48.54663, 14.14075, 57.76992 ],
                [ 48.61, 12.76431, 60.98727 ],
                [ 43.61344, 19.1662, 63.82454 ],
                [ 43.55006, 20.54264, 60.60718 ],
                [ 48.54923, 20.57654, 60.5232 ],
                [ 48.6126, 19.2001, 63.74056 ]
            ],
            "projected_cuboid": [
                [ 1172.815, 488.9448 ],
                [ 1218.934, 531.2024 ],
                [ 1323.587, 532.3265 ],
                [ 1271.884, 489.9514 ],
                [ 1136.075, 598.6294 ],
                [ 1178.148, 644.7899 ],
                [ 1277.983, 646.0205 ],
                [ 1230.816, 599.737 ]
            ]
        }
    ]
}