{
    "camera_data": {
        "location_worldframe": [
            -2.099287509918213,
            119.5992431640625,
            22.215560913085939
        ],
        "quaternion_xyzw_worldframe": [
            -0.31453898549079897,
            0.6850878000259399,
            -0.47806552052497866,
            -0.4507474899291992
        ]
    },
    "objects": [
        {
            "class": "teacup",
            "visibility": 1.0,
            "location": [
                1.234848976135254,
                -1.4384920597076417,
                124.15754699707031
            ],
            "quaternion_xyzw": [
                0.8367527723312378,
                0.5187456607818604,
                -0.09350214898586273,
                0.14834089577198029
            ],
            "pose_transform_permuted": [
                [ 0.4443206, 0.8958641, -0.002573967, 0 ],
                [ 0.8403834, -0.4177957, -0.345257, 0 ],
                [ -0.3103788, 0.1512416, -0.9385045, 0 ],
                [ 1.234849, -1.438492, 124.1575, 1 ]
            ],
            "cuboid_centroid": [
                1.234848976135254,
                -1.4384920597076417,
                124.15754699707031
            ],
            "projected_cuboid_centroid": [
                331.87786865234377,
                226.163330078125
            ],
            "bounding_box": {
                "top_left": [
                    291.104248046875,
                    170.142578125
                ],
                "bottom_right": [
                    373.7153625488281,
                    281.0615234375
                ]
            },
            "cuboid": [
                [ 1.624019, -5.004473, 128.8393 ],
                [ 5.424723, 2.184151, 126.1843 ],
                [ 0.8619666, 4.312049, 125.414 ],
                [ -2.938744, -2.876575, 128.069 ],
                [ 1.607735, -7.189036, 122.9011 ],
                [ 5.408439, -0.0004061756, 120.2461 ],
                [ 0.8456767, 2.12748, 119.4758 ],
                [ -2.955028, -5.061151, 122.1308 ]
            ],
            "projected_cuboid": [
                [ 335.0536, 193.6118 ],
                [ 371.3416, 260.6716 ],
                [ 328.2081, 281.0615 ],
                [ 292.5959, 213.1757 ],
                [ 335.6227, 170.1426 ],
                [ 373.7154, 239.996 ],
                [ 328.4532, 261.2659 ],
                [ 291.1042, 190.5095 ]
            ]
        },
        {
            "class": "small_plates",
            "visibility": 0.0,
            "location": [
                -58.26736831665039,
                36.724239349365237,
                112.72152709960938
            ],
            "quaternion_xyzw": [
                0.7662678956985474,
                -0.20649564266204835,
                0.29041457176208498,
                -0.5346517562866211
            ],
            "pose_transform_permuted": [
                [ 0.7460378, -0.005920619, 0.6658772, 0 ],
                [ -0.6270033, -0.3430142, 0.6994343, 0 ],
                [ 0.2242642, -0.9393116, -0.2596139, 0 ],
                [ -58.26737, 36.72424, 112.7215, 1 ]
            ],
            "cuboid_centroid": [
                -58.26736831665039,
                36.724239349365237,
                112.72152709960938
            ],
            "projected_cuboid_centroid": [
                -297.328125,
                629.0841064453125
            ],
            "bounding_box": {
                "top_left": [
                    -379.05853271484377,
                    547.599365234375
                ],
                "bottom_right": [
                    -216.3355712890625,
                    713.7508544921875
                ]
            },
            "cuboid": [
                [ -65.68243, 36.09035, 112.2104 ],
                [ -57.85039, 29.50795, 114.5648 ],
                [ -57.84161, 30.01658, 115.9576 ],
                [ -65.67365, 36.59897, 113.6033 ],
                [ -58.69312, 43.43189, 109.4854 ],
                [ -50.86108, 36.8495, 111.8398 ],
                [ -50.8523, 37.35812, 113.2326 ],
                [ -58.68433, 43.94052, 110.8783 ]
            ],
            "projected_cuboid": [
                [ -379.0585, 624.1099 ],
                [ -283.0491, 547.5994 ],
                [ -275.7151, 549.1431 ],
                [ -370.3954, 624.7474 ],
                [ -320.2188, 713.7509 ],
                [ -223.1087, 633.4892 ],
                [ -216.3356, 634.0135 ],
                [ -312.0818, 713.2781 ]
            ]
        },
        {
            "class": "packet_cup",
            "visibility": 0.0,
            "location": [
                -25.853271484375,
                53.23316192626953,
                103.6993408203125
            ],
            "quaternion_xyzw": [
                -0.021910879760980607,
                0.17378412187099458,
                0.9768187999725342,
                0.1230609193444252
            ],
            "pose_transform_permuted": [
                [ -0.9687518, -0.248032, -3.385171E-05, 0 ],
                [ 0.2328009, -0.9093102, 0.3449039, 0 ],
                [ -0.08557798, 0.3341184, 0.938638, 0 ],
                [ -25.85327, 53.23316, 103.6993, 1 ]
            ],
            "cuboid_centroid": [
                -25.853271484375,
                53.23316192626953,
                103.6993408203125
            ],
            "projected_cuboid_centroid": [
                22.260093688964845,
                853.0611572265625
            ],
            "bounding_box": {
                "top_left": [
                    -12.745628356933594,
                    812.515380859375
                ],
                "bottom_right": [
                    55.55360794067383,
                    897.0895385742188
                ]
            },
            "cuboid": [
                [ -24.77792, 49.34532, 101.3992 ],
                [ -28.16854, 50.16012, 101.0996 ],
                [ -26.92839, 54.70667, 99.42905 ],
                [ -23.53775, 53.89186, 99.72856 ],
                [ -24.77815, 51.75962, 107.9696 ],
                [ -28.16878, 52.57444, 107.6701 ],
                [ -26.92862, 57.12099, 105.9995 ],
                [ -23.53799, 56.3062, 106.299 ]
            ],
            "projected_cuboid": [
                [ 28.17135, 821.1779 ],
                [ -12.74563, 832.5248 ],
                [ -3.440628, 897.0895 ],
                [ 38.13383, 885.3587 ],
                [ 45.92785, 812.5154 ],
                [ 7.557182, 823.1458 ],
                [ 16.6054, 883.5605 ],
                [ 55.55361, 872.593 ]
            ]
        }
    ]
}