{
    "camera_data": {
        "location_worldframe": [
            -66.854736328125,
            64.201416015625,
            40.08224105834961
        ],
        "quaternion_xyzw_worldframe": [
            0.13412705063819886,
            0.8431281447410584,
            -0.24657034873962403,
            0.4586370289325714
        ]
    },
    "objects": [
        {
            "class": "big_spoon",
            "visibility": 1.0,
            "location": [
                -1.4980922937393189,
                -0.062134746462106708,
                115.43733978271485
            ],
            "quaternion_xyzw": [
                -0.25660911202430727,
                -0.3364018201828003,
                -0.09856430441141129,
                -0.9007056951522827
            ],
            "pose_transform_permuted": [
                [ 0.7542378, -0.00490731, 0.6565831, 0 ],
                [ 0.3502024, 0.8488737, -0.3959441, 0 ],
                [ -0.5554131, 0.528573, 0.6419712, 0 ],
                [ -1.498092, -0.06213475, 115.4373, 1 ]
            ],
            "cuboid_centroid": [
                -1.4980922937393189,
                -0.062134746462106708,
                115.43733978271485
            ],
            "projected_cuboid_centroid": [
                304.5014953613281,
                239.357177734375
            ],
            "bounding_box": {
                "top_left": [
                    241.57992553710938,
                    195.142822265625
                ],
                "bottom_right": [
                    371.3446044921875,
                    286.646728515625
                ]
            },
            "cuboid": [
                [ -7.769656, -0.8683128, 119.8455 ],
                [ 3.484993, 4.357358, 111.5577 ],
                [ 3.501446, 1.511132, 109.7854 ],
                [ -7.753203, -3.714558, 118.0732 ],
                [ -6.497631, -1.635396, 121.0892 ],
                [ 4.75702, 3.590286, 112.8014 ],
                [ 4.77347, 0.7440487, 111.0291 ],
                [ -6.481177, -4.481636, 119.317 ]
            ],
            "projected_cuboid": [
                [ 242.5757, 231.3473 ],
                [ 357.3078, 286.6467 ],
                [ 358.0891, 256.4382 ],
                [ 241.5799, 202.429 ],
                [ 255.9164, 223.8707 ],
                [ 370.3637, 278.0112 ],
                [ 371.3446, 248.0032 ],
                [ 255.1292, 195.1428 ]
            ]
        },
        {
            "class": "bowl",
            "visibility": 1.0,
            "location": [
                -7.08955717086792,
                -14.890460968017579,
                130.09800720214845
            ],
            "quaternion_xyzw": [
                -0.478484183549881,
                0.04012785479426384,
                0.07332009077072144,
                0.874109148979187
            ],
            "pose_transform_permuted": [
                [ 0.9860278, -0.1665806, -1.275539E-05, 0 ],
                [ 0.08977844, 0.5313541, 0.8423792, 0 ],
                [ -0.1403173, -0.8306105, 0.5388853, 0 ],
                [ -7.089557, -14.89046, 130.098, 1 ]
            ],
            "cuboid_centroid": [
                -7.08955717086792,
                -14.890460968017579,
                130.09800720214845
            ],
            "projected_cuboid_centroid": [
                254.92022705078126,
                103.310546875
            ],
            "bounding_box": {
                "top_left": [
                    190.89369201660157,
                    38.364990234375
                ],
                "bottom_right": [
                    314.8914794921875,
                    167.53662109375
                ]
            },
            "cuboid": [
                [ -13.60441, -19.58479, 125.8432 ],
                [ -1.282515, -18.46288, 124.0897 ],
                [ -0.5745451, -20.72113, 127.6198 ],
                [ -12.89644, -21.84304, 129.3733 ],
                [ -13.60457, -9.059785, 132.5762 ],
                [ -1.282674, -7.937877, 130.8228 ],
                [ -0.5747052, -10.19612, 134.3528 ],
                [ -12.8966, -11.31804, 136.1063 ]
            ],
            "projected_cuboid": [
                [ 190.8937, 54.13965 ],
                [ 307.6569, 62.31079 ],
                [ 314.6234, 46.09326 ],
                [ 200.9518, 38.36499 ],
                [ 197.449, 158.3888 ],
                [ 308.2907, 167.5366 ],
                [ 314.8915, 149.3672 ],
                [ 206.8396, 140.6906 ]
            ]
        },
        {
            "class": "bowl",
            "visibility": 0.0,
            "location": [
                29.801902770996095,
                11.907387733459473,
                88.2037353515625
            ],
            "quaternion_xyzw": [
                -0.8250095844268799,
                0.30016618967056277,
                -0.16437798738479615,
                -0.4497102200984955
            ],
            "pose_transform_permuted": [
                [ 0.7657602, -0.6431249, 0.001251221, 0 ],
                [ -0.3474351, -0.4153219, -0.840712, 0 ],
                [ 0.5412024, 0.6433491, -0.5414811, 0 ],
                [ 29.8019, 11.90739, 88.20374, 1 ]
            ],
            "cuboid_centroid": [
                29.801902770996095,
                11.907387733459473,
                88.2037353515625
            ],
            "projected_cuboid_centroid": [
                723.5101928710938,
                401.2230224609375
            ],
            "bounding_box": {
                "top_left": [
                    635.227294921875,
                    288.0247802734375
                ],
                "bottom_right": [
                    814.5753173828125,
                    517.982421875
                ]
            },
            "cuboid": [
                [ 23.64279, 18.44778, 89.57202 ],
                [ 33.21211, 14.10606, 96.33515 ],
                [ 35.94539, 15.87118, 93.60091 ],
                [ 26.37606, 20.21289, 86.83778 ],
                [ 23.65841, 7.943602, 82.80655 ],
                [ 33.22774, 3.601877, 89.56969 ],
                [ 35.96102, 5.367, 86.83546 ],
                [ 26.3917, 9.708719, 80.07231 ]
            ],
            "projected_cuboid": [
                [ 635.2273, 485.9627 ],
                [ 731.7268, 414.8712 ],
                [ 778.6281, 442.5007 ],
                [ 682.7428, 517.9824 ],
                [ 661.2074, 354.5646 ],
                [ 763.0342, 288.0248 ],
                [ 814.5753, 313.8129 ],
                [ 713.6248, 384.8029 ]
            ]
        }
    ]
}