{
    "camera_data": {
        "location_worldframe": [
            41.67698669433594,
            93.67733764648438,
            -42.2640380859375
        ],
        "quaternion_xyzw_worldframe": [
            0.34825441241264346,
            -0.2633379399776459,
            0.10260750353336334,
            0.8937805891036987
        ]
    },
    "objects": [
        {
            "class": "teacup",
            "visibility": 1.0,
            "location": [
                1.8891944885253907,
                -1.6684824228286744,
                133.36294555664063
            ],
            "quaternion_xyzw": [
                0.38945162296295168,
                -0.6860798597335815,
                0.17109958827495576,
                -0.5902091264724731
            ],
            "pose_transform_permuted": [
                [ 3.872439E-05, -0.3324208, 0.9431312, 0 ],
                [ -0.7363589, 0.6381047, 0.2249399, 0 ],
                [ -0.6765912, -0.6944917, -0.2447563, 0 ],
                [ 1.889194, -1.668482, 133.3629, 1 ]
            ],
            "cuboid_centroid": [
                1.8891944885253907,
                -1.6684824228286744,
                133.36294555664063
            ],
            "projected_cuboid_centroid": [
                336.9176025390625,
                225.058837890625
            ],
            "bounding_box": {
                "top_left": [
                    302.0970458984375,
                    175.762939453125
                ],
                "bottom_right": [
                    371.9591979980469,
                    274.0960693359375
                ]
            },
            "cuboid": [
                [ -1.941272, 2.394266, 135.2625 ],
                [ -1.940943, -3.904545, 129.4749 ],
                [ -0.2478742, -7.154499, 133.0121 ],
                [ -0.2482008, -0.8556958, 138.7996 ],
                [ 4.026259, 3.817535, 133.7138 ],
                [ 4.026587, -2.48126, 127.9263 ],
                [ 5.719654, -5.731214, 131.4634 ],
                [ 5.719327, 0.5675874, 137.2509 ]
            ],
            "projected_cuboid": [
                [ 302.8602, 261.1394 ],
                [ 302.097, 203.9851 ],
                [ 317.7744, 175.7629 ],
                [ 317.8644, 232.6375 ],
                [ 355.9603, 274.0961 ],
                [ 357.5902, 216.8362 ],
                [ 371.9592, 187.9358 ],
                [ 369.7654, 244.9387 ]
            ]
        },
        {
            "class": "teacup",
            "visibility": 0.0,
            "location": [
                4.033493995666504,
                51.903892517089847,
                77.61677551269531
            ],
            "quaternion_xyzw": [
                0.21511104702949525,
                0.7508615255355835,
                0.2920490503311157,
                0.5519434213638306
            ],
            "pose_transform_permuted": [
                [ -0.2981713, 0.0006481111, 0.9545121, 0 ],
                [ 0.6454263, 0.7368692, 0.2011185, 0 ],
                [ -0.7032202, 0.676035, -0.2201315, 0 ],
                [ 4.033494, 51.90389, 77.61678, 1 ]
            ],
            "cuboid_centroid": [
                4.033493995666504,
                51.903892517089847,
                77.61677551269531
            ],
            "projected_cuboid_centroid": [
                382.0616455078125,
                1038.623046875
            ],
            "bounding_box": {
                "top_left": [
                    315.72821044921877,
                    939.615966796875
                ],
                "bottom_right": [
                    447.15631103515627,
                    1142.820556640625
                ]
            },
            "cuboid": [
                [ 2.290655, 50.38362, 83.04243 ],
                [ -0.2599009, 55.90459, 77.02711 ],
                [ -0.2632061, 52.15162, 73.58397 ],
                [ 2.287351, 46.63064, 79.5993 ],
                [ 8.330196, 51.65617, 81.64958 ],
                [ 5.779638, 57.17713, 75.63425 ],
                [ 5.776337, 53.42416, 72.19112 ],
                [ 8.326891, 47.9032, 78.20644 ]
            ],
            "projected_cuboid": [
                [ 352.9425, 964.5808 ],
                [ 315.9704, 1106.765 ],
                [ 315.7282, 1086.413 ],
                [ 354.3179, 939.616 ],
                [ 441.8425, 995.5545 ],
                [ 411.2598, 1142.821 ],
                [ 415.5578, 1123.795 ],
                [ 447.1563, 971.5088 ]
            ]
        },
        {
            "class": "small_plates",
            "visibility": 0.0,
            "location": [
                -26.354228973388673,
                47.228912353515628,
                85.36997985839844
            ],
            "quaternion_xyzw": [
                0.16384747624397279,
                0.8313827514648438,
                0.32385915517807009,
                0.4207993447780609
            ],
            "pose_transform_permuted": [
                [ -0.592164, -0.0001195073, 0.8058177, 0 ],
                [ 0.5449994, 0.7365385, 0.400608, 0 ],
                [ -0.5935636, 0.6763957, -0.4360865, 0 ],
                [ -26.35423, 47.22891, 85.36998, 1 ]
            ],
            "cuboid_centroid": [
                -26.354228973388673,
                47.228912353515628,
                85.36997985839844
            ],
            "projected_cuboid_centroid": [
                -48.67412567138672,
                900.6939086914063
            ],
            "bounding_box": {
                "top_left": [
                    -158.76766967773438,
                    791.9258422851563
                ],
                "bottom_right": [
                    58.045501708984378,
                    1022.7163696289063
                ]
            },
            "cuboid": [
                [ -27.47509, 42.81176, 91.2758 ],
                [ -33.69173, 48.53327, 85.04447 ],
                [ -33.69155, 47.44111, 84.04149 ],
                [ -27.47491, 41.71961, 90.27283 ],
                [ -19.0169, 47.0167, 86.69846 ],
                [ -25.23355, 52.73821, 80.46713 ],
                [ -25.23337, 51.64605, 79.46415 ],
                [ -19.01672, 45.92454, 85.69548 ]
            ],
            "projected_cuboid": [
                [ -39.48513, 800.1509 ],
                [ -153.1237, 921.5394 ],
                [ -158.7677, 914.1533 ],
                [ -43.47687, 791.9258 ],
                [ 58.0455, 887.647 ],
                [ -54.50474, 1022.716 ],
                [ -59.22901, 1016.182 ],
                [ 54.98203, 880.0066 ]
            ]
        },
        {
            "class": "packet_cup",
            "visibility": 0.0,
            "location": [
                -36.09025573730469,
                35.10012435913086,
                94.4921646118164
            ],
            "quaternion_xyzw": [
                -0.35156264901161196,
                0.1952439397573471,
                0.4445277154445648,
                0.8004240393638611
            ],
            "pose_transform_permuted": [
                [ 0.5285498, -0.8489023, -2.801418E-06, 0 ],
                [ 0.5743404, 0.3575976, 0.7363811, 0 ],
                [ -0.6251146, -0.3892157, 0.676567, 0 ],
                [ -36.09026, 35.10012, 94.49216, 1 ]
            ],
            "cuboid_centroid": [
                -36.09025573730469,
                35.10012435913086,
                94.4921646118164
            ],
            "projected_cuboid_centroid": [
                -136.13319396972657,
                683.6192626953125
            ],
            "bounding_box": {
                "top_left": [
                    -186.69540405273438,
                    628.280029296875
                ],
                "bottom_right": [
                    -87.91996002197266,
                    738.607177734375
                ]
            },