{
    "camera_data": {
        "location_worldframe": [
            40.00088119506836,
            97.01790618896485,
            -12.750202178955079
        ],
        "quaternion_xyzw_worldframe": [
            0.4023078680038452,
            -0.33457013964653017,
            0.16083869338035584,
            0.8368645310401917
        ]
    },
    "objects": [
        {
            "class": "teacup",
            "visibility": 1.0,
            "location": [
                1.2494548559188843,
                -0.6704169511795044,
                118.77365112304688
            ],
            "quaternion_xyzw": [
                0.39955902099609377,
                -0.7051588892936707,
                0.05229824781417847,
                -0.5834110975265503
            ],
            "pose_transform_permuted": [
                [ 3.165286E-05, -0.5024824, 0.8645875, 0 ],
                [ -0.6245279, 0.675235, 0.3924572, 0 ],
                [ -0.7810026, -0.5399715, -0.3137929, 0 ],
                [ 1.249455, -0.670417, 118.7737, 1 ]
            ],
            "cuboid_centroid": [
                1.2494548559188843,
                -0.6704169511795044,
                118.77365112304688
            ],
            "projected_cuboid_centroid": [
                332.5631408691406,
                233.259033203125
            ],
            "bounding_box": {
                "top_left": [
                    291.2956237792969,
                    176.104248046875
                ],
                "bottom_right": [
                    374.28570556640627,
                    289.4853515625
                ]
            },
            "cuboid": [
                [ -2.765561, 2.478594, 121.7317 ],
                [ -2.765291, -2.863601, 115.051 ],
                [ -0.2060777, -6.30266, 117.8011 ],
                [ -0.206349, -0.9604735, 124.4818 ],
                [ 2.704995, 4.961818, 119.7462 ],
                [ 2.705262, -0.3803847, 113.0655 ],
                [ 5.264476, -3.819449, 115.8157 ],
                [ 5.264206, 1.522754, 122.4963 ]
            ],
            "projected_cuboid": [
                [ 292.8683, 264.3164 ],
                [ 291.2956, 210.2751 ],
                [ 317.9108, 176.1042 ],
                [ 318.0203, 230.7854 ],
                [ 346.9775, 289.4854 ],
                [ 348.5744, 235.9822 ],
                [ 374.2857, 200.615 ],
                [ 371.3224, 254.8458 ]
            ]
        },
        {
            "class": "teacup",
            "visibility": 0.0,
            "location": [
                -11.059478759765625,
                60.03181457519531,
                72.44913482666016
            ],
            "quaternion_xyzw": [
                0.22283843159675599,
                0.7731356024742127,
                0.37113308906555178,
                0.46353498101234438
            ],
            "pose_transform_permuted": [
                [ -0.4709569, 0.0005022883, 0.8821563, 0 ],
                [ 0.688635, 0.6252065, 0.3672855, 0 ],
                [ -0.5513453, 0.7804592, -0.2947913, 0 ],
                [ -11.05948, 60.03181, 72.44913, 1 ]
            ],
            "cuboid_centroid": [
                -11.059478759765625,
                60.03181457519531,
                72.44913482666016
            ],
            "projected_cuboid_centroid": [
                137.69482421875,
                1229.568359375
            ],
            "bounding_box": {
                "top_left": [
                    45.53598403930664,
                    1119.793212890625
                ],
                "bottom_right": [
                    221.5613555908203,
                    1352.044677734375
                ]
            },
            "cuboid": [
                [ -11.83478, 57.51668, 77.72735 ],
                [ -15.86333, 63.40725, 73.01115 ],
                [ -15.8659, 60.22299, 69.03617 ],
                [ -11.83734, 54.33242, 73.75237 ],
                [ -6.253065, 59.84063, 75.8621 ],
                [ -10.28162, 65.7312, 71.1459 ],
                [ -10.28418, 62.54693, 67.17092 ],
                [ -6.255621, 56.65636, 71.88712 ]
            ],
            "projected_cuboid": [
                [ 138.1623, 1123.726 ],
                [ 60.52065, 1277.164 ],
                [ 45.53598, 1281.797 ],
                [ 128.3204, 1119.793 ],
                [ 221.5614, 1182.039 ],
                [ 147.4126, 1343.365 ],
                [ 137.1539, 1352.045 ],
                [ 216.0757, 1181.229 ]
            ]
        },
        {
            "class": "small_plates",
            "visibility": 0.0,
            "location": [
                -39.25937271118164,
                49.92438888549805,
                82.84081268310547
            ],
            "quaternion_xyzw": [
                0.15848316252231599,
                0.8387529253959656,
                0.4031416177749634,
                0.3299294114112854
            ],
            "pose_transform_permuted": [
                [ -0.7320592, -0.0001600981, 0.6812408, 0 ],
                [ 0.531873, 0.6247199, 0.5716959, 0 ],
                [ -0.4256762, 0.780849, -0.4572468, 0 ],
                [ -39.25937, 49.92439, 82.84081, 1 ]
            ],
            "cuboid_centroid": [
                -39.25937271118164,
                49.92438888549805,
                82.84081268310547
            ],
            "projected_cuboid_centroid": [
                -245.97409057617188,
                959.723876953125
            ],
            "bounding_box": {
                "top_left": [
                    -356.2880859375,
                    840.1651611328125
                ],
                "bottom_right": [
                    -136.75621032714845,
                    1091.59033203125
                ]
            },
            "cuboid": [
                [ -38.99214, 44.59533, 88.05388 ],
                [ -46.67743, 50.17904, 83.58505 ],
                [ -46.67719, 49.25268, 82.42719 ],
                [ -38.9919, 43.66898, 86.89601 ],
                [ -31.84156, 50.59608, 83.25443 ],
                [ -39.52685, 56.17979, 78.78561 ],
                [ -39.52661, 55.25343, 77.62774 ],
                [ -31.84132, 49.66973, 82.09657 ]
            ],
            "projected_cuboid": [
                [ -208.8422, 844.8372 ],
                [ -346.9232, 956.954 ],
                [ -356.2881, 953.6035 ],
                [ -215.8856, 840.1652 ],
                [ -136.7562, 965.7834 ],
                [ -279.16, 1091.59 ],
                [ -288.0932, 1090.041 ],
                [ -143.1947, 962.5439 ]
            ]
        },
        {
            "class": "packet_cup",
            "visibility": 0.0,
            "location": [
                -46.0413818359375,
                35.33244323730469,
                90.97661590576172
            ],
            "quaternion_xyzw": [
                -0.27298396825790408,
                0.1870577186346054,
                0.533414363861084,
                0.7784332036972046
            ],
            "pose_transform_permuted": [
                [ 0.3609571, -0.9325824, -3.248453E-06, 0 ],
                [ 0.7283274, 0.2818978, 0.6245581, 0 ],
                [ -0.582451, -0.225441, 0.7809783, 0 ],
                [ -46.04138, 35.33244, 90.97662, 1 ]
            ],
            "cuboid_centroid": [
                -46.0413818359375,
                35.33244323730469,
                90.97661590576172
            ],
            "projected_cuboid_centroid": [
                -284.38836669921877,
                703.8114013671875
            ],
            "bounding_box": {
                "top_left": [
                    -339.8046875,
                    654.3740234375
                ],
                "bottom_right": [
                    -231.67919921875,
                    752.0140380859375
                ]
            },