{
    "camera_data": {
        "location_worldframe": [
            42.430423736572269,
            24.424053192138673,
            -49.91509246826172
        ],
        "quaternion_xyzw_worldframe": [
            0.1345434933900833,
            -0.5053403973579407,
            0.08012116700410843,
            0.8485928773880005
        ]
    },
    "objects": [
        {
            "class": "small_fork",
            "visibility": 1.0,
            "location": [
                1.0013900995254517,
                -0.12193254381418228,
                74.98368835449219
            ],
            "quaternion_xyzw": [
                0.5758355259895325,
                0.4255373775959015,
                0.5681460499763489,
                0.4056372046470642
            ],
            "pose_transform_permuted": [
                [ -0.007743984, 0.02915671, 0.999545, 0 ],
                [ 0.9510014, -0.308753, 0.01637414, 0 ],
                [ 0.3090898, 0.9506954, -0.02533719, 0 ],
                [ 1.00139, -0.1219325, 74.98369, 1 ]
            ],
            "cuboid_centroid": [
                1.0013900995254517,
                -0.12193254381418228,
                74.98368835449219
            ],
            "projected_cuboid_centroid": [
                335.94903564453127,
                238.0579833984375
            ],
            "bounding_box": {
                "top_left": [
                    325.6604309082031,
                    197.527099609375
                ],
                "bottom_right": [
                    344.8725891113281,
                    284.819580078125
                ]
            },
            "cuboid": [
                [ 0.6902141, -2.857088, 80.33585 ],
                [ 0.6755861, -1.060777, 80.91967 ],
                [ 0.3301519, 2.597125, 69.65644 ],
                [ 0.3447815, 0.8008129, 69.07261 ],
                [ 1.672624, -2.841001, 80.31094 ],
                [ 1.657995, -1.044681, 80.89477 ],
                [ 1.312564, 2.613222, 69.63154 ],
                [ 1.327192, 0.8169051, 69.0477 ]
            ],
            "projected_cuboid": [
                [ 330.2606, 197.5271 ],
                [ 329.9707, 224.3445 ],
                [ 325.6604, 284.5276 ],
                [ 325.9612, 253.8459 ],
                [ 344.8726, 197.7532 ],
                [ 344.4771, 224.5773 ],
                [ 342.5119, 284.8196 ],
                [ 342.9553, 254.1293 ]
            ]
        }
    ]
}