{
    "camera_data": {
        "location_worldframe": [
            4.610228538513184,
            78.19804382324219,
            9.341663360595704
        ],
        "quaternion_xyzw_worldframe": [
            -0.2385815531015396,
            0.753203809261322,
            -0.49266523122787478,
            -0.36475175619125368
        ]
    },
    "objects": [
        {
            "class": "small_fork",
            "visibility": 1.0,
            "location": [
                -3.9842300415039064,
                -0.6179160475730896,
                84.151611328125
            ],
            "quaternion_xyzw": [
                0.6516828536987305,
                0.508043110370636,
                0.49348461627960207,
                -0.2714305520057678
            ],
            "pose_transform_permuted": [
                [ -0.003269762, 0.9300596, 0.3673941, 0 ],
                [ 0.3942723, -0.3364352, 0.8551962, 0 ],
                [ 0.9189878, 0.1476497, -0.3655967, 0 ],
                [ -3.98423, -0.617916, 84.15161, 1 ]
            ],
            "cuboid_centroid": [
                -3.9842300415039064,
                -0.6179160475730896,
                84.151611328125
            ],
            "projected_cuboid_centroid": [
                263.4569091796875,
                231.230712890625
            ],
            "bounding_box": {
                "top_left": [
                    180.1536865234375,
                    191.805419921875
                ],
                "bottom_right": [
                    344.3005065917969,
                    270.8309326171875
                ]
            },
            "cuboid": [
                [ 1.347685, -3.403486, 84.33798 ],
                [ 1.34151, -2.658754, 86.07382 ],
                [ -9.677239, 1.327114, 84.32456 ],
                [ -9.671063, 0.5823888, 82.58872 ],
                [ 1.708781, -2.562945, 83.97865 ],
                [ 1.702607, -1.818224, 85.71449 ],
                [ -9.316142, 2.167647, 83.96523 ],
                [ -9.309968, 1.422922, 82.22939 ]
            ],
            "projected_cuboid": [
                [ 339.0837, 191.8054 ],
                [ 338.6132, 203.1104 ],
                [ 182.945, 258.7954 ],
                [ 180.1537, 248.4215 ],
                [ 344.3005, 203.5525 ],
                [ 343.7224, 214.6667 ],
                [ 187.4944, 270.8309 ],
                [ 184.787, 260.6658 ]
            ]
        }
    ]
}