{
    "camera_data": {
        "location_worldframe": [
            -36.38486099243164,
            187.43467712402345,
            7.935935020446777
        ],
        "quaternion_xyzw_worldframe": [
            0.5268572568893433,
            0.45836135745048525,
            -0.41317474842071535,
            0.5844766497612
        ]
    },
    "objects": [
        {
            "class": "big_spoon",
            "visibility": 1.0,
            "location": [
                -0.11494748294353485,
                -2.7889838218688967,
                187.36509704589845
            ],
            "quaternion_xyzw": [
                -0.05047059804201126,
                0.012079198844730854,
                0.2204844206571579,
                0.9740089774131775
            ],
            "pose_transform_permuted": [
                [ 0.9024814, -0.4307269, 0.001274535, 0 ],
                [ 0.4282883, 0.8976787, 0.1036442, 0 ],
                [ -0.04578646, -0.09299108, 0.9946136, 0 ],
                [ -0.1149475, -2.788984, 187.3651, 1 ]
            ],
            "cuboid_centroid": [
                -0.11494748294353485,
                -2.7889838218688967,
                187.36509704589845
            ],
            "projected_cuboid_centroid": [
                319.267333984375,
                222.22314453125
            ],
            "bounding_box": {
                "top_left": [
                    271.53753662109377,
                    191.502685546875
                ],
                "bottom_right": [
                    367.0689697265625,
                    252.791259765625
                ]
            },
            "cuboid": [
                [ -7.571644, -4.579879, 186.5874 ],
                [ 5.895081, 1.810994, 185.9041 ],
                [ 7.33929, -1.198895, 186.2159 ],
                [ -6.127434, -7.58975, 186.8991 ],
                [ -7.569176, -4.379086, 188.5143 ],
                [ 5.897548, 2.011793, 187.831 ],
                [ 7.341761, -0.998103, 188.1428 ],
                [ -6.124961, -7.388969, 188.826 ]
            ],
            "projected_cuboid": [
                [ 271.5375, 210.6864 ],
                [ 357.8702, 251.6339 ],
                [ 367.069, 232.3112 ],
                [ 280.8466, 191.5027 ],
                [ 272.0485, 212.2581 ],
                [ 357.4974, 252.7913 ],
                [ 366.6026, 233.6644 ],
                [ 281.2618, 193.2675 ]
            ]
        },
        {
            "class": "water_glass",
            "visibility": 1.0,
            "location": [
                -9.243295669555664,
                9.332703590393067,
                185.0495147705078
            ],
            "quaternion_xyzw": [
                -0.15547627210617066,
                -0.7062734365463257,
                -0.06569018959999085,
                0.6875244379043579
            ],
            "pose_transform_permuted": [
                [ -0.006274708, 0.3099447, -0.950734, 0 ],
                [ 0.1292903, 0.9430239, 0.3065779, 0 ],
                [ 0.991587, -0.120997, -0.04599005, 0 ],
                [ -9.243296, 9.332704, 185.0495, 1 ]
            ],
            "cuboid_centroid": [
                -9.243295669555664,
                9.332703590393067,
                185.0495147705078
            ],
            "projected_cuboid_centroid": [
                260.346435546875,
                300.2305908203125
            ],
            "bounding_box": {
                "top_left": [
                    242.41226196289063,
                    279.7313232421875
                ],
                "bottom_right": [
                    277.94049072265627,
                    320.381103515625
                ]
            },
            "cuboid": [
                [ -6.554416, 10.81865, 182.8567 ],
                [ -6.579504, 11.33558, 186.8213 ],
                [ -8.129234, 6.620456, 187.4263 ],
                [ -8.104142, 6.103528, 183.4617 ],
                [ -10.35736, 12.04496, 182.6727 ],
                [ -10.38244, 12.56189, 186.6373 ],
                [ -11.93217, 7.846769, 187.2423 ],
                [ -11.90708, 7.329836, 183.2777 ]
            ],
            "projected_cuboid": [
                [ 277.1924, 310.6577 ],
                [ 277.9405, 312.4628 ],
                [ 268.2016, 282.1847 ],
                [ 267.2455, 279.7313 ],
                [ 252.2869, 318.7461 ],
                [ 253.5648, 320.3811 ],
                [ 243.8951, 290.0477 ],
                [ 242.4123, 287.762 ]
            ]
        },
        {
            "class": "small_spoon",
            "visibility": 1.0,
            "location": [
                -7.753524303436279,
                11.935046195983887,
                182.41122436523438
            ],
            "quaternion_xyzw": [
                0.6137412190437317,
                0.7248311042785645,
                0.3060571253299713,
                -0.0653495267033577
            ],
            "pose_transform_permuted": [
                [ -0.2381022, 0.9297189, 0.280945, 0 ],
                [ 0.8497161, 0.0593015, 0.5238948, 0 ],
                [ 0.4704145, 0.3634641, -0.8041168, 0 ],
                [ -7.753524, 11.93505, 182.4112, 1 ]
            ],
            "cuboid_centroid": [
                -7.753524303436279,
                11.935046195983887,
                182.41122436523438
            ],
            "projected_cuboid_centroid": [
                269.23724365234377,
                318.139404296875
            ],
            "bounding_box": {
                "top_left": [
                    251.44976806640626,
                    282.37646484375
                ],
                "bottom_right": [
                    287.6081237792969,
                    352.86962890625
                ]
            },
            "cuboid": [
                [ -5.303141, 6.536839, 180.7141 ],
                [ -8.145483, 16.68034, 186.3296 ],
                [ -10.63935, 16.52127, 185.3547 ],
                [ -7.797001, 6.377784, 179.7391 ],
                [ -4.867713, 7.348818, 179.4678 ],
                [ -7.710061, 17.4923, 185.0834 ],
                [ -10.20392, 17.33324, 184.1084 ],
                [ -7.361572, 7.189741, 178.4928 ]
            ],
            "projected_cuboid": [
                [ 284.954, 283.199 ],
                [ 267.7925, 346.9105 ],
                [ 251.4498, 346.448 ],
                [ 268.1937, 282.3765 ],
                [ 287.6081, 288.9022 ],
                [ 270.2506, 352.8696 ],
                [ 253.8102, 352.4355 ],
                [ 270.7453, 288.105 ]
            ]
        },
        {
            "class": "small_spoon",
            "visibility": 0.0,
            "location": [
                48.08602523803711,
                29.2238712310791,
                184.224853515625
            ],
            "quaternion_xyzw": [
                0.9309185743331909,
                -0.3613685369491577,
                0.018253441900014879,
                0.049700405448675159
            ],
            "pose_transform_permuted": [
                [ 0.7381592, -0.6746238, -0.001935389, 0 ],
                [ -0.6709949, -0.7338852, -0.1057265, 0 ],
                [ 0.06990527, 0.07934162, -0.9943932, 0 ],
                [ 48.08603, 29.22387, 184.2249, 1 ]
            ],
            "cuboid_centroid": [
                48.08602523803711,
                29.2238712310791,
                184.224853515625
            ],
            "projected_cuboid_centroid": [
                631.7225341796875,
                429.44671630859377
            ],
            "bounding_box": {
                "top_left": [
                    596.6149291992188,
                    396.53466796875
                ],
                "bottom_right": [
                    667.005859375,
                    462.82452392578127
                ]
            },