{
    "camera_data": {
        "location_worldframe": [
            -45.68732452392578,
            229.89727783203126,
            16.660070419311525
        ],
        "quaternion_xyzw_worldframe": [
            0.2504732608795166,
            0.7454532384872437,
            -0.47953668236732485,
            0.3893676996231079
        ]
    },
    "objects": [
        {
            "class": "mug",
            "visibility": 1.0,
            "location": [
                -2.0327000617980959,
                -1.4950854778289796,
                248.483154296875
            ],
            "quaternion_xyzw": [
                -0.7132280468940735,
                -0.6680275201797485,
                0.1448667049407959,
                -0.15510845184326173
            ],
            "pose_transform_permuted": [
                [ 0.06550571, 0.997852, 0.0005874336, 0 ],
                [ 0.9079718, -0.05936119, -0.4148053, 0 ],
                [ -0.4138794, 0.02770551, -0.90991, 0 ],
                [ -2.0327, -1.495085, 248.4832, 1 ]
            ],
            "cuboid_centroid": [
                -2.0327000617980959,
                -1.4950854778289796,
                248.483154296875
            ],
            "projected_cuboid_centroid": [
                310.23046875,
                232.8143310546875
            ],
            "bounding_box": {
                "top_left": [
                    290.33941650390627,
                    199.3822021484375
                ],
                "bottom_right": [
                    330.2106018066406,
                    265.9140625
                ]
            },
            "cuboid": [
                [ 1.343864, -5.090489, 254.5204 ],
                [ 2.069935, 4.973546, 249.9329 ],
                [ -5.413958, 5.418764, 249.7252 ],
                [ -6.140024, -4.645258, 254.3126 ],
                [ 1.348565, -8.408907, 247.2411 ],
                [ 2.074632, 1.655111, 242.6537 ],
                [ -5.409253, 2.10033, 242.4459 ],
                [ -6.135328, -7.96372, 247.0333 ]
            ],
            "projected_cuboid": [
                [ 326.3057, 216.1145 ],
                [ 329.8908, 263.7651 ],
                [ 294.1089, 265.9141 ],
                [ 291.1664, 218.1858 ],
                [ 326.514, 199.3822 ],
                [ 330.2106, 248.1459 ],
                [ 293.3547, 250.3459 ],
                [ 290.3394, 201.5002 ]
            ]
        }
    ]
}