{
    "camera_data": {
        "location_worldframe": [
            -49.816043853759769,
            198.46646118164063,
            -37.584468841552737
        ],
        "quaternion_xyzw_worldframe": [
            0.535873532295227,
            0.3452897369861603,
            -0.2544293701648712,
            0.7272415161132813
        ]
    },
    "objects": [
        {
            "class": "water_glass",
            "visibility": 1.0,
            "location": [
                -0.14003993570804597,
                0.8008367419242859,
                205.03155517578126
            ],
            "quaternion_xyzw": [
                0.0020838333293795587,
                0.1497993916273117,
                0.9886555075645447,
                -0.010771458968520165
            ],
            "pose_transform_permuted": [
                [ -0.9997591, 0.02192284, 0.0008932706, 0 ],
                [ -0.02067421, -0.9548881, 0.2962449, 0 ],
                [ 0.007347503, 0.2961551, 0.9551116, 0 ],
                [ -0.1400399, 0.8008367, 205.0316, 1 ]
            ],
            "cuboid_centroid": [
                -0.14003993570804597,
                0.8008367419242859,
                205.03155517578126
            ],
            "projected_cuboid_centroid": [
                319.1842956542969,
                244.6646728515625
            ],
            "bounding_box": {
                "top_left": [
                    307.0465393066406,
                    226.99462890625
                ],
                "bottom_right": [
                    331.1993713378906,
                    262.13671875
                ]
            },
            "cuboid": [
                [ 1.911617, -2.137537, 203.847 ],
                [ -2.085664, -2.220202, 203.8764 ],
                [ -2.195276, 2.554238, 202.3957 ],
                [ 1.801999, 2.636893, 202.3663 ],
                [ 1.915193, -0.9525666, 207.6675 ],
                [ -2.08209, -1.035218, 207.6969 ],
                [ -2.191703, 3.739223, 206.2161 ],
                [ 1.805578, 3.821875, 206.1867 ]
            ],
            "projected_cuboid": [
                [ 331.1994, 227.4771 ],
                [ 307.7827, 226.9946 ],
                [ 307.0465, 255.0715 ],
                [ 330.6344, 255.5615 ],
                [ 331.0139, 234.522 ],
                [ 308.028, 234.0475 ],
                [ 307.3072, 261.6549 ],
                [ 330.4581, 262.1367 ]
            ]
        }
    ]
}