{
    "camera_data": {
        "location_worldframe": [
            -57.67039489746094,
            96.32140350341797,
            67.23661804199219
        ],
        "quaternion_xyzw_worldframe": [
            0.09651847183704376,
            0.8998715281486511,
            -0.3401983678340912,
            0.2553046643733978
        ]
    },
    "objects": [
        {
            "class": "small_fork",
            "visibility": 1.0,
            "location": [
                -0.370365172624588,
                2.6039371490478517,
                141.30059814453126
            ],
            "quaternion_xyzw": [
                -0.13848695158958436,
                -0.9008305668830872,
                0.40664663910865786,
                -0.062961146235466
            ],
            "pose_transform_permuted": [
                [ -0.9537144, 0.3007124, 0.0008041412, 0 ],
                [ 0.1983007, 0.6309198, -0.750078, 0 ],
                [ -0.2260652, -0.7152008, -0.6613487, 0 ],
                [ -0.3703652, 2.603937, 141.3006, 1 ]
            ],
            "cuboid_centroid": [
                -0.370365172624588,
                2.6039371490478517,
                141.30059814453126
            ],
            "projected_cuboid_centroid": [
                316.8697204589844,
                262.0081787109375
            ],
            "bounding_box": {
                "top_left": [
                    294.8626403808594,
                    226.1270751953125
                ],
                "bottom_right": [
                    340.1617736816406,
                    300.04736328125
                ]
            },
            "cuboid": [
                [ 2.311283, 6.522644, 137.6025 ],
                [ 0.509846, 6.897201, 137.1755 ],
                [ -3.052801, -0.577528, 145.6487 ],
                [ -1.251365, -0.9520929, 146.0757 ],
                [ 2.312071, 5.785423, 136.9525 ],
                [ 0.5106353, 6.159979, 136.5255 ],
                [ -3.052013, -1.314754, 144.9987 ],
                [ -1.250572, -1.68932, 145.4257 ]
            ],
            "projected_cuboid": [
                [ 340.0597, 296.6102 ],
                [ 324.4388, 300.0474 ],
                [ 294.9684, 235.2645 ],
                [ 309.7693, 232.2161 ],
                [ 340.1618, 290.4502 ],
                [ 324.4668, 293.8844 ],
                [ 294.8626, 229.1713 ],
                [ 309.7301, 226.1271 ]
            ]
        }
    ]
}