{
    "camera_data": {
        "location_worldframe": [
            -40.66946029663086,
            69.75273132324219,
            -46.68989944458008
        ],
        "quaternion_xyzw_worldframe": [
            0.5385234951972961,
            0.1971161663532257,
            -0.13127118349075318,
            0.8086442351341248
        ]
    },
    "objects": [
        {
            "class": "small_fork",
            "visibility": 1.0,
            "location": [
                -2.5298995971679689,
                -0.9642468094825745,
                75.03871154785156
            ],
            "quaternion_xyzw": [
                0.7327679991722107,
                0.6508386731147766,
                -0.1320418268442154,
                0.14840812981128694
            ],
            "pose_transform_permuted": [
                [ 0.1179479, 0.9930196, -0.0003325492, 0 ],
                [ 0.9146354, -0.1087679, -0.3893733, 0 ],
                [ -0.3866916, 0.0456216, -0.9210798, 0 ],
                [ -2.5299, -0.9642468, 75.03871, 1 ]
            ],
            "cuboid_centroid": [
                -2.5298995971679689,
                -0.9642468094825745,
                75.03871154785156
            ],
            "projected_cuboid_centroid": [
                279.73614501953127,
                224.65380859375
            ],
            "bounding_box": {
                "top_left": [
                    183.6924591064453,
                    197.70947265625
                ],
                "bottom_right": [
                    375.53009033203127,
                    251.729736328125
                ]
            },
            "cuboid": [
                [ 3.241201, -2.281015, 76.12682 ],
                [ 3.463986, -0.5533962, 75.39639 ],
                [ -8.300673, 0.735219, 74.8559 ],
                [ -8.523462, -0.992399, 75.58631 ],
                [ 3.240872, -2.663714, 75.22151 ],
                [ 3.46366, -0.9360899, 74.4911 ],
                [ -8.301004, 0.3525288, 73.95061 ],
                [ -8.523787, -1.375095, 74.68102 ]
            ],
            "projected_cuboid": [
                [ 370.847, 204.2161 ],
                [ 374.8685, 231.2344 ],
                [ 187.5705, 251.7297 ],
                [ 185.3301, 224.3202 ],
                [ 371.4538, 197.7095 ],
                [ 375.5301, 224.9924 ],
                [ 185.944, 245.6931 ],
                [ 183.6925, 218.0103 ]
            ]
        },
        {
            "class": "teacup",
            "visibility": 0.0,
            "location": [
                49.9166259765625,
                -32.7093505859375,
                85.40191650390625
            ],
            "quaternion_xyzw": [
                -0.09784074127674103,
                -0.9753658175468445,
                0.19667387008666993,
                -0.020199647173285486
            ],
            "pose_transform_permuted": [
                [ -0.9800382, 0.1988065, 0.0009186566, 0 ],
                [ 0.1829155, 0.9034932, -0.3876106, 0 ],
                [ -0.07788952, -0.3797053, -0.9218225, 0 ],
                [ 49.91663, -32.70935, 85.40192, 1 ]
            ],
            "cuboid_centroid": [
                49.9166259765625,
                -32.7093505859375,
                85.40191650390625
            ],
            "projected_cuboid_centroid": [
                1018.0316772460938,
                -217.406005859375
            ],
            "bounding_box": {
                "top_left": [
                    927.0604248046875,
                    -287.65478515625
                ],
                "bottom_right": [
                    1116.894287109375,
                    -149.766845703125
                ]
            },
            "cuboid": [
                [ 54.61161, -29.96459, 87.68446 ],
                [ 46.22838, -28.39994, 87.01819 ],
                [ 45.21583, -33.00156, 88.95209 ],
                [ 53.59906, -34.56621, 89.61835 ],
                [ 54.61742, -32.41714, 81.85175 ],
                [ 46.2342, -30.8525, 81.18549 ],
                [ 45.22164, -35.4541, 83.11938 ],
                [ 53.60488, -37.01877, 83.78564 ]
            ],
            "projected_cuboid": [
                [ 1063.806, -168.1157 ],
                [ 954.4482, -149.7668 ],
                [ 927.0604, -203.0736 ],
                [ 1034.262, -220.6301 ],
                [ 1116.894, -232.9817 ],
                [ 1000.115, -213.8469 ],
                [ 969.7429, -269.4033 ],
                [ 1084.068, -287.6548 ]
            ]
        },
        {
            "class": "water_glass",
            "visibility": 0.0,
            "location": [
                2.1422202587127687,
                -39.12556838989258,
                89.34325408935547
            ],
            "quaternion_xyzw": [
                0.5796576142311096,
                -0.597387433052063,
                -0.3786708116531372,
                -0.40464022755622866
            ],
            "pose_transform_permuted": [
                [ -0.0005266666, -0.9990113, 0.04445511, 0 ],
                [ -0.3861095, 0.04121095, 0.9215319, 0 ],
                [ -0.9224528, -0.0166792, -0.3857494, 0 ],
                [ 2.14222, -39.12557, 89.34325, 1 ]
            ],
            "cuboid_centroid": [
                2.1422202587127687,
                -39.12556838989258,
                89.34325408935547
            ],
            "projected_cuboid_centroid": [
                348.63519287109377,
                -282.99365234375
            ],
            "bounding_box": {
                "top_left": [
                    313.97283935546877,
                    -325.854248046875
                ],
                "bottom_right": [
                    385.0687255859375,
                    -241.111083984375
                ]
            },
            "cuboid": [
                [ -0.4431659, -40.09374, 91.91716 ],
                [ -0.4452734, -41.63749, 88.22897 ],
                [ 4.549786, -41.84355, 88.31236 ],
                [ 4.551893, -40.29979, 92.00055 ],
                [ -0.2653443, -36.4076, 90.37416 ],
                [ -0.267452, -37.95137, 86.68597 ],
                [ 4.727606, -38.15742, 86.76936 ],
                [ 4.729713, -36.61366, 90.45755 ]
            ],
            "projected_cuboid": [
                [ 314.2421, -280.9277 ],
                [ 313.9728, -323.5999 ],
                [ 381.5272, -325.8542 ],
                [ 379.088, -283.1302 ],
                [ 316.4936, -241.1111 ],
                [ 316.3154, -282.8489 ],
                [ 385.0687, -285.1824 ],
                [ 382.4435, -243.3879 ]
            ]
        },
        {
            "class": "teacup",
            "visibility": 0.0,
            "location": [
                0.8260505795478821,
                -32.25176239013672,
                85.88246154785156
            ],
            "quaternion_xyzw": [
                0.1806683987379074,
                0.7871471643447876,
                0.5234881639480591,
                0.27151137590408327
            ],
            "pose_transform_permuted": [
                [ -0.787281, 0.0001592338, 0.6165944, 0 ],
                [ 0.5686913, 0.3866381, 0.7260174, 0 ],
                [ -0.2382833, 0.9222315, -0.3044834, 0 ],
                [ 0.8260506, -32.25176, 85.88246, 1 ]
            ],
            "cuboid_centroid": [
                0.8260505795478821,
                -32.25176239013672,
                85.88246154785156
            ],
            "projected_cuboid_centroid": [
                331.48681640625,
                -208.4835205078125
            ],
            "bounding_box": {
                "top_left": [
                    255.73281860351563,
                    -290.19775390625
                ],
                "bottom_right": [
                    407.77349853515627,
                    -127.462890625
                ]
            },