{
    "camera_data": {
        "location_worldframe": [
            41.880123138427737,
            164.31544494628907,
            -68.47660827636719
        ],
        "quaternion_xyzw_worldframe": [
            0.6153482794761658,
            -0.02173621766269207,
            0.016978684812784196,
            0.7877727150917053
        ]
    },
    "objects": [
        {
            "class": "small_fork",
            "visibility": 1.0,
            "location": [
                -0.5876931548118591,
                -0.2484050840139389,
                168.4974365234375
            ],
            "quaternion_xyzw": [
                0.0160128865391016,
                0.12089912593364716,
                0.9838882088661194,
                -0.1307326704263687
            ],
            "pose_transform_permuted": [
                [ -0.9653052, 0.2611246, -0.0001011528, 0 ],
                [ -0.2533808, -0.9365848, 0.2420893, 0 ],
                [ 0.06312071, 0.2337156, 0.970254, 0 ],
                [ -0.5876932, -0.2484051, 168.4974, 1 ]
            ],
            "cuboid_centroid": [
                -0.5876931548118591,
                -0.2484050840139389,
                168.4974365234375
            ],
            "projected_cuboid_centroid": [
                315.8346252441406,
                238.2393798828125
            ],
            "bounding_box": {
                "top_left": [
                    298.1766357421875,
                    196.6263427734375
                ],
                "bottom_right": [
                    333.1935119628906,
                    280.3328857421875
                ]
            },
            "cuboid": [
                [ 1.870839, -5.676102, 169.3455 ],
                [ 0.04750491, -6.154712, 169.4647 ],
                [ -3.046133, 4.94135, 166.6958 ],
                [ -1.222796, 5.419957, 166.5766 ],
                [ 1.870745, -5.438168, 170.2991 ],
                [ 0.04741295, -5.916769, 170.4183 ],
                [ -3.046225, 5.179296, 167.6494 ],
                [ -1.222898, 5.657894, 167.5302 ]
            ],
            "projected_cuboid": [
                [ 333.1935, 199.9711 ],
                [ 320.3348, 196.6263 ],
                [ 298.1766, 275.4012 ],
                [ 311.2333, 278.8579 ],
                [ 333.119, 201.8638 ],
                [ 320.3323, 198.5365 ],
                [ 298.3001, 276.8949 ],
                [ 311.2824, 280.3329 ]
            ]
        }
    ]
}