{
    "camera_data": {
        "location_worldframe": [
            -7.928580284118652,
            228.11009216308595,
            -56.346900939941409
        ],
        "quaternion_xyzw_worldframe": [
            0.5841250419616699,
            -0.04833212122321129,
            0.03487703949213028,
            0.8094724416732788
        ]
    },
    "objects": [
        {
            "class": "big_fork",
            "visibility": 1.0,
            "location": [
                3.89281964302063,
                -2.833789110183716,
                239.63587951660157
            ],
            "quaternion_xyzw": [
                0.5245728492736816,
                -0.6147862672805786,
                -0.34914660453796389,
                -0.47429710626602175
            ],
            "pose_transform_permuted": [
                [ 0.0002690107, -0.9761988, 0.216877, 0 ],
                [ -0.3138019, 0.2058399, 0.9269078, 0 ],
                [ -0.9494883, -0.06830567, -0.3062776, 0 ],
                [ 3.89282, -2.833789, 239.6359, 1 ]
            ],
            "cuboid_centroid": [
                3.89281964302063,
                -2.833789110183716,
                239.63587951660157
            ],
            "projected_cuboid_centroid": [
                339.4003601074219,
                225.87744140625
            ],
            "bounding_box": {
                "top_left": [
                    302.6101989746094,
                    213.5506591796875
                ],
                "bottom_right": [
                    376.2779235839844,
                    238.160400390625
                ]
            },
            "cuboid": [
                [ -3.46907, -1.508573, 240.4392 ],
                [ -3.468437, -2.24949, 238.1974 ],
                [ 10.98825, -5.297786, 239.2089 ],
                [ 10.98762, -4.55687, 241.4507 ],
                [ -3.202619, -0.3697882, 240.0629 ],
                [ -3.201988, -1.110719, 237.8211 ],
                [ 11.25471, -4.159025, 238.8326 ],
                [ 11.25407, -3.418121, 241.0745 ]
            ],
            "projected_cuboid": [
                [ 302.7692, 232.507 ],
                [ 302.6102, 228.7217 ],
                [ 374.8591, 213.5507 ],
                [ 374.3466, 217.4609 ],
                [ 304.0677, 238.1604 ],
                [ 303.9207, 234.4224 ],
                [ 376.2779, 219.2032 ],
                [ 375.7514, 223.067 ]
            ]
        },
        {
            "class": "bowl",
            "visibility": 0.35245588421821597,
            "location": [
                34.98581314086914,
                -13.031397819519043,
                242.028076171875
            ],
            "quaternion_xyzw": [
                -0.1667301207780838,
                0.7772542238235474,
                0.560987114906311,
                -0.23102028667926789
            ],
            "pose_transform_permuted": [
                [ -0.8376613, 1.54376E-05, -0.5461899, 0 ],
                [ -0.5183822, 0.3149891, 0.7950231, 0 ],
                [ 0.1720561, 0.9490953, -0.2638461, 0 ],
                [ 34.98581, -13.0314, 242.0281, 1 ]
            ],
            "cuboid_centroid": [
                34.98581314086914,
                -13.031397819519043,
                242.028076171875
            ],
            "projected_cuboid_centroid": [
                492.63299560546877,
                175.6982421875
            ],
            "bounding_box": {
                "top_left": [
                    449.1995849609375,
                    132.22021484375
                ],
                "bottom_right": [
                    536.5875854492188,
                    219.4306640625
                ]
            },
            "cuboid": [
                [ 43.63191, -14.08973, 244.6181 ],
                [ 33.16408, -20.5677, 246.7682 ],
                [ 33.16401, -21.90642, 242.7346 ],
                [ 43.63186, -15.42844, 240.5845 ],
                [ 36.80761, -4.156412, 241.3215 ],
                [ 26.33977, -10.63438, 243.4716 ],
                [ 26.33971, -11.97309, 239.438 ],
                [ 36.80754, -5.495142, 237.2879 ]
            ],
            "projected_cuboid": [
                [ 533.0164, 171.2122 ],
                [ 480.5005, 140.4608 ],
                [ 483.1672, 132.2202 ],
                [ 536.5876, 163.4136 ],
                [ 502.1542, 219.4307 ],
                [ 449.1996, 187.8372 ],
                [ 451.3759, 180.2813 ],
                [ 505.2502, 212.3433 ]
            ]
        },
        {
            "class": "big_spoon",
            "visibility": 1.0,
            "location": [
                -27.763498306274415,
                37.536521911621097,
                226.4586639404297
            ],
            "quaternion_xyzw": [
                0.15304982662200929,
                0.054173413664102557,
                0.34839630126953127,
                -0.9231798052787781
            ],
            "pose_transform_permuted": [
                [ 0.7513705, 0.6598473, 0.006620385, 0 ],
                [ -0.6266823, 0.7103915, 0.3203326, 0 ],
                [ 0.2066676, -0.2448374, 0.947282, 0 ],
                [ -27.7635, 37.53652, 226.4587, 1 ]
            ],
            "cuboid_centroid": [
                -27.763498306274415,
                37.536521911621097,
                226.4586639404297
            ],
            "projected_cuboid_centroid": [
                173.58595275878907,
                437.9532470703125
            ],
            "bounding_box": {
                "top_left": [
                    136.494384765625,
                    404.62646484375
                ],
                "bottom_right": [
                    210.0123291015625,
                    471.5860595703125
                ]
            },
            "cuboid": [
                [ -32.26962, 43.09282, 223.5887 ],
                [ -21.05775, 33.74154, 226.6725 ],
                [ -23.2702, 31.35964, 227.4935 ],
                [ -34.48206, 40.71091, 224.4096 ],
                [ -32.2568, 43.71342, 225.4239 ],
                [ -21.04493, 34.36213, 228.5077 ],
                [ -23.25737, 31.98022, 229.3287 ],
                [ -34.46925, 41.3315, 226.2448 ]
            ],
            "projected_cuboid": [
                [ 147.638, 470.1721 ],
                [ 209.0543, 417.7721 ],
                [ 197.8401, 404.6265 ],
                [ 136.4944, 456.6541 ],
                [ 149.1091, 471.5861 ],
                [ 210.0123, 419.5878 ],
                [ 198.8845, 406.5408 ],
                [ 138.0506, 458.1725 ]
            ]
        }
    ]
}