{
    "camera_data": {
        "location_worldframe": [
            -33.189002990722659,
            23.463953018188478,
            62.16590881347656
        ],
        "quaternion_xyzw_worldframe": [
            0.06296760588884354,
            0.8730255365371704,
            -0.11716579645872116,
            0.4691840708255768
        ]
    },
    "objects": [
        {
            "class": "big_fork",
            "visibility": 1.0,
            "location": [
                1.542672872543335,
                -0.9940351247787476,
                88.78514862060547
            ],
            "quaternion_xyzw": [
                0.7923563122749329,
                0.06344477087259293,
                -0.048684731125831607,
                0.6047941446304321
            ],
            "pose_transform_permuted": [
                [ 0.9872091, 0.1594302, -0.0004092529, 0 ],
                [ 0.04165325, -0.2603975, -0.9646025, 0 ],
                [ -0.1538934, 0.9522473, -0.2637075, 0 ],
                [ 1.542673, -0.9940351, 88.78515, 1 ]
            ],
            "cuboid_centroid": [
                1.542672872543335,
                -0.9940351247787476,
                88.78514862060547
            ],
            "projected_cuboid_centroid": [
                340.7506103515625,
                226.629150390625
            ],
            "bounding_box": {
                "top_left": [
                    308.26202392578127,
                    195.597900390625
                ],
                "bottom_right": [
                    368.6291198730469,
                    263.030517578125
                ]
            },
            "cuboid": [
                [ 1.557997, -2.378799, 96.17982 ],
                [ 3.888874, -2.280454, 95.81646 ],
                [ 1.527848, 1.575815, 81.71447 ],
                [ -0.8030328, 1.477466, 82.07783 ],
                [ 1.557495, -3.563892, 95.85583 ],
                [ 3.888374, -3.465543, 95.49249 ],
                [ 1.527346, 0.3907319, 81.39048 ],
                [ -0.8035333, 0.2923833, 81.75385 ]
            ],
            "projected_cuboid": [
                [ 339.3455, 210.4626 ],
                [ 368.4709, 211.5764 ],
                [ 342.3295, 263.0305 ],
                [ 308.3156, 261.4976 ],
                [ 339.4046, 195.5979 ],
                [ 368.6291, 196.6589 ],
                [ 342.411, 245.7333 ],
                [ 308.262, 244.2711 ]
            ]
        }
    ]
}