{
    "camera_data": {
        "location_worldframe": [
            -27.03345489501953,
            221.90623474121095,
            -61.41130447387695
        ],
        "quaternion_xyzw_worldframe": [
            0.6372551321983337,
            0.04129697009921074,
            -0.034231606870889667,
            0.7687838673591614
        ]
    },
    "objects": [
        {
            "class": "big_spoon",
            "visibility": 1.0,
            "location": [
                -1.6616294384002686,
                2.2427074909210207,
                224.00851440429688
            ],
            "quaternion_xyzw": [
                0.051988642662763599,
                0.07682812958955765,
                0.8293026685714722,
                -0.5510460138320923
            ],
            "pose_transform_permuted": [
                [ -0.3872909, 0.9219562, 0.00155697, 0 ],
                [ -0.9059795, -0.3808914, 0.1847238, 0 ],
                [ 0.1709003, 0.07013128, 0.9827892, 0 ],
                [ -1.661629, 2.242707, 224.0085, 1 ]
            ],
            "cuboid_centroid": [
                -1.6616294384002686,
                2.2427074909210207,
                224.00851440429688
            ],
            "projected_cuboid_centroid": [
                311.141357421875,
                251.95654296875
            ],
            "bounding_box": {
                "top_left": [
                    287.5177307128906,
                    211.617431640625
                ],
                "bottom_right": [
                    334.9191589355469,
                    292.454833984375
                ]
            },
            "cuboid": [
                [ 2.772058, 8.184683, 221.899 ],
                [ -3.007053, -5.334238, 224.4492 ],
                [ -6.098338, -4.057138, 224.214 ],
                [ -0.3192231, 9.461808, 221.6639 ],
                [ 2.775077, 8.542553, 223.803 ],
                [ -3.004042, -4.976379, 226.3531 ],
                [ -6.095319, -3.699254, 226.118 ],
                [ -0.3162057, 9.81968, 223.5678 ]
            ],
            "projected_cuboid": [
                [ 334.9192, 284.0498 ],
                [ 304, 211.6174 ],
                [ 287.5177, 218.39 ],
                [ 318.2801, 290.9773 ],
                [ 334.8083, 285.5847 ],
                [ 304.1505, 213.7443 ],
                [ 287.8072, 220.4622 ],
                [ 318.3109, 292.4548 ]
            ]
        }
    ]
}