{
    "camera_data": {
        "location_worldframe": [
            -50.72117614746094,
            72.62300109863281,
            41.98820877075195
        ],
        "quaternion_xyzw_worldframe": [
            0.09813147783279419,
            0.8996163010597229,
            -0.3325461447238922,
            0.2654689848423004
        ]
    },
    "objects": [
        {
            "class": "big_plates",
            "visibility": 1.0,
            "location": [
                -0.043625783175230029,
                2.7363030910491945,
                106.70988464355469
            ],
            "quaternion_xyzw": [
                0.15651093423366548,
                0.836674690246582,
                0.3089948296546936,
                0.42426639795303347
            ],
            "pose_transform_permuted": [
                [ -0.5910047, -0.0002947748, 0.806668, 0 ],
                [ 0.5240897, 0.760053, 0.3842516, 0 ],
                [ -0.6132238, 0.649861, -0.4490404, 0 ],
                [ -0.04362578, 2.736303, 106.7099, 1 ]
            ],
            "cuboid_centroid": [
                -0.043625783175230029,
                2.7363030910491945,
                106.70988464355469
            ],
            "projected_cuboid_centroid": [
                319.5117492675781,
                270.6236572265625
            ],
            "bounding_box": {
                "top_left": [
                    180.17501831054688,
                    180.331787109375
                ],
                "bottom_right": [
                    455.13970947265627,
                    377.1658935546875
                ]
            },
            "cuboid": [
                [ -1.934347, -4.645562, 116.4825 ],
                [ -12.27002, 4.519879, 105.7583 ],
                [ -12.26958, 3.393772, 104.7954 ],
                [ -1.933913, -5.77167, 115.5197 ],
                [ 12.18233, 2.078845, 108.6243 ],
                [ 1.84666, 11.24428, 97.90009 ],
                [ 1.847095, 10.11817, 96.93725 ],
                [ 12.18276, 0.9527314, 107.6615 ]
            ],
            "projected_cuboid": [
                [ 300.1678, 192.3706 ],
                [ 181.4431, 291.0399 ],
                [ 180.175, 278.6757 ],
                [ 300.007, 180.3318 ],
                [ 453.9371, 262.8556 ],
                [ 342.5269, 377.1659 ],
                [ 342.756, 364.6548 ],
                [ 455.1397, 250.5684 ]
            ]
        },
        {
            "class": "big_plates",
            "visibility": 0.3076927959918976,
            "location": [
                -29.504884719848634,
                14.824976921081543,
                92.58773803710938
            ],
            "quaternion_xyzw": [
                0.8423521518707275,
                -0.15250204503536225,
                0.4125801920890808,
                -0.31138989329338076
            ],
            "pose_transform_permuted": [
                [ 0.6130414, 2.574921E-05, 0.7900508, 0 ],
                [ -0.5138674, -0.7595592, 0.3987613, 0 ],
                [ 0.6001005, -0.6504385, -0.4656281, 0 ],
                [ -29.50488, 14.82498, 92.58774, 1 ]
            ],
            "cuboid_centroid": [
                -29.504884719848634,
                14.824976921081543,
                92.58773803710938
            ],
            "projected_cuboid_centroid": [
                -60.57300567626953,
                431.22210693359377
            ],
            "bounding_box": {
                "top_left": [
                    -228.69143676757813,
                    313.94140625
                ],
                "bottom_right": [
                    101.640869140625,
                    573.2611694335938
                ]
            },
            "cuboid": [
                [ -41.77833, 15.26647, 90.93276 ],
                [ -31.05728, 6.279801, 101.4275 ],
                [ -31.05732, 7.405176, 102.3912 ],
                [ -41.77837, 16.39184, 91.89645 ],
                [ -27.95246, 22.24478, 82.78429 ],
                [ -17.23141, 13.25811, 93.27902 ],
                [ -17.23144, 14.38348, 94.24271 ],
                [ -27.95249, 23.37015, 83.74798 ]
            ],
            "projected_cuboid": [
                [ -228.6914, 440.5006 ],
                [ -45.68336, 313.9414 ],
                [ -42.24201, 326.3715 ],
                [ -222.938, 453.023 ],
                [ -83.24554, 560.9059 ],
                [ 99.38541, 409.7443 ],
                [ 101.6409, 422.2694 ],
                [ -78.60588, 573.2612 ]
            ]
        },
        {
            "class": "big_spoon",
            "visibility": 1.0,
            "location": [
                -4.939995765686035,
                11.037537574768067,
                95.40863800048828
            ],
            "quaternion_xyzw": [
                0.3516217768192291,
                0.13970047235488892,
                0.41857242584228518,
                -0.8256167769432068
            ],
            "pose_transform_permuted": [
                [ 0.6105618, 0.7894043, 0.06368026, 0 ],
                [ -0.5929174, 0.4023185, 0.6975592, 0 ],
                [ 0.5250365, -0.4636602, 0.7136918, 0 ],
                [ -4.939996, 11.03754, 95.40864, 1 ]
            ],
            "cuboid_centroid": [
                -4.939995765686035,
                11.037537574768067,
                95.40863800048828
            ],
            "projected_cuboid_centroid": [
                258.1647033691406,
                378.159912109375
            ],
            "bounding_box": {
                "top_left": [
                    178.10824584960938,
                    303.2330322265625
                ],
                "bottom_right": [
                    332.039794921875,
                    459.64984130859377
                ]
            },
            "cuboid": [
                [ -8.23363, 15.46004, 90.02271 ],
                [ 0.8771099, 6.612586, 97.85725 ],
                [ -1.769728, 5.263622, 99.41187 ],
                [ -10.88047, 14.11108, 91.57735 ],
                [ -8.110261, 16.81145, 91.40538 ],
                [ 1.000479, 7.963996, 99.23991 ],
                [ -1.646361, 6.615031, 100.7945 ],
                [ -10.7571, 15.46249, 92.96001 ]
            ],
            "projected_cuboid": [
                [ 210.7713, 445.0954 ],
                [ 330.7043, 320.7004 ],
                [ 298.7399, 303.233 ],
                [ 178.1082, 424.022 ],
                [ 214.0355, 459.6498 ],
                [ 332.0398, 335.839 ],
                [ 300.4932, 318.3777 ],
                [ 181.8036, 438.6464 ]
            ]
        },
        {
            "class": "teacup",
            "visibility": 0.0,
            "location": [
                14.775092124938965,
                25.382482528686525,
                76.53583526611328
            ],
            "quaternion_xyzw": [
                0.3621198236942291,
                0.20891474187374116,
                0.45704829692840578,
                -0.7850673794746399
            ],
            "pose_transform_permuted": [
                [ 0.494923, 0.8689318, 0.002988189, 0 ],
                [ -0.566323, 0.3199522, 0.7595452, 0 ],
                [ 0.6590368, -0.3776087, 0.6504477, 0 ],
                [ 14.77509, 25.38248, 76.53584, 1 ]
            ],
            "cuboid_centroid": [
                14.775092124938965,
                25.382482528686525,
                76.53583526611328
            ],
            "projected_cuboid_centroid": [
                550.548828125,
                636.0653076171875
            ],
            "bounding_box": {
                "top_left": [
                    482.71142578125,
                    541.2805786132813
                ],
                "bottom_right": [
                    618.7431030273438,
                    735.21484375
                ]
            },