{
    "camera_data": {
        "location_worldframe": [
            31.465118408203126,
            102.19129180908203,
            -69.9110336303711
        ],
        "quaternion_xyzw_worldframe": [
            0.6014442443847656,
            0.054531048983335498,
            -0.04120348021388054,
            0.7959858775138855
        ]
    },
    "objects": [
        {
            "class": "big_spoon",
            "visibility": 1.0,
            "location": [
                -1.2120083570480347,
                -1.3908861875534058,
                105.2082748413086
            ],
            "quaternion_xyzw": [
                -0.13315168023109437,
                0.039687979966402057,
                0.2823019325733185,
                0.9492107629776001
            ],
            "pose_transform_permuted": [
                [ 0.8374609, -0.5464971, 0.0001665652, 0 ],
                [ 0.525359, 0.8051525, 0.275186, 0 ],
                [ -0.1505225, -0.23037, 0.961391, 0 ],
                [ -1.212008, -1.390886, 105.2083, 1 ]
            ],
            "cuboid_centroid": [
                -1.2120083570480347,
                -1.3908861875534058,
                105.2082748413086
            ],
            "projected_cuboid_centroid": [
                306.2420654296875,
                224.2115478515625
            ],
            "bounding_box": {
                "top_left": [
                    224.73809814453126,
                    161.79931640625
                ],
                "bottom_right": [
                    388.65484619140627,
                    287.313232421875
                ]
            },
            "cuboid": [
                [ -8.376609, -4.227315, 105.0138 ],
                [ 4.11989, 3.612039, 102.7678 ],
                [ 5.952271, 0.9123973, 103.5402 ],
                [ -6.544228, -6.926953, 105.7863 ],
                [ -8.376286, -3.69419, 106.8764 ],
                [ 4.120213, 4.145172, 104.6303 ],
                [ 5.952597, 1.445526, 105.4027 ],
                [ -6.543902, -6.393824, 107.6488 ]
            ],
            "projected_cuboid": [
                [ 224.7381, 191.9254 ],
                [ 367.8769, 281.9752 ],
                [ 388.6548, 250.5238 ],
                [ 246.12, 161.7993 ],
                [ 226.4018, 198.7205 ],
                [ 367.0284, 287.3132 ],
                [ 387.4454, 256.3784 ],
                [ 247.4019, 169.0669 ]
            ]
        }
    ]
}