{
    "camera_data": {
        "location_worldframe": [
            -7.40383243560791,
            36.87934494018555,
            -50.87067413330078
        ],
        "quaternion_xyzw_worldframe": [
            0.19926610589027406,
            0.013123604469001294,
            -0.0026688561774790289,
            0.9798539280891419
        ]
    },
    "objects": [
        {
            "class": "packet_cup",
            "visibility": 1.0,
            "location": [
                2.964801073074341,
                -1.2485485076904297,
                91.86961364746094
            ],
            "quaternion_xyzw": [
                -0.7061313986778259,
                0.6323603987693787,
                0.31559640169143679,
                -0.04356186091899872
            ],
            "pose_transform_permuted": [
                [ 0.001038492, -0.8655632, -0.5007986, 0 ],
                [ -0.920555, -0.1964453, 0.3376206, 0 ],
                [ -0.3906115, 0.4606621, -0.7970024, 0 ],
                [ 2.964801, -1.248549, 91.86961, 1 ]
            ],
            "cuboid_centroid": [
                2.964801073074341,
                -1.2485485076904297,
                91.86961364746094
            ],
            "projected_cuboid_centroid": [
                358.54083251953127,
                223.76953125
            ],
            "bounding_box": {
                "top_left": [
                    307.3292236328125,
                    183.10009765625
                ],
                "bottom_right": [
                    408.55963134765627,
                    267.42919921875
                ]
            },
            "cuboid": [
                [ 2.551873, -1.310356, 96.49435 ],
                [ 2.555508, -4.532301, 95.1272 ],
                [ 6.883323, -3.550077, 92.8239 ],
                [ 6.879688, -0.328132, 94.19103 ],
                [ -0.9537195, 1.052984, 90.91533 ],
                [ -0.9500858, -2.16896, 89.54819 ],
                [ 3.377732, -1.186731, 87.24488 ],
                [ 3.374095, 2.035205, 88.61201 ]
            ],
            "projected_cuboid": [
                [ 351.5831, 223.7825 ],
                [ 352.0826, 183.1001 ],
                [ 408.5596, 194.3253 ],
                [ 407.2281, 235.8396 ],
                [ 307.472, 253.8319 ],
                [ 307.3292, 211.0737 ],
                [ 366.2363, 223.7554 ],
                [ 365.4739, 267.4292 ]
            ]
        }
    ]
}