{
    "camera_data": {
        "location_worldframe": [
            37.18100357055664,
            170.44064331054688,
            -63.34493637084961
        ],
        "quaternion_xyzw_worldframe": [
            0.4965067505836487,
            -0.188210129737854,
            0.11124054342508316,
            0.8400497436523438
        ]
    },
    "objects": [
        {
            "class": "packet_cup",
            "visibility": 1.0,
            "location": [
                1.3078209161758423,
                2.7181789875030519,
                190.60809326171876
            ],
            "quaternion_xyzw": [
                0.4658111035823822,
                0.24172481894493104,
                -0.664718508720398,
                0.5317316055297852
            ],
            "pose_transform_permuted": [
                [ -0.0005631596, 0.9320999, -0.3622011, 0 ],
                [ -0.4817075, -0.3176613, -0.8167309, 0 ],
                [ -0.8763319, 0.174015, 0.4491783, 0 ],
                [ 1.307821, 2.718179, 190.6081, 1 ]
            ],
            "cuboid_centroid": [
                1.3078209161758423,
                2.7181789875030519,
                190.60809326171876
            ],
            "projected_cuboid_centroid": [
                328.19415283203127,
                257.03076171875
            ],
            "bounding_box": {
                "top_left": [
                    305.6150817871094,
                    228.8905029296875
                ],
                "bottom_right": [
                    351.167724609375,
                    285.3111572265625
                ]
            },
            "cuboid": [
                [ 4.906759, 5.62558, 191.0046 ],
                [ 4.904794, 3.939593, 187.9374 ],
                [ 0.2442946, 5.527898, 187.0673 ],
                [ 0.2462595, 7.213873, 190.1345 ],
                [ 2.371351, -0.09154356, 194.1488 ],
                [ 2.369381, -1.777525, 191.0816 ],
                [ -2.291115, -0.1892124, 190.2116 ],
                [ -2.289146, 1.496766, 193.2787 ]
            ],
            "projected_cuboid": [
                [ 350.6795, 275.174 ],
                [ 351.1677, 265.0343 ],
                [ 321.5596, 275.2906 ],
                [ 321.5468, 285.3112 ],
                [ 334.5868, 239.4369 ],
                [ 334.8086, 228.8905 ],
                [ 305.6151, 238.812 ],
                [ 305.8555, 249.2484 ]
            ]
        },
        {
            "class": "small_plates",
            "visibility": 1.0,
            "location": [
                -26.092266082763673,
                4.763631820678711,
                190.6315155029297
            ],
            "quaternion_xyzw": [
                0.36726024746894839,
                -0.5959762930870056,
                -0.3521997034549713,
                0.6211984753608704
            ],
            "pose_transform_permuted": [
                [ 0.04153524, -0.000184983, -0.999137, 0 ],
                [ -0.8753287, 0.4821506, -0.03647766, 0 ],
                [ 0.4817412, 0.8760884, 0.01986432, 0 ],
                [ -26.09227, 4.763632, 190.6315, 1 ]
            ],
            "cuboid_centroid": [
                -26.092266082763673,
                4.763631820678711,
                190.6315155029297
            ],
            "projected_cuboid_centroid": [
                156.538818359375,
                269.8428955078125
            ],
            "bounding_box": {
                "top_left": [
                    119.08377075195313,
                    237.64404296875
                ],
                "bottom_right": [
                    192.8050537109375,
                    302.7186279296875
                ]
            },
            "cuboid": [
                [ -21.06676, 9.907211, 188.6481 ],
                [ -20.63071, 0.7178521, 193.7055 ],
                [ -20.63044, 0.002910829, 192.4064 ],
                [ -21.06648, 9.192281, 187.349 ],
                [ -31.5541, 9.524343, 188.8566 ],
                [ -31.11805, 0.3349711, 193.914 ],
                [ -31.11777, -0.3799806, 192.6149 ],
                [ -31.55382, 8.809387, 187.5575 ]
            ],
            "projected_cuboid": [
                [ 186.6347, 302.7186 ],
                [ 192.8051, 244.4258 ],
                [ 191.948, 240.0181 ],
                [ 185.7117, 298.5962 ],
                [ 120.4641, 300.2283 ],
                [ 128.3536, 242.063 ],
                [ 127.0627, 237.644 ],
                [ 119.0838, 296.093 ]
            ]
        }
    ]
}