{
    "camera_data": {
        "location_worldframe": [
            -53.24715805053711,
            68.31732177734375,
            18.58094596862793
        ],
        "quaternion_xyzw_worldframe": [
            0.33425959944725039,
            0.556049108505249,
            -0.2598685324192047,
            0.7152260541915894
        ]
    },
    "objects": [
        {
            "class": "big_spoon",
            "visibility": 1.0,
            "location": [
                2.2380447387695314,
                3.314443826675415,
                84.43770599365235
            ],
            "quaternion_xyzw": [
                0.7594978213310242,
                0.559390127658844,
                -0.2323075830936432,
                0.2372318059206009
            ],
            "pose_transform_permuted": [
                [ 0.2662317, 0.9599327, -0.08746395, 0 ],
                [ 0.7394897, -0.2616075, -0.6202552, 0 ],
                [ -0.6182845, 0.1004529, -0.7795085, 0 ],
                [ 2.238045, 3.314444, 84.43771, 1 ]
            ],
            "cuboid_centroid": [
                2.2380447387695314,
                3.314443826675415,
                84.43770599365235
            ],
            "projected_cuboid_centroid": [
                351.6540832519531,
                286.8782958984375
            ],
            "bounding_box": {
                "top_left": [
                    300.4542541503906,
                    196.2298583984375
                ],
                "bottom_right": [
                    407.5326843261719,
                    386.6044921875
                ]
            },
            "cuboid": [
                [ 1.945736, -2.040601, 89.97417 ],
                [ 5.918419, 8.993982, 80.74821 ],
                [ 2.699798, 9.871142, 80.41141 ],
                [ -1.27288, -1.163448, 89.63736 ],
                [ 1.776287, -3.242253, 88.46401 ],
                [ 5.748968, 7.79233, 79.23804 ],
                [ 2.530352, 8.669496, 78.90122 ],
                [ -1.44233, -2.365089, 88.1272 ]
            ],
            "projected_cuboid": [
                [ 345.8264, 212.9144 ],
                [ 407.5327, 373.0199 ],
                [ 360.0969, 386.6045 ],
                [ 303.0412, 224.4991 ],
                [ 343.9797, 196.2299 ],
                [ 406.647, 357.4441 ],
                [ 358.2996, 371.2223 ],
                [ 300.4543, 207.9495 ]
            ]
        },
        {
            "class": "small_plates",
            "visibility": 0.043758660554885867,
            "location": [
                8.890751838684082,
                26.706083297729493,
                65.23629760742188
            ],
            "quaternion_xyzw": [
                0.9036087393760681,
                -0.030538208782672883,
                0.06506727635860443,
                -0.42228537797927859
            ],
            "pose_transform_permuted": [
                [ 0.9896674, -0.000235267, 0.1433824, 0 ],
                [ -0.1101431, -0.641485, 0.7591875, 0 ],
                [ 0.09179904, -0.7671356, -0.6348827, 0 ],
                [ 8.890752, 26.70608, 65.2363, 1 ]
            ],
            "cuboid_centroid": [
                8.890751838684082,
                26.706083297729493,
                65.23629760742188
            ],
            "projected_cuboid_centroid": [
                482.7596435546875,
                728.898193359375
            ],
            "bounding_box": {
                "top_left": [
                    371.2034606933594,
                    617.8704833984375
                ],
                "bottom_right": [
                    606.6553955078125,
                    851.550048828125
                ]
            },
            "cuboid": [
                [ 2.943225, 22.82426, 67.51766 ],
                [ 13.33293, 21.66795, 68.48138 ],
                [ 13.33329, 22.61917, 69.6189 ],
                [ 2.943576, 23.77547, 68.6552 ],
                [ 4.448216, 30.79299, 60.85368 ],
                [ 14.83793, 29.63669, 61.81739 ],
                [ 14.83828, 30.5879, 62.95493 ],
                [ 4.448567, 31.74422, 61.99121 ]
            ],
            "projected_cuboid": [
                [ 372.0599, 643.7168 ],
                [ 552.5149, 617.8705 ],
                [ 548.7218, 628.0136 ],
                [ 371.2035, 653.574 ],
                [ 407.2964, 844.3139 ],
                [ 606.6554, 812.5541 ],
                [ 601.4824, 820.2532 ],
                [ 405.7013, 851.55 ]
            ]
        },
        {
            "class": "teacup",
            "visibility": 0.5763858556747437,
            "location": [
                9.533729553222657,
                8.637102127075196,
                77.21831512451172
            ],
            "quaternion_xyzw": [
                -0.336777925491333,
                0.009747792035341263,
                0.07504262775182724,
                0.9385383129119873
            ],
            "pose_transform_permuted": [
                [ 0.9885471, -0.1474265, -0.03224805, 0 ],
                [ 0.1342951, 0.7618985, 0.633621, 0 ],
                [ -0.06884275, -0.630695, 0.7729712, 0 ],
                [ 9.53373, 8.637102, 77.21832, 1 ]
            ],
            "cuboid_centroid": [
                9.533729553222657,
                8.637102127075196,
                77.21831512451172
            ],
            "projected_cuboid_centroid": [
                467.4483947753906,
                373.5811767578125
            ],
            "bounding_box": {
                "top_left": [
                    393.5932922363281,
                    304.140380859375
                ],
                "bottom_right": [
                    543.5045166015625,
                    442.04901123046877
                ]
            },
            "cuboid": [
                [ 5.03231, 7.998383, 73.46122 ],
                [ 13.48833, 9.147139, 72.87234 ],
                [ 14.23919, 5.266678, 76.08455 ],
                [ 5.783175, 4.11793, 76.67343 ],
                [ 4.828267, 12.00753, 78.35209 ],
                [ 13.28428, 13.15629, 77.76321 ],
                [ 14.03514, 9.27583, 80.97543 ],
                [ 5.579131, 8.127069, 81.5643 ]
            ],
            "projected_cuboid": [
                [ 401.8101, 370.0294 ],
                [ 541.0512, 389.9064 ],
                [ 543.5045, 322.6681 ],
                [ 410.0781, 304.1404 ],
                [ 393.5933, 423.0209 ],
                [ 524.0146, 442.049 ],
                [ 526.9956, 376.8035 ],
                [ 401.6891, 358.9957 ]
            ]
        }
    ]
}