{
    "camera_data": {
        "location_worldframe": [
            8.223295211791993,
            45.2851448059082,
            0.12477636337280274
        ],
        "quaternion_xyzw_worldframe": [
            0.05202909931540489,
            0.9082574844360352,
            -0.3978066146373749,
            0.11879093199968338
        ]
    },
    "objects": [
        {
            "class": "small_spoon",
            "visibility": 1.0,
            "location": [
                0.6006125211715698,
                2.960451126098633,
                57.29871368408203
            ],
            "quaternion_xyzw": [
                -0.16722941398620606,
                0.3232485353946686,
                0.8301054835319519,
                0.4224565625190735
            ],
            "pose_transform_permuted": [
                [ -0.5871295, -0.8094804, -0.004519194, 0 ],
                [ 0.5932537, -0.4340816, 0.6779552, 0 ],
                [ -0.550753, 0.3953665, 0.7350894, 0 ],
                [ 0.6006125, 2.960451, 57.29871, 1 ]
            ],
            "cuboid_centroid": [
                0.6006125211715698,
                2.960451126098633,
                57.29871368408203
            ],
            "projected_cuboid_centroid": [
                332.5183410644531,
                301.70361328125
            ],
            "bounding_box": {
                "top_left": [
                    231.80093383789063,
                    206.703125
                ],
                "bottom_right": [
                    424.2801513671875,
                    408.1212158203125
                ]
            },
            "cuboid": [
                [ 3.022877, -1.688091, 60.54664 ],
                [ -3.98598, 5.393872, 53.97202 ],
                [ -1.814646, 6.558245, 52.9115 ],
                [ 5.194213, -0.5237185, 59.48611 ],
                [ 3.015874, -0.6373475, 61.68593 ],
                [ -3.992985, 6.444617, 55.11131 ],
                [ -1.821652, 7.608991, 54.05079 ],
                [ 5.187209, 0.5270252, 60.62541 ]
            ],
            "projected_cuboid": [
                [ 379.6249, 206.7031 ],
                [ 231.8009, 359.3519 ],
                [ 279.0419, 388.025 ],
                [ 424.2802, 229.4857 ],
                [ 378.3881, 227.6608 ],
                [ 233.4724, 379.6542 ],
                [ 279.7505, 408.1212 ],
                [ 422.1825, 250.3818 ]
            ]
        },
        {
            "class": "small_spoon",
            "visibility": 0.0,
            "location": [
                23.00400733947754,
                54.77720260620117,
                9.505300521850586
            ],
            "quaternion_xyzw": [
                0.19145570695400239,
                0.3054727613925934,
                0.7924327850341797,
                -0.492017537355423
            ],
            "pose_transform_permuted": [
                [ -0.4425266, 0.8967506, 0.002835661, 0 ],
                [ -0.6628127, -0.32921, 0.6725324, 0 ],
                [ 0.6040275, 0.2957341, 0.7400622, 0 ],
                [ 23.00401, 54.7772, 9.505301, 1 ]
            ],
            "cuboid_centroid": [
                23.00400733947754,
                54.77720260620117,
                9.505300521850586
            ],
            "projected_cuboid_centroid": [
                3210.24853515625,
                7122.26708984375
            ],
            "bounding_box": {
                "top_left": [
                    2042.265625,
                    4557.138671875
                ],
                "bottom_right": [
                    6240.65966796875,
                    14448.7841796875
                ]
            },
            "cuboid": [
                [ 26.84583, 57.77063, 5.723144 ],
                [ 21.56319, 49.85834, 12.93373 ],
                [ 19.15776, 50.7414, 12.14046 ],
                [ 24.44042, 58.65371, 4.929878 ],
                [ 26.85026, 58.81302, 6.870149 ],
                [ 21.56758, 50.90067, 14.08073 ],
                [ 19.16216, 51.78374, 13.28746 ],
                [ 24.44483, 59.69607, 6.076875 ]
            ],
            "projected_cuboid": [
                [ 5921.957, 12295.08 ],
                [ 2311.072, 4843.749 ],
                [ 2204.549, 5231.43 ],
                [ 6240.66, 14448.78 ],
                [ 4987.452, 10463.62 ],
                [ 2149.254, 4557.139 ],
                [ 2042.266, 4894.243 ],
                [ 5124.013, 11971.75 ]
            ]
        },
        {
            "class": "wine_glass",
            "visibility": 0.0,
            "location": [
                38.037113189697269,
                46.258026123046878,
                13.00846004486084
            ],
            "quaternion_xyzw": [
                0.3778599202632904,
                -0.6959030032157898,
                0.12792636454105378,
                -0.5971395373344421
            ],
            "pose_transform_permuted": [
                [ -0.001292318, -0.3731279, 0.9277788, 0 ],
                [ -0.6786875, 0.6817135, 0.2732215, 0 ],
                [ -0.7344259, -0.6293189, -0.2541182, 0 ],
                [ 38.03711, 46.25803, 13.00846, 1 ]
            ],
            "cuboid_centroid": [
                38.037113189697269,
                46.258026123046878,
                13.00846004486084
            ],
            "projected_cuboid_centroid": [
                3812.039794921875,
                4486.7705078125
            ],
            "bounding_box": {
                "top_left": [
                    2362.00537109375,
                    2573.108642578125
                ],
                "bottom_right": [
                    11299.0146484375,
                    14367.591796875
                ]
            },
            "cuboid": [
                [ 31.48395, 53.14674, 12.04122 ],
                [ 31.47371, 47.77635, 6.229788 ],
                [ 37.25719, 37.2098, 15.98424 ],
                [ 37.26743, 42.58018, 21.79566 ],
                [ 38.81703, 55.30626, 10.03268 ],
                [ 38.8068, 49.93587, 4.221259 ],
                [ 44.59028, 39.36932, 13.97571 ],
                [ 44.60052, 44.7397, 19.78713 ]
            ],
            "projected_cuboid": [
                [ 3442.6, 5511.131 ],
                [ 6353.54, 9398.771 ],
                [ 3103.657, 3020.116 ],
                [ 2362.005, 2573.109 ],
                [ 4940.646, 6823.467 ],
                [ 11299.01, 14367.59 ],
                [ 4130.342, 3604.199 ],
                [ 3011.874, 2940.274 ]
            ]
        },
        {
            "class": "teacup",
            "visibility": 0.0,
            "location": [
                20.857318878173829,
                26.11842155456543,
                31.153942108154298
            ],
            "quaternion_xyzw": [
                0.6157745122909546,
                -0.16206955909729005,
                -0.688282310962677,
                0.34759563207626345
            ],
            "pose_transform_permuted": [
                [ 1.855195E-06, 0.2788912, -0.9603227, 0 ],
                [ -0.6780845, -0.7058216, -0.2049818, 0 ],
                [ -0.734984, 0.6511803, 0.1891104, 0 ],
                [ 20.85732, 26.11842, 31.15394, 1 ]
            ],
            "cuboid_centroid": [
                20.857318878173829,
                26.11842155456543,
                31.153942108154298
            ],
            "projected_cuboid_centroid": [
                1119.545166015625,
                1241.2244873046875
            ],
            "bounding_box": {
                "top_left": [
                    925.3732299804688,
                    1059.62255859375
                ],
                "bottom_right": [
                    1395.1453857421875,
                    1430.0977783203125
                ]
            },