{
    "camera_data": {
        "location_worldframe": [
            -16.190797805786134,
            247.0765380859375,
            -8.92518138885498
        ],
        "quaternion_xyzw_worldframe": [
            0.5765776038169861,
            0.3756425678730011,
            -0.33709603548049929,
            0.6425085067749023
        ]
    },
    "objects": [
        {
            "class": "small_fork",
            "visibility": 1.0,
            "location": [
                -2.5648317337036135,
                1.427828073501587,
                247.0192413330078
            ],
            "quaternion_xyzw": [
                -0.6581851243972778,
                0.3348802626132965,
                0.620640218257904,
                0.2635399401187897
            ],
            "pose_transform_permuted": [
                [ 0.005321875, -0.7679534, -0.6404837, 0 ],
                [ -0.1136994, -0.6368039, 0.7625965, 0 ],
                [ -0.993501, 0.06876418, -0.0907049, 0 ],
                [ -2.564832, 1.427828, 247.0192, 1 ]
            ],
            "cuboid_centroid": [
                -2.5648317337036135,
                1.427828073501587,
                247.0192413330078
            ],
            "projected_cuboid_centroid": [
                307.5998840332031,
                246.903076171875
            ],
            "bounding_box": {
                "top_left": [
                    284.02520751953127,
                    226.3076171875
                ],
                "bottom_right": [
                    331.19830322265627,
                    267.41748046875
                ]
            },
            "cuboid": [
                [ -6.804218, -2.611775, 248.4094 ],
                [ -6.794163, -2.826545, 246.5329 ],
                [ 2.304052, 4.717882, 245.7182 ],
                [ 2.294, 4.932662, 247.5948 ],
                [ -7.433722, -1.862271, 248.3203 ],
                [ -7.423666, -2.077028, 246.4437 ],
                [ 1.674549, 5.46742, 245.6291 ],
                [ 1.664494, 5.682181, 247.5056 ]
            ],
            "projected_cuboid": [
                [ 287.288, 227.4436 ],
                [ 287.0877, 226.3076 ],
                [ 331.1983, 262.9302 ],
                [ 331.0649, 263.7924 ],
                [ 284.2487, 231.0437 ],
                [ 284.0252, 229.9348 ],
                [ 328.1417, 266.5828 ],
                [ 328.0315, 267.4175 ]
            ]
        },
        {
            "class": "wine_glass",
            "visibility": 1.0,
            "location": [
                -25.7268009185791,
                2.7472755908966066,
                243.85134887695313
            ],
            "quaternion_xyzw": [
                0.44173115491867068,
                0.5014542937278748,
                -0.49896109104156496,
                0.5517743825912476
            ],
            "pose_transform_permuted": [
                [ -0.0008371472, 0.9936439, 0.1125659, 0 ],
                [ -0.1076119, 0.1118228, -0.9878842, 0 ],
                [ -0.9941926, -0.01294047, 0.1068344, 0 ],
                [ -25.7268, 2.747276, 243.8513, 1 ]
            ],
            "cuboid_centroid": [
                -25.7268009185791,
                2.7472755908966066,
                243.85134887695313
            ],
            "projected_cuboid_centroid": [
                194.00360107421876,
                253.4547119140625
            ],
            "bounding_box": {
                "top_left": [
                    151.1479034423828,
                    227.8349609375
                ],
                "bottom_right": [
                    235.38919067382813,
                    278.3675537109375
                ]
            },
            "cuboid": [
                [ -18.4676, 7.943728, 247.2623 ],
                [ -18.47423, 7.092219, 239.3954 ],
                [ -33.87571, 5.358967, 239.596 ],
                [ -33.86909, 6.210484, 247.4629 ],
                [ -17.57789, 0.1355745, 248.1067 ],
                [ -17.58452, -0.7159549, 240.2398 ],
                [ -32.986, -2.449195, 240.4404 ],
                [ -32.97938, -1.597681, 248.3073 ]
            ],
            "projected_cuboid": [
                [ 230.803, 278.3676 ],
                [ 227.8388, 275.3805 ],
                [ 151.1479, 266.7115 ],
                [ 156.5477, 269.9718 ],
                [ 235.3892, 240.6526 ],
                [ 232.5856, 236.4409 ],
                [ 156.16, 227.835 ],
                [ 161.3827, 232.3158 ]
            ]
        }
    ]
}