{
    "camera_data": {
        "location_worldframe": [
            10.179763793945313,
            185.3166046142578,
            21.086912155151368
        ],
        "quaternion_xyzw_worldframe": [
            -0.15473175048828126,
            0.7217944264411926,
            -0.6525144577026367,
            -0.17116022109985352
        ]
    },
    "objects": [
        {
            "class": "small_fork",
            "visibility": 1.0,
            "location": [
                -1.8688658475875855,
                2.2818384170532228,
                184.67922973632813
            ],
            "quaternion_xyzw": [
                0.06484274566173554,
                0.6969152688980103,
                -0.13476091623306275,
                0.7013872265815735
            ],
            "pose_transform_permuted": [
                [ -0.007702794, 0.279419, 0.9601384, 0 ],
                [ -0.09865937, 0.9552698, -0.2787936, 0 ],
                [ -0.9950915, -0.09687413, 0.02020905, 0 ],
                [ -1.868866, 2.281838, 184.6792, 1 ]
            ],
            "cuboid_centroid": [
                -1.8688658475875855,
                2.2818384170532228,
                184.67922973632813
            ],
            "projected_cuboid_centroid": [
                307.9147033691406,
                254.755859375
            ],
            "bounding_box": {
                "top_left": [
                    294.06011962890627,
                    216.62939453125
                ],
                "bottom_right": [
                    321.7130126953125,
                    292.735595703125
                ]
            },
            "cuboid": [
                [ -0.6782393, 8.170727, 185.0352 ],
                [ -0.6927913, 7.984388, 183.1556 ],
                [ -4.003167, -3.333037, 184.3033 ],
                [ -3.988617, -3.14669, 186.1829 ],
                [ 0.265441, 7.896727, 185.0551 ],
                [ 0.2508908, 7.71036, 183.1755 ],
                [ -3.059486, -3.607053, 184.3232 ],
                [ -3.044941, -3.420694, 186.2028 ]
            ],
            "projected_cuboid": [
                [ 315.6225, 292.7356 ],
                [ 315.4827, 292.0618 ],
                [ 294.0601, 218.4025 ],
                [ 294.4153, 219.8158 ],
                [ 321.713, 290.9617 ],
                [ 321.6357, 290.2695 ],
                [ 300.1772, 216.6294 ],
                [ 300.4706, 218.0605 ]
            ]
        },
        {
            "class": "wine_glass",
            "visibility": 0.8213682174682617,
            "location": [
                18.268972396850587,
                13.482732772827149,
                180.52459716796876
            ],
            "quaternion_xyzw": [
                -0.6562689542770386,
                0.32827362418174746,
                0.6259573698043823,
                0.2640548348426819
            ],
            "pose_transform_permuted": [
                [ 0.0008275807, -0.7614457, -0.6482283, 0 ],
                [ -0.1002975, -0.6450232, 0.7575526, 0 ],
                [ -0.9949572, 0.0643886, -0.07690504, 0 ],
                [ 18.26897, 13.48273, 180.5246, 1 ]
            ],
            "cuboid_centroid": [
                18.268972396850587,
                13.482732772827149,
                180.52459716796876
            ],
            "projected_cuboid_centroid": [
                440.85797119140627,
                329.1947021484375
            ],
            "bounding_box": {
                "top_left": [
                    383.39874267578127,
                    274.288818359375
                ],
                "bottom_right": [
                    501.0089111328125,
                    383.2049560546875
                ]
            },
            "cuboid": [
                [ 14.92627, 5.886804, 185.264 ],
                [ 14.93282, 5.093152, 177.391 ],
                [ 26.73522, 15.09101, 176.393 ],
                [ 26.72867, 15.88466, 184.266 ],
                [ 9.802728, 11.87443, 184.6562 ],
                [ 9.809274, 11.08078, 176.7832 ],
                [ 21.61168, 21.07865, 175.7852 ],
                [ 21.60512, 21.87228, 183.6581 ]
            ],
            "projected_cuboid": [
                [ 416.2183, 277.9478 ],
                [ 420.5328, 274.2888 ],
                [ 501.0089, 342.1726 ],
                [ 493.2327, 342.9509 ],
                [ 383.3987, 316.7974 ],
                [ 386.2664, 314.8561 ],
                [ 466.8263, 383.205 ],
                [ 460.4896, 382.2268 ]
            ]
        }
    ]
}