{
    "camera_data": {
        "location_worldframe": [
            -22.4782772064209,
            186.258544921875,
            3.0488908290863039
        ],
        "quaternion_xyzw_worldframe": [
            0.4963042140007019,
            0.45934516191482546,
            -0.35240501165390017,
            0.6469117999076843
        ]
    },
    "objects": [
        {
            "class": "big_fork",
            "visibility": 1.0,
            "location": [
                -2.1077253818511965,
                -4.626968860626221,
                192.4422607421875
            ],
            "quaternion_xyzw": [
                0.21266832947731019,
                -0.7064065933227539,
                -0.03076896071434021,
                -0.674399733543396
            ],
            "pose_transform_permuted": [
                [ 8.601241E-05, -0.3419618, 0.9397137, 0 ],
                [ -0.2589594, 0.9076509, 0.3303177, 0 ],
                [ -0.965888, -0.2433761, -0.08847617, 0 ],
                [ -2.107725, -4.626969, 192.4423, 1 ]
            ],
            "cuboid_centroid": [
                -2.1077253818511965,
                -4.626968860626221,
                192.4422607421875
            ],
            "projected_cuboid_centroid": [
                306.9198913574219,
                211.2860107421875
            ],
            "bounding_box": {
                "top_left": [
                    287.1313171386719,
                    166.694580078125
                ],
                "bottom_right": [
                    326.19683837890627,
                    256.21044921875
                ]
            },
            "cuboid": [
                [ -5.21717, 2.196599, 191.8348 ],
                [ -5.21697, 1.585182, 189.5542 ],
                [ -0.1527969, -11.85638, 193.1584 ],
                [ -0.1530028, -11.24494, 195.439 ],
                [ -4.062662, 2.602429, 191.7261 ],
                [ -4.062458, 1.991014, 189.4456 ],
                [ 1.001707, -11.45056, 193.0497 ],
                [ 1.001505, -10.83914, 195.3303 ]
            ],
            "projected_cuboid": [
                [ 287.5208, 253.6748 ],
                [ 287.1313, 249.9872 ],
                [ 319.0553, 166.6946 ],
                [ 319.0651, 171.2863 ],
                [ 294.6938, 256.2104 ],
                [ 294.3904, 252.5513 ],
                [ 326.1968, 169.1638 ],
                [ 326.1232, 173.7291 ]
            ]
        }
    ]
}