{
    "camera_data": {
        "location_worldframe": [
            42.3082275390625,
            52.505462646484378,
            -50.610740661621097
        ],
        "quaternion_xyzw_worldframe": [
            0.29790347814559939,
            -0.15463005006313325,
            0.0489678755402565,
            0.9407152533531189
        ]
    },
    "objects": [
        {
            "class": "water_glass",
            "visibility": 1.0,
            "location": [
                -0.9321696162223816,
                1.3821579217910767,
                85.0833511352539
            ],
            "quaternion_xyzw": [
                -0.23219344019889832,
                0.39763787388801577,
                0.7669032216072083,
                0.44702309370040896
            ],
            "pose_transform_permuted": [
                [ -0.4925129, -0.8703047, -0.0006331801, 0 ],
                [ 0.5009891, -0.2841087, 0.8174912, 0 ],
                [ -0.7116464, 0.4023079, 0.5759407, 0 ],
                [ -0.9321696, 1.382158, 85.08335, 1 ]
            ],
            "cuboid_centroid": [
                -0.9321696162223816,
                1.3821579217910767,
                85.0833511352539
            ],
            "projected_cuboid_centroid": [
                306.915771484375,
                259.400390625
            ],
            "bounding_box": {
                "top_left": [
                    261.4950866699219,
                    212.8314208984375
                ],
                "bottom_right": [
                    351.56591796875,
                    307.3880615234375
                ]
            },
            "cuboid": [
                [ -2.122072, -1.964634, 86.35991 ],
                [ -4.09126, 0.03843981, 83.51458 ],
                [ 0.2602644, 1.45898, 81.50304 ],
                [ 2.22945, -0.544094, 84.34837 ],
                [ -2.124609, 1.30533, 88.66367 ],
                [ -4.093792, 3.308402, 85.81834 ],
                [ 0.2577323, 4.72895, 83.8068 ],
                [ 2.226917, 2.725871, 86.65214 ]
            ],
            "projected_cuboid": [
                [ 290.6542, 212.8314 ],
                [ 261.4951, 240.5497 ],
                [ 323.8136, 261.3783 ],
                [ 351.5659, 232.2964 ],
                [ 291.3826, 257.5822 ],
                [ 263.0304, 286.04 ],
                [ 323.6727, 307.3881 ],
                [ 350.6918, 277.5685 ]
            ]
        }
    ]
}