{
    "camera_data": {
        "location_worldframe": [
            27.58736228942871,
            189.6615753173828,
            0.9065568447113037
        ],
        "quaternion_xyzw_worldframe": [
            -0.30108121037483218,
            0.6947385668754578,
            -0.5052987337112427,
            -0.4139585793018341
        ]
    },
    "objects": [
        {
            "class": "teacup",
            "visibility": 1.0,
            "location": [
                0.7360825538635254,
                3.6135313510894777,
                195.09744262695313
            ],
            "quaternion_xyzw": [
                -0.7881205677986145,
                -0.12832894921302796,
                0.18103832006454469,
                0.5741279125213623
            ],
            "pose_transform_permuted": [
                [ 0.9015136, -0.005600944, -0.4327145, 0 ],
                [ 0.4101557, -0.3078178, 0.8584991, 0 ],
                [ -0.1380056, -0.9514289, -0.2752047, 0 ],
                [ 0.7360826, 3.613531, 195.0974, 1 ]
            ],
            "cuboid_centroid": [
                0.7360825538635254,
                3.6135313510894777,
                195.09744262695313
            ],
            "projected_cuboid_centroid": [
                324.50579833984377,
                262.11962890625
            ],
            "bounding_box": {
                "top_left": [
                    292.0488586425781,
                    229.9075927734375
                ],
                "bottom_right": [
                    356.80499267578127,
                    294.0155029296875
                ]
            },
            "cuboid": [
                [ -1.764977, -1.640597, 194.1355 ],
                [ 5.946553, 1.867868, 192.955 ],
                [ 5.975076, 3.435622, 197.8008 ],
                [ -1.736454, -0.07285251, 198.9812 ],
                [ -4.502917, 3.791425, 192.3941 ],
                [ 3.20861, 7.299888, 191.2137 ],
                [ 3.237136, 8.86765, 196.0594 ],
                [ -4.474392, 5.359198, 197.2399 ]
            ],
            "projected_cuboid": [
                [ 309.1425, 229.9076 ],
                [ 356.805, 251.5608 ],
                [ 356.0756, 260.7432 ],
                [ 309.5781, 239.5627 ],
                [ 292.0489, 263.5347 ],
                [ 340.0399, 285.5927 ],
                [ 339.7184, 294.0155 ],
                [ 292.9083, 272.4491 ]
            ]
        },
        {
            "class": "packet_cup",
            "visibility": 0.0,
            "location": [
                47.670066833496097,
                28.523115158081056,
                186.01979064941407
            ],
            "quaternion_xyzw": [
                -0.9877810478210449,
                0.00046704139094799757,
                -0.0003327131562400609,
                -0.15584686398506165
            ],
            "pose_transform_permuted": [
                [ 0.9999993, -0.001026374, 0.0005117216, 0 ],
                [ -0.0008189647, -0.951423, -0.3078855, 0 ],
                [ 0.0008028694, 0.3078849, -0.9514232, 0 ],
                [ 47.67007, 28.52312, 186.0198, 1 ]
            ],
            "cuboid_centroid": [
                47.670066833496097,
                28.523115158081056,
                186.01979064941407
            ],
            "projected_cuboid_centroid": [
                626.044189453125,
                423.11981201171877
            ],
            "bounding_box": {
                "top_left": [
                    608.4266357421875,
                    403.1663818359375
                ],
                "bottom_right": [
                    644.4554443359375,
                    442.53167724609377
                ]
            },
            "cuboid": [
                [ 45.9157, 27.22358, 190.1181 ],
                [ 49.4157, 27.22072, 190.1209 ],
                [ 49.42084, 31.97783, 188.5815 ],
                [ 45.92084, 31.9807, 188.5787 ],
                [ 45.91928, 25.0684, 183.4581 ],
                [ 49.41928, 25.06552, 183.4609 ],
                [ 49.42442, 29.82263, 181.9215 ],
                [ 45.92441, 29.8255, 181.9187 ]
            ],
            "projected_cuboid": [
                [ 608.4266, 411.0092 ],
                [ 630.4078, 410.9886 ],
                [ 632.9742, 442.5105 ],
                [ 610.8137, 442.5317 ],
                [ 618.9205, 403.1876 ],
                [ 641.6995, 403.1664 ],
                [ 644.4554, 435.776 ],
                [ 621.4837, 435.7979 ]
            ]
        },
        {
            "class": "packet_cup",
            "visibility": 1.0,
            "location": [
                -1.0149869918823243,
                56.0188102722168,
                177.11827087402345
            ],
            "quaternion_xyzw": [
                0.8692079186439514,
                0.4692055583000183,
                -0.07407095283269882,
                0.13724875450134278
            ],
            "pose_transform_permuted": [
                [ 0.5487193, 0.8360066, 2.963841E-05, 0 ],
                [ 0.7953421, -0.5220179, -0.3081044, 0 ],
                [ -0.2575619, 0.1690864, -0.9513526, 0 ],
                [ -1.014987, 56.01881, 177.1183, 1 ]
            ],
            "cuboid_centroid": [
                -1.0149869918823243,
                56.0188102722168,
                177.11827087402345
            ],
            "projected_cuboid_centroid": [
                313.15625,
                617.7183227539063
            ],
            "bounding_box": {
                "top_left": [
                    292.06915283203127,
                    597.216796875
                ],
                "bottom_right": [
                    333.9892578125,
                    638.0783081054688
                ]
            },
            "cuboid": [
                [ 0.1146714, 54.40029, 181.3215 ],
                [ 2.035185, 57.18396, 180.42 ],
                [ -2.144848, 59.79405, 179.5746 ],
                [ -4.065368, 57.01037, 180.476 ],
                [ 0.1148728, 52.24355, 174.662 ],
                [ 2.035393, 55.02724, 173.7605 ],
                [ -2.144643, 57.63733, 172.9151 ],
                [ -4.065161, 54.85363, 173.8165 ]
            ],
            "projected_cuboid": [
                [ 320.7553, 598.3022 ],
                [ 333.4715, 618.5186 ],
                [ 305.7357, 637.6589 ],
                [ 293.0984, 617.2523 ],
                [ 320.7855, 597.2168 ],
                [ 333.9893, 618.2023 ],
                [ 305.1878, 638.0783 ],
                [ 292.0692, 616.8876 ]
            ]
        }
    ]
}