{
    "camera_data": {
        "location_worldframe": [
            -6.090802192687988,
            196.04592895507813,
            -40.4639892578125
        ],
        "quaternion_xyzw_worldframe": [
            0.5294930338859558,
            0.2159634530544281,
            -0.14151208102703095,
            0.8080663681030273
        ]
    },
    "objects": [
        {
            "class": "knife",
            "visibility": 1.0,
            "location": [
                1.153504490852356,
                2.877941370010376,
                211.70005798339845
            ],
            "quaternion_xyzw": [
                0.1875009834766388,
                0.08017885684967041,
                0.38555967807769778,
                -0.8998658657073975
            ],
            "pose_transform_permuted": [
                [ 0.6898302, 0.7239712, 0.0002852082, 0 ],
                [ -0.6638368, 0.6323742, 0.3992789, 0 ],
                [ 0.2888861, -0.275624, 0.9168295, 0 ],
                [ 1.153504, 2.877941, 211.7001, 1 ]
            ],
            "cuboid_centroid": [
                1.153504490852356,
                2.877941370010376,
                211.70005798339845
            ],
            "projected_cuboid_centroid": [
                326.5072326660156,
                256.2352294921875
            ],
            "bounding_box": {
                "top_left": [
                    289.8631591796875,
                    221.000732421875
                ],
                "bottom_right": [
                    362.4598693847656,
                    292.2431640625
                ]
            },
            "cuboid": [
                [ -3.730638, 8.840931, 208.6684 ],
                [ 7.587386, -2.050616, 213.4082 ],
                [ 6.037422, -3.404473, 213.9982 ],
                [ -5.2806, 7.487072, 209.2585 ],
                [ -3.730414, 9.160359, 209.4019 ],
                [ 7.587606, -1.731194, 214.1416 ],
                [ 6.037647, -3.085064, 214.7317 ],
                [ -5.28037, 7.806494, 209.992 ]
            ],
            "projected_cuboid": [
                [ 298.6487, 290.5986 ],
                [ 362.4599, 228.5245 ],
                [ 353.6929, 221.0007 ],
                [ 289.8632, 282.7294 ],
                [ 298.7248, 292.2432 ],
                [ 362.3157, 230.3452 ],
                [ 353.5791, 222.842 ],
                [ 289.9697, 284.3967 ]
            ]
        }
    ]
}