{
    "camera_data": {
        "location_worldframe": [
            7.120865821838379,
            142.87623596191407,
            -61.36415481567383
        ],
        "quaternion_xyzw_worldframe": [
            0.5619377493858337,
            -0.30357685685157778,
            0.23258233070373536,
            0.7334661483764648
        ]
    },
    "objects": [
        {
            "class": "small_plates",
            "visibility": 1.0,
            "location": [
                3.850351333618164,
                1.7388964891433716,
                146.33924865722657
            ],
            "quaternion_xyzw": [
                -0.5868527889251709,
                -0.408947229385376,
                0.537224531173706,
                0.44694048166275027
            ],
            "pose_transform_permuted": [
                [ 0.08830395, -0.000231117, -0.9960935, 0 ],
                [ 0.9601984, -0.2660128, 0.08518359, 0 ],
                [ -0.2649933, -0.9639695, -0.02326807, 0 ],
                [ 3.850351, 1.738896, 146.3392, 1 ]
            ],
            "cuboid_centroid": [
                3.850351333618164,
                1.7388964891433716,
                146.33924865722657
            ],
            "projected_cuboid_centroid": [
                351.4222412109375,
                254.19091796875
            ],
            "bounding_box": {
                "top_left": [
                    305.03228759765627,
                    207.9754638671875
                ],
                "bottom_right": [
                    398.93609619140627,
                    300.913330078125
                ]
            },
            "cuboid": [
                [ 8.614364, -3.945565, 147.1376 ],
                [ 9.541397, 6.134773, 144.3557 ],
                [ 9.541736, 6.529221, 145.7851 ],
                [ 8.61471, -3.551117, 148.5671 ],
                [ -1.841027, -3.05144, 146.8934 ],
                [ -0.9140025, 7.028892, 144.1115 ],
                [ -0.9136636, 7.423346, 145.5409 ],
                [ -1.840692, -2.656979, 148.3228 ]
            ],
            "projected_cuboid": [
                [ 389.9193, 207.9755 ],
                [ 398.9361, 290.7531 ],
                [ 398.1649, 293.4867 ],
                [ 389.2493, 211.4543 ],
                [ 305.0323, 215.1915 ],
                [ 312.4256, 298.2487 ],
                [ 312.5028, 300.9133 ],
                [ 305.1792, 218.6067 ]
            ]
        }
    ]
}