{
    "camera_data": {
        "location_worldframe": [
            -34.08973693847656,
            146.14797973632813,
            -49.801055908203128
        ],
        "quaternion_xyzw_worldframe": [
            0.4306183159351349,
            0.2607989013195038,
            -0.13150973618030549,
            0.8539655208587647
        ]
    },
    "objects": [
        {
            "class": "big_plates",
            "visibility": 1.0,
            "location": [
                -3.6740658283233644,
                0.7916396856307983,
                179.7581329345703
            ],
            "quaternion_xyzw": [
                0.1909479945898056,
                0.8086301684379578,
                0.407770574092865,
                0.3786546587944031
            ],
            "pose_transform_permuted": [
                [ -0.6403192, 4.172325E-06, 0.7681091, 0 ],
                [ 0.6176211, 0.594524, 0.5148644, 0 ],
                [ -0.4566572, 0.8040779, -0.3806878, 0 ],
                [ -3.674066, 0.7916397, 179.7581, 1 ]
            ],
            "cuboid_centroid": [
                -3.6740658283233644,
                0.7916396856307983,
                179.7581329345703
            ],
            "projected_cuboid_centroid": [
                295.5906677246094,
                245.2593994140625
            ],
            "bounding_box": {
                "top_left": [
                    212.99179077148438,
                    178.813720703125
                ],
                "bottom_right": [
                    377.4195556640625,
                    316.8726806640625
                ]
            },
            "cuboid": [
                [ -4.795965, -8.673585, 187.6779 ],
                [ -15.99406, 2.127571, 179.6917 ],
                [ -15.99406, 1.246721, 178.5004 ],
                [ -4.795969, -9.554412, 186.4866 ],
                [ 8.645933, 0.3365588, 181.0159 ],
                [ -2.552161, 11.13769, 173.0297 ],
                [ -2.552169, 10.25684, 171.8384 ],
                [ 8.645919, -0.5443078, 179.8245 ]
            ],
            "projected_cuboid": [
                [ 289.4817, 184.8071 ],
                [ 213.7013, 254.1401 ],
                [ 212.9918, 248.3412 ],
                [ 289.2867, 178.8137 ],
                [ 377.0417, 242.2205 ],
                [ 302.3849, 316.8727 ],
                [ 302.2627, 311.2838 ],
                [ 377.4196, 236.3851 ]
            ]
        }
    ]
}