{
    "camera_data": {
        "location_worldframe": [
            -6.89217472076416,
            61.46373748779297,
            8.623319625854493
        ],
        "quaternion_xyzw_worldframe": [
            0.21794581413269044,
            0.7726997137069702,
            -0.3477768301963806,
            0.4842377305030823
        ]
    },
    "objects": [
        {
            "class": "small_spoon",
            "visibility": 1.0,
            "location": [
                3.1462559700012209,
                -0.02121933363378048,
                80.58806610107422
            ],
            "quaternion_xyzw": [
                0.33185186982154848,
                0.12732714414596559,
                0.3471331298351288,
                -0.8678483963012695
            ],
            "pose_transform_permuted": [
                [ 0.7265728, 0.6870254, 0.009392247, 0 ],
                [ -0.5180103, 0.5387459, 0.6643932, 0 ],
                [ 0.4513949, -0.4875953, 0.7473243, 0 ],
                [ 3.146256, -0.02121933, 80.58807, 1 ]
            ],
            "cuboid_centroid": [
                3.1462559700012209,
                -0.02121933363378048,
                80.58806610107422
            ],
            "projected_cuboid_centroid": [
                366.6252136230469,
                239.685546875
            ],
            "bounding_box": {
                "top_left": [
                    287.5401611328125,
                    177.670166015625
                ],
                "bottom_right": [
                    442.223388671875,
                    306.1142578125
                ]
            },
            "cuboid": [
                [ -0.2763234, 3.278349, 76.66071 ],
                [ 8.39714, -2.905402, 82.04923 ],
                [ 6.554278, -4.350522, 83.35715 ],
                [ -2.119184, 1.83323, 77.96864 ],
                [ -0.2617674, 4.308074, 77.81898 ],
                [ 8.411697, -1.875678, 83.2075 ],
                [ 6.568836, -3.320794, 84.51541 ],
                [ -2.10463, 2.862952, 79.12689 ]
            ],
            "projected_cuboid": [
                [ 315.6953, 291.0717 ],
                [ 442.2234, 197.7108 ],
                [ 413.903, 177.6702 ],
                [ 287.5402, 268.0798 ],
                [ 315.9828, 306.1143 ],
                [ 440.731, 213.0789 ],
                [ 412.8218, 193.0751 ],
                [ 288.235, 283.2103 ]
            ]
        },
        {
            "class": "water_glass",
            "visibility": 0.2570144236087799,
            "location": [
                -17.11090850830078,
                19.511350631713868,
                61.62127685546875
            ],
            "quaternion_xyzw": [
                0.4548153281211853,
                -0.7061391472816467,
                0.017558380961418153,
                -0.542404055595398
            ],
            "pose_transform_permuted": [
                [ 0.002118425, -0.6232783, 0.7819971, 0 ],
                [ -0.6613733, 0.5856695, 0.4685901, 0 ],
                [ -0.7500538, -0.5181847, -0.4109789, 0 ],
                [ -17.11091, 19.51135, 61.62128, 1 ]
            ],
            "cuboid_centroid": [
                -17.11090850830078,
                19.511350631713868,
                61.62127685546875
            ],
            "projected_cuboid_centroid": [
                -11.619377136230469,
                618.141357421875
            ],
            "bounding_box": {
                "top_left": [
                    -85.01468658447266,
                    542.9393310546875
                ],
                "bottom_right": [
                    57.22185134887695,
                    694.8668823242188
                ]
            },
            "cuboid": [
                [ -20.23734, 21.36051, 62.64722 ],
                [ -20.22887, 18.71618, 59.64833 ],
                [ -17.11247, 15.78783, 62.23925 ],
                [ -17.12094, 18.43216, 65.23815 ],
                [ -17.10934, 23.23487, 61.00331 ],
                [ -17.10088, 20.59054, 58.00441 ],
                [ -13.98448, 17.66219, 60.59534 ],
                [ -13.99295, 20.30652, 63.59423 ]
            ],
            "projected_cuboid": [
                [ -65.78827, 647.1995 ],
                [ -85.01469, 614.7283 ],
                [ -8.356743, 542.9393 ],
                [ 6.582279, 577.421 ],
                [ -14.94808, 694.8669 ],
                [ -32.09095, 663.9398 ],
                [ 44.38379, 588.0991 ],
                [ 57.22185, 621.3426 ]
            ]
        },
        {
            "class": "big_spoon",
            "visibility": 0.0,
            "location": [
                -1.9561156034469605,
                40.66468048095703,
                44.23579406738281
            ],
            "quaternion_xyzw": [
                0.43927210569381716,
                -0.8250459432601929,
                0.31327083706855776,
                0.16793033480644227
            ],
            "pose_transform_permuted": [
                [ -0.5576788, -0.8300547, -0.001878202, 0 ],
                [ -0.619624, 0.4178028, -0.6644599, 0 ],
                [ 0.5523227, -0.3693915, -0.7473215, 0 ],
                [ -1.956116, 40.66468, 44.23579, 1 ]
            ],
            "cuboid_centroid": [
                -1.9561156034469605,
                40.66468048095703,
                44.23579406738281
            ],
            "projected_cuboid_centroid": [
                267.18975830078127,
                1337.8450927734375
            ],
            "bounding_box": {
                "top_left": [
                    129.2196502685547,
                    1098.77978515625
                ],
                "bottom_right": [
                    427.28961181640627,
                    1636.7100830078125
                ]
            },
            "cuboid": [
                [ 0.8149464, 46.63175, 40.21958 ],
                [ -7.506678, 37.38578, 48.46127 ],
                [ -4.723538, 35.9849, 49.69982 ],
                [ 3.598087, 45.23087, 41.45813 ],
                [ 0.8113078, 45.34446, 38.77176 ],
                [ -7.510317, 36.0985, 47.01345 ],
                [ -4.727176, 34.69762, 48.252 ],
                [ 3.594448, 43.94358, 40.01031 ]
            ],
            "projected_cuboid": [
                [ 344.1985, 1624.656 ],
                [ 135.009, 1161.317 ],
                [ 206.4963, 1104.695 ],
                [ 423.6476, 1542.935 ],
                [ 344.9901, 1636.71 ],
                [ 129.2197, 1156.99 ],
                [ 203.0005, 1098.78 ],
                [ 427.2896, 1551.659 ]
            ]
        },
        {
            "class": "water_glass",
            "visibility": 0.9582856297492981,
            "location": [
                2.9383127689361574,
                17.723346710205079,
                63.20993423461914
            ],
            "quaternion_xyzw": [
                -0.6094759702682495,
                -0.13517965376377107,
                -0.6943710446357727,
                -0.35793039202690127
            ],
            "pose_transform_permuted": [
                [ -0.0008493774, -0.3322955, 0.9431747, 0 ],
                [ 0.6618505, -0.7072242, -0.2485703, 0 ],
                [ 0.7496351, 0.6240296, 0.220531, 0 ],
                [ 2.938313, 17.72335, 63.20993, 1 ]
            ],
            "cuboid_centroid": [
                2.9383127689361574,
                17.723346710205079,
                63.20993423461914
            ],
            "projected_cuboid_centroid": [
                375.5149841308594,
                574.8558959960938
            ],
            "bounding_box": {
                "top_left": [
                    323.982666015625,
                    504.95361328125
                ],
                "bottom_right": [
                    431.49969482421877,
                    645.8786010742188
                ]
            },