{
    "camera_data": {
        "location_worldframe": [
            -10.203313827514649,
            55.895362854003909,
            43.06885528564453
        ],
        "quaternion_xyzw_worldframe": [
            0.052030544728040698,
            0.93284010887146,
            -0.3233809471130371,
            0.15008977055549622
        ]
    },
    "objects": [
        {
            "class": "water_glass",
            "visibility": 1.0,
            "location": [
                1.0334569215774537,
                1.0166912078857422,
                85.14067840576172
            ],
            "quaternion_xyzw": [
                0.6335543394088745,
                -0.692136287689209,
                -0.14588966965675355,
                -0.3134845197200775
            ],
            "pose_transform_permuted": [
                [ -0.0006728582, -0.9684802, 0.2490899, 0 ],
                [ -0.7855436, 0.1546502, 0.59917, 0 ],
                [ -0.6188061, -0.1952679, -0.7608874, 0 ],
                [ 1.033457, 1.016691, 85.14068, 1 ]
            ],
            "cuboid_centroid": [
                1.0334569215774537,
                1.0166912078857422,
                85.14067840576172
            ],
            "projected_cuboid_centroid": [
                334.49615478515627,
                254.260986328125
            ],
            "bounding_box": {
                "top_left": [
                    293.464111328125,
                    210.2711181640625
                ],
                "bottom_right": [
                    376.94573974609377,
                    299.056884765625
                ]
            },
            "cuboid": [
                [ -1.884578, 1.775381, 87.41135 ],
                [ -1.887271, -1.365414, 84.93722 ],
                [ 2.955133, -2.138665, 85.91355 ],
                [ 2.957823, 1.002125, 88.3877 ],
                [ -0.8882186, 4.172051, 84.3678 ],
                [ -0.8909089, 1.031264, 81.89367 ],
                [ 3.951491, 0.2580116, 82.87001 ],
                [ 3.954185, 3.398806, 85.34414 ]
            ],
            "projected_cuboid": [
                [ 294.252, 264.2561 ],
                [ 293.4641, 220.8016 ],
                [ 361.0783, 210.2711 ],
                [ 359.9648, 253.5403 ],
                [ 307.4269, 299.0569 ],
                [ 307.0079, 255.0389 ],
                [ 376.9457, 243.7183 ],
                [ 375.3326, 287.5609 ]
            ]
        }
    ]
}