{
    "camera_data": {
        "location_worldframe": [
            46.566383361816409,
            225.04830932617188,
            54.96028137207031
        ],
        "quaternion_xyzw_worldframe": [
            -0.26648879051208498,
            0.6983694434165955,
            -0.58235102891922,
            -0.3195798099040985
        ]
    },
    "objects": [
        {
            "class": "big_spoon",
            "visibility": 1.0,
            "location": [
                -3.5137746334075929,
                -0.5665355920791626,
                227.4636688232422
            ],
            "quaternion_xyzw": [
                0.8095325827598572,
                0.5803638100624085,
                -0.05231653153896332,
                0.07139930129051209
            ],
            "pose_transform_permuted": [
                [ 0.3208817, 0.9471176, -0.00182873, 0 ],
                [ 0.9321761, -0.31616, -0.1763254, 0 ],
                [ -0.167579, 0.05487488, -0.9843303, 0 ],
                [ -3.513775, -0.5665356, 227.4637, 1 ]
            ],
            "cuboid_centroid": [
                -3.5137746334075929,
                -0.5665355920791626,
                227.4636688232422
            ],
            "projected_cuboid_centroid": [
                301.55157470703127,
                237.0255126953125
            ],
            "bounding_box": {
                "top_left": [
                    280.6714172363281,
                    196.904052734375
                ],
                "bottom_right": [
                    322.4714660644531,
                    277.284423828125
                ]
            },
            "cuboid": [
                [ -4.318265, -7.880681, 229.7594 ],
                [ 0.4699039, 6.029148, 227.2588 ],
                [ -2.705746, 7.089228, 227.0749 ],
                [ -7.493906, -6.820608, 229.5754 ],
                [ -4.321798, -8.222289, 227.8524 ],
                [ 0.4663568, 5.687542, 225.3519 ],
                [ -2.709289, 6.747616, 225.1678 ],
                [ -7.49745, -7.162214, 227.6685 ]
            ],
            "projected_cuboid": [
                [ 297.5543, 199.0374 ],
                [ 322.4694, 271.6835 ],
                [ 305.7697, 277.2844 ],
                [ 281.0165, 204.519 ],
                [ 297.3479, 196.9041 ],
                [ 322.4715, 270.1412 ],
                [ 305.6303, 275.7883 ],
                [ 280.6714, 202.4299 ]
            ]
        },
        {
            "class": "big_spoon",
            "visibility": 1.0,
            "location": [
                -39.05421829223633,
                -13.033493041992188,
                229.7528076171875
            ],
            "quaternion_xyzw": [
                -0.9599782824516296,
                -0.265540212392807,
                0.022023335099220277,
                -0.08628455549478531
            ],
            "pose_transform_permuted": [
                [ 0.8580067, 0.5136262, 0.003540192, 0 ],
                [ 0.5060251, -0.8440867, -0.1773588, 0 ],
                [ -0.08810788, 0.1539664, -0.9841399, 0 ],
                [ -39.05422, -13.03349, 229.7528, 1 ]
            ],
            "cuboid_centroid": [
                -39.05421829223633,
                -13.033493041992188,
                229.7528076171875
            ],
            "projected_cuboid_centroid": [
                116.99598693847656,
                172.2518310546875
            ],
            "bounding_box": {
                "top_left": [
                    78.68070983886719,
                    144.3626708984375
                ],
                "bottom_right": [
                    155.12689208984376,
                    200.1318359375
                ]
            },
            "cuboid": [
                [ -44.5981, -18.05221, 231.6216 ],
                [ -31.79503, -10.50136, 230.3069 ],
                [ -33.5172, -7.671158, 229.7906 ],
                [ -46.32027, -15.22203, 231.1053 ],
                [ -44.59125, -18.39582, 229.715 ],
                [ -31.78817, -10.84497, 228.4003 ],
                [ -33.51033, -8.014768, 227.884 ],
                [ -46.31341, -15.56563, 229.1987 ]
            ],
            "projected_cuboid": [
                [ 90.04925, 146.9216 ],
                [ 155.1269, 185.5452 ],
                [ 145.8061, 200.1318 ],
                [ 80.63614, 161.3389 ],
                [ 88.17633, 144.3627 ],
                [ 153.7865, 183.2939 ],
                [ 144.3847, 197.9976 ],
                [ 78.68071, 158.8942 ]
            ]
        },
        {
            "class": "small_fork",
            "visibility": 1.0,
            "location": [
                -19.379247665405275,
                -35.71437454223633,
                234.39064025878907
            ],
            "quaternion_xyzw": [
                -0.4902570843696594,
                -0.866732656955719,
                0.07941178232431412,
                -0.04600226506590843
            ],
            "pose_transform_permuted": [
                [ -0.5150634, 0.8571498, 0.001878954, 0 ],
                [ 0.8425374, 0.5066835, -0.1827634, 0 ],
                [ -0.1576077, -0.09255169, -0.983155, 0 ],
                [ -19.37925, -35.71437, 234.3906, 1 ]
            ],
            "cuboid_centroid": [
                -19.379247665405275,
                -35.71437454223633,
                234.39064025878907
            ],
            "projected_cuboid_centroid": [
                221.259765625,
                58.02978515625
            ],
            "bounding_box": {
                "top_left": [
                    192.8699951171875,
                    38.408935546875
                ],
                "bottom_right": [
                    249.6292266845703,
                    77.686279296875
                ]
            },
            "cuboid": [
                [ -13.81625, -33.41886, 234.4744 ],
                [ -14.78913, -31.82742, 234.1767 ],
                [ -24.9441, -37.83028, 235.2732 ],
                [ -23.97121, -39.42172, 235.5709 ],
                [ -13.8144, -33.59848, 233.5081 ],
                [ -14.78729, -32.00706, 233.2104 ],
                [ -24.94225, -38.00991, 234.3069 ],
                [ -23.96936, -39.60137, 234.6046 ]
            ],
            "projected_cuboid": [
                [ 249.6292, 69.78662 ],
                [ 244.5782, 77.68628 ],
                [ 193.3827, 47.97192 ],
                [ 198.4749, 40.14661 ],
                [ 249.3475, 68.16357 ],
                [ 244.2752, 76.09375 ],
                [ 192.87, 46.2644 ],
                [ 197.9838, 38.40894 ]
            ]
        },
        {
            "class": "wine_glass",
            "visibility": 0.2631126642227173,
            "location": [
                34.13018798828125,
                -25.37458038330078,
                228.9847869873047
            ],
            "quaternion_xyzw": [
                -0.08776474744081497,
                0.021112866699695588,
                0.23285549879074098,
                0.9683128595352173
            ],
            "pose_transform_permuted": [
                [ 0.8906651, -0.4546599, 1.471117E-05, 0 ],
                [ 0.447248, 0.8761513, 0.1798, 0 ],
                [ -0.08176073, -0.160135, 0.9837032, 0 ],
                [ 34.13019, -25.37458, 228.9848, 1 ]
            ],
            "cuboid_centroid": [
                34.13018798828125,
                -25.37458038330078,
                228.9847869873047
            ],
            "projected_cuboid_centroid": [
                498.00390625,
                107.660400390625
            ],
            "bounding_box": {
                "top_left": [
                    459.44000244140627,
                    57.4600830078125
                ],
                "bottom_right": [
                    537.5814208984375,
                    156.852294921875
                ]
            },