{
    "camera_data": {
        "location_worldframe": [
            -68.92730712890625,
            229.3358612060547,
            3.347247838973999
        ],
        "quaternion_xyzw_worldframe": [
            0.43786120414733889,
            0.5479905605316162,
            -0.41314876079559328,
            0.5807684659957886
        ]
    },
    "objects": [
        {
            "class": "mug",
            "visibility": 1.0,
            "location": [
                1.67380690574646,
                -3.3692498207092287,
                233.3285369873047
            ],
            "quaternion_xyzw": [
                0.30882275104522707,
                -0.6965084075927734,
                -0.12183941155672074,
                -0.6361286640167236
            ],
            "pose_transform_permuted": [
                [ 6.239116E-05, -0.5852064, 0.8108844, 0 ],
                [ -0.2751842, 0.7795674, 0.5626264, 0 ],
                [ -0.9613914, -0.2231777, -0.1609909, 0 ],
                [ 1.673807, -3.36925, 233.3285, 1 ]
            ],
            "cuboid_centroid": [
                1.67380690574646,
                -3.3692498207092287,
                233.3285369873047
            ],
            "projected_cuboid_centroid": [
                328.567138671875,
                222.7550048828125
            ],
            "bounding_box": {
                "top_left": [
                    300.26812744140627,
                    187.6033935546875
                ],
                "bottom_right": [
                    357.22198486328127,
                    256.76611328125
                ]
            },
            "cuboid": [
                [ -3.764595, -1.171287, 238.4637 ],
                [ -3.763906, -4.221473, 227.8075 ],
                [ 0.6251403, -10.06823, 229.4813 ],
                [ 0.6244538, -7.018058, 240.1375 ],
                [ 2.722481, 3.329699, 237.1757 ],
                [ 2.723173, 0.2795334, 226.5196 ],
                [ 7.112219, -5.567227, 228.1934 ],
                [ 7.111523, -2.517047, 238.8496 ]
            ],
            "projected_cuboid": [
                [ 301.1464, 234.134 ],
                [ 300.2681, 217.8694 ],
                [ 323.2533, 187.6034 ],
                [ 323.1055, 205.0977 ],
                [ 333.7086, 256.7661 ],
                [ 334.3571, 241.4738 ],
                [ 357.222, 210.8638 ],
                [ 355.5579, 227.4147 ]
            ]
        },
        {
            "class": "mug",
            "visibility": 1.0,
            "location": [
                -3.6111621856689455,
                -22.723644256591798,
                240.47206115722657
            ],
            "quaternion_xyzw": [
                -0.12835164368152619,
                0.05244308337569237,
                0.37202194333076479,
                0.9178100824356079
            ],
            "pose_transform_permuted": [
                [ 0.7176988, -0.6963533, 0.0007663295, 0 ],
                [ 0.6694286, 0.6902511, 0.2746248, 0 ],
                [ -0.1917648, -0.1965849, 0.9615511, 0 ],
                [ -3.611162, -22.72364, 240.4721, 1 ]
            ],
            "cuboid_centroid": [
                -3.6111621856689455,
                -22.723644256591798,
                240.47206115722657
            ],
            "projected_cuboid_centroid": [
                302.0658874511719,
                127.1475830078125
            ],
            "bounding_box": {
                "top_left": [
                    268.57562255859377,
                    89.12841796875
                ],
                "bottom_right": [
                    335.03363037109377,
                    164.5252685546875
                ]
            },
            "cuboid": [
                [ -10.20307, -24.94371, 236.9514 ],
                [ -2.248036, -17.52368, 234.8259 ],
                [ 2.974617, -22.70059, 236.3003 ],
                [ -4.98042, -30.12057, 238.4258 ],
                [ -10.19694, -22.74669, 244.6438 ],
                [ -2.241907, -15.3267, 242.5183 ],
                [ 2.980741, -20.50359, 243.9927 ],
                [ -4.974288, -27.92358, 246.1182 ]
            ],
            "projected_cuboid": [
                [ 268.5756, 114.2815 ],
                [ 308.5671, 150.8796 ],
                [ 335.0336, 125.2717 ],
                [ 295.0535, 89.12842 ],
                [ 270.2225, 128.9595 ],
                [ 308.96, 164.5253 ],
                [ 334.5897, 139.6423 ],
                [ 295.8629, 104.5045 ]
            ]
        }
    ]
}