{
    "camera_data": {
        "location_worldframe": [
            31.071603775024415,
            109.04293060302735,
            61.6197509765625
        ],
        "quaternion_xyzw_worldframe": [
            -0.1264125257730484,
            0.846150815486908,
            -0.4634418487548828,
            -0.23080365359783173
        ]
    },
    "objects": [
        {
            "class": "mug",
            "visibility": 1.0,
            "location": [
                -0.38981249928474429,
                0.9086767435073853,
                121.7744369506836
            ],
            "quaternion_xyzw": [
                0.3289085924625397,
                0.35031402111053469,
                -0.6142500638961792,
                0.6259362101554871
            ],
            "pose_transform_permuted": [
                [ -4.6134E-05, 0.9994053, 0.03448424, 0 ],
                [ -0.5385202, 0.02903196, -0.8421124, 0 ],
                [ -0.8426127, -0.01860923, 0.5381985, 0 ],
                [ -0.3898125, 0.9086767, 121.7744, 1 ]
            ],
            "cuboid_centroid": [
                -0.38981249928474429,
                0.9086767435073853,
                121.7744369506836
            ],
            "projected_cuboid_centroid": [
                316.17706298828127,
                248.9114990234375
            ],
            "bounding_box": {
                "top_left": [
                    275.6051025390625,
                    184.4227294921875
                ],
                "bottom_right": [
                    355.0262145996094,
                    310.8592529296875
                ]
            },
            "cuboid": [
                [ 3.220278, 7.37049, 124.2217 ],
                [ 3.219766, 1.401493, 114.8821 ],
                [ -4.275777, 1.183753, 115.0216 ],
                [ -4.275262, 7.152748, 124.3612 ],
                [ 3.496152, 0.6335887, 128.5273 ],
                [ 3.495641, -5.335417, 119.1877 ],
                [ -3.999902, -5.553146, 119.3272 ],
                [ -3.999389, 0.415854, 128.6668 ]
            ],
            "projected_cuboid": [
                [ 350.9595, 310.8593 ],
                [ 353.4711, 254.5692 ],
                [ 275.6051, 252.2908 ],
                [ 278.9441, 308.6887 ],
                [ 352.4857, 245.8872 ],
                [ 355.0262, 186.5393 ],
                [ 279.968, 184.4227 ],
                [ 282.8786, 243.8599 ]
            ]
        },
        {
            "class": "mug",
            "visibility": 1.0,
            "location": [
                -14.53371810913086,
                15.091984748840332,
                114.54057312011719
            ],
            "quaternion_xyzw": [
                0.21490418910980225,
                0.18001487851142884,
                0.6150193214416504,
                -0.7369952201843262
            ],
            "pose_transform_permuted": [
                [ 0.1786918, 0.9839045, -0.0009997487, 0 ],
                [ -0.8291607, 0.1511349, 0.538192, 0 ],
                [ 0.5296807, -0.09534146, 0.8428217, 0 ],
                [ -14.53372, 15.09198, 114.5406, 1 ]
            ],
            "cuboid_centroid": [
                -14.53371810913086,
                15.091984748840332,
                114.54057312011719
            ],
            "projected_cuboid_centroid": [
                168.46432495117188,
                397.3564453125
            ],
            "bounding_box": {
                "top_left": [
                    108.7374496459961,
                    321.14453125
                ],
                "bottom_right": [
                    222.29307556152345,
                    473.46429443359377
                ]
            },
            "cuboid": [
                [ -11.8304, 18.10122, 107.8763 ],
                [ -9.849763, 8.910735, 113.7473 ],
                [ -17.22905, 7.777218, 114.4623 ],
                [ -19.20968, 16.96771, 108.5913 ],
                [ -11.8384, 22.40675, 114.6188 ],
                [ -9.857761, 13.21627, 120.4898 ],
                [ -17.23705, 12.08276, 121.2049 ],
                [ -19.21768, 21.27324, 115.3339 ]
            ],
            "projected_cuboid": [
                [ 189.0303, 440.3916 ],
                [ 216.5853, 333.5557 ],
                [ 140.2387, 321.1445 ],
                [ 108.7374, 426.606 ],
                [ 196.6513, 473.4643 ],
                [ 222.2931, 370.9954 ],
                [ 150.1599, 359.0538 ],
                [ 121.0053, 460.2796 ]
            ]
        }
    ]
}