{
    "camera_data": {
        "location_worldframe": [
            13.100176811218262,
            144.66151428222657,
            50.49783706665039
        ],
        "quaternion_xyzw_worldframe": [
            -0.19675278663635255,
            0.7798537015914917,
            -0.513716995716095,
            -0.29868268966674807
        ]
    },
    "objects": [
        {
            "class": "bowl",
            "visibility": 1.0,
            "location": [
                0.6560760140419006,
                0.62307208776474,
                149.94912719726563
            ],
            "quaternion_xyzw": [
                -0.30204036831855776,
                0.9326499104499817,
                -0.1887330412864685,
                -0.05758320540189743
            ],
            "pose_transform_permuted": [
                [ -0.810912, -0.5851316, 0.006600052, 0 ],
                [ -0.5416601, 0.7463029, -0.3868286, 0 ],
                [ 0.2214199, -0.3172588, -0.9221284, 0 ],
                [ 0.656076, 0.6230721, 149.9491, 1 ]
            ],
            "cuboid_centroid": [
                0.6560760140419006,
                0.62307208776474,
                149.94912719726563
            ],
            "projected_cuboid_centroid": [
                325.2252502441406,
                244.96240234375
            ],
            "bounding_box": {
                "top_left": [
                    273.73834228515627,
                    184.76611328125
                ],
                "bottom_right": [
                    378.3272705078125,
                    302.25732421875
                ]
            },
            "cuboid": [
                [ 4.438221, 8.009982, 153.6522 ],
                [ -5.695339, 1.241141, 156.4191 ],
                [ -3.208529, -1.930652, 157.7675 ],
                [ 6.925027, 4.838194, 155.0005 ],
                [ 4.520682, 3.176814, 142.1307 ],
                [ -5.612873, -3.592041, 144.8977 ],
                [ -3.126068, -6.763822, 146.2461 ],
                [ 7.007493, 0.005014963, 143.4791 ]
            ],
            "projected_cuboid": [
                [ 354.4959, 302.2573 ],
                [ 276.5162, 249.4761 ],
                [ 295.7123, 225.3855 ],
                [ 373.3563, 277.2776 ],
                [ 357.9851, 266.6932 ],
                [ 273.7383, 210.3942 ],
                [ 294.4723, 184.7661 ],
                [ 378.3273, 240.0417 ]
            ]
        },
        {
            "class": "bowl",
            "visibility": 0.9415065050125122,
            "location": [
                -2.9981703758239748,
                38.39484405517578,
                138.20738220214845
            ],
            "quaternion_xyzw": [
                -0.18207913637161256,
                0.536954939365387,
                -0.8149570226669312,
                0.11988194286823273
            ],
            "pose_transform_permuted": [
                [ -0.9049511, -0.0001393259, 0.4255157, 0 ],
                [ -0.3909338, -0.3946155, -0.8315344, 0 ],
                [ 0.1680309, -0.9188464, 0.3570532, 0 ],
                [ -2.99817, 38.39484, 138.2074, 1 ]
            ],
            "cuboid_centroid": [
                -2.9981703758239748,
                38.39484405517578,
                138.20738220214845
            ],
            "projected_cuboid_centroid": [
                294.0926818847656,
                571.7716064453125
            ],
            "bounding_box": {
                "top_left": [
                    219.99305725097657,
                    496.070068359375
                ],
                "bottom_right": [
                    366.17791748046877,
                    648.9420166015625
                ]
            },
            "cuboid": [
                [ -0.002382831, 45.19369, 132.9743 ],
                [ -11.3111, 40.30838, 135.0741 ],
                [ -11.31051, 41.9855, 138.9792 ],
                [ -0.001790419, 46.8708, 136.8794 ],
                [ 5.314172, 34.80418, 137.4355 ],
                [ -5.994549, 29.91888, 139.5353 ],
                [ -5.99396, 31.596, 143.4404 ],
                [ 5.314762, 36.4813, 141.3406 ]
            ],
            "projected_cuboid": [
                [ 319.9786, 645.8892 ],
                [ 219.9931, 596.386 ],
                [ 222.8082, 600.7838 ],
                [ 319.9844, 648.942 ],
                [ 366.1779, 542.4336 ],
                [ 268.6938, 496.0701 ],
                [ 270.0955, 503.062 ],
                [ 364.907, 548.2484 ]
            ]
        },
        {
            "class": "bowl",
            "visibility": 1.0,
            "location": [
                -8.982795715332032,
                -5.033892631530762,
                156.86676025390626
            ],
            "quaternion_xyzw": [
                0.7493075132369995,
                -0.24623925983905793,
                0.3718856871128082,
                -0.48949509859085085
            ],
            "pose_transform_permuted": [
                [ 0.6021345, -0.004945427, 0.7983793, 0 ],
                [ -0.7330903, -0.3995214, 0.550419, 0 ],
                [ 0.3162477, -0.9167104, -0.2441911, 0 ],
                [ -8.982796, -5.033893, 156.8668, 1 ]
            ],
            "cuboid_centroid": [
                -8.982795715332032,
                -5.033892631530762,
                156.86676025390626
            ],
            "projected_cuboid_centroid": [
                251.61227416992188,
                201.676025390625
            ],
            "bounding_box": {
                "top_left": [
                    182.82005310058595,
                    135.199462890625
                ],
                "bottom_right": [
                    318.33251953125,
                    269.482421875
                ]
            },
            "cuboid": [
                [ -17.74322, -4.740918, 154.4683 ],
                [ -10.21865, -13.90198, 158.4203 ],
                [ -10.19763, -12.20402, 162.3163 ],
                [ -17.7222, -3.042955, 158.3643 ],
                [ -7.76796, 2.136218, 151.4173 ],
                [ -0.243396, -7.024844, 155.3692 ],
                [ -0.2223741, -5.326887, 159.2653 ],
                [ -7.746941, 3.834196, 155.3133 ]
            ],
            "projected_cuboid": [
                [ 182.8201, 203.3461 ],
                [ 242.9664, 135.1995 ],
                [ 244.9701, 150.2079 ],
                [ 186.3534, 217.0525 ],
                [ 258.7326, 256.8488 ],
                [ 318.1291, 186.0031 ],
                [ 318.3325, 200.0562 ],
                [ 260.4312, 269.4824 ]
            ]
        },
        {
            "class": "big_spoon",
            "visibility": 0.0,
            "location": [
                -12.398872375488282,
                61.129520416259769,
                128.92489624023438
            ],
            "quaternion_xyzw": [
                -0.5045276880264282,
                -0.3257139325141907,
                -0.215896874666214,
                -0.7699030637741089
            ],
            "pose_transform_permuted": [
                [ 0.694598, -0.003775924, 0.7193882, 0 ],
                [ 0.6611028, 0.3976807, -0.6362336, 0 ],
                [ -0.2836844, 0.9175161, 0.2787245, 0 ],
                [ -12.39887, 61.12952, 128.9249, 1 ]
            ],
            "cuboid_centroid": [
                -12.398872375488282,
                61.129520416259769,
                128.92489624023438
            ],
            "projected_cuboid_centroid": [
                205.1468505859375,
                806.2545776367188
            ],
            "bounding_box": {
                "top_left": [
                    151.14915466308595,
                    745.3543701171875
                ],
                "bottom_right": [
                    259.40350341796877,
                    870.6771240234375
                ]
            },