{
    "camera_data": {
        "location_worldframe": [
            -24.330371856689454,
            177.46131896972657,
            -5.390101432800293
        ],
        "quaternion_xyzw_worldframe": [
            0.5020372867584229,
            0.49466291069984438,
            -0.45940080285072329,
            0.5405720472335815
        ]
    },
    "objects": [
        {
            "class": "small_fork",
            "visibility": 1.0,
            "location": [
                -2.624906301498413,
                -0.7701180577278137,
                177.11172485351563
            ],
            "quaternion_xyzw": [
                0.9966827034950256,
                -0.0723898708820343,
                0.00033157411962747574,
                0.037191860377788547
            ],
            "pose_transform_permuted": [
                [ 0.9895192, -0.1443241, -0.004723679, 0 ],
                [ -0.1442748, -0.9867531, -0.07418497, 0 ],
                [ 0.006045576, 0.07408896, -0.9972335, 0 ],
                [ -2.624906, -0.7701181, 177.1117, 1 ]
            ],
            "cuboid_centroid": [
                -2.624906301498413,
                -0.7701180577278137,
                177.11172485351563
            ],
            "projected_cuboid_centroid": [
                302.3003845214844,
                234.80712890625
            ],
            "bounding_box": {
                "top_left": [
                    290.2088928222656,
                    194.216796875
                ],
                "bottom_right": [
                    314.3841247558594,
                    275.376708984375
                ]
            },
            "cuboid": [
                [ -4.412051, -6.442606, 178.0349 ],
                [ -2.542975, -6.715112, 178.0464 ],
                [ -0.8331196, 4.975286, 177.1686 ],
                [ -2.702186, 5.247817, 177.1572 ],
                [ -4.41669, -6.515524, 177.0548 ],
                [ -2.547618, -6.78804, 177.0662 ],
                [ -0.8377627, 4.902379, 176.1885 ],
                [ -2.706828, 5.174898, 176.1771 ]
            ],
            "projected_cuboid": [
                [ 290.404, 196.7831 ],
                [ 302.9428, 194.958 ],
                [ 314.3841, 273.5374 ],
                [ 301.784, 275.3767 ],
                [ 290.2089, 196.052 ],
                [ 302.8171, 194.2168 ],
                [ 314.3214, 273.2297 ],
                [ 301.6512, 275.0792 ]
            ]
        },
        {
            "class": "small_plates",
            "visibility": 0.5362346172332764,
            "location": [
                22.990406036376954,
                17.5406551361084,
                175.51773071289063
            ],
            "quaternion_xyzw": [
                -0.5910590887069702,
                -0.4021894335746765,
                0.43647992610931399,
                0.546239972114563
            ],
            "pose_transform_permuted": [
                [ 0.2954579, -0.001410127, -0.9553547, 0 ],
                [ 0.952281, -0.07973114, 0.294625, 0 ],
                [ -0.07658693, -0.9968154, -0.02221435, 0 ],
                [ 22.99041, 17.54066, 175.5177, 1 ]
            ],
            "cuboid_centroid": [
                22.990406036376954,
                17.5406551361084,
                175.51773071289063
            ],
            "projected_cuboid_centroid": [
                476.4311218261719,
                359.3499755859375
            ],
            "bounding_box": {
                "top_left": [
                    431.12164306640627,
                    314.5089111328125
                ],
                "bottom_right": [
                    522.272705078125,
                    404.66015625
                ]
            },
            "cuboid": [
                [ 26.45237, 10.93669, 175.2973 ],
                [ 29.55415, 20.9339, 174.4933 ],
                [ 29.55623, 21.05212, 175.9714 ],
                [ 26.45446, 11.05491, 176.7754 ],
                [ 16.42459, 14.02918, 175.0641 ],
                [ 19.52636, 24.02641, 174.2601 ],
                [ 19.52845, 24.14463, 175.7382 ],
                [ 16.42668, 14.14742, 176.5422 ]
            ],
            "projected_cuboid": [
                [ 500.2133, 314.5089 ],
                [ 522.2727, 383.2745 ],
                [ 520.5878, 382.8734 ],
                [ 498.7206, 314.6846 ],
                [ 432.0456, 335.7046 ],
                [ 453.8199, 404.6602 ],
                [ 452.7086, 404.0786 ],
                [ 431.1216, 335.7031 ]
            ]
        },
        {
            "class": "big_fork",
            "visibility": 0.3455250561237335,
            "location": [
                25.805604934692384,
                -10.345283508300782,
                177.12777709960938
            ],
            "quaternion_xyzw": [
                0.6003162264823914,
                0.3284524977207184,
                -0.6261639595031738,
                0.37370845675468447
            ],
            "pose_transform_permuted": [
                [ 7.532537E-05, 0.8623563, -0.5063018, 0 ],
                [ -0.0736548, -0.5049217, -0.8600167, 0 ],
                [ -0.9972838, 0.03735629, 0.06347875, 0 ],
                [ 25.8056, -10.34528, 177.1278, 1 ]
            ],
            "cuboid_centroid": [
                25.805604934692384,
                -10.345283508300782,
                177.12777709960938
            ],
            "projected_cuboid_centroid": [
                493.990234375,
                170.24853515625
            ],
            "bounding_box": {
                "top_left": [
                    448.1602783203125,
                    140.407958984375
                ],
                "bottom_right": [
                    540.30908203125,
                    199.8001708984375
                ]
            },
            "cuboid": [
                [ 32.50191, -13.46877, 178.5427 ],
                [ 32.50209, -13.64268, 176.188 ],
                [ 19.73132, -6.165203, 175.6348 ],
                [ 19.73114, -5.991301, 177.9895 ],
                [ 31.87989, -14.52536, 178.6207 ],
                [ 31.88007, -14.69927, 176.2661 ],
                [ 19.10929, -7.221807, 175.7128 ],
                [ 19.10911, -7.047895, 178.0675 ]
            ],
            "projected_cuboid": [
                [ 537.4024, 149.9086 ],
                [ 540.3091, 147.5258 ],
                [ 454.1662, 198.0787 ],
                [ 452.3901, 199.8002 ],
                [ 533.1486, 142.8835 ],
                [ 535.9972, 140.408 ],
                [ 449.8789, 190.916 ],
                [ 448.1603, 192.7314 ]
            ]
        },
        {
            "class": "wine_glass",
            "visibility": 0.5810239911079407,
            "location": [
                -6.530296325683594,
                -33.71131896972656,
                176.08334350585938
            ],
            "quaternion_xyzw": [
                -0.0036041501443833114,
                0.03642196208238602,
                0.9950235486030579,
                0.0926746129989624
            ],
            "pose_transform_permuted": [
                [ -0.9827968, -0.1846894, -0.0004216461, 0 ],
                [ 0.1841643, -0.9801697, 0.07314945, 0 ],
                [ -0.01392321, 0.0718134, 0.9973209, 0 ],
                [ -6.530296, -33.71132, 176.0833, 1 ]
            ],
            "cuboid_centroid": [
                -6.530296325683594,
                -33.71131896972656,
                176.08334350585938
            ],
            "projected_cuboid_centroid": [
                275.7093505859375,
                11.3585205078125
            ],
            "bounding_box": {
                "top_left": [
                    238.03939819335938,
                    -52.59765625
                ],
                "bottom_right": [
                    311.93572998046877,
                    72.94091796875
                ]
            },