{
    "camera_data": {
        "location_worldframe": [
            33.253814697265628,
            98.49286651611328,
            -48.2148551940918
        ],
        "quaternion_xyzw_worldframe": [
            0.47529512643814089,
            -0.06881541013717652,
            0.037323132157325748,
            0.8763366937637329
        ]
    },
    "objects": [
        {
            "class": "small_spoon",
            "visibility": 1.0,
            "location": [
                -1.108197808265686,
                -1.8916019201278687,
                117.3379898071289
            ],
            "quaternion_xyzw": [
                0.8773207068443298,
                0.38653627038002016,
                -0.11470270156860352,
                0.2602716386318207
            ],
            "pose_transform_permuted": [
                [ 0.674866, 0.7379403, -5.325675E-05, 0 ],
                [ 0.6185248, -0.5656967, -0.5453569, 0 ],
                [ -0.402471, 0.3680099, -0.8382039, 0 ],
                [ -1.108198, -1.891602, 117.338, 1 ]
            ],
            "cuboid_centroid": [
                -1.108197808265686,
                -1.8916019201278687,
                117.3379898071289
            ],
            "projected_cuboid_centroid": [
                308.7208557128906,
                220.7474365234375
            ],
            "bounding_box": {
                "top_left": [
                    258.3114013671875,
                    172.4423828125
                ],
                "bottom_right": [
                    360.6783447265625,
                    270.938232421875
                ]
            },
            "cuboid": [
                [ -4.146545, -5.919514, 120.8834 ],
                [ 3.90967, 1.464134, 116.0789 ],
                [ 1.930233, 2.981549, 115.0917 ],
                [ -6.125982, -4.402093, 119.8962 ],
                [ -4.146629, -6.764735, 119.5843 ],
                [ 3.909587, 0.6188941, 114.7798 ],
                [ 1.930149, 2.136312, 113.7926 ],
                [ -6.126062, -5.247325, 118.5971 ]
            ],
            "projected_cuboid": [
                [ 279.0346, 181.5187 ],
                [ 360.2239, 255.0635 ],
                [ 340.0292, 270.9382 ],
                [ 258.9806, 196.1519 ],
                [ 278.5887, 172.4424 ],
                [ 360.6783, 246.4395 ],
                [ 340.257, 262.4207 ],
                [ 258.3114, 187.1602 ]
            ]
        },
        {
            "class": "small_plates",
            "visibility": 0.0,
            "location": [
                -41.33861541748047,
                -0.7043911814689636,
                111.21830749511719
            ],
            "quaternion_xyzw": [
                0.6713473200798035,
                0.5478101968765259,
                0.456359326839447,
                -0.2023186981678009
            ],
            "pose_transform_permuted": [
                [ -0.01671967, 0.9202019, 0.3910868, 0 ],
                [ 0.5508817, -0.3179421, 0.7716488, 0 ],
                [ 0.8344157, 0.2283444, -0.5016065, 0 ],
                [ -41.33862, -0.7043912, 111.2183, 1 ]
            ],
            "cuboid_centroid": [
                -41.33861541748047,
                -0.7043911814689636,
                111.21830749511719
            ],
            "projected_cuboid_centroid": [
                -123.89183044433594,
                232.436279296875
            ],
            "bounding_box": {
                "top_left": [
                    -160.59750366210938,
                    154.1505126953125
                ],
                "bottom_right": [
                    -88.42987060546875,
                    308.5313720703125
                ]
            },
            "cuboid": [
                [ -42.62109, -7.881521, 109.6402 ],
                [ -42.79663, -2.098255, 118.4001 ],
                [ -44.16113, -1.626809, 118.0615 ],
                [ -43.9856, -7.410058, 109.3016 ],
                [ -38.51609, 0.2180143, 104.3751 ],
                [ -38.69162, 6.001274, 113.135 ],
                [ -40.05613, 6.472724, 112.7964 ],
                [ -39.8806, 0.6894686, 104.0365 ]
            ],
            "projected_cuboid": [
                [ -144.2504, 154.1505 ],
                [ -111.6732, 218.8357 ],
                [ -126.714, 223.5439 ],
                [ -160.5975, 159.0359 ],
                [ -120.6996, 242.4945 ],
                [ -88.42987, 303.3496 ],
                [ -104.1029, 308.5314 ],
                [ -137.7973, 247.9146 ]
            ]
        },
        {
            "class": "teacup",
            "visibility": 1.0,
            "location": [
                8.934663772583008,
                -18.463153839111329,
                126.01457977294922
            ],
            "quaternion_xyzw": [
                0.0636548101902008,
                0.47658973932266238,
                -0.8761711120605469,
                -0.03368077427148819
            ],
            "pose_transform_permuted": [
                [ -0.9896272, 0.001654215, -0.1436488, 0 ],
                [ 0.1196947, -0.5434555, -0.8308604, 0 ],
                [ -0.07944119, -0.8394362, 0.5376206, 0 ],
                [ 8.934664, -18.46315, 126.0146, 1 ]
            ],
            "cuboid_centroid": [
                8.934663772583008,
                -18.463153839111329,
                126.01457977294922
            ],
            "projected_cuboid_centroid": [
                404.6749572753906,
                65.0223388671875
            ],
            "bounding_box": {
                "top_left": [
                    359.1285705566406,
                    21.9755859375
                ],
                "bottom_right": [
                    452.82275390625,
                    108.0029296875
                ]
            },
            "cuboid": [
                [ 13.62596, -17.73046, 122.5158 ],
                [ 5.160711, -16.70658, 121.8363 ],
                [ 5.152288, -13.93869, 126.1116 ],
                [ 13.61754, -14.96256, 126.7912 ],
                [ 12.71705, -22.98761, 125.9175 ],
                [ 4.251794, -21.96375, 125.238 ],
                [ 4.243371, -19.19585, 129.5134 ],
                [ 12.70862, -20.21972, 130.1929 ]
            ],
            "projected_cuboid": [
                [ 452.8228, 67.16748 ],
                [ 370.586, 76.23975 ],
                [ 368.7913, 108.0029 ],
                [ 448.2647, 99.06641 ],
                [ 440.614, 21.97559 ],
                [ 360.5447, 30.55603 ],
                [ 359.1286, 62.99304 ],
                [ 436.5759, 54.52502 ]
            ]
        },
        {
            "class": "small_spoon",
            "visibility": 0.0,
            "location": [
                -42.6677131652832,
                19.57637596130371,
                103.38157653808594
            ],
            "quaternion_xyzw": [
                0.28195780515670779,
                0.04782741144299507,
                0.16706904768943788,
                -0.9435572624206543
            ],
            "pose_transform_permuted": [
                [ 0.9396009, 0.3422491, 0.003957041, 0 ],
                [ -0.2883078, 0.7851754, 0.5480676, 0 ],
                [ 0.1844687, -0.5161057, 0.8364246, 0 ],
                [ -42.66771, 19.57638, 103.3816, 1 ]
            ],
            "cuboid_centroid": [
                -42.6677131652832,
                19.57637596130371,
                103.38157653808594
            ],
            "projected_cuboid_centroid": [
                -172.89425659179688,
                466.14483642578127
            ],
            "bounding_box": {
                "top_left": [
                    -248.8343048095703,
                    427.12200927734377
                ],
                "bottom_right": [
                    -98.49136352539063,
                    506.04180908203127
                ]
            },