{
    "camera_data": {
        "location_worldframe": [
            -69.9107437133789,
            184.32794189453126,
            -47.15252685546875
        ],
        "quaternion_xyzw_worldframe": [
            0.43018126487731936,
            0.37262725830078127,
            -0.201052725315094,
            0.7972896695137024
        ]
    },
    "objects": [
        {
            "class": "small_fork",
            "visibility": 1.0,
            "location": [
                1.5536925792694092,
                -0.5574564933776856,
                219.30020141601563
            ],
            "quaternion_xyzw": [
                0.6644142866134644,
                0.5676553845405579,
                0.4213784635066986,
                -0.24240700900554658
            ],
            "pose_transform_permuted": [
                [ 0.0004151165, 0.9586068, 0.2847325, 0 ],
                [ 0.5500265, -0.2380123, 0.8005129, 0 ],
                [ 0.835147, 0.1562782, -0.5273579, 0 ],
                [ 1.553693, -0.5574565, 219.3002, 1 ]
            ],
            "cuboid_centroid": [
                1.5536925792694092,
                -0.5574564933776856,
                219.30020141601563
            ],
            "projected_cuboid_centroid": [
                328.4610290527344,
                236.9642333984375
            ],
            "bounding_box": {
                "top_left": [
                    296.6180725097656,
                    224.34326171875
                ],
                "bottom_right": [
                    360.1669006347656,
                    249.630859375
                ]
            },
            "cuboid": [
                [ 7.09185, -2.880228, 219.6964 ],
                [ 7.092639, -1.84128, 221.2738 ],
                [ -4.264327, 0.978539, 219.4223 ],
                [ -4.265108, -0.06038681, 217.8449 ],
                [ 7.371702, -2.093419, 219.1781 ],
                [ 7.372486, -1.054502, 220.7555 ],
                [ -3.984468, 1.765311, 218.904 ],
                [ -3.985255, 0.7263953, 217.3265 ]
            ],
            "projected_cuboid": [
                [ 358.5509, 224.3433 ],
                [ 358.2803, 230.0623 ],
                [ 296.7904, 245.3259 ],
                [ 296.6181, 239.6689 ],
                [ 360.1669, 228.5934 ],
                [ 359.8841, 234.2953 ],
                [ 298.2623, 249.6309 ],
                [ 298.1002, 243.9917 ]
            ]
        }
    ]
}