{
    "camera_data": {
        "location_worldframe": [
            59.99325942993164,
            201.8280792236328,
            37.788944244384769
        ],
        "quaternion_xyzw_worldframe": [
            0.41921502351760867,
            -0.5803403258323669,
            0.4785575866699219,
            0.5083763599395752
        ]
    },
    "objects": [
        {
            "class": "small_fork",
            "visibility": 1.0,
            "location": [
                -3.7631499767303469,
                1.8693703413009644,
                203.8602294921875
            ],
            "quaternion_xyzw": [
                -0.18401649594306947,
                0.6357003450393677,
                -0.3104436993598938,
                -0.6823839545249939
            ],
            "pose_transform_permuted": [
                [ -0.0009804517, -0.6576423, -0.7533299, 0 ],
                [ 0.1897249, 0.7395253, -0.6458381, 0 ],
                [ 0.981837, -0.1435585, 0.124046, 0 ],
                [ -3.76315, 1.86937, 203.8602, 1 ]
            ],
            "cuboid_centroid": [
                -3.7631499767303469,
                1.8693703413009644,
                203.8602294921875
            ],
            "projected_cuboid_centroid": [
                297.9546813964844,
                250.951171875
            ],
            "bounding_box": {
                "top_left": [
                    272.5703125,
                    222.377685546875
                ],
                "bottom_right": [
                    322.95245361328127,
                    279.520263671875
                ]
            },
            "cuboid": [
                [ -7.28768, 6.388286, 202.0216 ],
                [ -7.289527, 6.746659, 203.8762 ],
                [ 0.5017957, -2.014785, 205.577 ],
                [ 0.503646, -2.373138, 203.7224 ],
                [ -8.028097, 5.753519, 202.1435 ],
                [ -8.029943, 6.111883, 203.9981 ],
                [ -0.2386187, -2.649536, 205.6989 ],
                [ -0.2367668, -3.007906, 203.8443 ]
            ],
            "projected_cuboid": [
                [ 276.9187, 277.7645 ],
                [ 277.2997, 279.5203 ],
                [ 322.9151, 228.2955 ],
                [ 322.9525, 226.0883 ],
                [ 272.5703, 273.9916 ],
                [ 272.9907, 275.7805 ],
                [ 318.6146, 224.6172 ],
                [ 318.6129, 222.3777 ]
            ]
        }
    ]
}