{
    "camera_data": {
        "location_worldframe": [
            53.55015563964844,
            67.96932220458985,
            -64.70414733886719
        ],
        "quaternion_xyzw_worldframe": [
            0.3702581822872162,
            -0.1604514718055725,
            0.06509458273649216,
            0.9126483201980591
        ]
    },
    "objects": [
        {
            "class": "water_glass",
            "visibility": 1.0,
            "location": [
                1.7339026927947999,
                1.0225111246109009,
                93.06695556640625
            ],
            "quaternion_xyzw": [
                -0.7044193148612976,
                0.4523443281650543,
                0.542271614074707,
                -0.07155066728591919
            ],
            "pose_transform_permuted": [
                [ 0.002652228, -0.5596803, -0.8287042, 0 ],
                [ -0.71488, -0.5805302, 0.3897836, 0 ],
                [ -0.6992421, 0.5913903, -0.4016439, 0 ],
                [ 1.733903, 1.022511, 93.06696, 1 ]
            ],
            "cuboid_centroid": [
                1.7339026927947999,
                1.0225111246109009,
                93.06695556640625
            ],
            "projected_cuboid_centroid": [
                342.24981689453127,
                253.12109375
            ],
            "bounding_box": {
                "top_left": [
                    302.96246337890627,
                    206.4732666015625
                ],
                "bottom_right": [
                    382.94305419921877,
                    300.6634521484375
                ]
            },
            "cuboid": [
                [ 1.986808, 0.2207505, 96.74659 ],
                [ 1.997414, -2.637511, 93.95085 ],
                [ 4.795815, 0.2651311, 90.9939 ],
                [ 4.785209, 3.123392, 93.78964 ],
                [ -1.328007, 1.77988, 95.14001 ],
                [ -1.317405, -1.078378, 92.34428 ],
                [ 1.480999, 1.824266, 89.38733 ],
                [ 1.470393, 4.682532, 92.18307 ]
            ],
            "projected_cuboid": [
                [ 344.5255, 242.725 ],
                [ 345.3901, 206.4733 ],
                [ 382.9431, 243.4797 ],
                [ 380.9317, 279.7712 ],
                [ 303.33, 262.3422 ],
                [ 302.9625, 226.0537 ],
                [ 339.7868, 264.373 ],
                [ 339.0493, 300.6635 ]
            ]
        },
        {
            "class": "small_plates",
            "visibility": 0.0,
            "location": [
                -49.14833450317383,
                -36.19636154174805,
                133.2054901123047
            ],
            "quaternion_xyzw": [
                -0.4771402180194855,
                0.3236578702926636,
                -0.7931303977966309,
                0.19628319144248963
            ],
            "pose_transform_permuted": [
                [ -0.4676206, 0.002495974, 0.883926, 0 ],
                [ -0.6202167, -0.7134373, -0.3260966, 0 ],
                [ 0.6298116, -0.700715, 0.3351656, 0 ],
                [ -49.14833, -36.19636, 133.2055, 1 ]
            ],
            "cuboid_centroid": [
                -49.14833450317383,
                -36.19636154174805,
                133.2054901123047
            ],
            "projected_cuboid_centroid": [
                -120.64029693603516,
                -84.5191650390625
            ],
            "bounding_box": {
                "top_left": [
                    -180.36224365234376,
                    -121.4588623046875
                ],
                "bottom_right": [
                    -59.989891052246097,
                    -44.96923828125
                ]
            },
            "cuboid": [
                [ -51.33091, -31.75832, 127.621 ],
                [ -56.24008, -38.26948, 134.2329 ],
                [ -56.24378, -37.21156, 135.2719 ],
                [ -51.33463, -30.70041, 128.6601 ],
                [ -42.05288, -35.18116, 131.139 ],
                [ -46.96204, -41.6923, 137.7509 ],
                [ -46.96574, -40.6344, 138.79 ],
                [ -42.05658, -34.12325, 132.1781 ]
            ],
            "projected_cuboid": [
                [ -160.3462, -57.18909 ],
                [ -180.3622, -100.4796 ],
                [ -176.5515, -88.52454 ],
                [ -156.5014, -44.96924 ],
                [ -62.96696, -80.38757 ],
                [ -87.14581, -121.4589 ],
                [ -84.1296, -109.6498 ],
                [ -59.98989, -68.31067 ]
            ]
        },
        {
            "class": "packet_cup",
            "visibility": 0.9456101655960083,
            "location": [
                -16.65555763244629,
                17.77115821838379,
                76.17355346679688
            ],
            "quaternion_xyzw": [
                -0.684481143951416,
                0.6146999597549439,
                0.349351167678833,
                0.17771703004837037
            ],
            "pose_transform_permuted": [
                [ 0.0001954287, -0.9656724, -0.2597633, 0 ],
                [ -0.7173297, -0.1811214, 0.6727802, 0 ],
                [ -0.6967338, 0.1862044, -0.692741, 0 ],
                [ -16.65556, 17.77116, 76.17355, 1 ]
            ],
            "cuboid_centroid": [
                -16.65555763244629,
                17.77115821838379,
                76.17355346679688
            ],
            "projected_cuboid_centroid": [
                58.87256622314453,
                518.617919921875
            ],
            "bounding_box": {
                "top_left": [
                    -6.864433288574219,
                    450.3070068359375
                ],
                "bottom_right": [
                    119.34349060058594,
                    589.9926147460938
                ]
            },
            "cuboid": [
                [ -18.16091, 16.21895, 80.28294 ],
                [ -18.16022, 13.70829, 77.84437 ],
                [ -13.33187, 14.6139, 76.91335 ],
                [ -13.33255, 17.12455, 79.35191 ],
                [ -19.97925, 20.9284, 75.43375 ],
                [ -19.97857, 18.41776, 72.99519 ],
                [ -15.1502, 19.32336, 72.06416 ],
                [ -15.15089, 21.83401, 74.50274 ]
            ],
            "projected_cuboid": [
                [ 49.84577, 481.2665 ],
                [ 41.39334, 450.307 ],
                [ 112.9922, 466.9144 ],
                [ 119.3435, 497.7267 ],
                [ 3.691406, 571.3355 ],
                [ -6.864433, 541.3284 ],
                [ 68.92892, 560.2291 ],
                [ 77.13586, 589.9926 ]
            ]
        }
    ]
}