{
    "camera_data": {
        "location_worldframe": [
            5.246472358703613,
            114.56993865966797,
            -52.03563690185547
        ],
        "quaternion_xyzw_worldframe": [
            0.5278342366218567,
            -0.14349564909934998,
            0.09101677685976029,
            0.8321754336357117
        ]
    },
    "objects": [
        {
            "class": "small_spoon",
            "visibility": 1.0,
            "location": [
                -1.5399024486541749,
                -3.7434332370758058,
                127.1144027709961
            ],
            "quaternion_xyzw": [
                0.533647894859314,
                0.8170232176780701,
                -0.18285627663135529,
                0.11940106004476547
            ],
            "pose_transform_permuted": [
                [ -0.4019268, 0.9156719, -5.485117E-05, 0 ],
                [ 0.828339, 0.363567, -0.4262319, 0 ],
                [ -0.3902686, -0.1713594, -0.9046141, 0 ],
                [ -1.539902, -3.743433, 127.1144, 1 ]
            ],
            "cuboid_centroid": [
                -1.5399024486541749,
                -3.7434332370758058,
                127.1144027709961
            ],
            "projected_cuboid_centroid": [
                305.53240966796877,
                204.8299560546875
            ],
            "bounding_box": {
                "top_left": [
                    270.36138916015627,
                    151.9813232421875
                ],
                "bottom_right": [
                    339.3955993652344,
                    259.2467041015625
                ]
            },
            "cuboid": [
                [ 2.087229, -7.869665, 129.915 ],
                [ -2.710769, 2.018636, 125.2562 ],
                [ -5.166949, 1.043405, 125.7158 ],
                [ -0.368952, -8.844893, 130.3747 ],
                [ 2.087145, -8.530265, 128.513 ],
                [ -2.710855, 1.358031, 123.8541 ],
                [ -5.167035, 0.3828009, 124.3138 ],
                [ -0.369034, -9.505499, 128.9726 ]
            ],
            "projected_cuboid": [
                [ 339.187, 167.6573 ],
                [ 294.1541, 259.2467 ],
                [ 270.9158, 249.912 ],
                [ 316.6203, 158.9791 ],
                [ 339.3956, 160.7292 ],
                [ 293.8607, 253.0947 ],
                [ 270.3614, 243.6775 ],
                [ 316.5828, 151.9813 ]
            ]
        }
    ]
}