{
    "camera_data": {
        "location_worldframe": [
            -15.126789093017579,
            240.79080200195313,
            -66.23101806640625
        ],
        "quaternion_xyzw_worldframe": [
            0.5820969939231873,
            0.031887296587228778,
            -0.022854141891002656,
            0.8121724128723145
        ]
    },
    "objects": [
        {
            "class": "wine_glass",
            "visibility": 1.0,
            "location": [
                -3.6426448822021486,
                1.0205519199371338,
                249.33010864257813
            ],
            "quaternion_xyzw": [
                0.1232304647564888,
                0.1076696515083313,
                0.6460878252983093,
                -0.7455145716667175
            ],
            "pose_transform_permuted": [
                [ 0.1419555, 0.9898721, -0.001303181, 0 ],
                [ -0.9367994, 0.1347696, 0.3228683, 0 ],
                [ 0.319774, -0.04461211, 0.946443, 0 ],
                [ -3.642645, 1.020552, 249.3301, 1 ]
            ],
            "cuboid_centroid": [
                -3.6426448822021486,
                1.0205519199371338,
                249.33010864257813
            ],
            "projected_cuboid_centroid": [
                302.55224609375,
                244.8883056640625
            ],
            "bounding_box": {
                "top_left": [
                    262.05841064453127,
                    215.814208984375
                ],
                "bottom_right": [
                    342.2644348144531,
                    273.4700927734375
                ]
            },
            "cuboid": [
                [ 3.472377, 4.495457, 243.9789 ],
                [ 4.595656, -2.917337, 246.5092 ],
                [ -10.74736, -5.006252, 247.2007 ],
                [ -11.87064, 2.406528, 244.6704 ],
                [ 3.462072, 7.047377, 251.4595 ],
                [ 4.585351, -0.3654053, 253.9898 ],
                [ -10.75767, -2.454337, 254.6814 ],
                [ -11.88094, 4.958459, 252.151 ]
            ],
            "projected_cuboid": [
                [ 336.997, 262.0049 ],
                [ 342.2644, 225.8665 ],
                [ 268.0782, 215.8142 ],
                [ 262.0584, 251.7465 ],
                [ 336.4424, 273.4701 ],
                [ 341.5602, 238.2819 ],
                [ 269.555, 228.4911 ],
                [ 263.7286, 263.4846 ]
            ]
        }
    ]
}