{
    "camera_data": {
        "location_worldframe": [
            -24.65579605102539,
            66.43087005615235,
            -61.0735969543457
        ],
        "quaternion_xyzw_worldframe": [
            0.32706427574157717,
            0.09209740161895752,
            -0.0320458859205246,
            0.9399574995040894
        ]
    },
    "objects": [
        {
            "class": "wine_glass",
            "visibility": 1.0,
            "location": [
                -2.495628833770752,
                2.135911464691162,
                97.3086929321289
            ],
            "quaternion_xyzw": [
                0.31206780672073367,
                0.304874986410141,
                0.6279022693634033,
                -0.6445181369781494
            ],
            "pose_transform_permuted": [
                [ 0.02557994, 0.9996722, -0.001098752, 0 ],
                [ -0.6191055, 0.01670483, 0.7851301, 0 ],
                [ 0.7848911, -0.01940331, 0.6193299, 0 ],
                [ -2.495629, 2.135911, 97.30869, 1 ]
            ],
            "cuboid_centroid": [
                -2.495628833770752,
                2.135911464691162,
                97.3086929321289
            ],
            "projected_cuboid_centroid": [
                289.3714904785156,
                266.2137451171875
            ],
            "bounding_box": {
                "top_left": [
                    185.6395263671875,
                    196.8411865234375
                ],
                "bottom_right": [
                    387.20513916015627,
                    336.7481689453125
                ]
            },
            "cuboid": [
                [ 5.154965, 1.612021, 91.60536 ],
                [ 5.357378, -3.286887, 97.81612 ],
                [ -10.13754, -3.545812, 98.11687 ],
                [ -10.33995, 1.353094, 91.90612 ],
                [ 5.146283, 7.817624, 96.5005 ],
                [ 5.348692, 2.918721, 102.7113 ],
                [ -10.14623, 2.659791, 103.012 ],
                [ -10.34863, 7.558699, 96.80125 ]
            ],
            "projected_cuboid": [
                [ 387.2051, 261.0159 ],
                [ 385.4093, 199.8698 ],
                [ 196.6082, 196.8412 ],
                [ 185.6395, 257.5825 ],
                [ 383.6886, 336.7482 ],
                [ 382.1909, 273.9369 ],
                [ 202.3711, 270.8359 ],
                [ 192.3268, 333.2532 ]
            ]
        }
    ]
}