{
    "camera_data": {
        "location_worldframe": [
            4.24935245513916,
            201.5238037109375,
            -45.91074752807617
        ],
        "quaternion_xyzw_worldframe": [
            0.5747422575950623,
            -0.019918136298656465,
            0.013995332643389702,
            0.8179723620414734
        ]
    },
    "objects": [
        {
            "class": "big_plates",
            "visibility": 1.0,
            "location": [
                -2.6300852298736574,
                -1.819088339805603,
                213.64694213867188
            ],
            "quaternion_xyzw": [
                0.6067852973937988,
                -0.38567468523979189,
                0.548879086971283,
                -0.4263782799243927
            ],
            "pose_transform_permuted": [
                [ 0.09997359, 1.680851E-05, 0.9949902, 0 ],
                [ -0.9361037, -0.3389133, 0.0940626, 0 ],
                [ 0.3372169, -0.9408177, -0.03386673, 0 ],
                [ -2.630085, -1.819088, 213.6469, 1 ]
            ],
            "cuboid_centroid": [
                -2.6300852298736574,
                -1.819088339805603,
                213.64694213867188
            ],
            "projected_cuboid_centroid": [
                305.2981872558594,
                229.83154296875
            ],
            "bounding_box": {
                "top_left": [
                    250.65847778320313,
                    178.8018798828125
                ],
                "bottom_right": [
                    358.4986877441406,
                    282.0931396484375
                ]
            },
            "cuboid": [
                [ -12.21041, 5.292228, 210.2976 ],
                [ -10.46204, -11.07863, 216.195 ],
                [ -10.46206, -10.57649, 217.5889 ],
                [ -12.21044, 5.794362, 211.6916 ],
                [ 5.2019, 6.938323, 209.705 ],
                [ 6.950272, -9.432544, 215.6023 ],
                [ 6.950244, -8.930399, 216.9962 ],
                [ 5.201872, 7.44046, 211.0989 ]
            ],
            "projected_cuboid": [
                [ 250.6585, 270.054 ],
                [ 262.2079, 178.8019 ],
                [ 262.578, 181.95 ],
                [ 251.1149, 272.6888 ],
                [ 349.6245, 279.5133 ],
                [ 358.4987, 187.7516 ],
                [ 358.2512, 190.8508 ],
                [ 349.4287, 282.0931 ]
            ]
        },
        {
            "class": "big_plates",
            "visibility": 1.0,
            "location": [
                -22.575145721435548,
                47.147430419921878,
                196.0076904296875
            ],
            "quaternion_xyzw": [
                0.1145702451467514,
                0.8016596436500549,
                0.5634138584136963,
                0.1636468917131424
            ],
            "pose_transform_permuted": [
                [ -0.9201867, -0.0007091761, 0.3914791, 0 ],
                [ 0.3680945, 0.338877, 0.8658342, 0 ],
                [ -0.1332773, 0.9408304, -0.311569, 0 ],
                [ -22.57515, 47.14743, 196.0077, 1 ]
            ],
            "cuboid_centroid": [
                -22.575145721435548,
                47.147430419921878,
                196.0076904296875
            ],
            "projected_cuboid_centroid": [
                182.4517822265625,
                527.2648315429688
            ],
            "bounding_box": {
                "top_left": [
                    113.46929931640625,
                    456.4365234375
                ],
                "bottom_right": [
                    252.04501342773438,
                    600.4403076171875
                ]
            },
            "cuboid": [
                [ -17.95486, 36.60378, 200.5963 ],
                [ -34.04736, 43.04111, 198.2655 ],
                [ -34.04631, 42.53904, 196.8716 ],
                [ -17.95381, 36.10168, 199.2023 ],
                [ -11.10398, 51.75585, 195.1438 ],
                [ -27.19648, 58.1932, 192.813 ],
                [ -27.19543, 57.6911, 191.4191 ],
                [ -11.10293, 51.25376, 193.7499 ]
            ],
            "projected_cuboid": [
                [ 213.1052, 457.9217 ],
                [ 114.9151, 499.259 ],
                [ 113.4693, 498.049 ],
                [ 212.3634, 456.4365 ],
                [ 252.045, 556.7394 ],
                [ 151.5489, 600.4403 ],
                [ 150.3288, 599.9326 ],
                [ 251.5626, 555.9234 ]
            ]
        },
        {
            "class": "wine_glass",
            "visibility": 1.0,
            "location": [
                -12.662102699279786,
                19.689647674560548,
                202.4849853515625
            ],
            "quaternion_xyzw": [
                0.6949177980422974,
                -0.1114586815237999,
                -0.6981729865074158,
                0.13122797012329102
            ],
            "pose_transform_permuted": [
                [ 0.0002628583, 0.02833042, -0.9995987, 0 ],
                [ -0.3381489, -0.9407126, -0.02675043, 0 ],
                [ -0.9410927, 0.3380202, 0.00933242, 0 ],
                [ -12.6621, 19.68965, 202.485, 1 ]
            ],
            "cuboid_centroid": [
                -12.662102699279786,
                19.689647674560548,
                202.4849853515625
            ],
            "projected_cuboid_centroid": [
                245.3189239501953,
                356.1295166015625
            ],
            "bounding_box": {
                "top_left": [
                    217.539794921875,
                    304.9580078125
                ],
                "bottom_right": [
                    271.4200134277344,
                    406.7645263671875
                ]
            },
            "cuboid": [
                [ -8.49321, 13.8427, 208.7911 ],
                [ -8.49113, 11.16696, 201.3444 ],
                [ -8.930253, 25.74801, 196.1051 ],
                [ -8.932332, 28.42374, 203.5518 ],
                [ -16.39396, 13.63126, 208.8649 ],
                [ -16.39188, 10.95554, 201.4182 ],
                [ -16.831, 25.53657, 196.1788 ],
                [ -16.83308, 28.21231, 203.6256 ]
            ],
            "projected_cuboid": [
                [ 271.42, 319.1783 ],
                [ 269.6356, 306.2358 ],
                [ 265.6158, 396.8022 ],
                [ 267.5932, 406.7645 ],
                [ 226.262, 317.9414 ],
                [ 222.8087, 304.958 ],
                [ 217.5398, 395.4562 ],
                [ 221.2746, 405.4641 ]
            ]
        }
    ]
}