{
    "camera_data": {
        "location_worldframe": [
            7.880294322967529,
            54.23588180541992,
            -9.225821495056153
        ],
        "quaternion_xyzw_worldframe": [
            0.3457498550415039,
            -0.2976214587688446,
            0.11664344370365143,
            0.8821977376937866
        ]
    },
    "objects": [
        {
            "class": "big_fork",
            "visibility": 1.0,
            "location": [
                0.5368684530258179,
                0.7869819402694702,
                77.47823333740235
            ],
            "quaternion_xyzw": [
                0.90338134765625,
                -0.1537707895040512,
                0.06714180111885071,
                0.3946499228477478
            ],
            "pose_transform_permuted": [
                [ 0.943693, -0.3308223, -6.195903E-05, 0 ],
                [ -0.2248323, -0.6412117, -0.7336876, 0 ],
                [ 0.2426806, 0.6923898, -0.6794866, 0 ],
                [ 0.5368685, 0.7869819, 77.47823, 1 ]
            ],
            "cuboid_centroid": [
                0.5368684530258179,
                0.7869819402694702,
                77.47823333740235
            ],
            "projected_cuboid_centroid": [
                328.27532958984377,
                252.130615234375
            ],
            "bounding_box": {
                "top_left": [
                    275.86358642578127,
                    172.274658203125
                ],
                "bottom_right": [
                    387.80694580078127,
                    342.9949951171875
                ]
            },
            "cuboid": [
                [ -3.026763, -3.244806, 82.736 ],
                [ -0.7986288, -3.775654, 83.30898 ],
                [ 4.100579, 5.720167, 73.05527 ],
                [ 1.872441, 6.251013, 72.48228 ],
                [ -3.026842, -4.146199, 81.90119 ],
                [ -0.7987058, -4.677046, 82.47418 ],
                [ 4.1005, 4.818779, 72.22047 ],
                [ 1.872367, 5.349627, 71.64748 ]
            ],
            "projected_cuboid": [
                [ 276.3101, 193.1627 ],
                [ 308.5515, 185.875 ],
                [ 387.0334, 333.5093 ],
                [ 350.8513, 342.995 ],
                [ 275.8636, 179.5415 ],
                [ 308.4344, 172.2747 ],
                [ 387.8069, 319.6846 ],
                [ 351.2096, 329.1703 ]
            ]
        },
        {
            "class": "big_spoon",
            "visibility": 0.0,
            "location": [
                18.965974807739259,
                33.48381042480469,
                41.63626480102539
            ],
            "quaternion_xyzw": [
                0.6023074984550476,
                -0.6894984841346741,
                0.30290016531944277,
                0.26470550894737246
            ],
            "pose_transform_permuted": [
                [ -0.1343134, -0.9909389, -0.0001499951, 0 ],
                [ -0.6702216, 0.09095435, -0.7365667, 0 ],
                [ 0.7299062, -0.09883019, -0.676365, 0 ],
                [ 18.96597, 33.48381, 41.63626, 1 ]
            ],
            "cuboid_centroid": [
                18.965974807739259,
                33.48381042480469,
                41.63626480102539
            ],
            "projected_cuboid_centroid": [
                864.0025634765625,
                1200.4188232421875
            ],
            "bounding_box": {
                "top_left": [
                    729.2706298828125,
                    947.885498046875
                ],
                "bottom_right": [
                    1043.5325927734375,
                    1521.198486328125
                ]
            },
            "cuboid": [
                [ 18.30693, 39.35027, 36.67996 ],
                [ 16.30273, 29.3493, 47.57154 ],
                [ 19.6253, 29.04433, 47.90291 ],
                [ 21.62951, 39.0453, 37.01133 ],
                [ 18.30664, 37.92328, 35.36961 ],
                [ 16.30244, 27.92232, 46.26119 ],
                [ 19.62502, 27.61735, 46.59256 ],
                [ 21.62921, 37.61832, 35.70098 ]
            ],
            "projected_cuboid": [
                [ 916.0521, 1521.198 ],
                [ 729.2706, 976.7974 ],
                [ 809.2738, 964.0975 ],
                [ 1017.926, 1499.887 ],
                [ 938.1244, 1520.481 ],
                [ 740.8558, 960.829 ],
                [ 823.0266, 947.8855 ],
                [ 1043.533, 1498.394 ]
            ]
        },
        {
            "class": "small_fork",
            "visibility": 0.0,
            "location": [
                43.989234924316409,
                32.86268997192383,
                43.023677825927737
            ],
            "quaternion_xyzw": [
                -0.0402962788939476,
                0.9155256152153015,
                -0.3998999297618866,
                -0.01640421897172928
            ],
            "pose_transform_permuted": [
                [ -0.9962142, -0.08690464, 0.002191992, 0 ],
                [ -0.06066446, 0.6769125, -0.7335593, 0 ],
                [ 0.06226593, -0.7309152, -0.6796219, 0 ],
                [ 43.98923, 32.86269, 43.02368, 1 ]
            ],
            "cuboid_centroid": [
                43.989234924316409,
                32.86268997192383,
                43.023677825927737
            ],
            "projected_cuboid_centroid": [
                1541.058349609375,
                1152.206298828125
            ],
            "bounding_box": {
                "top_left": [
                    1409.6014404296875,
                    961.3271484375
                ],
                "bottom_right": [
                    1704.932373046875,
                    1382.8056640625
                ]
            },
            "cuboid": [
                [ 44.41423, 37.29029, 38.96915 ],
                [ 42.53251, 37.1757, 39.08676 ],
                [ 43.56209, 29.15607, 47.74617 ],
                [ 45.44381, 29.27066, 47.62857 ],
                [ 44.41638, 36.56931, 38.30118 ],
                [ 42.53467, 36.45472, 38.41879 ],
                [ 43.56425, 28.43509, 47.07821 ],
                [ 45.44596, 28.54968, 46.9606 ]
            ],
            "projected_cuboid": [
                [ 1681.127, 1382.806 ],
                [ 1619.538, 1375.866 ],
                [ 1409.601, 969.2694 ],
                [ 1459.475, 973.9435 ],
                [ 1704.932, 1380.255 ],
                [ 1642.199, 1373.203 ],
                [ 1425.116, 961.3271 ],
                [ 1475.738, 966.0478 ]
            ]
        },
        {
            "class": "water_glass",
            "visibility": 0.0,
            "location": [
                10.87724494934082,
                51.9974365234375,
                20.1409854888916
            ],
            "quaternion_xyzw": [
                0.4631887376308441,
                -0.7906901836395264,
                0.34542593359947207,
                0.2023514062166214
            ],
            "pose_transform_permuted": [
                [ -0.4890201, -0.8722724, 2.682209E-07, 0 ],
                [ -0.5926828, 0.3322743, -0.7337036, 0 ],
                [ 0.6399894, -0.358796, -0.6794696, 0 ],
                [ 10.87724, 51.99744, 20.14099, 1 ]
            ],
            "cuboid_centroid": [
                10.87724494934082,
                51.9974365234375,
                20.1409854888916
            ],
            "projected_cuboid_centroid": [
                964.96435546875,
                3323.17919921875
            ],
            "bounding_box": {
                "top_left": [
                    741.2713623046875,
                    2835.15185546875
                ],
                "bottom_right": [
                    1230.9986572265625,
                    4019.00830078125
                ]
            },