{
    "camera_data": {
        "location_worldframe": [
            -42.940650939941409,
            144.22830200195313,
            55.25612258911133
        ],
        "quaternion_xyzw_worldframe": [
            0.2732304334640503,
            0.7266879081726074,
            -0.43924930691719057,
            0.45202869176864626
        ]
    },
    "objects": [
        {
            "class": "bowl",
            "visibility": 1.0,
            "location": [
                -2.9041061401367189,
                -0.6917584538459778,
                160.40650939941407
            ],
            "quaternion_xyzw": [
                -0.15602675080299378,
                0.8159968256950378,
                0.49328988790512087,
                -0.25781774520874026
            ],
            "pose_transform_permuted": [
                [ -0.8183715, -0.0002768934, -0.5746897, 0 ],
                [ -0.5089924, 0.4646415, 0.724593, 0 ],
                [ 0.2668241, 0.8854989, -0.3803903, 0 ],
                [ -2.904106, -0.6917585, 160.4065, 1 ]
            ],
            "cuboid_centroid": [
                -2.9041061401367189,
                -0.6917584538459778,
                160.40650939941407
            ],
            "projected_cuboid_centroid": [
                298.3783874511719,
                234.8497314453125
            ],
            "bounding_box": {
                "top_left": [
                    232.1642303466797,
                    171.048095703125
                ],
                "bottom_right": [
                    363.5005187988281,
                    300.394775390625
                ]
            },
            "cuboid": [
                [ 5.798891, -1.050756, 162.9974 ],
                [ -4.427884, -7.411369, 166.3318 ],
                [ -4.426713, -9.386093, 162.5684 ],
                [ 5.800064, -3.025487, 159.234 ],
                [ -1.381503, 8.002596, 158.2446 ],
                [ -11.60828, 1.64196, 161.579 ],
                [ -11.60711, -0.332752, 157.8156 ],
                [ -1.380327, 6.027856, 154.4813 ]
            ],
            "projected_cuboid": [
                [ 362.4875, 232.3013 ],
                [ 288.2079, 186.7866 ],
                [ 287.4806, 171.0481 ],
                [ 363.5005, 217.3088 ],
                [ 309.5739, 300.3948 ],
                [ 234.2014, 252.136 ],
                [ 232.1642, 237.4819 ],
                [ 309.329, 286.5999 ]
            ]
        }
    ]
}