{
    "camera_data": {
        "location_worldframe": [
            34.36296463012695,
            146.91006469726563,
            -42.242557525634769
        ],
        "quaternion_xyzw_worldframe": [
            0.5099210143089294,
            -0.04781590774655342,
            0.028403690084815027,
            0.8584214448928833
        ]
    },
    "objects": [
        {
            "class": "small_fork",
            "visibility": 1.0,
            "location": [
                -1.4543083906173707,
                1.7225439548492432,
                165.3379669189453
            ],
            "quaternion_xyzw": [
                0.10017417371273041,
                0.2266504168510437,
                0.887722373008728,
                -0.38799959421157839
            ],
            "pose_transform_permuted": [
                [ -0.6788428, 0.7342809, 0.001973167, 0 ],
                [ -0.6434628, -0.5961717, 0.4801404, 0 ],
                [ 0.3537343, 0.3246702, 0.8771895, 0 ],
                [ -1.454308, 1.722544, 165.338, 1 ]
            ],
            "cuboid_centroid": [
                -1.4543083906173707,
                1.7225439548492432,
                165.3379669189453
            ],
            "projected_cuboid_centroid": [
                309.495361328125,
                252.442138671875
            ],
            "bounding_box": {
                "top_left": [
                    272.86346435546877,
                    221.0489501953125
                ],
                "bottom_right": [
                    345.3596496582031,
                    284.53662109375
                ]
            },
            "cuboid": [
                [ 3.53549, -1.437232, 166.496 ],
                [ 2.253243, -2.652644, 167.1642 ],
                [ -6.446047, 4.410423, 163.3177 ],
                [ -5.163804, 5.625832, 162.6496 ],
                [ 3.53743, -0.9653162, 167.3582 ],
                [ 2.255187, -2.180725, 168.0264 ],
                [ -6.444105, 4.882328, 164.1799 ],
                [ -5.161865, 6.097735, 163.5117 ]
            ],
            "projected_cuboid": [
                [ 345.3596, 229.6909 ],
                [ 336.0977, 221.049 ],
                [ 272.8635, 272.2511 ],
                [ 282.0847, 281.3077 ],
                [ 345.2429, 233.1116 ],
                [ 336.0289, 224.5004 ],
                [ 273.1251, 275.5144 ],
                [ 282.2988, 284.5366 ]
            ]
        }
    ]
}