{
    "camera_data": {
        "location_worldframe": [
            29.18920135498047,
            57.849098205566409,
            -33.054752349853519
        ],
        "quaternion_xyzw_worldframe": [
            0.2763811945915222,
            -0.5123856067657471,
            0.17852967977523805,
            0.7932223081588745
        ]
    },
    "objects": [
        {
            "class": "water_glass",
            "visibility": 1.0,
            "location": [
                -2.3189456462860109,
                1.4451476335525513,
                87.40990447998047
            ],
            "quaternion_xyzw": [
                -0.11868216842412949,
                0.4183852970600128,
                0.8664242625236511,
                0.24531066417694093
            ],
            "pose_transform_permuted": [
                [ -0.8514745, -0.524396, -0.0003894717, 0 ],
                [ 0.3257765, -0.5295529, 0.7832264, 0 ],
                [ -0.410927, 0.6667703, 0.6217366, 0 ],
                [ -2.318946, 1.445148, 87.4099, 1 ]
            ],
            "cuboid_centroid": [
                -2.3189456462860109,
                1.4451476335525513,
                87.40990447998047
            ],
            "projected_cuboid_centroid": [
                288.3169250488281,
                259.74462890625
            ],
            "bounding_box": {
                "top_left": [
                    246.82601928710938,
                    211.759033203125
                ],
                "bottom_right": [
                    329.7283630371094,
                    309.116943359375
                ]
            },
            "cuboid": [
                [ -1.926958, -2.09645, 88.65486 ],
                [ -5.331356, -0.7939201, 87.01187 ],
                [ -2.709376, 1.853843, 83.67802 ],
                [ 0.695021, 0.5513093, 85.32101 ],
                [ -1.928517, 1.036453, 91.14181 ],
                [ -5.332915, 2.338989, 89.49883 ],
                [ -2.710931, 4.986752, 86.16496 ],
                [ 0.6934668, 3.684222, 87.80795 ]
            ],
            "projected_cuboid": [
                [ 294.0422, 211.759 ],
                [ 246.826, 229.1033 ],
                [ 281.3317, 266.4581 ],
                [ 329.7284, 247.7168 ],
                [ 294.7301, 253.5809 ],
                [ 248.8385, 271.2111 ],
                [ 282.4262, 309.1169 ],
                [ 329.4317, 290.1083 ]
            ]
        }
    ]
}