{
    "camera_data": {
        "location_worldframe": [
            -13.96942138671875,
            208.01942443847657,
            -6.557435035705566
        ],
        "quaternion_xyzw_worldframe": [
            0.3184853494167328,
            0.6608659625053406,
            -0.5708635449409485,
            0.36869776248931887
        ]
    },
    "objects": [
        {
            "class": "bowl",
            "visibility": 1.0,
            "location": [
                0.8333559632301331,
                3.1812593936920168,
                207.23492431640626
            ],
            "quaternion_xyzw": [
                0.7180983424186707,
                -0.20627164840698243,
                0.2383977770805359,
                -0.620445966720581
            ],
            "pose_transform_permuted": [
                [ 0.801237, -0.000420779, 0.5983469, 0 ],
                [ -0.5920725, -0.1449975, 0.7927331, 0 ],
                [ 0.08642527, -0.9894319, -0.1164265, 0 ],
                [ 0.833356, 3.181259, 207.2349, 1 ]
            ],
            "cuboid_centroid": [
                0.8333559632301331,
                3.1812593936920168,
                207.23492431640626
            ],
            "projected_cuboid_centroid": [
                324.802490234375,
                258.3330078125
            ],
            "bounding_box": {
                "top_left": [
                    273.98016357421877,
                    206.5640869140625
                ],
                "bottom_right": [
                    375.8058166503906,
                    309.686279296875
                ]
            },
            "cuboid": [
                [ -7.911854, 1.620211, 205.3197 ],
                [ 2.100804, -5.778629, 206.3997 ],
                [ 2.102596, -5.162402, 210.6048 ],
                [ -7.910061, 2.236437, 209.5248 ],
                [ -0.4358781, 11.52491, 203.865 ],
                [ 9.576777, 4.12607, 204.945 ],
                [ 9.578571, 4.74232, 209.1501 ],
                [ -0.4340855, 12.14114, 208.0701 ]
            ],
            "projected_cuboid": [
                [ 273.9802, 249.4241 ],
                [ 332.1555, 206.5641 ],
                [ 331.923, 210.7261 ],
                [ 274.914, 252.7473 ],
                [ 317.4466, 307.5138 ],
                [ 375.8058, 264.0435 ],
                [ 374.6941, 267.0789 ],
                [ 317.5085, 309.6863 ]
            ]
        }
    ]
}