{
    "camera_data": {
        "location_worldframe": [
            51.32717514038086,
            203.51345825195313,
            -61.673789978027347
        ],
        "quaternion_xyzw_worldframe": [
            0.43083491921424868,
            -0.513317883014679,
            0.3335423171520233,
            0.6630501747131348
        ]
    },
    "objects": [
        {
            "class": "knife",
            "visibility": 1.0,
            "location": [
                0.16791300475597382,
                -2.372892379760742,
                222.16229248046876
            ],
            "quaternion_xyzw": [
                0.549125075340271,
                -0.043507352471351626,
                -0.02781461924314499,
                0.834143340587616
            ],
            "pose_transform_permuted": [
                [ 0.9946669, -0.001379196, -0.1031301, 0 ],
                [ -0.09418471, 0.395376, -0.9136778, 0 ],
                [ 0.04203533, 0.9185184, 0.3931375, 0 ],
                [ 0.167913, -2.372892, 222.1623, 1 ]
            ],
            "cuboid_centroid": [
                0.16791300475597382,
                -2.372892379760742,
                222.16229248046876
            ],
            "projected_cuboid_centroid": [
                320.90264892578127,
                227.2442626953125
            ],
            "bounding_box": {
                "top_left": [
                    276.5965881347656,
                    218.80517578125
                ],
                "bottom_right": [
                    365.157470703125,
                    235.6468505859375
                ]
            },
            "cuboid": [
                [ -7.952045, -0.8115532, 222.6434 ],
                [ 8.367411, -2.356843, 223.3331 ],
                [ 8.370361, -3.203287, 221.3666 ],
                [ -7.949095, -1.658005, 220.6769 ],
                [ -8.034553, -1.542486, 222.9579 ],
                [ 8.28491, -3.08777, 223.6476 ],
                [ 8.287865, -3.934242, 221.6811 ],
                [ -8.031595, -2.388938, 220.9914 ]
            ],
            "projected_cuboid": [
                [ 277.3453, 235.6469 ],
                [ 364.7441, 227.397 ],
                [ 365.1575, 222.7185 ],
                [ 276.9812, 231.0272 ],
                [ 276.9636, 231.7378 ],
                [ 364.2406, 223.5116 ],
                [ 364.649, 218.8052 ],
                [ 276.5966, 227.09 ]
            ]
        },
        {
            "class": "small_plates",
            "visibility": 0.0,
            "location": [
                77.95787048339844,
                11.956356048583985,
                216.1694793701172
            ],
            "quaternion_xyzw": [
                -0.31192854046821597,
                0.5046703219413757,
                -0.7780218720436096,
                0.20661675930023194
            ],
            "pose_transform_permuted": [
                [ -0.7200203, 0.006662548, 0.6939211, 0 ],
                [ -0.6363469, -0.4052348, -0.6563898, 0 ],
                [ 0.2768278, -0.9141884, 0.2960169, 0 ],
                [ 77.95787, 11.95636, 216.1695, 1 ]
            ],
            "cuboid_centroid": [
                77.95787048339844,
                11.956356048583985,
                216.1694793701172
            ],
            "projected_cuboid_centroid": [
                750.6883544921875,
                306.054443359375
            ],
            "bounding_box": {
                "top_left": [
                    708.623291015625,
                    266.62255859375
                ],
                "bottom_right": [
                    792.978759765625,
                    346.34521484375
                ]
            },
            "cuboid": [
                [ 78.10043, 18.44102, 212.485 ],
                [ 70.54153, 11.76054, 215.3912 ],
                [ 70.53165, 12.36144, 216.7468 ],
                [ 78.09056, 19.04191, 213.8406 ],
                [ 85.38411, 11.5513, 215.5921 ],
                [ 77.8252, 4.870801, 218.4983 ],
                [ 77.8153, 5.471703, 219.8539 ],
                [ 85.37423, 12.15219, 216.9477 ]
            ],
            "projected_cuboid": [
                [ 758.9576, 343.6464 ],
                [ 711.124, 305.2074 ],
                [ 708.6233, 308.1105 ],
                [ 756.1199, 346.3452 ],
                [ 792.9788, 303.9875 ],
                [ 745.3728, 266.6226 ],
                [ 742.6962, 269.7225 ],
                [ 789.969, 306.8955 ]
            ]
        },
        {
            "class": "water_glass",
            "visibility": 0.0,
            "location": [
                78.31742095947266,
                -1.4861913919448853,
                220.2088623046875
            ],
            "quaternion_xyzw": [
                0.8347053527832031,
                -0.05153422802686691,
                0.07979796081781388,
                -0.5424422025680542
            ],
            "pose_transform_permuted": [
                [ 0.981953, 0.0005397722, 0.1891243, 0 ],
                [ -0.1726034, -0.4062014, 0.8973342, 0 ],
                [ 0.0773069, -0.9137835, -0.3987775, 0 ],
                [ 78.31742, -1.486191, 220.2089, 1 ]
            ],
            "cuboid_centroid": [
                78.31742095947266,
                -1.4861913919448853,
                220.2088623046875
            ],
            "projected_cuboid_centroid": [
                744.738037109375,
                231.93994140625
            ],
            "bounding_box": {
                "top_left": [
                    726.6275024414063,
                    214.675048828125
                ],
                "bottom_right": [
                    763.3364868164063,
                    248.9971923828125
                ]
            },
            "cuboid": [
                [ 75.97749, -3.951298, 218.5674 ],
                [ 79.90356, -4.641412, 218.8765 ],
                [ 79.90086, -2.6104, 223.4454 ],
                [ 75.97478, -1.9203, 223.1363 ],
                [ 76.73399, -0.3619611, 216.9723 ],
                [ 80.66005, -1.052076, 217.2814 ],
                [ 80.65737, 0.9789366, 221.8503 ],
                [ 76.73127, 1.669029, 221.5412 ]
            ],
            "projected_cuboid": [
                [ 735.1423, 218.41 ],
                [ 755.9779, 214.675 ],
                [ 747.0488, 226.0481 ],
                [ 726.6275, 229.7223 ],
                [ 742.3583, 238.0077 ],
                [ 763.3365, 234.2174 ],
                [ 754.1918, 245.2698 ],
                [ 733.6332, 248.9972 ]
            ]
        },
        {
            "class": "small_fork",
            "visibility": 1.0,
            "location": [
                24.110925674438478,
                29.68775177001953,
                208.5482635498047
            ],
            "quaternion_xyzw": [
                0.05552365258336067,
                0.19914542138576508,
                0.9399576783180237,
                -0.2715471088886261
            ],
            "pose_transform_permuted": [
                [ -0.8463587, 0.5326002, -0.003774963, 0 ],
                [ -0.488371, -0.7732066, 0.4045311, 0 ],
                [ 0.2125345, 0.3442219, 0.9145164, 0 ],
                [ 24.11093, 29.68775, 208.5483, 1 ]
            ],
            "cuboid_centroid": [
                24.110925674438478,
                29.68775177001953,
                208.5482635498047
            ],
            "projected_cuboid_centroid": [
                458.0717468261719,
                410.007568359375
            ],
            "bounding_box": {
                "top_left": [
                    436.1906433105469,
                    378.8074951171875
                ],
                "bottom_right": [
                    479.663330078125,
                    441.74810791015627
                ]
            },