{
    "camera_data": {
        "location_worldframe": [
            0.08031725883483887,
            176.4446563720703,
            18.901416778564454
        ],
        "quaternion_xyzw_worldframe": [
            -0.04916779324412346,
            0.7953479886054993,
            -0.6006373167037964,
            -0.06510669738054276
        ]
    },
    "objects": [
        {
            "class": "teacup",
            "visibility": 1.0,
            "location": [
                -3.381565809249878,
                1.2211694717407227,
                178.235595703125
            ],
            "quaternion_xyzw": [
                -0.5495479106903076,
                -0.5775626301765442,
                -0.40859925746917727,
                0.4443706274032593
            ],
            "pose_transform_permuted": [
                [ -0.001063883, 0.9979357, -0.06421402, 0 ],
                [ 0.2716577, 0.06208748, 0.9603893, 0 ],
                [ 0.9623935, -0.0164226, -0.271163, 0 ],
                [ -3.381566, 1.221169, 178.2356, 1 ]
            ],
            "cuboid_centroid": [
                -3.381565809249878,
                1.2211694717407227,
                178.235595703125
            ],
            "projected_cuboid_centroid": [
                297.342041015625,
                248.182373046875
            ],
            "bounding_box": {
                "top_left": [
                    277.81610107421877,
                    218.59326171875
                ],
                "bottom_right": [
                    315.81646728515627,
                    276.72265625
                ]
            },
            "cuboid": [
                [ -0.632544, -2.820951, 174.9355 ],
                [ -0.6416461, -0.4971939, 183.1678 ],
                [ -5.724273, -0.8134091, 183.2514 ],
                [ -5.715171, -3.137174, 175.0191 ],
                [ -1.038847, 3.25577, 173.2197 ],
                [ -1.047948, 5.579541, 181.452 ],
                [ -6.130578, 5.263309, 181.5357 ],
                [ -6.121477, 2.939551, 173.3034 ]
            ],
            "projected_cuboid": [
                [ 315.6817, 220.7418 ],
                [ 315.8165, 236.7583 ],
                [ 282.6947, 234.699 ],
                [ 281.0021, 218.5933 ],
                [ 312.8377, 262.4468 ],
                [ 313.1028, 276.7227 ],
                [ 279.6692, 274.6254 ],
                [ 277.8161, 260.2568 ]
            ]
        },
        {
            "class": "bowl",
            "visibility": 1.0,
            "location": [
                -26.59746551513672,
                22.2779483795166,
                170.197265625
            ],
            "quaternion_xyzw": [
                0.0005168329225853086,
                0.13814321160316468,
                0.990405261516571,
                -0.003688177792355418
            ],
            "pose_transform_permuted": [
                [ -0.9999722, 0.007448376, 4.754635E-06, 0 ],
                [ -0.007162787, -0.9618056, 0.2736394, 0 ],
                [ 0.002042742, 0.2736317, 0.9618323, 0 ],
                [ -26.59747, 22.27795, 170.1973, 1 ]
            ],
            "cuboid_centroid": [
                -26.59746551513672,
                22.2779483795166,
                170.197265625
            ],
            "projected_cuboid_centroid": [
                133.36839294433595,
                396.322021484375
            ],
            "bounding_box": {
                "top_left": [
                    80.1456069946289,
                    373.93212890625
                ],
                "bottom_right": [
                    182.6305389404297,
                    417.33123779296877
                ]
            },
            "cuboid": [
                [ -20.33359, 18.56938, 164.7572 ],
                [ -32.82975, 18.47987, 164.7828 ],
                [ -32.8614, 22.56756, 163.6198 ],
                [ -20.36525, 22.65706, 163.5943 ],
                [ -20.33353, 21.98835, 176.7747 ],
                [ -32.82968, 21.89883, 176.8002 ],
                [ -32.86134, 25.98652, 175.6373 ],
                [ -20.36519, 26.07602, 175.6118 ]
            ],
            "projected_cuboid": [
                [ 172.6103, 374.6017 ],
                [ 82.06778, 373.9321 ],
                [ 80.14561, 404.72 ],
                [ 171.3315, 405.399 ],
                [ 182.6305, 388.5491 ],
                [ 98.24097, 387.923 ],
                [ 96.5574, 416.6968 ],
                [ 181.5056, 417.3312 ]
            ]
        },
        {
            "class": "mug",
            "visibility": 0.0,
            "location": [
                -22.94027328491211,
                71.01290893554688,
                157.06565856933595
            ],
            "quaternion_xyzw": [
                0.32791203260421755,
                0.5128416419029236,
                -0.4868220090866089,
                0.62647545337677
            ],
            "pose_transform_permuted": [
                [ -4.410744E-06, 0.946298, 0.3232958, 0 ],
                [ -0.2736302, 0.3109561, -0.9101828, 0 ],
                [ -0.961835, -0.08846751, 0.2589343, 0 ],
                [ -22.94027, 71.01291, 157.0657, 1 ]
            ],
            "cuboid_centroid": [
                -22.94027328491211,
                71.01290893554688,
                157.06565856933595
            ],
            "projected_cuboid_centroid": [
                145.57254028320313,
                779.9500732421875
            ],
            "bounding_box": {
                "top_left": [
                    100.31723022460938,
                    733.8707275390625
                ],
                "bottom_right": [
                    187.47909545898438,
                    830.1344604492188
                ]
            },
            "cuboid": [
                [ -20.68481, 77.33619, 161.0287 ],
                [ -20.68487, 74.30325, 150.3676 ],
                [ -27.7821, 71.97107, 151.0312 ],
                [ -27.78205, 75.00401, 161.6922 ],
                [ -18.09845, 70.05473, 163.1002 ],
                [ -18.0985, 67.0218, 152.4391 ],
                [ -25.19573, 64.68961, 153.1026 ],
                [ -25.19567, 67.72255, 163.7637 ]
            ],
            "projected_cuboid": [
                [ 166.5928, 813.5576 ],
                [ 155.7158, 830.1345 ],
                [ 100.3172, 809.1005 ],
                [ 114.8022, 793.9785 ],
                [ 187.4791, 752.9565 ],
                [ 178.2106, 765.0699 ],
                [ 123.4641, 744.6025 ],
                [ 136.2591, 733.8707 ]
            ]
        }
    ]
}