{
    "camera_data": {
        "location_worldframe": [
            65.92506408691406,
            87.2684326171875,
            -26.239728927612306
        ],
        "quaternion_xyzw_worldframe": [
            0.37761688232421877,
            -0.42586013674736025,
            0.20174992084503175,
            0.797085702419281
        ]
    },
    "objects": [
        {
            "class": "small_spoon",
            "visibility": 1.0,
            "location": [
                -0.6861792802810669,
                3.135073661804199,
                107.96067810058594
            ],
            "quaternion_xyzw": [
                -0.8130115270614624,
                -0.18424734473228455,
                0.3923383355140686,
                0.388761967420578
            ],
            "pose_transform_permuted": [
                [ 0.6242471, -0.005462021, -0.7812079, 0 ],
                [ 0.6046429, -0.6298342, 0.4875613, 0 ],
                [ -0.4946945, -0.7767105, -0.3898696, 0 ],
                [ -0.6861793, 3.135074, 107.9607, 1 ]
            ],
            "cuboid_centroid": [
                -0.6861792802810669,
                3.135073661804199,
                107.96067810058594
            ],
            "projected_cuboid_centroid": [
                312.4095153808594,
                274.6800537109375
            ],
            "bounding_box": {
                "top_left": [
                    265.2313537597656,
                    221.6109619140625
                ],
                "bottom_right": [
                    361.6668395996094,
                    329.970458984375
                ]
            },
            "cuboid": [
                [ -3.814092, -1.696444, 110.1738 ],
                [ 3.637856, 5.521488, 104.2684 ],
                [ 3.652507, 7.210947, 106.3518 ],
                [ -3.799444, -0.006986782, 112.2572 ],
                [ -5.024863, -0.9407896, 109.5695 ],
                [ 2.427088, 6.277142, 103.6641 ],
                [ 2.441738, 7.966595, 105.7476 ],
                [ -5.010215, 0.748664, 111.653 ]
            ],
            "projected_cuboid": [
                [ 278.6562, 221.611 ],
                [ 361.6668, 303.2413 ],
                [ 361.0151, 320.9739 ],
                [ 279.5793, 239.9257 ],
                [ 265.2314, 229.7458 ],
                [ 347.9611, 312.3154 ],
                [ 347.5757, 329.9705 ],
                [ 266.41, 248.0078 ]
            ]
        }
    ]
}