{
    "camera_data": {
        "location_worldframe": [
            27.912702560424806,
            48.52961730957031,
            -31.67641830444336
        ],
        "quaternion_xyzw_worldframe": [
            0.2480972856283188,
            -0.5882290005683899,
            0.19607289135456086,
            0.7443049550056458
        ]
    },
    "objects": [
        {
            "class": "water_glass",
            "visibility": 1.0,
            "location": [
                1.7543246746063233,
                -0.1263328194618225,
                76.21871185302735
            ],
            "quaternion_xyzw": [
                -0.05031608045101166,
                0.3157691955566406,
                -0.9473526477813721,
                0.016770079731941224
            ],
            "pose_transform_permuted": [
                [ -0.9943744, -2.17557E-06, 0.1059251, 0 ],
                [ -0.0635509, -0.8000175, -0.596602, 0 ],
                [ 0.08474319, -0.5999771, 0.7955162, 0 ],
                [ 1.754325, -0.1263328, 76.21871, 1 ]
            ],
            "cuboid_centroid": [
                1.7543246746063233,
                -0.1263328194618225,
                76.21871185302735
            ],
            "projected_cuboid_centroid": [
                347.4881591796875,
                238.0205078125
            ],
            "bounding_box": {
                "top_left": [
                    312.74285888671877,
                    186.179443359375
                ],
                "bottom_right": [
                    382.0188903808594,
                    290.21728515625
                ]
            },
            "cuboid": [
                [ 3.530341, -0.8061225, 72.95831 ],
                [ -0.4454048, -1.060213, 73.29714 ],
                [ -0.4453951, 2.93987, 76.29704 ],
                [ 3.530353, 3.193967, 75.95821 ],
                [ 3.954044, -3.192521, 76.14038 ],
                [ -0.02170274, -3.446625, 76.47921 ],
                [ -0.0216934, 0.5534662, 79.4791 ],
                [ 3.954054, 0.8075534, 79.14027 ]
            ],
            "projected_cuboid": [
                [ 377.7882, 226.8046 ],
                [ 312.7429, 222.7256 ],
                [ 313.0284, 286.017 ],
                [ 375.5061, 290.2173 ],
                [ 382.0189, 189.9255 ],
                [ 319.6611, 186.1794 ],
                [ 319.674, 248.3164 ],
                [ 379.6682, 252.1863 ]
            ]
        },
        {
            "class": "teacup",
            "visibility": 0.0,
            "location": [
                49.39817428588867,
                -7.343486785888672,
                85.77801513671875
            ],
            "quaternion_xyzw": [
                0.8229040503501892,
                -0.158203125,
                0.47029781341552737,
                -0.2768043875694275
            ],
            "pose_transform_permuted": [
                [ 0.5075835, -1.099706E-05, 0.8616026, 0 ],
                [ -0.520733, -0.7967021, 0.3067617, 0 ],
                [ 0.6864373, -0.6043721, -0.4043986, 0 ],
                [ 49.39817, -7.343487, 85.77802, 1 ]
            ],
            "cuboid_centroid": [
                49.39817428588867,
                -7.343486785888672,
                85.77801513671875
            ],
            "projected_cuboid_centroid": [
                1007.7529296875,
                137.75927734375
            ],
            "bounding_box": {
                "top_left": [
                    940.4266357421875,
                    70.2872314453125
                ],
                "bottom_right": [
                    1074.89501953125,
                    209.5771484375
                ]
            },
            "cuboid": [
                [ 44.50138, -8.115667, 82.58244 ],
                [ 48.84325, -12.57001, 88.45422 ],
                [ 48.8433, -8.512292, 91.53236 ],
                [ 44.50143, -4.057951, 85.66059 ],
                [ 49.95304, -6.174675, 80.02367 ],
                [ 54.29491, -10.62901, 85.89544 ],
                [ 54.29499, -6.571298, 88.97359 ],
                [ 49.95311, -2.116962, 83.10182 ]
            ],
            "projected_cuboid": [
                [ 963.5514, 122.6362 ],
                [ 979.4525, 70.28723 ],
                [ 957.2765, 128.937 ],
                [ 940.4266, 183.4252 ],
                [ 1065.489, 147.8505 ],
                [ 1074.895, 92.21838 ],
                [ 1048.779, 151.7961 ],
                [ 1037.876, 209.5771 ]
            ]
        },
        {
            "class": "small_plates",
            "visibility": 0.0,
            "location": [
                16.085046768188478,
                21.963228225708009,
                49.699153900146487
            ],
            "quaternion_xyzw": [
                0.3026672303676605,
                -0.28087231516838076,
                -0.09314678609371185,
                0.9059949517250061
            ],
            "pose_transform_permuted": [
                [ 0.8248689, -0.001240656, -0.5653228, 0 ],
                [ -0.3388028, 0.7994325, -0.4961053, 0 ],
                [ 0.4525528, 0.6007547, 0.6590066, 0 ],
                [ 16.08505, 21.96323, 49.69915, 1 ]
            ],
            "cuboid_centroid": [
                16.085046768188478,
                21.963228225708009,
                49.699153900146487
            ],
            "projected_cuboid_centroid": [
                706.51904296875,
                767.77001953125
            ],
            "bounding_box": {
                "top_left": [
                    524.8578491210938,
                    608.294677734375
                ],
                "bottom_right": [
                    899.708740234375,
                    966.0333862304688
                ]
            },
            "cuboid": [
                [ 14.72124, 26.93801, 44.31047 ],
                [ 23.38086, 23.38119, 49.06145 ],
                [ 23.3827, 22.19577, 48.17064 ],
                [ 14.72308, 25.75258, 43.41965 ],
                [ 8.787387, 21.73068, 51.22767 ],
                [ 17.44701, 18.17387, 55.97866 ],
                [ 17.44884, 16.98844, 55.08783 ],
                [ 8.789229, 20.54526, 50.33685 ]
            ],
            "projected_cuboid": [
                [ 716.767, 966.0334 ],
                [ 889.1381, 809.1461 ],
                [ 899.7087, 790.282 ],
                [ 724.9579, 948.324 ],
                [ 524.8578, 746.6012 ],
                [ 692.2169, 627.7238 ],
                [ 698.2758, 608.2947 ],
                [ 528.527, 727.4421 ]
            ]
        }
    ]
}