{
    "camera_data": {
        "location_worldframe": [
            -53.51784896850586,
            40.251365661621097,
            -25.153118133544923
        ],
        "quaternion_xyzw_worldframe": [
            0.16305197775363923,
            0.5474810004234314,
            -0.1097453311085701,
            0.8134092092514038
        ]
    },
    "objects": [
        {
            "class": "small_fork",
            "visibility": 1.0,
            "location": [
                -1.6141338348388672,
                1.2088139057159424,
                99.22843170166016
            ],
            "quaternion_xyzw": [
                0.27253344655036929,
                0.48247644305229189,
                0.724666178226471,
                -0.4096350371837616
            ],
            "pose_transform_permuted": [
                [ -0.5158491, 0.8566792, -0.0002869666, 0 ],
                [ -0.3307154, -0.1988311, 0.9225472, 0 ],
                [ 0.7902701, 0.4759902, 0.385884, 0 ],
                [ -1.614134, 1.208814, 99.22843, 1 ]
            ],
            "cuboid_centroid": [
                -1.6141338348388672,
                1.2088139057159424,
                99.22843170166016
            ],
            "projected_cuboid_centroid": [
                300.5732116699219,
                254.548583984375
            ],
            "bounding_box": {
                "top_left": [
                    231.61984252929688,
                    231.448486328125
                ],
                "bottom_right": [
                    366.62933349609377,
                    279.2760009765625
                ]
            },
            "cuboid": [
                [ 3.947886, -0.1100278, 101.1121 ],
                [ 2.973517, -0.7347049, 102.6048 ],
                [ -7.175873, 1.620921, 96.96555 ],
                [ -6.201503, 2.245595, 95.47282 ],
                [ 3.947604, 0.7967035, 101.4913 ],
                [ 2.973233, 0.1720238, 102.984 ],
                [ -7.176154, 2.527651, 97.3448 ],
                [ -6.201785, 3.152327, 95.8521 ]
            ],
            "projected_cuboid": [
                [ 366.6293, 238.7004 ],
                [ 354.6099, 231.4485 ],
                [ 231.6198, 259.9637 ],
                [ 242.4263, 268.0898 ],
                [ 366.4518, 249.3749 ],
                [ 354.4791, 241.9949 ],
                [ 231.9607, 271.01 ],
                [ 242.7297, 279.276 ]
            ]
        }
    ]
}