{
    "camera_data": {
        "location_worldframe": [
            -47.2287483215332,
            28.739749908447267,
            21.284547805786134
        ],
        "quaternion_xyzw_worldframe": [
            0.06621339172124863,
            0.8974617719650269,
            -0.14441199600696565,
            0.41148924827575686
        ]
    },
    "objects": [
        {
            "class": "knife",
            "visibility": 1.0,
            "location": [
                5.160581111907959,
                -0.02468273416161537,
                89.14290618896485
            ],
            "quaternion_xyzw": [
                0.47441530227661135,
                0.34357964992523196,
                0.4755859375,
                -0.6562781929969788
            ],
            "pose_transform_permuted": [
                [ 0.3115421, 0.9502323, 0.000282824, 0 ],
                [ -0.2982345, 0.09749627, 0.9495001, 0 ],
                [ 0.9022182, -0.2958935, 0.3137663, 0 ],
                [ 5.160581, -0.02468273, 89.14291, 1 ]
            ],
            "cuboid_centroid": [
                5.160581111907959,
                -0.02468273416161537,
                89.14290618896485
            ],
            "projected_cuboid_centroid": [
                389.1368103027344,
                239.6693115234375
            ],
            "bounding_box": {
                "top_left": [
                    343.072998046875,
                    203.513671875
                ],
                "bottom_right": [
                    428.5293884277344,
                    282.55712890625
                ]
            },
            "cuboid": [
                [ 3.621937, 2.14644, 81.29933 ],
                [ 8.733377, -2.746672, 96.10199 ],
                [ 6.699007, -2.955415, 96.73547 ],
                [ 1.587565, 1.93771, 81.93281 ],
                [ 3.622161, 2.906033, 81.55034 ],
                [ 8.733604, -1.987088, 96.353 ],
                [ 6.699233, -2.195824, 96.98648 ],
                [ 1.58779, 2.697303, 82.18382 ]
            ],
            "projected_cuboid": [
                [ 373.2049, 271.5304 ],
                [ 428.5294, 205.8672 ],
                [ 402.7032, 203.5137 ],
                [ 343.1404, 268.2441 ],
                [ 373.0444, 282.5571 ],
                [ 428.2495, 215.3708 ],
                [ 402.4919, 212.9614 ],
                [ 343.073, 279.1959 ]
            ]
        }
    ]
}