{
    "camera_data": {
        "location_worldframe": [
            19.300472259521486,
            148.29287719726563,
            -6.843906402587891
        ],
        "quaternion_xyzw_worldframe": [
            0.6222239136695862,
            -0.15374776721000672,
            0.1263541728258133,
            0.7571220397949219
        ]
    },
    "objects": [
        {
            "class": "bowl",
            "visibility": 1.0,
            "location": [
                3.4520909786224367,
                -1.4246748685836793,
                148.86685180664063
            ],
            "quaternion_xyzw": [
                0.26653510332107546,
                0.596110999584198,
                -0.725032389163971,
                -0.2189493179321289
            ],
            "pose_transform_permuted": [
                [ -0.7620406, 0.0002783239, -0.6475294, 0 ],
                [ 0.6352597, -0.1934258, -0.7476842, 0 ],
                [ -0.125457, -0.9811149, 0.1472214, 0 ],
                [ 3.452091, -1.424675, 148.8669, 1 ]
            ],
            "cuboid_centroid": [
                3.4520909786224367,
                -1.4246748685836793,
                148.86685180664063
            ],
            "projected_cuboid_centroid": [
                347.6937561035156,
                228.57080078125
            ],
            "bounding_box": {
                "top_left": [
                    276.47894287109377,
                    155.743408203125
                ],
                "bottom_right": [
                    419.8374938964844,
                    301.026123046875
                ]
            },
            "cuboid": [
                [ 12.25933, -1.134035, 146.6461 ],
                [ 2.7365, 6.804486, 145.0784 ],
                [ 2.735317, 7.626531, 149.2481 ],
                [ 12.25815, -0.3119811, 150.8159 ],
                [ 4.168861, -10.47588, 148.4856 ],
                [ -5.353975, -2.537368, 146.9178 ],
                [ -5.355156, -1.715307, 151.0876 ],
                [ 4.16768, -9.653832, 152.6553 ]
            ],
            "projected_cuboid": [
                [ 419.8375, 230.7646 ],
                [ 342.5263, 296.0132 ],
                [ 341.8875, 301.0261 ],
                [ 417.0679, 237.5295 ],
                [ 353.5298, 155.7434 ],
                [ 276.4789, 219.3744 ],
                [ 277.6707, 226.4415 ],
                [ 352.6047, 164.476 ]
            ]
        },
        {
            "class": "small_plates",
            "visibility": 0.7400053143501282,
            "location": [
                -4.779516696929932,
                43.766944885253909,
                141.350830078125
            ],
            "quaternion_xyzw": [
                0.42831462621688845,
                0.5284639596939087,
                -0.6430599093437195,
                -0.35177627205848696
            ],
            "pose_transform_permuted": [
                [ -0.3856004, 0.0002712607, -0.9226661, 0 ],
                [ 0.9051241, -0.193959, -0.3783261, 0 ],
                [ -0.1790618, -0.9810098, 0.07454482, 0 ],
                [ -4.779517, 43.76694, 141.3508, 1 ]
            ],
            "cuboid_centroid": [
                -4.779516696929932,
                43.766944885253909,
                141.350830078125
            ],
            "projected_cuboid_centroid": [
                279.6184387207031,
                609.7816772460938
            ],
            "bounding_box": {
                "top_left": [
                    220.7105712890625,
                    549.5716552734375
                ],
                "bottom_right": [
                    337.6556701660156,
                    671.771240234375
                ]
            },
            "cuboid": [
                [ 2.087065, 40.85759, 141.1722 ],
                [ -1.961034, 50.35974, 139.2924 ],
                [ -1.961434, 50.64736, 140.747 ],
                [ 2.086667, 41.14521, 142.6269 ],
                [ -7.597602, 36.88654, 141.9547 ],
                [ -11.6457, 46.38869, 140.0748 ],
                [ -11.6461, 46.6763, 141.5295 ],
                [ -7.598002, 37.17415, 143.4093 ]
            ],
            "projected_cuboid": [
                [ 337.6557, 585.6378 ],
                [ 303.1866, 671.7712 ],
                [ 303.357, 669.7492 ],
                [ 337.4723, 584.5208 ],
                [ 256.0818, 550.3243 ],
                [ 220.7106, 635.5028 ],
                [ 221.7277, 633.8646 ],
                [ 256.7268, 549.5717 ]
            ]
        },
        {
            "class": "big_plates",
            "visibility": 0.0,
            "location": [
                -56.797142028808597,
                23.43284797668457,
                145.36668395996095
            ],
            "quaternion_xyzw": [
                -0.4791609048843384,
                0.4980602264404297,
                -0.60602205991745,
                0.3937996029853821
            ],
            "pose_transform_permuted": [
                [ -0.2306535, 5.066395E-07, 0.9730361, 0 ],
                [ -0.9546045, -0.1937158, -0.2262842, 0 ],
                [ 0.1884923, -0.9810577, 0.04468167, 0 ],
                [ -56.79714, 23.43285, 145.3667, 1 ]
            ],
            "cuboid_centroid": [
                -56.797142028808597,
                23.43284797668457,
                145.36668395996095
            ],
            "projected_cuboid_centroid": [
                -146.61544799804688,
                432.511962890625
            ],
            "bounding_box": {
                "top_left": [
                    -231.12083435058595,
                    345.5374755859375
                ],
                "bottom_right": [
                    -61.491127014160159,
                    521.5325317382813
                ]
            },
            "cuboid": [
                [ -63.29433, 33.61653, 142.6008 ],
                [ -67.32806, 16.92213, 145.8972 ],
                [ -67.32806, 17.20913, 147.3507 ],
                [ -63.29433, 33.90355, 144.0543 ],
                [ -46.26623, 29.65656, 143.3827 ],
                [ -50.29995, 12.96216, 146.6791 ],
                [ -50.29996, 13.24917, 148.1326 ],
                [ -46.26623, 29.94357, 144.8362 ]
            ],
            "projected_cuboid": [
                [ -210.0789, 521.5325 ],
                [ -231.1208, 378.5178 ],
                [ -225.6842, 379.4775 ],
                [ -204.7303, 521.0712 ],
                [ -65.35851, 487.014 ],
                [ -89.54063, 345.5375 ],
                [ -85.52204, 346.8158 ],
                [ -61.49113, 486.9017 ]
            ]
        },
        {
            "class": "teacup",
            "visibility": 0.4391486644744873,
            "location": [
                19.27512550354004,
                37.02400207519531,
                140.2170867919922
            ],
            "quaternion_xyzw": [
                0.001329664490185678,
                0.09626553952693939,
                0.9950858950614929,
                -0.02313375100493431
            ],
            "pose_transform_permuted": [
                [ -0.998926, 0.04629614, -0.001807705, 0 ],
                [ -0.04578414, -0.9803954, 0.1916465, 0 ],
                [ 0.007100226, 0.1915234, 0.9814624, 0 ],
                [ 19.27513, 37.024, 140.2171, 1 ]
            ],
            "cuboid_centroid": [
                19.27512550354004,
                37.02400207519531,
                140.2170867919922
            ],
            "projected_cuboid_centroid": [
                484.16998291015627,
                555.3406372070313
            ],
            "bounding_box": {
                "top_left": [
                    444.379638671875,
                    530.0770263671875
                ],
                "bottom_right": [
                    525.491943359375,
                    581.9444580078125
                ]
            },