{
    "camera_data": {
        "location_worldframe": [
            27.527063369750978,
            141.7479705810547,
            -60.0527229309082
        ],
        "quaternion_xyzw_worldframe": [
            0.4691501259803772,
            0.05066922307014465,
            -0.026974689215421678,
            0.8812509179115295
        ]
    },
    "objects": [
        {
            "class": "knife",
            "visibility": 1.0,
            "location": [
                2.6729371547698976,
                1.868085503578186,
                168.6471710205078
            ],
            "quaternion_xyzw": [
                -0.31994205713272097,
                0.9006924629211426,
                -0.27783888578414919,
                -0.09589400142431259
            ],
            "pose_transform_permuted": [
                [ -0.7768828, -0.629625, 0.005042687, 0 ],
                [ -0.5230527, 0.6408852, -0.5618559, 0 ],
                [ 0.3505267, -0.4391337, -0.8272197, 0 ],
                [ 2.672937, 1.868086, 168.6472, 1 ]
            ],
            "cuboid_centroid": [
                2.6729371547698976,
                1.868085503578186,
                168.6471710205078
            ],
            "projected_cuboid_centroid": [
                338.9281005859375,
                253.2286376953125
            ],
            "bounding_box": {
                "top_left": [
                    289.4151611328125,
                    216.808349609375
                ],
                "bottom_right": [
                    389.9813232421875,
                    290.974609375
                ]
            },
            "cuboid": [
                [ 8.370069, 7.069712, 165.6324 ],
                [ -4.376214, -1.511985, 171.3835 ],
                [ -3.028231, -2.884076, 172.3237 ],
                [ 9.718045, 5.697627, 166.5726 ],
                [ 8.374109, 6.620245, 164.9707 ],
                [ -4.372174, -1.961475, 170.7218 ],
                [ -3.024204, -3.333559, 171.6619 ],
                [ 9.722081, 5.248146, 165.9108 ]
            ],
            "projected_cuboid": [
                [ 380.3505, 290.9746 ],
                [ 289.5051, 229.464 ],
                [ 299.0134, 220.0125 ],
                [ 389.6743, 280.8496 ],
                [ 380.6219, 287.9253 ],
                [ 289.4152, 226.2788 ],
                [ 298.9605, 216.8083 ],
                [ 389.9813, 277.7771 ]
            ]
        },
        {
            "class": "small_spoon",
            "visibility": 0.0,
            "location": [
                -66.04463195800781,
                19.11517333984375,
                156.57908630371095
            ],
            "quaternion_xyzw": [
                0.9068112373352051,
                -0.3040478229522705,
                0.09285547584295273,
                0.27681416273117068
            ],
            "pose_transform_permuted": [
                [ 0.7978656, -0.6028354, 7.528067E-05, 0 ],
                [ -0.5000206, -0.6618575, -0.5585014, 0 ],
                [ 0.3367343, 0.4455714, -0.8295034, 0 ],
                [ -66.04463, 19.11517, 156.5791, 1 ]
            ],
            "cuboid_centroid": [
                -66.04463195800781,
                19.11517333984375,
                156.57908630371095
            ],
            "projected_cuboid_centroid": [
                -183.7340087890625,
                385.7947998046875
            ],
            "bounding_box": {
                "top_left": [
                    -233.48739624023438,
                    351.5601806640625
                ],
                "bottom_right": [
                    -135.26980590820313,
                    420.8994140625
                ]
            },
            "cuboid": [
                [ -71.61546, 21.64479, 155.8096 ],
                [ -62.09095, 15.67579, 159.8294 ],
                [ -60.47392, 17.45115, 158.6342 ],
                [ -69.99844, 23.42015, 154.6144 ],
                [ -71.61535, 20.77919, 154.524 ],
                [ -62.09084, 14.8102, 158.5438 ],
                [ -60.4738, 16.58555, 157.3486 ],
                [ -69.99831, 22.55455, 153.3288 ]
            ],
            "projected_cuboid": [
                [ -228.9214, 405.9039 ],
                [ -143.9479, 357.1306 ],
                [ -135.2698, 371.3787 ],
                [ -220.6744, 420.8994 ],
                [ -233.4874, 400.5944 ],
                [ -147.7092, 351.5602 ],
                [ -138.9887, 365.8823 ],
                [ -225.2069, 415.6742 ]
            ]
        },
        {
            "class": "big_plates",
            "visibility": 1.0,
            "location": [
                -5.820435047149658,
                4.6747965812683109,
                165.79600524902345
            ],
            "quaternion_xyzw": [
                0.37463173270225527,
                -0.5314590334892273,
                -0.30443260073661806,
                0.6960769295692444
            ],
            "pose_transform_permuted": [
                [ 0.2497442, 0.02561417, -0.967973, 0 ],
                [ -0.8220198, 0.5339437, -0.1979581, 0 ],
                [ 0.5117725, 0.8451319, 0.1544047, 0 ],
                [ -5.820435, 4.674797, 165.796, 1 ]
            ],
            "cuboid_centroid": [
                -5.820435047149658,
                4.6747965812683109,
                165.79600524902345
            ],
            "projected_cuboid_centroid": [
                278.0744323730469,
                273.67333984375
            ],
            "bounding_box": {
                "top_left": [
                    198.44911193847657,
                    207.5885009765625
                ],
                "bottom_right": [
                    354.17742919921877,
                    344.037841796875
                ]
            },
            "cuboid": [
                [ 0.4844958, 13.99035, 160.596 ],
                [ 4.852099, -0.3853855, 169.5461 ],
                [ 4.814141, -1.176485, 168.2939 ],
                [ 0.4465456, 13.19925, 159.3439 ],
                [ -16.45502, 10.52609, 163.2981 ],
                [ -12.08742, -3.849642, 172.2481 ],
                [ -12.12536, -4.640742, 170.996 ],
                [ -16.49297, 9.734983, 162.0459 ]
            ],
            "projected_cuboid": [
                [ 323.6029, 344.0378 ],
                [ 354.1774, 237.2854 ],
                [ 354.1624, 231.6514 ],
                [ 323.3468, 338.9263 ],
                [ 199.6587, 316.981 ],
                [ 236.1937, 213.3091 ],
                [ 235.315, 207.5885 ],
                [ 198.4491, 311.7455 ]
            ]
        },
        {
            "class": "small_fork",
            "visibility": 0.0,
            "location": [
                -53.78663635253906,
                45.83396530151367,
                138.93980407714845
            ],
            "quaternion_xyzw": [
                0.9559326767921448,
                0.03138960152864456,
                -0.010084790177643299,
                0.2917286455631256
            ],
            "pose_transform_permuted": [
                [ 0.997826, 0.06589673, -0.0009662695, 0 ],
                [ 0.05412865, -0.827818, -0.558379, 0 ],
                [ -0.03759525, 0.5571128, -0.8295851, 0 ],
                [ -53.78664, 45.83397, 138.9398, 1 ]
            ],
            "cuboid_centroid": [
                -53.78663635253906,
                45.83396530151367,
                138.93980407714845
            ],
            "projected_cuboid_centroid": [
                -142.32272338867188,
                633.965576171875
            ],
            "bounding_box": {
                "top_left": [
                    -166.644775390625,
                    581.8143310546875
                ],
                "bottom_right": [
                    -119.25323486328125,
                    688.3623046875
                ]
            },