{
    "camera_data": {
        "location_worldframe": [
            12.514549255371094,
            229.4420166015625,
            -53.69997787475586
        ],
        "quaternion_xyzw_worldframe": [
            0.6333141326904297,
            -0.20170240104198457,
            0.17591729760169984,
            0.7261422276496887
        ]
    },
    "objects": [
        {
            "class": "big_fork",
            "visibility": 1.0,
            "location": [
                -3.6304543018341066,
                1.1433285474777222,
                230.34092712402345
            ],
            "quaternion_xyzw": [
                0.05950218811631203,
                0.03413453325629234,
                0.5579624772071838,
                -0.8270260691642761
            ],
            "pose_transform_permuted": [
                [ 0.3750254, 0.9269612, 0.009939678, 0 ],
                [ -0.9188368, 0.3702747, 0.1365113, 0 ],
                [ 0.1228603, -0.06032814, 0.9905887, 0 ],
                [ -3.630454, 1.143329, 230.3409, 1 ]
            ],
            "cuboid_centroid": [
                -3.6304543018341066,
                1.1433285474777222,
                230.34092712402345
            ],
            "projected_cuboid_centroid": [
                301.17706298828127,
                245.9278564453125
            ],
            "bounding_box": {
                "top_left": [
                    263.1875,
                    225.6529541015625
                ],
                "bottom_right": [
                    339.1031188964844,
                    266.199951171875
                ]
            },
            "cuboid": [
                [ 2.784465, 4.885936, 229.1407 ],
                [ 3.669937, 2.716487, 229.4308 ],
                [ -10.05759, -2.766972, 230.3242 ],
                [ -10.94305, -0.5975324, 230.0341 ],
                [ 2.796679, 5.053655, 230.3577 ],
                [ 3.682147, 2.884208, 230.6478 ],
                [ -10.04538, -2.59926, 231.5412 ],
                [ -10.93085, -0.4298188, 231.2511 ]
            ],
            "projected_cuboid": [
                [ 334.5123, 265.465 ],
                [ 339.1031, 254.1401 ],
                [ 267.8503, 225.653 ],
                [ 263.1875, 236.8978 ],
                [ 334.499, 266.2 ],
                [ 339.0656, 254.934 ],
                [ 268.1874, 226.5934 ],
                [ 263.5495, 237.7803 ]
            ]
        },
        {
            "class": "knife",
            "visibility": 0.0,
            "location": [
                54.3251953125,
                -33.366390228271487,
                235.364990234375
            ],
            "quaternion_xyzw": [
                0.06621559709310532,
                0.01695566624403,
                0.25032922625541689,
                -0.9657449126243591
            ],
            "pose_transform_permuted": [
                [ 0.8740956, 0.4857538, 0.0004017018, 0 ],
                [ -0.4812629, 0.8659015, 0.1363838, 0 ],
                [ 0.0659011, -0.1194058, 0.990656, 0 ],
                [ 54.3252, -33.36639, 235.365, 1 ]
            ],
            "cuboid_centroid": [
                54.3251953125,
                -33.366390228271487,
                235.364990234375
            ],
            "projected_cuboid_centroid": [
                595.6493530273438,
                70.6968994140625
            ],
            "bounding_box": {
                "top_left": [
                    556.6442260742188,
                    45.9088134765625
                ],
                "bottom_right": [
                    634.6491088867188,
                    95.54248046875
                ]
            },
            "cuboid": [
                [ 47.6744, -28.546, 234.3003 ],
                [ 62.01566, -36.44206, 235.3815 ],
                [ 60.97569, -38.29588, 235.6372 ],
                [ 46.63443, -30.39982, 234.5559 ],
                [ 47.67472, -28.43688, 235.0928 ],
                [ 62.01597, -36.33296, 236.174 ],
                [ 60.97601, -38.18676, 236.4297 ],
                [ 46.63475, -30.29072, 235.3484 ]
            ],
            "projected_cuboid": [
                [ 563.002, 94.49768 ],
                [ 634.6491, 55.10376 ],
                [ 629.037, 45.90881 ],
                [ 557.4421, 85.21741 ],
                [ 562.1845, 95.54248 ],
                [ 633.5948, 56.27588 ],
                [ 628.0027, 47.1106 ],
                [ 556.6442, 86.29224 ]
            ]
        },
        {
            "class": "teacup",
            "visibility": 0.2574988603591919,
            "location": [
                33.37422561645508,
                -15.217257499694825,
                230.0865936279297
            ],
            "quaternion_xyzw": [
                -0.06732764095067978,
                0.015918906778097154,
                0.22281098365783692,
                0.9724035859107971
            ],
            "pose_transform_permuted": [
                [ 0.9002037, -0.435468, 0.0009565279, 0 ],
                [ 0.4311808, 0.8916445, 0.1380331, 0 ],
                [ -0.06096188, -0.1238455, 0.9904271, 0 ],
                [ 33.37423, -15.21726, 230.0866, 1 ]
            ],
            "cuboid_centroid": [
                33.37422561645508,
                -15.217257499694825,
                230.0865936279297
            ],
            "projected_cuboid_centroid": [
                493.22772216796877,
                161.015380859375
            ],
            "bounding_box": {
                "top_left": [
                    465.5556945800781,
                    136.23779296875
                ],
                "bottom_right": [
                    521.6503295898438,
                    185.2481689453125
                ]
            },
            "cuboid": [
                [ 28.41208, -15.22747, 226.8985 ],
                [ 36.1124, -11.53915, 226.377 ],
                [ 38.3303, -16.08044, 227.0078 ],
                [ 30.62998, -19.76874, 227.5293 ],
                [ 28.41813, -14.35408, 233.1653 ],
                [ 36.11845, -10.66578, 232.6438 ],
                [ 38.33636, -15.20704, 233.2746 ],
                [ 30.63603, -18.89534, 233.7961 ]
            ],
            "projected_cuboid": [
                [ 469.5439, 159.8518 ],
                [ 510.5117, 179.125 ],
                [ 521.6503, 155.4031 ],
                [ 480.7707, 136.2378 ],
                [ 465.5557, 166.4794 ],
                [ 505.4108, 185.2482 ],
                [ 516.2641, 162.1471 ],
                [ 476.4923, 143.4805 ]
            ]
        },
        {
            "class": "packet_cup",
            "visibility": 0.0,
            "location": [
                54.16565704345703,
                -6.895656585693359,
                230.36801147460938
            ],
            "quaternion_xyzw": [
                0.6649479866027832,
                0.14800822734832765,
                -0.6914359331130981,
                0.24052870273590089
            ],
            "pose_transform_permuted": [
                [ 1.984835E-05, 0.5294559, -0.8483374, 0 ],
                [ -0.1357848, -0.840479, -0.5245546, 0 ],
                [ -0.9907383, 0.1152017, 0.07187545, 0 ],
                [ 54.16566, -6.895657, 230.368, 1 ]
            ],
            "cuboid_centroid": [
                54.16565704345703,
                -6.895656585693359,
                230.36801147460938
            ],
            "projected_cuboid_centroid": [
                600.8014526367188,
                204.2520751953125
            ],
            "bounding_box": {
                "top_left": [
                    576.6557006835938,
                    182.310546875
                ],
                "bottom_right": [
                    625.3056640625,
                    225.96728515625
                ]
            },