{
    "camera_data": {
        "location_worldframe": [
            54.26600646972656,
            155.2722625732422,
            -18.653488159179689
        ],
        "quaternion_xyzw_worldframe": [
            0.3900168538093567,
            -0.5954609513282776,
            0.40443217754364016,
            0.5742366909980774
        ]
    },
    "objects": [
        {
            "class": "wine_glass",
            "visibility": 1.0,
            "location": [
                -0.5362266302108765,
                0.14018112421035767,
                162.29991149902345
            ],
            "quaternion_xyzw": [
                -0.11340060830116272,
                0.6070780754089356,
                -0.36314189434051516,
                -0.6976564526557922
            ],
            "pose_transform_permuted": [
                [ -0.0008316636, -0.6443826, -0.7647029, 0 ],
                [ 0.3690105, 0.7105365, -0.5991403, 0 ],
                [ 0.9294249, -0.2826816, 0.237193, 0 ],
                [ -0.5362266, 0.1401811, 162.2999, 1 ]
            ],
            "cuboid_centroid": [
                -0.5362266302108765,
                0.14018112421035767,
                162.29991149902345
            ],
            "projected_cuboid_centroid": [
                316.05426025390627,
                241.031494140625
            ],
            "bounding_box": {
                "top_left": [
                    255.12286376953126,
                    172.1162109375
                ],
                "bottom_right": [
                    375.89788818359377,
                    309.48193359375
                ]
            },
            "cuboid": [
                [ -2.504827, 6.554634, 155.4945 ],
                [ -2.511407, 9.474566, 162.849 ],
                [ 7.476524, -1.538745, 167.2305 ],
                [ 7.4831, -4.458676, 159.8761 ],
                [ -8.548976, 1.819084, 157.3693 ],
                [ -8.555555, 4.739019, 164.7237 ],
                [ 1.432371, -6.274285, 169.1053 ],
                [ 1.438954, -9.194223, 161.7509 ]
            ],
            "projected_cuboid": [
                [ 300.762, 290.342 ],
                [ 301.5826, 309.4819 ],
                [ 373.3927, 229.0112 ],
                [ 375.8979, 206.6942 ],
                [ 255.1229, 253.8048 ],
                [ 257.9717, 274.3582 ],
                [ 330.1157, 195.6897 ],
                [ 330.6242, 172.1162 ]
            ]
        },
        {
            "class": "small_spoon",
            "visibility": 0.0,
            "location": [
                47.13284683227539,
                19.069965362548829,
                152.61068725585938
            ],
            "quaternion_xyzw": [
                0.5423738956451416,
                0.23209886252880097,
                -0.6647448539733887,
                0.4583393335342407
            ],
            "pose_transform_permuted": [
                [ 0.008488819, 0.8611262, -0.5083205, 0 ],
                [ -0.3575887, -0.4721103, -0.8057556, 0 ],
                [ -0.9338406, 0.1886095, 0.3039213, 0 ],
                [ 47.13285, 19.06997, 152.6107, 1 ]
            ],
            "cuboid_centroid": [
                47.13284683227539,
                19.069965362548829,
                152.61068725585938
            ],
            "projected_cuboid_centroid": [
                688.8385009765625,
                389.232177734375
            ],
            "bounding_box": {
                "top_left": [
                    663.8038330078125,
                    366.9176025390625
                ],
                "bottom_right": [
                    715.7650146484375,
                    410.107421875
                ]
            },
            "cuboid": [
                [ 48.63103, 21.19553, 158.202 ],
                [ 48.73236, 16.92683, 147.0543 ],
                [ 46.4225, 18.1932, 146.5483 ],
                [ 46.32116, 22.46191, 157.6961 ],
                [ 47.84319, 19.94671, 158.673 ],
                [ 47.94453, 15.67801, 147.5253 ],
                [ 45.63467, 16.94438, 147.0194 ],
                [ 45.53333, 21.21311, 158.1671 ]
            ],
            "projected_cuboid": [
                [ 687.1124, 400.0037 ],
                [ 715.765, 377.4661 ],
                [ 698.3076, 388.2606 ],
                [ 670.7972, 410.1074 ],
                [ 680.0929, 390.1294 ],
                [ 708.1237, 366.9176 ],
                [ 690.6959, 377.6412 ],
                [ 663.8038, 400.1716 ]
            ]
        }
    ]
}