{
    "camera_data": {
        "location_worldframe": [
            -46.08002471923828,
            205.27432250976563,
            55.63349914550781
        ],
        "quaternion_xyzw_worldframe": [
            0.13528455793857575,
            0.8080791234970093,
            -0.5357949137687683,
            0.2040344476699829
        ]
    },
    "objects": [
        {
            "class": "wine_glass",
            "visibility": 1.0,
            "location": [
                0.7228020429611206,
                -2.0078303813934328,
                218.9739990234375
            ],
            "quaternion_xyzw": [
                -0.6497535109519959,
                0.004712462425231934,
                -0.7070862650871277,
                -0.2789754271507263
            ],
            "pose_transform_permuted": [
                [ 1.364032E-05, -0.4006433, 0.9162343, 0 ],
                [ 0.3883955, -0.8443012, -0.3691948, 0 ],
                [ 0.9214929, 0.3558663, 0.1555963, 0 ],
                [ 0.722802, -2.00783, 218.974, 1 ]
            ],
            "cuboid_centroid": [
                0.7228020429611206,
                -2.0078303813934328,
                218.9739990234375
            ],
            "projected_cuboid_centroid": [
                323.94207763671877,
                229.049560546875
            ],
            "bounding_box": {
                "top_left": [
                    287.0333251953125,
                    176.9462890625
                ],
                "bottom_right": [
                    361.7271423339844,
                    281.023193359375
                ]
            },
            "cuboid": [
                [ -6.003152, -8.628785, 217.4712 ],
                [ -6.003049, -5.555443, 224.7629 ],
                [ 0.2069164, 7.531223, 219.247 ],
                [ 0.2068118, 4.457879, 211.9553 ],
                [ 1.238679, -11.54686, 218.701 ],
                [ 1.238788, -8.473537, 225.9927 ],
                [ 7.448758, 4.613127, 220.4768 ],
                [ 7.448658, 1.539811, 213.1851 ]
            ],
            "projected_cuboid": [
                [ 287.0333, 192.6145 ],
                [ 288.1034, 210.4817 ],
                [ 321.1271, 281.0232 ],
                [ 321.1653, 265.1178 ],
                [ 326.764, 176.9463 ],
                [ 326.5464, 195.2217 ],
                [ 360.3477, 264.9879 ],
                [ 361.7271, 248.626 ]
            ]
        },
        {
            "class": "small_spoon",
            "visibility": 1.0,
            "location": [
                -39.35319137573242,
                27.95192527770996,
                204.1117401123047
            ],
            "quaternion_xyzw": [
                -0.11270129680633545,
                0.6923995018005371,
                -0.1666562259197235,
                0.6928975582122803
            ],
            "pose_transform_permuted": [
                [ -0.01438271, 0.07488275, 0.9970886, 0 ],
                [ -0.38702, 0.9190482, -0.07460447, 0 ],
                [ -0.9219591, -0.3869663, 0.01576272, 0 ],
                [ -39.35319, 27.95193, 204.1117, 1 ]
            ],
            "cuboid_centroid": [
                -39.35319137573242,
                27.95192527770996,
                204.1117401123047
            ],
            "projected_cuboid_centroid": [
                89.74478149414063,
                403.5465087890625
            ],
            "bounding_box": {
                "top_left": [
                    78.15965270996094,
                    386.0374755859375
                ],
                "bottom_right": [
                    100.72297668457031,
                    420.222900390625
                ]
            },
            "cuboid": [
                [ -39.93959, 31.55238, 209.0835 ],
                [ -40.11128, 26.93233, 198.0776 ],
                [ -40.31215, 24.4671, 199.1156 ],
                [ -40.14045, 29.08714, 210.1214 ],
                [ -38.39424, 31.43676, 209.1079 ],
                [ -38.56593, 26.81671, 198.102 ],
                [ -38.76678, 24.35147, 199.14 ],
                [ -38.5951, 28.97152, 210.1459 ]
            ],
            "projected_cuboid": [
                [ 91.87051, 420.2229 ],
                [ 78.15965, 402.3813 ],
                [ 78.21564, 386.7489 ],
                [ 91.85581, 405.321 ],
                [ 100.723, 419.5415 ],
                [ 87.50565, 401.6643 ],
                [ 87.51293, 386.0375 ],
                [ 100.6646, 404.6448 ]
            ]
        }
    ]
}