{
    "camera_data": {
        "location_worldframe": [
            47.220821380615237,
            74.74462127685547,
            15.22185230255127
        ],
        "quaternion_xyzw_worldframe": [
            0.3193097710609436,
            -0.6280452013015747,
            0.31548139452934267,
            0.63566654920578
        ]
    },
    "objects": [
        {
            "class": "mug",
            "visibility": 1.0,
            "location": [
                3.6160690784454347,
                2.5470805168151857,
                83.8695068359375
            ],
            "quaternion_xyzw": [
                0.10266716033220291,
                0.6225383877754211,
                -0.3353343605995178,
                -0.6996115446090698
            ],
            "pose_transform_permuted": [
                [ -6.362796E-06, -0.3413791, -0.9399257, 0 ],
                [ 0.5970361, 0.7540206, -0.2738628, 0 ],
                [ 0.8022144, -0.5611713, 0.2038108, 0 ],
                [ 3.616069, 2.547081, 83.86951, 1 ]
            ],
            "cuboid_centroid": [
                3.6160690784454347,
                2.5470805168151857,
                83.8695068359375
            ],
            "projected_cuboid_centroid": [
                371.4908447265625,
                276.26904296875
            ],
            "bounding_box": {
                "top_left": [
                    298.2381896972656,
                    172.0552978515625
                ],
                "bottom_right": [
                    448.07708740234377,
                    376.757568359375
                ]
            },
            "cuboid": [
                [ 6.095631, 3.161308, 76.50396 ],
                [ 6.095564, 9.778905, 85.39577 ],
                [ 8.655908, 4.123751, 89.60455 ],
                [ 8.655976, -2.493847, 80.71275 ],
                [ -1.423771, 0.9704043, 78.13445 ],
                [ -1.423841, 7.588006, 87.02626 ],
                [ 1.136504, 1.93285, 91.23504 ],
                [ 1.136572, -4.684744, 82.34323 ]
            ],
            "projected_cuboid": [
                [ 415.1552, 289.3492 ],
                [ 405.2462, 376.7576 ],
                [ 435.3666, 294.9617 ],
                [ 448.0771, 203.1001 ],
                [ 298.2382, 254.8323 ],
                [ 300.4607, 344.1298 ],
                [ 334.8767, 265.3008 ],
                [ 336.4841, 172.0553 ]
            ]
        },
        {
            "class": "big_fork",
            "visibility": 0.09103819727897644,
            "location": [
                19.92125701904297,
                -15.419940948486329,
                102.67654418945313
            ],
            "quaternion_xyzw": [
                -0.3718421459197998,
                0.25700750946998598,
                -0.658997118473053,
                -0.6011682748794556
            ],
            "pose_transform_permuted": [
                [ -0.0006601363, -0.9834688, 0.1810763, 0 ],
                [ 0.6012039, -0.1450876, -0.7858138, 0 ],
                [ 0.7990953, 0.108345, 0.5913611, 0 ],
                [ 19.92126, -15.41994, 102.6765, 1 ]
            ],
            "cuboid_centroid": [
                19.92125701904297,
                -15.419940948486329,
                102.67654418945313
            ],
            "projected_cuboid_centroid": [
                551.7090454101563,
                60.6468505859375
            ],
            "bounding_box": {
                "top_left": [
                    463.76983642578127,
                    34.7254638671875
                ],
                "bottom_right": [
                    642.0484619140625,
                    86.6805419921875
                ]
            },
            "cuboid": [
                [ 12.52862, -16.72128, 102.1722 ],
                [ 12.52707, -15.30179, 104.0589 ],
                [ 27.09142, -13.15316, 102.4544 ],
                [ 27.09298, -14.57265, 100.5677 ],
                [ 12.75109, -17.68672, 102.8987 ],
                [ 12.74954, -16.26722, 104.7854 ],
                [ 27.31388, -14.1186, 103.1809 ],
                [ 27.31545, -15.53809, 101.2942 ]
            ],
            "projected_cuboid": [
                [ 466.4429, 44.55054 ],
                [ 463.7698, 64.38538 ],
                [ 635.7903, 86.68054 ],
                [ 641.7333, 66.94751 ],
                [ 467.9909, 34.72546 ],
                [ 465.3085, 54.59985 ],
                [ 636.1415, 76.58582 ],
                [ 642.0485, 56.80627 ]
            ]
        },
        {
            "class": "big_fork",
            "visibility": 0.0,
            "location": [
                -33.7503776550293,
                -15.506436347961426,
                103.35701751708985
            ],
            "quaternion_xyzw": [
                -0.03251173347234726,
                0.31123608350753786,
                0.9467282891273499,
                0.076029933989048
            ],
            "pose_transform_permuted": [
                [ -0.9863247, -0.164197, -0.01423304, 0 ],
                [ 0.1237217, -0.7947029, 0.5942557, 0 ],
                [ -0.1088861, 0.5843683, 0.8041502, 0 ],
                [ -33.75038, -15.50644, 103.357, 1 ]
            ],
            "cuboid_centroid": [
                -33.7503776550293,
                -15.506436347961426,
                103.35701751708985
            ],
            "projected_cuboid_centroid": [
                -69.97447967529297,
                60.8282470703125
            ],
            "bounding_box": {
                "top_left": [
                    -88.85868072509766,
                    -3.7283935546875
                ],
                "bottom_right": [
                    -52.816314697265628,
                    130.53076171875
                ]
            },
            "cuboid": [
                [ -33.79306, -21.90199, 107.3186 ],
                [ -36.12185, -21.60986, 107.0615 ],
                [ -33.69022, -9.840982, 98.40749 ],
                [ -31.36143, -10.1331, 98.66458 ],
                [ -33.81054, -21.17191, 108.3065 ],
                [ -36.13933, -20.87979, 108.0495 ],
                [ -33.70771, -9.110894, 99.39545 ],
                [ -31.37891, -9.403004, 99.65253 ]
            ],
            "projected_cuboid": [
                [ -56.05385, -3.728394 ],
                [ -82.93419, -1.055054 ],
                [ -88.85868, 120.5715 ],
                [ -59.60514, 117.3469 ],
                [ -52.81631, 6.545166 ],
                [ -79.44324, 9.218506 ],
                [ -85.00484, 130.5308 ],
                [ -56.05129, 127.3125 ]
            ]
        },
        {
            "class": "big_spoon",
            "visibility": 0.0,
            "location": [
                -41.17123794555664,
                32.75189971923828,
                66.21021270751953
            ],
            "quaternion_xyzw": [
                0.0668911412358284,
                0.882320761680603,
                0.4463328719139099,
                0.13350199162960053
            ],
            "pose_transform_permuted": [
                [ -0.955406, -0.00113377, 0.2952946, 0 ],
                [ 0.2372115, 0.5926251, 0.7697573, 0 ],
                [ -0.1758717, 0.8054777, -0.5659288, 0 ],
                [ -41.17124, 32.7519, 66.21021, 1 ]
            ],
            "cuboid_centroid": [
                -41.17123794555664,
                32.75189971923828,
                66.21021270751953
            ],
            "projected_cuboid_centroid": [
                -422.61968994140627,
                830.7572021484375
            ],
            "bounding_box": {
                "top_left": [
                    -590.135498046875,
                    763.4326782226563
                ],
                "bottom_right": [
                    -270.0770263671875,
                    899.127197265625
                ]
            },