{
    "camera_data": {
        "location_worldframe": [
            28.98680877685547,
            26.01337432861328,
            67.7442398071289
        ],
        "quaternion_xyzw_worldframe": [
            -0.047076426446437839,
            0.9480335116386414,
            -0.16756726801395417,
            -0.266340970993042
        ]
    },
    "objects": [
        {
            "class": "mug",
            "visibility": 1.0,
            "location": [
                0.2277235984802246,
                -0.5978789925575256,
                60.19061279296875
            ],
            "quaternion_xyzw": [
                -0.057415083050727847,
                0.187656432390213,
                -0.6817566752433777,
                -0.7047669291496277
            ],
            "pose_transform_permuted": [
                [ -1.420081E-05, -0.9825078, -0.1862219, 0 ],
                [ 0.9394105, 0.06382269, -0.3368005, 0 ],
                [ 0.3427943, -0.1749435, 0.9229771, 0 ],
                [ 0.2277236, -0.597879, 60.19061, 1 ]
            ],
            "cuboid_centroid": [
                0.2277235984802246,
                -0.5978789925575256,
                60.19061279296875
            ],
            "projected_cuboid_centroid": [
                324.518310546875,
                228.1373291015625
            ],
            "bounding_box": {
                "top_left": [
                    238.18157958984376,
                    99.09130859375
                ],
                "bottom_right": [
                    420.6563720703125,
                    368.1258544921875
                ]
            },
            "cuboid": [
                [ -2.711712, -4.217596, 53.94288 ],
                [ -2.711872, 6.194901, 57.74244 ],
                [ 4.656936, 5.716236, 59.05452 ],
                [ 4.657094, -4.696262, 55.25496 ],
                [ -4.201489, -6.912001, 61.3267 ],
                [ -4.201651, 3.500504, 65.12627 ],
                [ 3.167158, 3.021829, 66.43833 ],
                [ 3.167318, -7.390666, 62.63878 ]
            ],
            "projected_cuboid": [
                [ 259.9647, 146.6255 ],
                [ 263.9118, 368.1259 ],
                [ 414.1769, 355.5991 ],
                [ 420.6564, 138.4971 ],
                [ 238.1816, 105.3979 ],
                [ 242.952, 304.1907 ],
                [ 376.931, 294.3186 ],
                [ 380.3873, 99.09131 ]
            ]
        },
        {
            "class": "big_fork",
            "visibility": 0.0,
            "location": [
                30.600297927856447,
                3.818162441253662,
                60.8095703125
            ],
            "quaternion_xyzw": [
                -0.4973369240760803,
                -0.29850050806999209,
                -0.6428919434547424,
                -0.5002435445785523
            ],
            "pose_transform_permuted": [
                [ -0.004825205, -0.3462945, 0.9381137, 0 ],
                [ 0.9401157, -0.3213081, -0.113772, 0 ],
                [ 0.3408219, 0.8813863, 0.3271069, 0 ],
                [ 30.6003, 3.818162, 60.80957, 1 ]
            ],
            "cuboid_centroid": [
                30.600297927856447,
                3.818162441253662,
                60.8095703125
            ],
            "projected_cuboid_centroid": [
                920.9678955078125,
                314.9859619140625
            ],
            "bounding_box": {
                "top_left": [
                    805.4698486328125,
                    244.6123046875
                ],
                "bottom_right": [
                    1065.2015380859375,
                    401.6982421875
                ]
            },
            "cuboid": [
                [ 27.46555, 0.3990578, 66.73257 ],
                [ 27.45417, 2.618742, 67.53728 ],
                [ 32.58249, 7.377041, 54.48469 ],
                [ 32.59388, 5.157352, 53.67998 ],
                [ 28.6181, 0.2592778, 67.13445 ],
                [ 28.60671, 2.478966, 67.93916 ],
                [ 33.73503, 7.237261, 54.88655 ],
                [ 33.74643, 5.017577, 54.08186 ]
            ],
            "projected_cuboid": [
                [ 811.5277, 247.1416 ],
                [ 805.4698, 286.307 ],
                [ 1034.179, 401.6982 ],
                [ 1045.139, 354.7393 ],
                [ 829.0881, 244.6123 ],
                [ 822.8578, 283.576 ],
                [ 1054.028, 397.4729 ],
                [ 1065.202, 350.8 ]
            ]
        },
        {
            "class": "big_fork",
            "visibility": 1.0,
            "location": [
                3.6130220890045168,
                -11.621756553649903,
                104.56356048583985
            ],
            "quaternion_xyzw": [
                0.23755885660648347,
                0.5153920650482178,
                0.7461413145065308,
                -0.34815236926078799
            ],
            "pose_transform_permuted": [
                [ -0.6447117, 0.7644137, -0.004364997, 0 ],
                [ -0.2746698, -0.2263222, 0.934524, 0 ],
                [ 0.7133749, 0.6036972, 0.3558736, 0 ],
                [ 3.613022, -11.62176, 104.5636, 1 ]
            ],
            "cuboid_centroid": [
                3.6130220890045168,
                -11.621756553649903,
                104.56356048583985
            ],
            "projected_cuboid_centroid": [
                361.26556396484377,
                107.263916015625
            ],
            "bounding_box": {
                "top_left": [
                    286.73284912109377,
                    85.3951416015625
                ],
                "bottom_right": [
                    431.0159912109375,
                    131.3724365234375
                ]
            },
            "cuboid": [
                [ 10.03698, -13.54739, 107.9729 ],
                [ 8.514763, -14.1959, 109.6572 ],
                [ -2.805568, -10.84426, 100.717 ],
                [ -1.283352, -10.19574, 99.03265 ],
                [ 10.03161, -12.39926, 108.4101 ],
                [ 8.509396, -13.04777, 110.0945 ],
                [ -2.810932, -9.696128, 101.1542 ],
                [ -1.288717, -9.047615, 99.46987 ]
            ],
            "projected_cuboid": [
                [ 431.016, 90.15637 ],
                [ 412.7327, 85.39514 ],
                [ 286.7328, 111.4137 ],
                [ 304.5238, 117.0474 ],
                [ 430.5092, 103.4086 ],
                [ 412.3062, 98.4635 ],
                [ 286.8133, 125.5247 ],
                [ 304.5274, 131.3724 ]
            ]
        },
        {
            "class": "big_spoon",
            "visibility": 0.0,
            "location": [
                -52.53622817993164,
                -4.083226680755615,
                81.02095031738281
            ],
            "quaternion_xyzw": [
                -0.06133173778653145,
                0.918486475944519,
                0.16488409042358399,
                -0.35416698455810549
            ],
            "pose_transform_permuted": [
                [ -0.7416083, 0.004128255, -0.6708204, 0 ],
                [ -0.2294577, 0.9381033, 0.2594443, 0 ],
                [ 0.63037, 0.346331, -0.6947579, 0 ],
                [ -52.53623, -4.083227, 81.02095, 1 ]
            ],
            "cuboid_centroid": [
                -52.53622817993164,
                -4.083226680755615,
                81.02095031738281
            ],
            "projected_cuboid_centroid": [
                -454.3887939453125,
                179.8128662109375
            ],
            "bounding_box": {
                "top_left": [
                    -510.2774658203125,
                    133.9678955078125
                ],
                "bottom_right": [
                    -393.5295104980469,
                    231.42626953125
                ]
            },