{
    "camera_data": {
        "location_worldframe": [
            69.29744720458985,
            149.41685485839845,
            54.6220588684082
        ],
        "quaternion_xyzw_worldframe": [
            -0.2700003981590271,
            0.7295835018157959,
            -0.4296451210975647,
            -0.45848965644836428
        ]
    },
    "objects": [
        {
            "class": "mug",
            "visibility": 1.0,
            "location": [
                -1.3310346603393555,
                1.029400110244751,
                163.4925079345703
            ],
            "quaternion_xyzw": [
                -0.10662561655044556,
                0.5595848560333252,
                -0.43228524923324587,
                -0.6990172863006592
            ],
            "pose_transform_permuted": [
                [ -1.147389E-05, -0.7236819, -0.6901336, 0 ],
                [ 0.4850176, 0.6035209, -0.6328669, 0 ],
                [ 0.8745043, -0.3347343, 0.3509915, 0 ],
                [ -1.331035, 1.0294, 163.4925, 1 ]
            ],
            "cuboid_centroid": [
                -1.3310346603393555,
                1.029400110244751,
                163.4925079345703
            ],
            "projected_cuboid_centroid": [
                310.2772521972656,
                247.5194091796875
            ],
            "bounding_box": {
                "top_left": [
                    268.81890869140627,
                    192.221923828125
                ],
                "bottom_right": [
                    351.2197570800781,
                    301.356689453125
                ]
            },
            "cuboid": [
                [ -1.284243, 3.136078, 155.9868 ],
                [ -1.284371, 8.512046, 165.6798 ],
                [ 4.143241, 3.985657, 168.1903 ],
                [ 4.143369, -1.390329, 158.4973 ],
                [ -6.80531, -1.926861, 158.7947 ],
                [ -6.805439, 3.449114, 168.4878 ],
                [ -1.377822, -1.077288, 170.9983 ],
                [ -1.377699, -6.453265, 161.3052 ]
            ],
            "projected_cuboid": [
                [ 310.1677, 264.0103 ],
                [ 310.742, 301.3567 ],
                [ 349.4196, 268.3007 ],
                [ 351.2198, 229.524 ],
                [ 268.8189, 225.5085 ],
                [ 271.7625, 264.4476 ],
                [ 310.3773, 232.4762 ],
                [ 309.7999, 192.2219 ]
            ]
        },
        {
            "class": "big_fork",
            "visibility": 0.39938029646873476,
            "location": [
                24.67453384399414,
                -10.601649284362793,
                174.92958068847657
            ],
            "quaternion_xyzw": [
                -0.5311264395713806,
                0.14665701985359193,
                -0.6927823424339294,
                -0.4652407765388489
            ],
            "pose_transform_permuted": [
                [ -0.00291134, -0.800408, 0.5994484, 0 ],
                [ 0.4888344, -0.5240853, -0.6974062, 0 ],
                [ 0.8723717, 0.2910006, 0.3927929, 0 ],
                [ 24.67453, -10.60165, 174.9296, 1 ]
            ],
            "cuboid_centroid": [
                24.67453384399414,
                -10.601649284362793,
                174.92958068847657
            ],
            "projected_cuboid_centroid": [
                488.4547424316406,
                167.621826171875
            ],
            "bounding_box": {
                "top_left": [
                    443.37945556640627,
                    135.083251953125
                ],
                "bottom_right": [
                    535.0728759765625,
                    200.672607421875
                ]
            },
            "cuboid": [
                [ 18.38305, -14.63097, 175.8132 ],
                [ 18.37617, -13.47681, 177.8729 ],
                [ 30.22955, -5.715521, 173.5634 ],
                [ 30.23642, -6.869703, 171.5037 ],
                [ 19.11951, -15.48778, 176.2957 ],
                [ 19.11264, -14.33362, 178.3555 ],
                [ 30.96602, -6.572346, 174.046 ],
                [ 30.9729, -7.72652, 171.9863 ]
            ],
            "projected_cuboid": [
                [ 444.8716, 140.6154 ],
                [ 443.3795, 149.5154 ],
                [ 528.0037, 200.6726 ],
                [ 530.5496, 192.1632 ],
                [ 449.5187, 135.0833 ],
                [ 447.977, 144.0231 ],
                [ 532.4804, 194.9023 ],
                [ 535.0729, 186.3478 ]
            ]
        },
        {
            "class": "big_fork",
            "visibility": 0.9840061664581299,
            "location": [
                -23.188974380493165,
                -31.602880477905275,
                187.14222717285157
            ],
            "quaternion_xyzw": [
                0.030852997675538064,
                0.24407637119293214,
                0.9584780931472778,
                -0.1442035734653473
            ],
            "pose_transform_permuted": [
                [ -0.956507, 0.2914929, -0.01124952, 0 ],
                [ -0.261371, -0.8392643, 0.4767819, 0 ],
                [ 0.1295372, 0.4589855, 0.8789496, 0 ],
                [ -23.18897, -31.60288, 187.1422, 1 ]
            ],
            "cuboid_centroid": [
                -23.188974380493165,
                -31.602880477905275,
                187.14222717285157
            ],
            "projected_cuboid_centroid": [
                172.0185546875,
                38.3248291015625
            ],
            "bounding_box": {
                "top_left": [
                    147.59535217285157,
                    -1.287841796875
                ],
                "bottom_right": [
                    195.47325134277345,
                    79.2332763671875
                ]
            },
            "cuboid": [
                [ -19.89449, -37.80159, 189.848 ],
                [ -22.15288, -38.41873, 190.1538 ],
                [ -26.46964, -25.98991, 183.3566 ],
                [ -24.21125, -25.3728, 183.0508 ],
                [ -19.90831, -37.21584, 190.9278 ],
                [ -22.1667, -37.83297, 191.2337 ],
                [ -26.48347, -25.40416, 184.4365 ],
                [ -24.22507, -24.78704, 184.1306 ]
            ],
            "projected_cuboid": [
                [ 194.8519, 2.205566 ],
                [ 180.8694, -1.287842 ],
                [ 147.5954, 70.71997 ],
                [ 162.0414, 74.46326 ],
                [ 195.4733, 7.214355 ],
                [ 181.5687, 3.732666 ],
                [ 148.5152, 75.50391 ],
                [ 162.8781, 79.23328 ]
            ]
        },
        {
            "class": "big_spoon",
            "visibility": 0.0,
            "location": [
                -56.90900802612305,
                12.729781150817871,
                161.42459106445313
            ],
            "quaternion_xyzw": [
                -0.040375761687755588,
                0.857498049736023,
                0.5081663727760315,
                -0.06952708959579468
            ],
            "pose_transform_permuted": [
                [ -0.987072, 0.001418382, -0.1602739, 0 ],
                [ -0.1399069, 0.4802735, 0.865889, 0 ],
                [ 0.07820348, 0.8771178, -0.4738663, 0 ],
                [ -56.90901, 12.72978, 161.4246, 1 ]
            ],
            "cuboid_centroid": [
                -56.90900802612305,
                12.729781150817871,
                161.42459106445313
            ],
            "projected_cuboid_centroid": [
                -101.02592468261719,
                334.1778564453125
            ],
            "bounding_box": {
                "top_left": [
                    -160.68443298339845,
                    314.4906005859375
                ],
                "bottom_right": [
                    -42.3541259765625,
                    353.760986328125
                ]
            },