{
    "camera_data": {
        "location_worldframe": [
            26.980304718017579,
            247.0856170654297,
            43.421016693115237
        ],
        "quaternion_xyzw_worldframe": [
            -0.110446497797966,
            0.763687014579773,
            -0.6214179992675781,
            -0.13573241233825684
        ]
    },
    "objects": [
        {
            "class": "bowl",
            "visibility": 1.0,
            "location": [
                1.1575050354003907,
                -3.5497891902923586,
                250.51278686523438
            ],
            "quaternion_xyzw": [
                -0.5382246375083923,
                -0.40484941005706789,
                -0.32962870597839358,
                -0.6616313457489014
            ],
            "pose_transform_permuted": [
                [ 0.4548838, -0.000385493, 0.8905507, 0 ],
                [ 0.8719852, 0.2033183, -0.4453126, 0 ],
                [ -0.1808935, 0.9791125, 0.0928224, 0 ],
                [ 1.157505, -3.549789, 250.5128, 1 ]
            ],
            "cuboid_centroid": [
                1.1575050354003907,
                -3.5497891902923586,
                250.51278686523438
            ],
            "projected_cuboid_centroid": [
                325.51812744140627,
                223.0772705078125
            ],
            "bounding_box": {
                "top_left": [
                    285.2377624511719,
                    181.6953125
                ],
                "bottom_right": [
                    366.07781982421877,
                    264.3370361328125
                ]
            },
            "cuboid": [
                [ -7.248989, -5.784164, 253.1438 ],
                [ -1.564527, 5.1126, 250.8833 ],
                [ -1.562889, 4.248497, 246.722 ],
                [ -7.247347, -6.648283, 248.9826 ],
                [ 3.877899, -11.34806, 254.3036 ],
                [ 9.562346, -0.4513038, 252.043 ],
                [ 9.563985, -1.3154, 247.8818 ],
                [ 3.879531, -12.21218, 250.1423 ]
            ],
            "projected_cuboid": [
                [ 285.8015, 212.712 ],
                [ 312.5525, 264.337 ],
                [ 312.4348, 260.5648 ],
                [ 285.2378, 208.1112 ],
                [ 338.2113, 186.7074 ],
                [ 365.3093, 237.8616 ],
                [ 366.0778, 233.6626 ],
                [ 338.5221, 181.6953 ]
            ]
        }
    ]
}