{
    "camera_data": {
        "location_worldframe": [
            -67.98797607421875,
            118.08524322509766,
            51.585655212402347
        ],
        "quaternion_xyzw_worldframe": [
            0.18691498041152955,
            0.8126845359802246,
            -0.37585508823394778,
            0.40415292978286745
        ]
    },
    "objects": [
        {
            "class": "bowl",
            "visibility": 1.0,
            "location": [
                1.5731199979782105,
                2.1282308101654054,
                149.84896850585938
            ],
            "quaternion_xyzw": [
                0.15721583366394044,
                0.8415030241012573,
                0.38911962509155276,
                0.3402083218097687
            ],
            "pose_transform_permuted": [
                [ -0.7190828, -0.0001682639, 0.6949242, 0 ],
                [ 0.5293587, 0.6477382, 0.5479184, 0 ],
                [ -0.4502211, 0.7618629, -0.4656883, 0 ],
                [ 1.57312, 2.128231, 149.849, 1 ]
            ],
            "cuboid_centroid": [
                1.5731199979782105,
                2.1282308101654054,
                149.84896850585938
            ],
            "projected_cuboid_centroid": [
                332.537353515625,
                256.96142578125
            ],
            "bounding_box": {
                "top_left": [
                    261.5387878417969,
                    193.62109375
                ],
                "bottom_right": [
                    403.9078369140625,
                    323.868408203125
                ]
            },
            "cuboid": [
                [ 1.724445, -3.225843, 157.1903 ],
                [ -7.261573, 3.389289, 151.5641 ],
                [ -7.260859, 0.6364013, 148.3262 ],
                [ 1.72516, -5.978734, 153.9523 ],
                [ 10.4071, 3.620059, 151.3718 ],
                [ 1.421073, 10.2352, 145.7456 ],
                [ 1.42179, 7.482298, 142.5077 ],
                [ 10.40781, 0.8671799, 148.1339 ]
            ],
            "projected_cuboid": [
                [ 333.1015, 215.4916 ],
                [ 262.7821, 266.7061 ],
                [ 261.5388, 245.124 ],
                [ 333.3826, 193.6211 ],
                [ 402.1074, 268.5607 ],
                [ 331.6444, 323.8684 ],
                [ 331.915, 302.7039 ],
                [ 403.9078, 246.9912 ]
            ]
        }
    ]
}