{
    "camera_data": {
        "location_worldframe": [
            32.86882019042969,
            81.75121307373047,
            -40.833740234375
        ],
        "quaternion_xyzw_worldframe": [
            0.5922435522079468,
            -0.22293561697006226,
            0.1750490963459015,
            0.7542579770088196
        ]
    },
    "objects": [
        {
            "class": "small_plates",
            "visibility": 1.0,
            "location": [
                3.433997869491577,
                -1.8269015550613404,
                83.42536163330078
            ],
            "quaternion_xyzw": [
                0.5294867753982544,
                0.45667514204978945,
                -0.5816899538040161,
                -0.4156060814857483
            ],
            "pose_transform_permuted": [
                [ -0.09383076, 9.915233E-05, -0.9955882, 0 ],
                [ 0.9671147, -0.2374389, -0.09117082, 0 ],
                [ -0.2364003, -0.9714025, 0.02218312, 0 ],
                [ 3.433998, -1.826902, 83.42536, 1 ]
            ],
            "cuboid_centroid": [
                3.433997869491577,
                -1.8269015550613404,
                83.42536163330078
            ],
            "projected_cuboid_centroid": [
                369.1585998535156,
                213.847412109375
            ],
            "bounding_box": {
                "top_left": [
                    286.57196044921877,
                    132.626708984375
                ],
                "bottom_right": [
                    450.37640380859377,
                    296.318359375
                ]
            },
            "cuboid": [
                [ 9.151641, -6.600926, 83.82962 ],
                [ 8.166591, 3.552022, 81.34784 ],
                [ 8.166443, 3.904103, 82.78826 ],
                [ 9.151493, -6.248843, 85.27004 ],
                [ -1.298449, -7.557895, 84.06245 ],
                [ -2.283499, 2.595046, 81.5807 ],
                [ -2.283647, 2.947132, 83.02111 ],
                [ -1.298596, -7.205811, 85.50288 ]
            ],
            "projected_cuboid": [
                [ 450.3764, 145.9617 ],
                [ 439.8926, 292.1467 ],
                [ 437.8044, 296.3184 ],
                [ 448.172, 152.4813 ],
                [ 301.5532, 132.6267 ],
                [ 286.572, 277.9888 ],
                [ 287.1498, 282.3944 ],
                [ 301.8619, 139.3533 ]
            ]
        }
    ]
}