{
    "camera_data": {
        "location_worldframe": [
            27.44137954711914,
            160.15200805664063,
            -64.37525177001953
        ],
        "quaternion_xyzw_worldframe": [
            0.6123755574226379,
            -0.014541261829435826,
            0.011266754008829594,
            0.790353000164032
        ]
    },
    "objects": [
        {
            "class": "small_plates",
            "visibility": 1.0,
            "location": [
                -1.8109017610549927,
                -2.5106329917907717,
                164.86264038085938
            ],
            "quaternion_xyzw": [
                -0.6683754324913025,
                -0.3270336389541626,
                0.4222153425216675,
                0.5177427530288696
            ],
            "pose_transform_permuted": [
                [ 0.4295664, -3.537536E-05, -0.9030353, 0 ],
                [ 0.8743603, -0.249983, 0.4159358, 0 ],
                [ -0.2257581, -0.9682503, -0.1073534, 0 ],
                [ -1.810902, -2.510633, 164.8626, 1 ]
            ],
            "cuboid_centroid": [
                -1.8109017610549927,
                -2.5106329917907717,
                164.86264038085938
            ],
            "projected_cuboid_centroid": [
                306.8819274902344,
                221.8131103515625
            ],
            "bounding_box": {
                "top_left": [
                    256.17926025390627,
                    171.8369140625
                ],
                "bottom_right": [
                    357.85455322265627,
                    272.4180908203125
                ]
            },
            "cuboid": [
                [ 0.6735463, -9.468483, 165.8932 ],
                [ 5.18322, -0.2892917, 163.5231 ],
                [ 5.183268, 0.08138818, 164.9589 ],
                [ 0.6736032, -9.0978, 167.329 ],
                [ -8.805071, -5.102658, 164.7664 ],
                [ -4.295403, 4.07653, 162.3963 ],
                [ -4.295353, 4.447223, 163.8321 ],
                [ -8.805019, -4.731978, 166.2021 ]
            ],
            "projected_cuboid": [
                [ 324.8488, 171.8369 ],
                [ 357.8546, 237.8872 ],
                [ 357.5254, 240.5892 ],
                [ 324.8076, 175.0674 ],
                [ 256.1793, 203.015 ],
                [ 288.4118, 269.9786 ],
                [ 288.689, 272.4181 ],
                [ 256.731, 205.998 ]
            ]
        }
    ]
}