{
    "camera_data": {
        "location_worldframe": [
            -52.07672882080078,
            93.40416717529297,
            41.97435760498047
        ],
        "quaternion_xyzw_worldframe": [
            0.19659358263015748,
            0.8017926812171936,
            -0.36964279413223269,
            0.4264313876628876
        ]
    },
    "objects": [
        {
            "class": "big_fork",
            "visibility": 1.0,
            "location": [
                0.5700000524520874,
                0.16287486255168916,
                121.26799011230469
            ],
            "quaternion_xyzw": [
                -0.3286665678024292,
                0.12173214554786682,
                0.33019858598709109,
                0.8764293193817139
            ],
            "pose_transform_permuted": [
                [ 0.7523004, -0.65881, -0.003671229, 0 ],
                [ 0.4987729, 0.5658944, 0.6564976, 0 ],
                [ -0.4304297, -0.4957145, 0.7543191, 0 ],
                [ 0.5700001, 0.1628749, 121.268, 1 ]
            ],
            "cuboid_centroid": [
                0.5700000524520874,
                0.16287486255168916,
                121.26799011230469
            ],
            "projected_cuboid_centroid": [
                325.6134033203125,
                241.60400390625
            ],
            "bounding_box": {
                "top_left": [
                    267.2717590332031,
                    192.03759765625
                ],
                "bottom_right": [
                    381.0638427734375,
                    294.303466796875
                ]
            },
            "cuboid": [
                [ -5.194082, 3.360987, 117.6422 ],
                [ -3.417841, 4.538629, 116.6259 ],
                [ 6.338593, -3.841803, 123.967 ],
                [ 4.562351, -5.019441, 124.9833 ],
                [ -5.198589, 4.167544, 118.5689 ],
                [ -3.42235, 5.34518, 117.5526 ],
                [ 6.334084, -3.035246, 124.8938 ],
                [ 4.557843, -4.212887, 125.91 ]
            ],
            "projected_cuboid": [
                [ 267.2718, 274.1194 ],
                [ 285.0011, 286.4758 ],
                [ 381.0638, 202.9894 ],
                [ 363.5947, 192.0376 ],
                [ 267.6385, 281.9766 ],
                [ 285.2312, 294.3035 ],
                [ 380.5676, 210.9764 ],
                [ 363.2311, 200.0408 ]
            ]
        }
    ]
}