{
    "camera_data": {
        "location_worldframe": [
            14.138364791870118,
            191.8744659423828,
            -17.745023727416993
        ],
        "quaternion_xyzw_worldframe": [
            0.5111340284347534,
            -0.40263018012046816,
            0.29392555356025698,
            0.7001705169677734
        ]
    },
    "objects": [
        {
            "class": "water_glass",
            "visibility": 1.0,
            "location": [
                -0.6219810843467712,
                0.11248902976512909,
                198.90072631835938
            ],
            "quaternion_xyzw": [
                0.6337752938270569,
                0.7577741742134094,
                -0.11917722970247269,
                0.09951861202716828
            ],
            "pose_transform_permuted": [
                [ -0.1768498, 0.9842378, -0.0002379119, 0 ],
                [ 0.9367964, 0.1682514, -0.3067637, 0 ],
                [ -0.3018884, -0.05447398, -0.9517856, 0 ],
                [ -0.6219811, 0.112489, 198.9007, 1 ]
            ],
            "cuboid_centroid": [
                -0.6219810843467712,
                0.11248902976512909,
                198.90072631835938
            ],
            "projected_cuboid_centroid": [
                316.26544189453127,
                240.6754150390625
            ],
            "bounding_box": {
                "top_left": [
                    299.1167907714844,
                    223.12255859375
                ],
                "bottom_right": [
                    333.25518798828127,
                    258.02392578125
                ]
            },
            "cuboid": [
                [ 2.192632, -0.7261391, 201.2716 ],
                [ 1.485548, 3.019411, 200.0646 ],
                [ -3.435644, 2.178154, 200.337 ],
                [ -2.728556, -1.567385, 201.544 ],
                [ 2.191682, -1.953178, 197.4645 ],
                [ 1.484592, 1.792352, 196.2575 ],
                [ -3.436595, 0.9510955, 196.5298 ],
                [ -2.729507, -2.794451, 197.7368 ]
            ],
            "projected_cuboid": [
                [ 333.0101, 235.6914 ],
                [ 328.8678, 258.0239 ],
                [ 299.5193, 252.9845 ],
                [ 303.8318, 230.7124 ],
                [ 333.2552, 228.1873 ],
                [ 329.034, 250.9067 ],
                [ 299.1168, 245.7795 ],
                [ 303.5148, 223.1226 ]
            ]
        },
        {
            "class": "small_plates",
            "visibility": 1.0,
            "location": [
                7.0938215255737309,
                54.24203872680664,
                178.1593780517578
            ],
            "quaternion_xyzw": [
                -0.9884771108627319,
                0.06093599647283554,
                -0.01038221176713705,
                -0.13817386329174043
            ],
            "pose_transform_permuted": [
                [ 0.992358, -0.1233368, 0.003685633, 0 ],
                [ -0.1175986, -0.9543896, -0.2744287, 0 ],
                [ 0.03736468, 0.2718981, -0.9616004, 0 ],
                [ 7.093822, 54.24204, 178.1594, 1 ]
            ],
            "cuboid_centroid": [
                7.0938215255737309,
                54.24203872680664,
                178.1593780517578
            ],
            "projected_cuboid_centroid": [
                367.5520324707031,
                603.600830078125
            ],
            "bounding_box": {
                "top_left": [
                    331.5641784667969,
                    593.5693969726563
                ],
                "bottom_right": [
                    405.6405334472656,
                    614.2646484375
                ]
            },
            "cuboid": [
                [ 1.774067, 55.59198, 183.2115 ],
                [ 12.19202, 54.35741, 183.6038 ],
                [ 12.3749, 55.77261, 183.2006 ],
                [ 1.95695, 57.00718, 182.8083 ],
                [ 1.812745, 52.71147, 173.1182 ],
                [ 12.23069, 51.47691, 173.5104 ],
                [ 12.41358, 52.8921, 173.1072 ],
                [ 1.995628, 54.12667, 172.715 ]
            ],
            "projected_cuboid": [
                [ 331.5642, 602.3739 ],
                [ 399.3033, 593.5694 ],
                [ 400.6701, 603.5731 ],
                [ 332.7844, 612.4184 ],
                [ 332.5052, 603.6302 ],
                [ 404.1827, 594.3108 ],
                [ 405.6405, 604.8994 ],
                [ 333.799, 614.2646 ]
            ]
        }
    ]
}