{
    "camera_data": {
        "location_worldframe": [
            -28.659778594970704,
            203.94155883789063,
            28.197607040405275
        ],
        "quaternion_xyzw_worldframe": [
            0.10515373200178147,
            0.7994451522827148,
            -0.5729790329933167,
            0.14671505987644196
        ]
    },
    "objects": [
        {
            "class": "small_plates",
            "visibility": 1.0,
            "location": [
                -0.19385050237178803,
                -2.178537607192993,
                214.89401245117188
            ],
            "quaternion_xyzw": [
                -0.5547869801521301,
                -0.25070032477378847,
                -0.17966432869434358,
                -0.7727105617523193
            ],
            "pose_transform_permuted": [
                [ 0.8097401, 0.000513494, 0.5867884, 0 ],
                [ 0.5558276, 0.3198643, -0.7672957, 0 ],
                [ -0.1880867, 0.9474633, 0.2587215, 0 ],
                [ -0.1938505, -2.178538, 214.894, 1 ]
            ],
            "cuboid_centroid": [
                -0.19385050237178803,
                -2.178537607192993,
                214.89401245117188
            ],
            "projected_cuboid_centroid": [
                318.9226989746094,
                227.8929443359375
            ],
            "bounding_box": {
                "top_left": [
                    277.9749755859375,
                    188.3759765625
                ],
                "bottom_right": [
                    359.71771240234377,
                    268.0185546875
                ]
            },
            "cuboid": [
                [ -7.523449, -0.8320549, 215.226 ],
                [ 0.977347, 5.003109, 213.2514 ],
                [ 0.9765855, 4.528802, 211.8465 ],
                [ -7.524209, -1.306373, 213.821 ],
                [ -1.364286, -8.885902, 217.9416 ],
                [ 7.136511, -3.050716, 215.967 ],
                [ 7.135751, -3.525025, 214.5621 ],
                [ -1.365043, -9.36021, 216.5366 ]
            ],
            "projected_cuboid": [
                [ 278.2535, 235.3831 ],
                [ 325.4734, 268.0186 ],
                [ 325.5054, 265.5305 ],
                [ 277.975, 232.7035 ],
                [ 312.5241, 191.3079 ],
                [ 359.4635, 223.1301 ],
                [ 359.7177, 220.3796 ],
                [ 312.4714, 188.376 ]
            ]
        }
    ]
}