{
    "camera_data": {
        "location_worldframe": [
            7.750850677490234,
            58.845062255859378,
            -56.5309944152832
        ],
        "quaternion_xyzw_worldframe": [
            0.42622828483581545,
            0.2164616733789444,
            -0.10581254959106446,
            0.871938943862915
        ]
    },
    "objects": [
        {
            "class": "wine_glass",
            "visibility": 0.8462650179862976,
            "location": [
                3.2072293758392336,
                -0.5673623085021973,
                69.501953125
            ],
            "quaternion_xyzw": [
                -0.5808924436569214,
                -0.7462381720542908,
                0.25649595260620119,
                -0.1997557431459427
            ],
            "pose_transform_permuted": [
                [ -0.2453232, 0.9694413, 0.0001375973, 0 ],
                [ 0.7644951, 0.1935476, -0.6148874, 0 ],
                [ -0.5961238, -0.1507409, -0.7886149, 0 ],
                [ 3.207229, -0.5673623, 69.50195, 1 ]
            ],
            "cuboid_centroid": [
                3.2072293758392336,
                -0.5673623085021973,
                69.501953125
            ],
            "projected_cuboid_centroid": [
                375.1100158691406,
                230.2509765625
            ],
            "bounding_box": {
                "top_left": [
                    223.35311889648438,
                    111.506591796875
                ],
                "bottom_right": [
                    526.6232299804688,
                    350.4052734375
                ]
            },
            "cuboid": [
                [ 11.69046, 0.3379636, 73.80882 ],
                [ 9.749247, 6.387318, 69.09176 ],
                [ -5.277092, 3.387329, 71.42825 ],
                [ -3.335879, -2.662025, 76.1453 ],
                [ 11.69155, -4.522056, 67.57567 ],
                [ 9.750332, 1.527301, 62.8586 ],
                [ -5.276006, -1.472691, 65.1951 ],
                [ -3.334794, -7.522045, 69.91215 ]
            ],
            "projected_cuboid": [
                [ 509.1563, 245.4684 ],
                [ 488.5165, 350.4053 ],
                [ 231.7688, 296.635 ],
                [ 267.6804, 198.249 ],
                [ 526.6232, 160.0823 ],
                [ 505.2474, 269.0173 ],
                [ 223.3531, 213.0229 ],
                [ 263.0342, 111.5066 ]
            ]
        },
        {
            "class": "small_spoon",
            "visibility": 0.0,
            "location": [
                -69.63944244384766,
                -17.462987899780275,
                86.70165252685547
            ],
            "quaternion_xyzw": [
                -0.22670455276966096,
                0.2354736328125,
                0.6956076622009277,
                0.6397554874420166
            ],
            "pose_transform_permuted": [
                [ -0.07863572, -0.9968035, -0.01410374, 0 ],
                [ 0.7832718, -0.07052997, 0.6176655, 0 ],
                [ -0.616686, 0.03752357, 0.7863144, 0 ],
                [ -69.63944, -17.46299, 86.70165, 1 ]
            ],
            "cuboid_centroid": [
                -69.63944244384766,
                -17.462987899780275,
                86.70165252685547
            ],
            "projected_cuboid_centroid": [
                -639.2359619140625,
                -0.540771484375
            ],
            "bounding_box": {
                "top_left": [
                    -714.5571899414063,
                    -61.96142578125
                ],
                "bottom_right": [
                    -570.938232421875,
                    65.4678955078125
                ]
            },
            "cuboid": [
                [ -70.49608, -22.7114, 89.82349 ],
                [ -71.4348, -13.36109, 82.46181 ],
                [ -68.76099, -13.17189, 82.36115 ],
                [ -67.82227, -22.52221, 89.72284 ],
                [ -70.51794, -21.75409, 91.04217 ],
                [ -71.45666, -12.40379, 83.68049 ],
                [ -68.78284, -12.2146, 83.57984 ],
                [ -67.84413, -21.56491, 90.94152 ]
            ],
            "projected_cuboid": [
                [ -617.287, -61.96143 ],
                [ -714.5572, 46.49756 ],
                [ -677.0507, 49.00439 ],
                [ -582.7487, -59.78198 ],
                [ -605.0272, -45.36182 ],
                [ -699.8023, 62.97778 ],
                [ -662.8248, 65.4679 ],
                [ -570.9382, -43.19324 ]
            ]
        },
        {
            "class": "bowl",
            "visibility": 0.6288884878158569,
            "location": [
                -13.883030891418457,
                11.391715049743653,
                62.50708770751953
            ],
            "quaternion_xyzw": [
                -0.877541720867157,
                -0.09388555586338043,
                0.1927025467157364,
                0.4289192855358124
            ],
            "pose_transform_permuted": [
                [ 0.9081025, -0.00053069, -0.4187477, 0 ],
                [ 0.3300847, -0.6144275, 0.7166052, 0 ],
                [ -0.2576704, -0.7889731, -0.557788, 0 ],
                [ -13.88303, 11.39172, 62.50709, 1 ]
            ],
            "cuboid_centroid": [
                -13.883030891418457,
                11.391715049743653,
                62.50708770751953
            ],
            "projected_cuboid_centroid": [
                54.751739501953128,
                457.64935302734377
            ],
            "bounding_box": {
                "top_left": [
                    -129.17788696289063,
                    304.252197265625
                ],
                "bottom_right": [
                    218.90585327148438,
                    628.793212890625
                ]
            },
            "cuboid": [
                [ -16.94221, 3.546838, 65.92511 ],
                [ -5.594108, 7.671739, 62.70514 ],
                [ -5.591853, 10.28305, 66.05827 ],
                [ -16.93995, 6.158152, 69.27824 ],
                [ -22.17421, 12.50037, 58.95589 ],
                [ -10.8261, 16.62528, 55.73592 ],
                [ -10.82385, 19.23659, 59.08905 ],
                [ -22.17195, 15.11169, 62.30904 ]
            ],
            "projected_cuboid": [
                [ 13.08596, 304.2522 ],
                [ 213.4569, 386.1128 ],
                [ 218.9059, 425.9056 ],
                [ 27.97983, 346.1576 ],
                [ -129.1779, 493.2173 ],
                [ 88.02853, 596.2307 ],
                [ 101.2378, 628.7932 ],
                [ -104.9623, 529.6407 ]
            ]
        },
        {
            "class": "small_fork",
            "visibility": 1.0,
            "location": [
                -7.659785270690918,
                0.515703022480011,
                73.04302978515625
            ],
            "quaternion_xyzw": [
                -0.31956809759140017,
                0.06057615205645561,
                0.16997386515140534,
                0.9302233457565308
            ],
            "pose_transform_permuted": [
                [ 0.9348788, -0.3549437, 0.004062258, 0 ],
                [ 0.2775109, 0.7379702, 0.6151322, 0 ],
                [ -0.2213351, -0.5739467, 0.7884135, 0 ],
                [ -7.659785, 0.515703, 73.04303, 1 ]
            ],
            "cuboid_centroid": [
                -7.659785270690918,
                0.515703022480011,
                73.04302978515625
            ],
            "projected_cuboid_centroid": [
                194.76223754882813,
                248.4317626953125
            ],
            "bounding_box": {
                "top_left": [
                    136.94900512695313,
                    170.78271484375
                ],
                "bottom_right": [
                    247.17559814453126,
                    333.2462158203125
                ]
            },