{
    "camera_data": {
        "location_worldframe": [
            -13.049906730651856,
            20.469097137451173,
            36.18095016479492
        ],
        "quaternion_xyzw_worldframe": [
            0.46463748812675478,
            0.4189825654029846,
            -0.2653762698173523,
            0.733581006526947
        ]
    },
    "objects": [
        {
            "class": "big_fork",
            "visibility": 0.38597291707992556,
            "location": [
                1.935038447380066,
                2.356053590774536,
                20.40528106689453
            ],
            "quaternion_xyzw": [
                0.15162310004234315,
                0.9638687372207642,
                -0.21634869277477265,
                0.034068744629621509
            ],
            "pose_transform_permuted": [
                [ -0.9516994, 0.307031, 6.8672E-05, 0 ],
                [ 0.2775481, 0.8604074, -0.4273947, 0 ],
                [ -0.1312825, -0.4067323, -0.904065, 0 ],
                [ 1.935038, 2.356054, 20.40528, 1 ]
            ],
            "cuboid_centroid": [
                1.935038447380066,
                2.356053590774536,
                20.40528106689453
            ],
            "projected_cuboid_centroid": [
                433.25164794921877,
                377.892333984375
            ],
            "bounding_box": {
                "top_left": [
                    243.11260986328126,
                    1.0560302734375
                ],
                "bottom_right": [
                    694.72705078125,
                    869.3765869140625
                ]
            },
            "cuboid": [
                [ 5.331956, 8.6619, 18.10394 ],
                [ 3.084917, 9.317213, 17.79397 ],
                [ -1.461961, -3.424706, 23.81734 ],
                [ 0.7850806, -4.08002, 24.1273 ],
                [ 5.332039, 8.136813, 16.99323 ],
                [ 3.084996, 8.792126, 16.68326 ],
                [ -1.461875, -3.949794, 22.70663 ],
                [ 0.7851608, -4.605105, 23.01659 ]
            ],
            "projected_cuboid": [
                [ 671.7313, 811.3966 ],
                [ 527.0466, 865.3322 ],
                [ 246.6939, 68.27734 ],
                [ 358.86, 38.04663 ],
                [ 694.7271, 811.842 ],
                [ 540.8367, 869.3766 ],
                [ 243.1126, 32.26038 ],
                [ 360.7394, 1.05603 ]
            ]
        }
    ]
}