{
    "camera_data": {
        "location_worldframe": [
            28.37117576599121,
            129.48049926757813,
            1.2048423290252686
        ],
        "quaternion_xyzw_worldframe": [
            0.5177603960037231,
            -0.2944144904613495,
            0.19566254317760468,
            0.7790767550468445
        ]
    },
    "objects": [
        {
            "class": "big_fork",
            "visibility": 1.0,
            "location": [
                -1.8296048641204835,
                3.2066619396209719,
                137.9930419921875
            ],
            "quaternion_xyzw": [
                0.6494948863983154,
                -0.7342691421508789,
                0.14793293178081513,
                0.13084755837917329
            ],
            "pose_transform_permuted": [
                [ -0.1220707, -0.9925215, 8.717179E-06, 0 ],
                [ -0.9150948, 0.1125445, -0.3872148, 0 ],
                [ 0.384318, -0.04727554, -0.9219896, 0 ],
                [ -1.829605, 3.206662, 137.993, 1 ]
            ],
            "cuboid_centroid": [
                -1.8296048641204835,
                3.2066619396209719,
                137.9930419921875
            ],
            "projected_cuboid_centroid": [
                304.1657409667969,
                267.751953125
            ],
            "bounding_box": {
                "top_left": [
                    239.0436553955078,
                    249.1160888671875
                ],
                "bottom_right": [
                    369.255615234375,
                    286.4521484375
                ]
            },
            "cuboid": [
                [ -9.034715, 5.358185, 137.7556 ],
                [ -9.322933, 3.19757, 138.6631 ],
                [ 5.375488, 1.530874, 139.3632 ],
                [ 5.663705, 3.691485, 138.4558 ],
                [ -9.0347, 4.882459, 136.6229 ],
                [ -9.322918, 2.721846, 137.5303 ],
                [ 5.375499, 1.055152, 138.2304 ],
                [ 5.663717, 3.215769, 137.323 ]
            ],
            "projected_cuboid": [
                [ 241.6746, 286.4521 ],
                [ 239.7049, 267.5396 ],
                [ 366.0646, 253.1187 ],
                [ 368.8525, 271.8411 ],
                [ 241.0254, 282.6788 ],
                [ 239.0437, 263.6354 ],
                [ 366.4422, 249.1161 ],
                [ 369.2556, 267.9666 ]
            ]
        }
    ]
}