{
    "camera_data": {
        "location_worldframe": [
            -44.9049186706543,
            159.53749084472657,
            -62.91034698486328
        ],
        "quaternion_xyzw_worldframe": [
            0.5819901823997498,
            0.27524253726005556,
            -0.21843083202838899,
            0.7333600521087647
        ]
    },
    "objects": [
        {
            "class": "mug",
            "visibility": 1.0,
            "location": [
                -3.027681350708008,
                0.8593257665634155,
                159.35768127441407
            ],
            "quaternion_xyzw": [
                -0.6987459659576416,
                -0.28091639280319216,
                0.35397350788116457,
                0.5545654296875
            ],
            "pose_transform_permuted": [
                [ 0.5915775, -2.455711E-05, -0.8062482, 0 ],
                [ 0.7851813, -0.2270864, 0.5761268, 0 ],
                [ -0.1831021, -0.9738746, -0.1343199, 0 ],
                [ -3.027681, 0.8593258, 159.3577, 1 ]
            ],
            "cuboid_centroid": [
                -3.027681350708008,
                0.8593257665634155,
                159.35768127441407
            ],
            "projected_cuboid_centroid": [
                297.30999755859377,
                246.43994140625
            ],
            "bounding_box": {
                "top_left": [
                    247.11874389648438,
                    189.51123046875
                ],
                "bottom_right": [
                    346.7409973144531,
                    301.8875732421875
                ]
            },
            "cuboid": [
                [ -3.081324, -6.648277, 157.2577 ],
                [ 3.475766, 2.054736, 155.2282 ],
                [ 3.475954, 3.757895, 162.5322 ],
                [ -3.081142, -4.945122, 164.5618 ],
                [ -9.531306, -2.039249, 156.1831 ],
                [ -2.974215, 6.663761, 154.1536 ],
                [ -2.974029, 8.366901, 161.4577 ],
                [ -9.531122, -0.3361017, 163.4872 ]
            ],
            "projected_cuboid": [
                [ 296.5996, 189.5112 ],
                [ 346.741, 255.8082 ],
                [ 345.5406, 267.6123 ],
                [ 297.6396, 204.1123 ],
                [ 247.1187, 224.4069 ],
                [ 296.9582, 291.6254 ],
                [ 298.002, 301.8876 ],
                [ 250.3762, 237.5448 ]
            ]
        },
        {
            "class": "knife",
            "visibility": 0.848842203617096,
            "location": [
                -38.91908264160156,
                -17.277633666992189,
                167.03387451171876
            ],
            "quaternion_xyzw": [
                0.9923643469810486,
                -0.048058029264211658,
                0.005138580221682787,
                0.11347689479589462
            ],
            "pose_transform_permuted": [
                [ 0.9953281, -0.09654836, -0.0007082643, 0 ],
                [ -0.09421593, -0.9696268, -0.2257147, 0 ],
                [ 0.02110564, 0.2247269, -0.9741931, 0 ],
                [ -38.91908, -17.27763, 167.0339, 1 ]
            ],
            "cuboid_centroid": [
                -38.91908264160156,
                -17.277633666992189,
                167.03387451171876
            ],
            "projected_cuboid_centroid": [
                41.73694610595703,
                116.4686279296875
            ],
            "bounding_box": {
                "top_left": [
                    -18.0352783203125,
                    102.8956298828125
                ],
                "bottom_right": [
                    101.2789306640625,
                    130.04541015625
                ]
            },
            "cuboid": [
                [ -47.18731, -17.45241, 167.491 ],
                [ -30.85701, -18.9982, 167.8373 ],
                [ -30.6503, -16.9223, 167.3561 ],
                [ -46.98061, -15.37652, 167.0099 ],
                [ -47.18787, -17.63297, 166.7116 ],
                [ -30.85757, -19.17877, 167.0579 ],
                [ -30.65086, -17.10288, 166.5768 ],
                [ -46.98117, -15.55708, 166.2305 ]
            ],
            "projected_cuboid": [
                [ -16.45832, 115.5596 ],
                [ 100.4351, 104.8171 ],
                [ 101.2789, 119.2422 ],
                [ -15.94952, 130.0454 ],
                [ -18.03528, 113.6843 ],
                [ 99.40678, 102.8956 ],
                [ 100.2516, 117.3826 ],
                [ -17.52861, 128.2327 ]
            ]
        },
        {
            "class": "small_spoon",
            "visibility": 1.0,
            "location": [
                -12.305036544799805,
                3.410881519317627,
                161.8378448486328
            ],
            "quaternion_xyzw": [
                -0.10933970659971237,
                0.047551967203617099,
                0.4043622314929962,
                0.9067936539649963
            ],
            "pose_transform_permuted": [
                [ 0.66846, -0.7437449, -0.002186053, 0 ],
                [ 0.7229476, 0.6490721, 0.2367535, 0 ],
                [ -0.1746653, -0.1598407, 0.9715673, 0 ],
                [ -12.30504, 3.410882, 161.8378, 1 ]
            ],
            "cuboid_centroid": [
                -12.305036544799805,
                3.410881519317627,
                161.8378448486328
            ],
            "projected_cuboid_centroid": [
                229.19696044921876,
                265.1700439453125
            ],
            "bounding_box": {
                "top_left": [
                    192.4652862548828,
                    225.594482421875
                ],
                "bottom_right": [
                    265.9628601074219,
                    304.99267578125
                ]
            },
            "cuboid": [
                [ -17.29071, -0.2171666, 161.9131 ],
                [ -9.310976, 8.413031, 159.828 ],
                [ -7.315971, 6.671968, 160.2568 ],
                [ -15.29571, -1.95822, 162.3419 ],
                [ -17.2941, 0.149782, 163.4189 ],
                [ -9.314361, 8.779954, 161.3338 ],
                [ -7.319356, 7.038911, 161.7626 ],
                [ -15.2991, -1.591272, 163.8477 ]
            ],
            "projected_cuboid": [
                [ 192.4653, 238.3982 ],
                [ 250.4272, 302.8633 ],
                [ 265.4803, 289.7205 ],
                [ 207.4782, 225.5945 ],
                [ 193.6156, 241.0946 ],
                [ 251.0515, 304.9927 ],
                [ 265.9629, 291.9667 ],
                [ 208.4876, 228.4015 ]
            ]
        },
        {
            "class": "big_fork",
            "visibility": 0.0,
            "location": [
                -18.505409240722658,
                -49.139442443847659,
                174.23995971679688
            ],
            "quaternion_xyzw": [
                0.9874396324157715,
                0.10904600471258164,
                -0.012574747204780579,
                0.11363935470581055
            ],
            "pose_transform_permuted": [
                [ 0.9759017, 0.2182107, -4.97736E-05, 0 ],
                [ 0.2124947, -0.9503903, -0.2271665, 0 ],
                [ -0.04961744, 0.2216816, -0.9738562, 0 ],
                [ -18.50541, -49.13944, 174.24, 1 ]
            ],
            "cuboid_centroid": [
                -18.505409240722658,
                -49.139442443847659,
                174.23995971679688
            ],
            "projected_cuboid_centroid": [
                193.16226196289063,
                -96.80615234375
            ],
            "bounding_box": {
                "top_left": [
                    172.3426513671875,
                    -145.279541015625
                ],
                "bottom_right": [
                    213.4671173095703,
                    -47.7158203125
                ]
            },