{
    "camera_data": {
        "location_worldframe": [
            -57.117061614990237,
            170.75096130371095,
            36.23942565917969
        ],
        "quaternion_xyzw_worldframe": [
            0.2137092649936676,
            0.7830142974853516,
            -0.451505184173584,
            0.3706212341785431
        ]
    },
    "objects": [
        {
            "class": "water_glass",
            "visibility": 1.0,
            "location": [
                3.7923035621643068,
                0.8583263158798218,
                194.0225830078125
            ],
            "quaternion_xyzw": [
                -0.10928745567798615,
                0.23595969378948213,
                0.8775041103363037,
                0.40294626355171206
            ],
            "pose_transform_permuted": [
                [ -0.6513808, -0.7587489, -0.001642227, 0 ],
                [ 0.6555991, -0.5639144, 0.5021852, 0 ],
                [ -0.3819585, 0.3260373, 0.8647586, 0 ],
                [ 3.792304, 0.8583263, 194.0226, 1 ]
            ],
            "cuboid_centroid": [
                3.7923035621643068,
                0.8583263158798218,
                194.0225830078125
            ],
            "projected_cuboid_centroid": [
                343.3425598144531,
                245.283203125
            ],
            "bounding_box": {
                "top_left": [
                    323.5982971191406,
                    222.342529296875
                ],
                "bottom_right": [
                    363.45263671875,
                    268.188232421875
                ]
            },
            "cuboid": [
                [ 3.200904, -2.866456, 193.8717 ],
                [ 0.5965275, -0.2452052, 192.3446 ],
                [ 4.390273, 2.574369, 190.7144 ],
                [ 6.994649, -0.04688337, 192.2415 ],
                [ 3.194334, -0.8577132, 197.3308 ],
                [ 0.5899555, 1.763532, 195.8036 ],
                [ 4.383701, 4.583107, 194.1734 ],
                [ 6.988083, 1.961857, 195.7006 ]
            ],
            "projected_cuboid": [
                [ 339.7177, 222.3425 ],
                [ 323.7038, 238.4775 ],
                [ 347.4919, 256.1207 ],
                [ 363.4526, 239.7087 ],
                [ 339.3323, 234.8091 ],
                [ 323.5983, 250.7562 ],
                [ 346.9618, 268.1882 ],
                [ 362.6445, 251.9722 ]
            ]
        },
        {
            "class": "big_spoon",
            "visibility": 1.0,
            "location": [
                -28.376482009887697,
                0.34825727343559267,
                195.49693298339845
            ],
            "quaternion_xyzw": [
                0.11798261106014252,
                0.9586536884307861,
                -0.25728243589401247,
                0.02948050945997238
            ],
            "pose_transform_permuted": [
                [ -0.9704223, 0.2413786, -0.004186511, 0 ],
                [ 0.2110393, 0.8397717, -0.5002459, 0 ],
                [ -0.1172329, -0.4863331, -0.8658736, 0 ],
                [ -28.37648, 0.3482573, 195.4969, 1 ]
            ],
            "cuboid_centroid": [
                -28.376482009887697,
                0.34825727343559267,
                195.49693298339845
            ],
            "projected_cuboid_centroid": [
                146.653076171875,
                242.12744140625
            ],
            "bounding_box": {
                "top_left": [
                    98.91111755371094,
                    221.0308837890625
                ],
                "bottom_right": [
                    193.95843505859376,
                    263.4085693359375
                ]
            },
            "cuboid": [
                [ -20.72749, 0.6661491, 196.395 ],
                [ -35.20802, 3.815243, 194.6457 ],
                [ -36.01735, 0.9995227, 196.2763 ],
                [ -21.53682, -2.149561, 198.0257 ],
                [ -20.7356, -0.3030038, 194.7175 ],
                [ -35.21613, 2.846116, 192.9682 ],
                [ -36.02547, 0.03039333, 194.5988 ],
                [ -21.54494, -3.118722, 196.3482 ]
            ],
            "projected_cuboid": [
                [ 193.9584, 244.0508 ],
                [ 103.9798, 263.4086 ],
                [ 100.85, 246.0817 ],
                [ 190.1154, 227.0364 ],
                [ 192.8228, 238.1416 ],
                [ 102.0517, 257.6143 ],
                [ 98.91112, 240.1865 ],
                [ 188.9564, 221.0309 ]
            ]
        }
    ]
}