{
    "camera_data": {
        "location_worldframe": [
            -27.297765731811525,
            81.56221771240235,
            -19.449270248413087
        ],
        "quaternion_xyzw_worldframe": [
            0.3053220510482788,
            0.6855840682983398,
            -0.3951619565486908,
            0.5297168493270874
        ]
    },
    "objects": [
        {
            "class": "water_glass",
            "visibility": 1.0,
            "location": [
                -2.5757663249969484,
                2.372544527053833,
                90.11277770996094
            ],
            "quaternion_xyzw": [
                -0.056402090936899188,
                0.253621369600296,
                0.9434958100318909,
                0.20569559931755067
            ],
            "pose_transform_permuted": [
                [ -0.9090163, -0.4167554, -0.002092667, 0 ],
                [ 0.3595363, -0.7867311, 0.5017847, 0 ],
                [ -0.2107679, 0.4553781, 0.86499, 0 ],
                [ -2.575766, 2.372545, 90.11278, 1 ]
            ],
            "cuboid_centroid": [
                -2.5757663249969484,
                2.372544527053833,
                90.11277770996094
            ],
            "projected_cuboid_centroid": [
                285.8636169433594,
                271.443115234375
            ],
            "bounding_box": {
                "top_left": [
                    247.20919799804688,
                    222.5181884765625
                ],
                "bottom_right": [
                    323.91717529296877,
                    320.183837890625
                ]
            },
            "cuboid": [
                [ -1.796237, -1.316602, 89.94259 ],
                [ -5.430704, 0.120909, 89.09989 ],
                [ -3.346926, 4.05456, 86.82299 ],
                [ 0.2875435, 2.617046, 87.6657 ],
                [ -1.804604, 0.6905313, 93.40255 ],
                [ -5.439075, 2.128044, 92.55985 ],
                [ -3.355296, 6.061709, 90.28296 ],
                [ 0.2791719, 4.624191, 91.12566 ]
            ],
            "projected_cuboid": [
                [ 296.1496, 222.5182 ],
                [ 247.2092, 241.6206 ],
                [ 273.9628, 295.7708 ],
                [ 323.9172, 275.6516 ],
                [ 296.9261, 248.8292 ],
                [ 249.8222, 267.4572 ],
                [ 275.6164, 320.1838 ],
                [ 323.6587, 300.6028 ]
            ]
        },
        {
            "class": "big_spoon",
            "visibility": 0.18257026374340058,
            "location": [
                -31.30217170715332,
                -9.6856689453125,
                98.27719116210938
            ],
            "quaternion_xyzw": [
                0.08996930718421936,
                -0.9614031314849854,
                0.25867900252342226,
                0.02635931596159935
            ],
            "pose_transform_permuted": [
                [ -0.9824216, -0.1866307, -0.004137516, 0 ],
                [ -0.1593563, 0.8499814, -0.5021327, 0 ],
                [ 0.0972302, -0.4926465, -0.8647809, 0 ],
                [ -31.30217, -9.685669, 98.27719, 1 ]
            ],
            "cuboid_centroid": [
                -31.30217170715332,
                -9.6856689453125,
                98.27719116210938
            ],
            "projected_cuboid_centroid": [
                -60.38139343261719,
                122.300537109375
            ],
            "bounding_box": {
                "top_left": [
                    -157.86502075195313,
                    85.745849609375
                ],
                "bottom_right": [
                    35.258636474609378,
                    159.39013671875
                ]
            },
            "cuboid": [
                [ -24.28125, -6.58534, 97.56354 ],
                [ -38.94084, -8.963243, 99.0144 ],
                [ -38.31507, -11.81319, 100.6662 ],
                [ -23.65549, -9.435295, 99.21536 ],
                [ -24.28927, -7.558144, 95.88816 ],
                [ -38.94886, -9.936039, 97.33903 ],
                [ -38.32309, -12.78599, 98.99085 ],
                [ -23.66351, -10.4081, 97.53999 ]
            ],
            "projected_cuboid": [
                [ 22.77792, 159.3901 ],
                [ -149.6826, 131.8904 ],
                [ -134.5519, 99.85388 ],
                [ 35.25864, 126.4272 ],
                [ 17.48495, 145.8657 ],
                [ -157.865, 118.0944 ],
                [ -142.3416, 85.74585 ],
                [ 30.26968, 112.5657 ]
            ]
        }
    ]
}