{
    "camera_data": {
        "location_worldframe": [
            6.328707695007324,
            22.188899993896486,
            59.701847076416019
        ],
        "quaternion_xyzw_worldframe": [
            -0.0065808226354420189,
            0.9815216064453125,
            -0.18813075125217439,
            -0.03433367609977722
        ]
    },
    "objects": [
        {
            "class": "small_fork",
            "visibility": 1.0,
            "location": [
                0.5833805799484253,
                -0.6275956630706787,
                59.176002502441409
            ],
            "quaternion_xyzw": [
                0.4910736680030823,
                0.27204298973083498,
                0.4010010361671448,
                -0.7239043116569519
            ],
            "pose_transform_permuted": [
                [ 0.5303816, 0.8477591, -2.408028E-05, 0 ],
                [ -0.3133865, 0.1960897, 0.9291598, 0 ],
                [ 0.7877083, -0.4928017, 0.3696785, 0 ],
                [ 0.5833806, -0.6275957, 59.176, 1 ]
            ],
            "cuboid_centroid": [
                0.5833805799484253,
                -0.6275956630706787,
                59.176002502441409
            ],
            "projected_cuboid_centroid": [
                331.7734375,
                227.334228515625
            ],
            "bounding_box": {
                "top_left": [
                    223.56524658203126,
                    191.553955078125
                ],
                "bottom_right": [
                    448.3427429199219,
                    267.5877685546875
                ]
            },
            "cuboid": [
                [ 5.104336, 0.3733293, 55.3312 ],
                [ 6.106156, -0.2186149, 56.81907 ],
                [ -3.93755, -2.541755, 62.65747 ],
                [ -4.93937, -1.949811, 61.16959 ],
                [ 5.104311, 1.286565, 55.69453 ],
                [ 6.106133, 0.694616, 57.18242 ],
                [ -3.937574, -1.628525, 63.02081 ],
                [ -4.939394, -1.036582, 61.53293 ]
            ],
            "projected_cuboid": [
                [ 430.1709, 248.0579 ],
                [ 448.3427, 235.405 ],
                [ 244.95, 191.554 ],
                [ 223.5652, 201.9325 ],
                [ 429.4516, 267.5878 ],
                [ 447.5267, 254.5071 ],
                [ 245.3822, 209.1392 ],
                [ 224.1342, 219.8816 ]
            ]
        },
        {
            "class": "knife",
            "visibility": 1.0,
            "location": [
                -16.59968376159668,
                -8.603199005126954,
                79.4780044555664
            ],
            "quaternion_xyzw": [
                0.714684009552002,
                0.4171973466873169,
                -0.28382018208503725,
                0.48437508940696719
            ],
            "pose_transform_permuted": [
                [ 0.4907849, 0.8712794, -0.001523495, 0 ],
                [ 0.3213777, -0.1826543, -0.9291683, 0 ],
                [ -0.8098435, 0.4555322, -0.3696537, 0 ],
                [ -16.59968, -8.603199, 79.478, 1 ]
            ],
            "cuboid_centroid": [
                -16.59968376159668,
                -8.603199005126954,
                79.4780044555664
            ],
            "projected_cuboid_centroid": [
                70.56903839111328,
                110.7261962890625
            ],
            "bounding_box": {
                "top_left": [
                    18.815231323242189,
                    76.917236328125
                ],
                "bottom_right": [
                    130.78721618652345,
                    151.048583984375
                ]
            },
            "cuboid": [
                [ -19.69254, -11.06347, 86.75703 ],
                [ -11.64026, -5.790644, 73.46996 ],
                [ -13.5056, -5.3996, 72.49471 ],
                [ -21.55789, -10.67242, 85.78178 ],
                [ -19.69376, -11.8068, 86.4613 ],
                [ -11.64148, -6.533974, 73.17424 ],
                [ -13.50682, -6.142924, 72.19898 ],
                [ -21.55911, -11.41575, 85.48605 ]
            ],
            "projected_cuboid": [
                [ 48.92172, 87.70544 ],
                [ 130.7872, 145.8729 ],
                [ 97.51276, 151.0486 ],
                [ 19.87051, 91.41821 ],
                [ 47.97771, 76.91724 ],
                [ 130.0027, 133.3608 ],
                [ 96.58131, 138.3888 ],
                [ 18.81523, 80.51978 ]
            ]
        }
    ]
}