{
    "camera_data": {
        "location_worldframe": [
            28.967016220092775,
            221.7973175048828,
            67.9108657836914
        ],
        "quaternion_xyzw_worldframe": [
            -0.019168702885508539,
            0.7915121912956238,
            -0.6103467345237732,
            -0.02485842816531658
        ]
    },
    "objects": [
        {
            "class": "big_plates",
            "visibility": 1.0,
            "location": [
                0.15603366494178773,
                -0.7187482118606567,
                228.34107971191407
            ],
            "quaternion_xyzw": [
                -0.7754356861114502,
                -0.12388001382350922,
                0.16065171360969544,
                0.5979501008987427
            ],
            "pose_transform_permuted": [
                [ 0.9176896, -1.445413E-06, -0.3972983, 0 ],
                [ 0.3842454, -0.2542189, 0.8875406, 0 ],
                [ -0.101002, -0.9671468, -0.2332935, 0 ],
                [ 0.1560337, -0.7187482, 228.3411, 1 ]
            ],
            "cuboid_centroid": [
                0.15603366494178773,
                -0.7187482118606567,
                228.34107971191407
            ],
            "projected_cuboid_centroid": [
                320.8160705566406,
                236.2408447265625
            ],
            "bounding_box": {
                "top_left": [
                    260.1742248535156,
                    177.668701171875
                ],
                "bottom_right": [
                    380.8490295410156,
                    295.956787109375
                ]
            },
            "cuboid": [
                [ -4.392021, -12.03295, 230.5491 ],
                [ 11.6568, -5.313148, 228.7827 ],
                [ 11.65681, -4.936483, 230.2157 ],
                [ -4.39202, -11.65629, 231.982 ],
                [ -11.34475, 3.498984, 226.4665 ],
                [ 4.704082, 10.2188, 224.7001 ],
                [ 4.704083, 10.59545, 226.133 ],
                [ -11.34474, 3.875642, 227.8994 ]
            ],
            "projected_cuboid": [
                [ 297.2491, 177.6687 ],
                [ 380.849, 212.2651 ],
                [ 380.4703, 214.3917 ],
                [ 297.3896, 179.9928 ],
                [ 260.1742, 258.4517 ],
                [ 345.0017, 294.3118 ],
                [ 344.8433, 295.9568 ],
                [ 260.5504, 260.3094 ]
            ]
        },
        {
            "class": "big_spoon",
            "visibility": 0.0,
            "location": [
                54.37421417236328,
                12.609654426574707,
                224.59254455566407
            ],
            "quaternion_xyzw": [
                0.22571155428886414,
                -0.9655851721763611,
                0.12539659440517426,
                0.031229639425873758
            ],
            "pose_transform_permuted": [
                [ -0.8961581, -0.4437196, -0.003702831, 0 ],
                [ -0.4280553, 0.86666, -0.25626, 0 ],
                [ 0.1169167, -0.2280644, -0.9666009, 0 ],
                [ 54.37421, 12.60965, 224.5925, 1 ]
            ],
            "cuboid_centroid": [
                54.37421417236328,
                12.609654426574707,
                224.59254455566407
            ],
            "projected_cuboid_centroid": [
                609.13134765625,
                307.051025390625
            ],
            "bounding_box": {
                "top_left": [
                    568.066162109375,
                    280.96484375
                ],
                "bottom_right": [
                    650.721435546875,
                    333.2113037109375
                ]
            },
            "cuboid": [
                [ 60.3201, 17.50453, 224.2742 ],
                [ 46.94773, 11.11713, 226.0188 ],
                [ 48.43549, 8.211252, 226.7835 ],
                [ 61.80787, 14.59865, 225.0389 ],
                [ 60.31293, 17.00806, 222.4016 ],
                [ 46.94056, 10.62066, 224.1462 ],
                [ 48.42832, 7.714791, 224.9109 ],
                [ 61.8007, 14.10218, 223.1663 ]
            ],
            "projected_cuboid": [
                [ 641.2035, 333.2113 ],
                [ 568.0662, 298.7416 ],
                [ 575.0643, 283.241 ],
                [ 648.0074, 317.4734 ],
                [ 643.8695, 331.3302 ],
                [ 570.1004, 296.5872 ],
                [ 577.15, 280.9648 ],
                [ 650.7214, 315.4667 ]
            ]
        },
        {
            "class": "water_glass",
            "visibility": 1.0,
            "location": [
                -10.613558769226075,
                -39.43560791015625,
                237.21653747558595
            ],
            "quaternion_xyzw": [
                0.18186816573143006,
                -0.7072655558586121,
                -0.0027105137705802919,
                -0.6831485629081726
            ],
            "pose_transform_permuted": [
                [ -0.0004638744, -0.2609615, 0.965349, 0 ],
                [ -0.2535548, 0.9338332, 0.2523201, 0 ],
                [ -0.9673208, -0.2446519, -0.06660124, 0 ],
                [ -10.61356, -39.43561, 237.2165, 1 ]
            ],
            "cuboid_centroid": [
                -10.613558769226075,
                -39.43560791015625,
                237.21653747558595
            ],
            "projected_cuboid_centroid": [
                266.5664978027344,
                41.463134765625
            ],
            "bounding_box": {
                "top_left": [
                    252.87474060058595,
                    23.5323486328125
                ],
                "bottom_right": [
                    279.98260498046877,
                    59.215087890625
                ]
            },
            "cuboid": [
                [ -13.19574, -37.09878, 238.6719 ],
                [ -13.19759, -38.11255, 234.8043 ],
                [ -11.89278, -42.78172, 236.0276 ],
                [ -11.89093, -41.76793, 239.8952 ],
                [ -9.334343, -36.08951, 238.4055 ],
                [ -9.336197, -37.10329, 234.5379 ],
                [ -8.031384, -41.77245, 235.7612 ],
                [ -8.029531, -40.75866, 239.6287 ]
            ],
            "projected_cuboid": [
                [ 253.9717, 54.3667 ],
                [ 252.8747, 46.15283 ],
                [ 259.8247, 23.53235 ],
                [ 260.8041, 32.06909 ],
                [ 273.241, 59.21509 ],
                [ 272.4605, 51.07178 ],
                [ 279.3167, 28.40027 ],
                [ 279.9826, 36.86792 ]
            ]
        }
    ]
}