{
    "camera_data": {
        "location_worldframe": [
            -52.65563201904297,
            198.90736389160157,
            45.24563980102539
        ],
        "quaternion_xyzw_worldframe": [
            0.1191326305270195,
            0.7755080461502075,
            -0.6006104350090027,
            0.15382403135299684
        ]
    },
    "objects": [
        {
            "class": "mug",
            "visibility": 1.0,
            "location": [
                -2.2364187240600588,
                -4.283956050872803,
                200.40850830078126
            ],
            "quaternion_xyzw": [
                -0.035228706896305087,
                0.6748265027999878,
                -0.2109493911266327,
                -0.7063061594963074
            ],
            "pose_transform_permuted": [
                [ 0.0002190843, -0.3455362, -0.9384053, 0 ],
                [ 0.2504432, 0.9085186, -0.334473, 0 ],
                [ 0.9681312, -0.234944, 0.08673625, 0 ],
                [ -2.236419, -4.283956, 200.4085, 1 ]
            ],
            "cuboid_centroid": [
                -2.2364187240600588,
                -4.283956050872803,
                200.40850830078126
            ],
            "projected_cuboid_centroid": [
                306.6729431152344,
                214.471435546875
            ],
            "bounding_box": {
                "top_left": [
                    275.25885009765627,
                    176.616943359375
                ],
                "bottom_right": [
                    337.16949462890627,
                    250.794677734375
                ]
            },
            "cuboid": [
                [ 0.2202332, -0.927081, 193.8151 ],
                [ 0.222659, 1.848856, 204.5459 ],
                [ 2.814183, -4.96505, 206.308 ],
                [ 2.81176, -7.740966, 195.5772 ],
                [ -7.287009, -3.60287, 194.509 ],
                [ -7.28458, -0.8269277, 205.2398 ],
                [ -4.693063, -7.640814, 207.0019 ],
                [ -4.695487, -10.41674, 196.2711 ]
            ],
            "projected_cuboid": [
                [ 321.3571, 234.2875 ],
                [ 321.3, 250.7947 ],
                [ 336.2905, 211.2588 ],
                [ 337.1695, 192.7312 ],
                [ 275.2589, 217.8789 ],
                [ 277.6122, 235.1882 ],
                [ 292.9243, 195.9178 ],
                [ 291.4292, 176.6169 ]
            ]
        }
    ]
}