{
    "camera_data": {
        "location_worldframe": [
            25.673616409301759,
            102.49959564208985,
            68.6122817993164
        ],
        "quaternion_xyzw_worldframe": [
            -0.12850697338581086,
            0.8664340376853943,
            -0.3876706063747406,
            -0.2872098684310913
        ]
    },
    "objects": [
        {
            "class": "mug",
            "visibility": 1.0,
            "location": [
                1.129869818687439,
                -3.854387044906616,
                132.9483642578125
            ],
            "quaternion_xyzw": [
                -0.4578607380390167,
                -0.7067508101463318,
                0.017795205116271974,
                0.5390270352363586
            ],
            "pose_transform_permuted": [
                [ 0.0003732646, 0.6280027, -0.778211, 0 ],
                [ 0.666371, 0.5800937, 0.4684451, 0 ],
                [ 0.7456201, -0.5187522, -0.4182663, 0 ],
                [ 1.12987, -3.854387, 132.9484, 1 ]
            ],
            "cuboid_centroid": [
                1.129869818687439,
                -3.854387044906616,
                132.9483642578125
            ],
            "projected_cuboid_centroid": [
                330.14947509765627,
                205.3765869140625
            ],
            "bounding_box": {
                "top_left": [
                    279.8481750488281,
                    135.4254150390625
                ],
                "bottom_right": [
                    381.2779541015625,
                    274.7890625
                ]
            },
            "cuboid": [
                [ 6.595658, -7.245868, 128.5439 ],
                [ 6.599794, 0.1402438, 136.8084 ],
                [ 1.889771, -4.210465, 140.699 ],
                [ 1.885641, -11.59658, 132.4345 ],
                [ 0.3699699, -3.498308, 125.1977 ],
                [ 0.3741044, 3.887797, 133.4622 ],
                [ -4.335915, -0.462894, 137.3529 ],
                [ -4.340051, -7.849014, 129.0883 ]
            ],
            "projected_cuboid": [
                [ 381.278, 172.6812 ],
                [ 377.6123, 241.2242 ],
                [ 336.0404, 204.2615 ],
                [ 337.0042, 135.4254 ],
                [ 323.5291, 206.6298 ],
                [ 323.3476, 274.7891 ],
                [ 282.3001, 235.9752 ],
                [ 279.8482, 167.3851 ]
            ]
        }
    ]
}