{
    "camera_data": {
        "location_worldframe": [
            1.6770005226135255,
            94.91315460205078,
            37.24324035644531
        ],
        "quaternion_xyzw_worldframe": [
            0.10790837556123734,
            0.8168622851371765,
            -0.5428899526596069,
            0.1623649150133133
        ]
    },
    "objects": [
        {
            "class": "small_fork",
            "visibility": 1.0,
            "location": [
                -1.8296960592269898,
                -0.7680692672729492,
                101.80863952636719
            ],
            "quaternion_xyzw": [
                0.7039172649383545,
                0.23825350403785706,
                0.6680610775947571,
                0.03781697899103165
            ],
            "pose_transform_permuted": [
                [ -0.006140672, 0.2848934, 0.9585395, 0 ],
                [ 0.3859496, -0.8836102, 0.2650957, 0 ],
                [ 0.9224994, 0.3715758, -0.1045285, 0 ],
                [ -1.829696, -0.7680693, 101.8086, 1 ]
            ],
            "cuboid_centroid": [
                -1.8296960592269898,
                -0.7680692672729492,
                101.80863952636719
            ],
            "projected_cuboid_centroid": [
                298.53692626953127,
                230.990234375
            ],
            "bounding_box": {
                "top_left": [
                    271.854248046875,
                    164.806884765625
                ],
                "bottom_right": [
                    323.8783264160156,
                    298.9940185546875
                ]
            },
            "cuboid": [
                [ -0.607335, -6.497071, 103.1899 ],
                [ -0.6189314, -5.768071, 104.9324 ],
                [ -3.994167, 4.700376, 100.5302 ],
                [ -3.982569, 3.971371, 98.78768 ],
                [ 0.3347737, -6.236525, 103.0871 ],
                [ 0.3231777, -5.507523, 104.8296 ],
                [ -3.05206, 4.960926, 100.4274 ],
                [ -3.040462, 4.231924, 98.68494 ]
            ],
            "projected_cuboid": [
                [ 312.9711, 164.8069 ],
                [ 312.9558, 174.3524 ],
                [ 272.551, 295.8385 ],
                [ 271.8542, 288.0104 ],
                [ 323.8783, 167.7504 ],
                [ 323.6818, 177.2563 ],
                [ 283.7057, 298.994 ],
                [ 283.2052, 291.2135 ]
            ]
        },
        {
            "class": "big_fork",
            "visibility": 0.187951922416687,
            "location": [
                8.032496452331543,
                -26.77824592590332,
                113.093017578125
            ],
            "quaternion_xyzw": [
                0.2293679267168045,
                0.9530846476554871,
                -0.19204363226890565,
                0.046251483261585239
            ],
            "pose_transform_permuted": [
                [ -0.8905022, 0.4549787, 6.586313E-05, 0 ],
                [ 0.4194495, 0.8210192, -0.3872849, 0 ],
                [ -0.1762605, -0.3448505, -0.9219599, 0 ],
                [ 8.032496, -26.77825, 113.093, 1 ]
            ],
            "cuboid_centroid": [
                8.032496452331543,
                -26.77824592590332,
                113.093017578125
            ],
            "projected_cuboid_centroid": [
                404.8227233886719,
                -42.77685546875
            ],
            "bounding_box": {
                "top_left": [
                    357.1877746582031,
                    -107.9610595703125
                ],
                "bottom_right": [
                    454.97540283203127,
                    24.988037109375
                ]
            },
            "cuboid": [
                [ 12.45266, -20.95621, 111.314 ],
                [ 10.35011, -19.96586, 110.8978 ],
                [ 3.612255, -32.12447, 116.0048 ],
                [ 5.7148, -33.11482, 116.4209 ],
                [ 12.45274, -21.43201, 110.1813 ],
                [ 10.35019, -20.44166, 109.7651 ],
                [ 3.612337, -32.60027, 114.8721 ],
                [ 5.714883, -33.59062, 115.2882 ]
            ],
            "projected_cuboid": [
                [ 453.6011, 15.16675 ],
                [ 431.4601, 24.98804 ],
                [ 357.1878, -90.7179 ],
                [ 378.6229, -99.69482 ],
                [ 454.9754, 7.69812 ],
                [ 432.6112, 17.59253 ],
                [ 357.5553, -98.92554 ],
                [ 379.1998, -107.9611 ]
            ]
        },
        {
            "class": "bowl",
            "visibility": 0.3255615532398224,
            "location": [
                16.944433212280275,
                -8.955352783203125,
                103.9688720703125
            ],
            "quaternion_xyzw": [
                -0.5229055285453796,
                -0.27311909198760989,
                -0.18145692348480225,
                -0.7867968082427979
            ],
            "pose_transform_permuted": [
                [ 0.7849587, 9.152293E-05, 0.6195481, 0 ],
                [ 0.5711704, 0.3872864, -0.7237221, 0 ],
                [ -0.2400088, 0.9219595, 0.3039515, 0 ],
                [ 16.94443, -8.955353, 103.9689, 1 ]
            ],
            "cuboid_centroid": [
                16.944433212280275,
                -8.955352783203125,
                103.9688720703125
            ],
            "projected_cuboid_centroid": [
                514.6351318359375,
                137.1328125
            ],
            "bounding_box": {
                "top_left": [
                    412.4540710449219,
                    37.554443359375
                ],
                "bottom_right": [
                    619.92919921875,
                    239.5069580078125
                ]
            },
            "cuboid": [
                [ 8.169578, -7.179953, 105.5288 ],
                [ 17.97882, -0.04232859, 102.5296 ],
                [ 17.97842, -1.688295, 98.61123 ],
                [ 8.16919, -8.825923, 101.6105 ],
                [ 15.91045, -16.22241, 109.3265 ],
                [ 25.71968, -9.084782, 106.3272 ],
                [ 25.71929, -10.73075, 102.4089 ],
                [ 15.91006, -17.86837, 105.4082 ]
            ],
            "projected_cuboid": [
                [ 412.4541, 158.7454 ],
                [ 529.4158, 239.507 ],
                [ 537.7322, 219.5535 ],
                [ 416.0147, 136.2665 ],
                [ 493.8018, 62.79028 ],
                [ 608.8807, 137.9607 ],
                [ 619.9292, 114.8618 ],
                [ 500.2581, 37.55444 ]
            ]
        },
        {
            "class": "wine_glass",
            "visibility": 0.0,
            "location": [
                29.492456436157228,
                -0.49917036294937136,
                98.4349365234375
            ],
            "quaternion_xyzw": [
                0.9646741151809692,
                0.17430442571640016,
                -0.035203274339437488,
                0.19437743723392487
            ],
            "pose_transform_permuted": [
                [ 0.9367574, 0.3499794, -0.0001576766, 0 ],
                [ 0.3226085, -0.8636709, -0.3872939, 0 ],
                [ -0.1356811, 0.3627496, -0.9219564, 0 ],
                [ 29.49246, -0.4991704, 98.43494, 1 ]
            ],
            "cuboid_centroid": [
                29.492456436157228,
                -0.49917036294937136,
                98.4349365234375
            ],
            "projected_cuboid_centroid": [
                677.8155517578125,
                233.94384765625
            ],
            "bounding_box": {
                "top_left": [
                    596.110107421875,
                    118.315673828125
                ],
                "bottom_right": [
                    761.82568359375,
                    348.880126953125
                ]
            },