{
    "camera_data": {
        "location_worldframe": [
            -23.30663299560547,
            154.45220947265626,
            17.90853500366211
        ],
        "quaternion_xyzw_worldframe": [
            0.3973388969898224,
            0.5923823118209839,
            -0.4188922345638275,
            0.5619024038314819
        ]
    },
    "objects": [
        {
            "class": "small_spoon",
            "visibility": 1.0,
            "location": [
                -2.4121172428131105,
                3.4579176902770998,
                160.76918029785157
            ],
            "quaternion_xyzw": [
                0.5672337412834168,
                -0.11594769358634949,
                -0.08579100668430329,
                0.8108280301094055
            ],
            "pose_transform_permuted": [
                [ 0.9583921, 0.007584617, -0.2853544, 0 ],
                [ -0.2706624, 0.3417715, -0.8999635, 0 ],
                [ 0.09070017, 0.9397526, 0.329604, 0 ],
                [ -2.412117, 3.457918, 160.7692, 1 ]
            ],
            "cuboid_centroid": [
                -2.4121172428131105,
                3.4579176902770998,
                160.76918029785157
            ],
            "projected_cuboid_centroid": [
                302.08184814453127,
                265.686767578125
            ],
            "bounding_box": {
                "top_left": [
                    257.2668151855469,
                    245.115234375
                ],
                "bottom_right": [
                    346.3017272949219,
                    286.14013671875
                ]
            },
            "cuboid": [
                [ -7.90122, 6.229234, 161.2328 ],
                [ 3.539586, 2.998209, 162.3155 ],
                [ 3.519243, 2.081439, 159.7947 ],
                [ -7.921565, 5.31247, 158.712 ],
                [ -8.343484, 4.834413, 161.7436 ],
                [ 3.097323, 1.603373, 162.8263 ],
                [ 3.076977, 0.6866207, 160.3056 ],
                [ -8.363831, 3.91764, 159.2228 ]
            ],
            "projected_cuboid": [
                [ 261.4754, 286.1401 ],
                [ 346.0429, 262.0597 ],
                [ 346.3017, 255.556 ],
                [ 260.3928, 279.9746 ],
                [ 258.3947, 275.6956 ],
                [ 342.7174, 251.76 ],
                [ 342.9231, 245.1152 ],
                [ 257.2668, 269.3844 ]
            ]
        }
    ]
}