{
    "camera_data": {
        "location_worldframe": [
            31.479888916015626,
            43.011112213134769,
            -56.316490173339847
        ],
        "quaternion_xyzw_worldframe": [
            0.2087830752134323,
            -0.20403242111206056,
            0.044587016105651858,
            0.9554017186164856
        ]
    },
    "objects": [
        {
            "class": "knife",
            "visibility": 1.0,
            "location": [
                2.9745678901672365,
                0.7314743995666504,
                99.64724731445313
            ],
            "quaternion_xyzw": [
                -0.00894844252616167,
                0.8405835628509522,
                -0.5415875911712647,
                -0.004699601326137781
            ],
            "pose_transform_permuted": [
                [ -0.9997956, -0.02013432, 0.001791916, 0 ],
                [ -0.009953337, 0.4132056, -0.9105834, 0 ],
                [ 0.01759355, -0.9104152, -0.4133216, 0 ],
                [ 2.974568, 0.7314744, 99.64725, 1 ]
            ],
            "cuboid_centroid": [
                2.9745678901672365,
                0.7314743995666504,
                99.64724731445313
            ],
            "projected_cuboid_centroid": [
                355.64971923828127,
                248.7666015625
            ],
            "bounding_box": {
                "top_left": [
                    256.4679260253906,
                    238.139404296875
                ],
                "bottom_right": [
                    455.44281005859377,
                    259.59912109375
                ]
            },
            "cuboid": [
                [ 11.1541, 1.619677, 98.69368 ],
                [ -5.249508, 1.456363, 98.98234 ],
                [ -5.206401, 0.5717283, 100.9315 ],
                [ 11.19721, 0.7350382, 100.6428 ],
                [ 11.15553, 0.8912183, 98.36303 ],
                [ -5.248074, 0.727917, 98.65168 ],
                [ -5.204967, -0.1567325, 100.6008 ],
                [ 11.19864, 0.006572563, 100.3122 ]
            ],
            "projected_cuboid": [
                [ 454.9717, 259.5991 ],
                [ 256.6629, 257.5715 ],
                [ 258.3961, 246.7649 ],
                [ 452.8692, 248.7222 ],
                [ 455.4428, 250.8206 ],
                [ 256.4679, 248.812 ],
                [ 258.2106, 238.1394 ],
                [ 453.3243, 240.0782 ]
            ]
        }
    ]
}