{
    "camera_data": {
        "location_worldframe": [
            25.983970642089845,
            42.66997528076172,
            -57.830543518066409
        ],
        "quaternion_xyzw_worldframe": [
            0.2130088359117508,
            -0.17762859165668488,
            0.039414651691913608,
            0.9599592685699463
        ]
    },
    "objects": [
        {
            "class": "knife",
            "visibility": 1.0,
            "location": [
                3.6951332092285158,
                0.005061519332230091,
                99.02947235107422
            ],
            "quaternion_xyzw": [
                -0.014202186837792397,
                -0.8422203660011292,
                0.5388532876968384,
                -0.010012378916144371
            ],
            "pose_transform_permuted": [
                [ -0.999396, 0.03471315, 0.001559469, 0 ],
                [ 0.01313233, 0.4188709, -0.9079508, 0 ],
                [ -0.03217105, -0.9073821, -0.4190737, 0 ],
                [ 3.695133, 0.005061519, 99.02947, 1 ]
            ],
            "cuboid_centroid": [
                3.6951332092285158,
                0.005061519332230091,
                99.02947235107422
            ],
            "projected_cuboid_centroid": [
                364.56182861328127,
                240.06103515625
            ],
            "bounding_box": {
                "top_left": [
                    265.3726501464844,
                    229.09228515625
                ],
                "bottom_right": [
                    465.17120361328127,
                    251.268798828125
                ]
            },
            "cuboid": [
                [ 11.9302, 0.7088936, 98.4897 ],
                [ -4.466858, 0.9243514, 97.96188 ],
                [ -4.541174, 0.02758233, 99.90451 ],
                [ 11.85588, -0.1878829, 100.4323 ],
                [ 11.93144, -0.01745708, 98.15443 ],
                [ -4.46561, 0.198, 97.62662 ],
                [ -4.539927, -0.6987619, 99.56925 ],
                [ 11.85712, -0.9142339, 100.0971 ]
            ],
            "projected_cuboid": [
                [ 464.6619, 248.5958 ],
                [ 265.5444, 251.2688 ],
                [ 265.7149, 240.3297 ],
                [ 460.9801, 237.7659 ],
                [ 465.1712, 239.7876 ],
                [ 265.3727, 242.4221 ],
                [ 265.5471, 231.6189 ],
                [ 461.4671, 229.0923 ]
            ]
        }
    ]
}