{
    "camera_data": {
        "location_worldframe": [
            -45.41452407836914,
            205.5694580078125,
            38.8379020690918
        ],
        "quaternion_xyzw_worldframe": [
            0.03372196853160858,
            0.8136665225028992,
            -0.5784110426902771,
            0.04743761196732521
        ]
    },
    "objects": [
        {
            "class": "wine_glass",
            "visibility": 1.0,
            "location": [
                -0.12701912224292756,
                -1.6933897733688355,
                213.64373779296876
            ],
            "quaternion_xyzw": [
                -0.13877466320991517,
                0.09267473220825196,
                0.5492745041847229,
                0.8188104033470154
            ],
            "pose_transform_permuted": [
                [ 0.3794178, -0.9252251, -0.0006846935, 0 ],
                [ 0.8737816, 0.3580782, 0.329068, 0 ],
                [ -0.3042169, -0.1254525, 0.944306, 0 ],
                [ -0.1270191, -1.69339, 213.6437, 1 ]
            ],
            "cuboid_centroid": [
                -0.12701912224292756,
                -1.6933897733688355,
                213.64373779296876
            ],
            "projected_cuboid_centroid": [
                319.28997802734377,
                230.5340576171875
            ],
            "bounding_box": {
                "top_left": [
                    270.0120849609375,
                    188.048583984375
                ],
                "bottom_right": [
                    368.6820983886719,
                    272.4049072265625
                ]
            },
            "cuboid": [
                [ -8.795953, -3.675821, 210.1432 ],
                [ -5.793667, 3.2383, 207.736 ],
                [ 8.547318, -2.31191, 209.6805 ],
                [ 5.545042, -9.226045, 212.0878 ],
                [ -8.801365, -1.074896, 217.607 ],
                [ -5.799077, 5.839221, 215.1997 ],
                [ 8.541914, 0.2890269, 217.1443 ],
                [ 5.539626, -6.625091, 219.5515 ]
            ],
            "projected_cuboid": [
                [ 270.0121, 219.1101 ],
                [ 286.6927, 258.6167 ],
                [ 368.6821, 226.8323 ],
                [ 351.2239, 188.0486 ],
                [ 271.6969, 234.1008 ],
                [ 287.8179, 272.4049 ],
                [ 366.9791, 241.5896 ],
                [ 350.1329, 203.9626 ]
            ]
        }
    ]
}