{
    "camera_data": {
        "location_worldframe": [
            37.97259521484375,
            30.607969284057618,
            18.914899826049806
        ],
        "quaternion_xyzw_worldframe": [
            0.2084786593914032,
            -0.5897884368896484,
            0.16107189655303956,
            0.763375461101532
        ]
    },
    "objects": [
        {
            "class": "big_spoon",
            "visibility": 1.0,
            "location": [
                2.313647747039795,
                -2.402395725250244,
                60.22007369995117
            ],
            "quaternion_xyzw": [
                -0.6819223165512085,
                -0.18389295041561128,
                0.6826692223548889,
                0.1874251365661621
            ],
            "pose_transform_permuted": [
                [ 0.0002922192, -0.00509733, -0.9999871, 0 ],
                [ 0.5067002, -0.8621106, 0.004542679, 0 ],
                [ -0.8621224, -0.5066949, 0.002330698, 0 ],
                [ 2.313648, -2.402396, 60.22007, 1 ]
            ],
            "cuboid_centroid": [
                2.313647747039795,
                -2.402395725250244,
                60.22007369995117
            ],
            "projected_cuboid_centroid": [
                365.8831787109375,
                192.3568115234375
            ],
            "bounding_box": {
                "top_left": [
                    343.90765380859377,
                    101.4716796875
                ],
                "bottom_right": [
                    393.90643310546877,
                    301.806640625
                ]
            },
            "cuboid": [
                [ 3.271579, -7.632572, 65.8006 ],
                [ 3.275946, -0.07164498, 52.9361 ],
                [ 3.293036, 2.818973, 54.63503 ],
                [ 3.288669, -4.741951, 67.49952 ],
                [ 1.334267, -7.623772, 65.80511 ],
                [ 1.33863, -0.06284674, 52.94062 ],
                [ 1.35572, 2.827774, 54.63954 ],
                [ 1.351355, -4.733145, 67.50404 ]
            ],
            "projected_cuboid": [
                [ 379.3779, 101.4717 ],
                [ 393.9064, 238.3837 ],
                [ 391.9818, 301.6194 ],
                [ 378.1858, 156.1016 ],
                [ 344.2148, 101.6409 ],
                [ 350.1974, 238.5823 ],
                [ 349.632, 301.8066 ],
                [ 343.9077, 156.2629 ]
            ]
        },
        {
            "class": "small_fork",
            "visibility": 0.0,
            "location": [
                -52.56086730957031,
                21.697317123413087,
                21.704946517944337
            ],
            "quaternion_xyzw": [
                0.05968937650322914,
                0.4919552206993103,
                0.8617309927940369,
                -0.1087978333234787
            ],
            "pose_transform_permuted": [
                [ -0.9692005, 0.2462379, -0.004174955, 0 ],
                [ -0.1287799, -0.4922862, 0.8608543, 0 ],
                [ 0.2099197, 0.834878, 0.5088345, 0 ],
                [ -52.56087, 21.69732, 21.70495, 1 ]
            ],
            "cuboid_centroid": [
                -52.56086730957031,
                21.697317123413087,
                21.704946517944337
            ],
            "projected_cuboid_centroid": [
                -2572.020263671875,
                1433.8365478515625
            ],
            "bounding_box": {
                "top_left": [
                    -3606.58740234375,
                    1058.801513671875
                ],
                "bottom_right": [
                    -1924.693115234375,
                    2027.217041015625
                ]
            },
            "cuboid": [
                [ -50.18485, 18.47975, 26.20218 ],
                [ -52.01553, 18.23649, 26.59869 ],
                [ -54.9328, 24.06879, 16.7076 ],
                [ -53.10211, 24.31204, 16.31109 ],
                [ -50.18895, 19.32584, 26.7023 ],
                [ -52.01963, 19.08259, 27.0988 ],
                [ -54.9369, 24.91489, 17.20771 ],
                [ -53.1062, 25.15814, 16.8112 ]
            ],
            "projected_cuboid": [
                [ -1967.35, 1082.279 ],
                [ -2015.448, 1058.802 ],
                [ -3606.587, 1960.434 ],
                [ -3568.001, 2020.066 ],
                [ -1924.693, 1104.345 ],
                [ -1972.528, 1080.978 ],
                [ -3492.752, 1969.153 ],
                [ -3452.629, 2027.217 ]
            ]
        },
        {
            "class": "small_plates",
            "visibility": 0.0,
            "location": [
                -41.51955032348633,
                20.529428482055665,
                23.198423385620118
            ],
            "quaternion_xyzw": [
                0.2337876260280609,
                -0.45134755969047549,
                -0.12114933133125305,
                0.8526145815849304
            ],
            "pose_transform_permuted": [
                [ 0.5632164, -0.004451573, -0.8262974, 0 ],
                [ -0.4176263, 0.8613324, -0.2893006, 0 ],
                [ 0.7130046, 0.5080224, 0.4832574, 0 ],
                [ -41.51955, 20.52943, 23.19842, 1 ]
            ],
            "cuboid_centroid": [
                -41.51955032348633,
                20.529428482055665,
                23.198423385620118
            ],
            "projected_cuboid_centroid": [
                -1817.428955078125,
                1296.856201171875
            ],
            "bounding_box": {
                "top_left": [
                    -2577.47802734375,
                    904.0233154296875
                ],
                "bottom_right": [
                    -1329.59033203125,
                    1957.791748046875
                ]
            },
            "cuboid": [
                [ -40.14265, 24.8785, 17.29622 ],
                [ -34.2299, 20.49418, 24.78147 ],
                [ -34.2233, 19.21697, 24.02816 ],
                [ -40.13604, 23.60128, 16.54291 ],
                [ -48.81579, 21.84188, 22.36868 ],
                [ -42.90305, 17.45757, 29.85394 ],
                [ -42.89644, 16.18036, 29.10063 ],
                [ -48.80919, 20.56467, 21.61537 ]
            ],
            "projected_cuboid": [
                [ -2451.739, 1957.792 ],
                [ -1329.59, 1227.646 ],
                [ -1380.979, 1195.129 ],
                [ -2577.478, 1943.81 ],
                [ -2286.258, 1406.13 ],
                [ -1396.264, 938.3606 ],
                [ -1440.421, 904.0233 ],
                [ -2376.723, 1376.205 ]
            ]
        },
        {
            "class": "big_spoon",
            "visibility": 0.0,
            "location": [
                -32.627342224121097,
                21.063535690307618,
                18.792814254760743
            ],
            "quaternion_xyzw": [
                -0.17035476863384248,
                0.8609688878059387,
                0.24584466218948365,
                -0.41142702102661135
            ],
            "pose_transform_permuted": [
                [ -0.6034141, -0.09104605, -0.7922134, 0 ],
                [ -0.4956346, 0.8210793, 0.2831521, 0 ],
                [ 0.6246901, 0.5635063, -0.5405764, 0 ],
                [ -32.62734, 21.06354, 18.79281, 1 ]
            ],
            "cuboid_centroid": [
                -32.627342224121097,
                21.063535690307618,
                18.792814254760743
            ],
            "projected_cuboid_centroid": [
                -1753.4205322265625,
                1578.557373046875
            ],
            "bounding_box": {
                "top_left": [
                    -2390.34814453125,
                    1054.827392578125
                ],
                "bottom_right": [
                    -1429.7763671875,
                    2471.194091796875
                ]
            },