{
    "camera_data": {
        "location_worldframe": [
            41.847652435302737,
            129.27513122558595,
            -15.703540802001954
        ],
        "quaternion_xyzw_worldframe": [
            0.5461793541908264,
            -0.17711959779262544,
            0.11943530291318894,
            0.8099703788757324
        ]
    },
    "objects": [
        {
            "class": "bowl",
            "visibility": 1.0,
            "location": [
                -2.587054967880249,
                2.728055953979492,
                135.6174774169922
            ],
            "quaternion_xyzw": [
                0.814795732498169,
                -0.10354530811309815,
                0.15308311581611634,
                -0.549501359462738
            ],
            "pose_transform_permuted": [
                [ 0.9316878, -0.0004977882, 0.3632595, 0 ],
                [ -0.3369753, -0.3746531, 0.8637607, 0 ],
                [ 0.1356664, -0.9271649, -0.3492274, 0 ],
                [ -2.587055, 2.728056, 135.6175, 1 ]
            ],
            "cuboid_centroid": [
                -2.587054967880249,
                2.728055953979492,
                135.6174774169922
            ],
            "projected_cuboid_centroid": [
                297.2182312011719,
                264.0234375
            ],
            "bounding_box": {
                "top_left": [
                    225.51785278320313,
                    191.333251953125
                ],
                "bottom_right": [
                    369.6668701171875,
                    337.85791015625
                ]
            },
            "cuboid": [
                [ -10.67888, -1.358651, 134.9812 ],
                [ 0.963953, -5.569664, 136.6766 ],
                [ 0.9660657, -3.977396, 140.6171 ],
                [ -10.67677, 0.2336296, 138.9217 ],
                [ -6.140177, 9.433497, 130.6179 ],
                [ 5.502657, 5.222487, 132.3132 ],
                [ 5.504766, 6.814754, 136.2537 ],
                [ -6.138062, 11.02577, 134.5583 ]
            ],
            "projected_cuboid": [
                [ 225.5179, 227.9792 ],
                [ 328.4229, 191.3333 ],
                [ 328.2048, 206.2201 ],
                [ 228.216, 242.0084 ],
                [ 263.8596, 326.2517 ],
                [ 369.6669, 287.1381 ],
                [ 368.249, 299.731 ],
                [ 265.5224, 337.8579 ]
            ]
        }
    ]
}