{
    "camera_data": {
        "location_worldframe": [
            20.211475372314454,
            162.32846069335938,
            -44.157737731933597
        ],
        "quaternion_xyzw_worldframe": [
            0.5363883376121521,
            -0.06465461850166321,
            0.04126216843724251,
            0.8404788970947266
        ]
    },
    "objects": [
        {
            "class": "small_spoon",
            "visibility": 1.0,
            "location": [
                -2.342982053756714,
                0.7882389426231384,
                177.3396759033203
            ],
            "quaternion_xyzw": [
                0.17530784010887147,
                0.12289271503686905,
                0.5731064677238464,
                -0.7910205125808716
            ],
            "pose_transform_permuted": [
                [ 0.3128927, 0.9497661, 0.006518796, 0 ],
                [ -0.8635898, 0.2816322, 0.4182054, 0 ],
                [ 0.3953614, -0.136483, 0.9083291, 0 ],
                [ -2.342982, 0.7882389, 177.3397, 1 ]
            ],
            "cuboid_centroid": [
                -2.342982053756714,
                0.7882389426231384,
                177.3396759033203
            ],
            "projected_cuboid_centroid": [
                304.2216796875,
                245.3082275390625
            ],
            "bounding_box": {
                "top_left": [
                    282.4221496582031,
                    206.2200927734375
                ],
                "bottom_right": [
                    325.32427978515627,
                    285.2154541015625
                ]
            },
            "cuboid": [
                [ -2.941801, 5.996428, 174.0929 ],
                [ 0.7933576, -4.312676, 178.8125 ],
                [ -1.754275, -5.068121, 179.1786 ],
                [ -5.489438, 5.240984, 174.459 ],
                [ -2.931696, 6.644589, 175.5007 ],
                [ 0.8034663, -3.664515, 180.2203 ],
                [ -1.744166, -4.419972, 180.5864 ],
                [ -5.479334, 5.889144, 175.8668 ]
            ],
            "projected_cuboid": [
                [ 299.8196, 281.1348 ],
                [ 325.2987, 211.1964 ],
                [ 308.3075, 206.2201 ],
                [ 282.4221, 275.8771 ],
                [ 300.0502, 285.2155 ],
                [ 325.3243, 215.7166 ],
                [ 308.4655, 210.7698 ],
                [ 282.7916, 279.9913 ]
            ]
        },
        {
            "class": "big_fork",
            "visibility": 1.0,
            "location": [
                -1.5772922039031983,
                -2.8282454013824465,
                177.51100158691407
            ],
            "quaternion_xyzw": [
                0.16113464534282685,
                0.1426691859960556,
                0.6783350706100464,
                -0.7025259137153626
            ],
            "pose_transform_permuted": [
                [ 0.03901407, 0.9990738, 0.01814896, 0 ],
                [ -0.907118, 0.02779431, 0.4199575, 0 ],
                [ 0.4190642, -0.03284749, 0.9073623, 0 ],
                [ -1.577292, -2.828245, 177.511, 1 ]
            ],
            "cuboid_centroid": [
                -1.5772922039031983,
                -2.8282454013824465,
                177.51100158691407
            ],
            "projected_cuboid_centroid": [
                309.3883056640625,
                220.97216796875
            ],
            "bounding_box": {
                "top_left": [
                    258.9549255371094,
                    210.67724609375
                ],
                "bottom_right": [
                    359.46148681640627,
                    231.288330078125
                ]
            },
            "cuboid": [
                [ 5.763229, -1.809519, 176.2157 ],
                [ 5.85534, -3.951301, 177.2051 ],
                [ -8.940113, -4.362889, 177.6916 ],
                [ -9.032228, -2.221114, 176.7021 ],
                [ 5.785528, -1.293562, 177.3304 ],
                [ 5.877639, -3.43535, 178.3199 ],
                [ -8.917815, -3.84697, 178.8063 ],
                [ -9.009933, -1.705168, 177.8169 ]
            ],
            "projected_cuboid": [
                [ 359.0588, 227.7365 ],
                [ 359.4615, 213.3706 ],
                [ 259.9139, 210.6772 ],
                [ 258.9549, 224.9884 ],
                [ 358.9634, 231.2883 ],
                [ 359.3641, 216.9926 ],
                [ 260.4375, 214.3059 ],
                [ 259.4874, 228.5477 ]
            ]
        },
        {
            "class": "small_spoon",
            "visibility": 1.0,
            "location": [
                -26.638450622558595,
                28.33586311340332,
                164.5444793701172
            ],
            "quaternion_xyzw": [
                -0.11542119830846787,
                0.1835029423236847,
                0.8369048833847046,
                0.5025882124900818
            ],
            "pose_transform_permuted": [
                [ -0.4681662, -0.8835973, -0.008740291, 0 ],
                [ 0.7988768, -0.4274637, 0.4231677, 0 ],
                [ -0.377646, 0.1911304, 0.9060093, 0 ],
                [ -26.63845, 28.33586, 164.5445, 1 ]
            ],
            "cuboid_centroid": [
                -26.638450622558595,
                28.33586311340332,
                164.5444793701172
            ],
            "projected_cuboid_centroid": [
                126.65935516357422,
                445.660400390625
            ],
            "bounding_box": {
                "top_left": [
                    94.11973571777344,
                    402.722900390625
                ],
                "bottom_right": [
                    158.1484375,
                    489.5521240234375
                ]
            },
            "cuboid": [
                [ -25.02238, 22.66633, 166.3528 ],
                [ -30.61111, 32.20293, 161.8447 ],
                [ -28.24097, 33.34954, 161.332 ],
                [ -22.65224, 23.81295, 165.8401 ],
                [ -25.03593, 23.32218, 167.757 ],
                [ -30.62466, 32.85878, 163.2489 ],
                [ -28.25452, 34.00539, 162.7362 ],
                [ -22.66578, 24.4688, 167.2443 ]
            ],
            "projected_cuboid": [
                [ 140.3629, 402.7229 ],
                [ 94.11974, 477.6263 ],
                [ 110.9469, 486.8692 ],
                [ 156.8755, 411.483 ],
                [ 141.7701, 406.0298 ],
                [ 95.96355, 480.3802 ],
                [ 112.6513, 489.5521 ],
                [ 158.1484, 414.7266 ]
            ]
        },
        {
            "class": "big_plates",
            "visibility": 0.1991785317659378,
            "location": [
                -51.9177360534668,
                14.584596633911133,
                170.94615173339845
            ],
            "quaternion_xyzw": [
                -0.3321567177772522,
                0.6631621718406677,
                0.42321786284446719,
                -0.5203598737716675
            ],
            "pose_transform_permuted": [
                [ -0.2377949, -9.635091E-05, -0.9713153, 0 ],
                [ -0.8809987, 0.4211171, 0.2156421, 0 ],
                [ 0.4090167, 0.9070063, -0.1002243, 0 ],
                [ -51.91774, 14.5846, 170.9462, 1 ]
            ],
            "cuboid_centroid": [
                -51.9177360534668,
                14.584596633911133,
                170.94615173339845
            ],
            "projected_cuboid_centroid": [
                -42.705345153808597,
                341.8902587890625
            ],
            "bounding_box": {
                "top_left": [
                    -111.4886474609375,
                    272.0025634765625
                ],
                "bottom_right": [
                    27.729206085205079,
                    414.9400634765625
                ]
            },