{
    "camera_data": {
        "location_worldframe": [
            68.89257049560547,
            90.8254165649414,
            -27.41325569152832
        ],
        "quaternion_xyzw_worldframe": [
            0.3677133321762085,
            -0.6092726588249207,
            0.37854135036468508,
            0.5918447375297546
        ]
    },
    "objects": [
        {
            "class": "big_plates",
            "visibility": 1.0,
            "location": [
                3.4214203357696535,
                -2.441333770751953,
                101.2420883178711
            ],
            "quaternion_xyzw": [
                0.00836228858679533,
                0.5277268886566162,
                -0.8493572473526001,
                -0.005171705037355423
            ],
            "pose_transform_permuted": [
                [ -0.9998068, 4.07584E-05, -0.01966364, 0 ],
                [ 0.01761126, -0.4429553, -0.8963708, 0 ],
                [ -0.008746645, -0.8965438, 0.4428688, 0 ],
                [ 3.42142, -2.441334, 101.2421, 1 ]
            ],
            "cuboid_centroid": [
                3.4214203357696535,
                -2.441333770751953,
                101.2420883178711
            ],
            "projected_cuboid_centroid": [
                360.3592224121094,
                211.201904296875
            ],
            "bounding_box": {
                "top_left": [
                    256.3614196777344,
                    116.98974609375
                ],
                "bottom_right": [
                    472.2257995605469,
                    311.7379150390625
                ]
            },
            "cuboid": [
                [ 12.33597, 4.919771, 96.7793 ],
                [ -5.148947, 5.227751, 96.62634 ],
                [ -5.149016, 5.88405, 97.95467 ],
                [ 12.3359, 5.576052, 98.10764 ],
                [ 11.99185, -10.7667, 104.5295 ],
                [ -5.493066, -10.45872, 104.3765 ],
                [ -5.493122, -9.802426, 105.7049 ],
                [ 11.99179, -10.11041, 105.8578 ]
            ],
            "projected_cuboid": [
                [ 472.2258, 300.71 ],
                [ 256.3614, 304.6125 ],
                [ 257.2236, 311.7379 ],
                [ 470.1639, 307.8768 ],
                [ 457.0077, 116.9897 ],
                [ 257.1494, 120.3334 ],
                [ 257.9386, 129.252 ],
                [ 455.2878, 125.9374 ]
            ]
        }
    ]
}