{
    "camera_data": {
        "location_worldframe": [
            59.320526123046878,
            248.13845825195313,
            -56.040103912353519
        ],
        "quaternion_xyzw_worldframe": [
            0.46254611015319826,
            -0.4964526891708374,
            0.3580074608325958,
            0.6414175629615784
        ]
    },
    "objects": [
        {
            "class": "small_spoon",
            "visibility": 1.0,
            "location": [
                -2.4170339107513429,
                -0.1892923265695572,
                260.3543395996094
            ],
            "quaternion_xyzw": [
                0.11871174722909928,
                0.10548371076583862,
                0.662775993347168,
                -0.7317845225334168
            ],
            "pose_transform_permuted": [
                [ 0.09920234, 0.9950628, 0.002975896, 0 ],
                [ -0.9449741, 0.09327101, 0.313567, 0 ],
                [ 0.3117413, -0.03391871, 0.9495614, 0 ],
                [ -2.417034, -0.1892923, 260.3543, 1 ]
            ],
            "cuboid_centroid": [
                -2.4170339107513429,
                -0.1892923265695572,
                260.3543395996094
            ],
            "projected_cuboid_centroid": [
                308.9129638671875,
                239.1317138671875
            ],
            "bounding_box": {
                "top_left": [
                    299.8673400878906,
                    211.6981201171875
                ],
                "bottom_right": [
                    317.78302001953127,
                    266.81298828125
                ]
            },
            "cuboid": [
                [ -1.676882, 5.333108, 257.7123 ],
                [ -0.4926509, -5.947504, 261.4337 ],
                [ -3.161794, -6.197695, 261.5247 ],
                [ -4.346023, 5.082943, 257.8033 ],
                [ -1.672272, 5.819101, 259.184 ],
                [ -0.488051, -5.461507, 262.9054 ],
                [ -3.157174, -5.711705, 262.9964 ],
                [ -4.341411, 5.568899, 259.275 ]
            ],
            "projected_cuboid": [
                [ 312.2292, 264.714 ],
                [ 317.7495, 212.8312 ],
                [ 305.5616, 211.6981 ],
                [ 299.8673, 263.5464 ],
                [ 312.2946, 266.813 ],
                [ 317.783, 215.1909 ],
                [ 305.6634, 214.0634 ],
                [ 300.0029, 265.6511 ]
            ]
        }
    ]
}