{
    "camera_data": {
        "location_worldframe": [
            21.61449432373047,
            215.08966064453126,
            20.560531616210939
        ],
        "quaternion_xyzw_worldframe": [
            0.08851738274097443,
            0.7876636385917664,
            -0.5984804630279541,
            0.11649826169013977
        ]
    },
    "objects": [
        {
            "class": "packet_cup",
            "visibility": 1.0,
            "location": [
                0.6763596534729004,
                3.1922435760498049,
                220.13531494140626
            ],
            "quaternion_xyzw": [
                -0.6299741864204407,
                0.14058303833007813,
                -0.6929872632026672,
                -0.32115036249160769
            ],
            "pose_transform_permuted": [
                [ 1.012906E-05, -0.6222336, 0.7828316, 0 ],
                [ 0.2679788, -0.7541977, -0.5994774, 0 ],
                [ 0.9634247, 0.2097884, 0.1667379, 0 ],
                [ 0.6763597, 3.192244, 220.1353, 1 ]
            ],
            "cuboid_centroid": [
                0.6763596534729004,
                3.1922435760498049,
                220.13531494140626
            ],
            "projected_cuboid_centroid": [
                323.6693115234375,
                257.3182373046875
            ],
            "bounding_box": {
                "top_left": [
                    300.2088317871094,
                    233.1441650390625
                ],
                "bottom_right": [
                    347.17352294921877,
                    281.3656005859375
                ]
            },
            "cuboid": [
                [ -3.619153, 2.935942, 218.3902 ],
                [ -3.61912, 3.87389, 221.7622 ],
                [ -0.5079511, 7.644871, 220.7132 ],
                [ -0.5079836, 6.706926, 217.3413 ],
                [ 1.860669, -1.260408, 219.5574 ],
                [ 1.860705, -0.3224769, 222.9294 ],
                [ 4.971869, 3.448516, 221.8804 ],
                [ 4.971837, 2.510603, 218.5084 ]
            ],
            "projected_cuboid": [
                [ 300.2088, 256.0551 ],
                [ 300.5099, 260.8621 ],
                [ 317.2515, 281.3656 ],
                [ 317.2087, 276.8535 ],
                [ 330.1209, 233.1442 ],
                [ 329.968, 238.2725 ],
                [ 346.7607, 258.5614 ],
                [ 347.1735, 253.7217 ]
            ]
        },
        {
            "class": "mug",
            "visibility": 1.0,
            "location": [
                16.28560447692871,
                53.691898345947269,
                203.75341796875
            ],
            "quaternion_xyzw": [
                0.09777488559484482,
                0.09328234195709229,
                0.6852760314941406,
                -0.715636134147644
            ],
            "pose_transform_permuted": [
                [ 0.04339033, 0.9990579, 0.0004931539, 0 ],
                [ -0.9625753, 0.04167366, 0.2677908, 0 ],
                [ 0.267518, -0.01209417, 0.963477, 0 ],
                [ 16.2856, 53.6919, 203.7534, 1 ]
            ],
            "cuboid_centroid": [
                16.28560447692871,
                53.691898345947269,
                203.75341796875
            ],
            "projected_cuboid_centroid": [
                415.45452880859377,
                554.703369140625
            ],
            "bounding_box": {
                "top_left": [
                    391.2524108886719,
                    519.43115234375
                ],
                "bottom_right": [
                    440.23760986328127,
                    589.8494873046875
                ]
            },
            "cuboid": [
                [ 19.78963, 58.11163, 198.3716 ],
                [ 20.27057, 47.44238, 201.3367 ],
                [ 12.77763, 47.12983, 201.4274 ],
                [ 12.2967, 57.79909, 198.4623 ],
                [ 19.79358, 60.25396, 206.0794 ],
                [ 20.27451, 49.58471, 209.0446 ],
                [ 12.78158, 49.27216, 209.1353 ],
                [ 12.30064, 59.94141, 206.1701 ]
            ],
            "projected_cuboid": [
                [ 439.1395, 589.8495 ],
                [ 440.2376, 521.4109 ],
                [ 395.7581, 519.4312 ],
                [ 393.996, 587.8088 ],
                [ 434.7063, 589.1794 ],
                [ 435.8268, 523.2738 ],
                [ 392.9886, 521.3661 ],
                [ 391.2524, 587.2153 ]
            ]
        },
        {
            "class": "small_spoon",
            "visibility": 0.033390384167432788,
            "location": [
                -1.156862735748291,
                71.52394104003906,
                202.141357421875
            ],
            "quaternion_xyzw": [
                0.964752197265625,
                0.2257765233516693,
                -0.030819540843367578,
                0.13163700699806214
            ],
            "pose_transform_permuted": [
                [ 0.8961502, 0.4437508, -2.534688E-05, 0 ],
                [ 0.4275228, -0.8633932, -0.2679109, 0 ],
                [ -0.1189075, 0.2400775, -0.9634436, 0 ],
                [ -1.156863, 71.52394, 202.1414, 1 ]
            ],
            "cuboid_centroid": [
                -1.156862735748291,
                71.52394104003906,
                202.141357421875
            ],
            "projected_cuboid_centroid": [
                313.16522216796877,
                662.5652465820313
            ],
            "bounding_box": {
                "top_left": [
                    277.972900390625,
                    638.369873046875
                ],
                "bottom_right": [
                    348.44232177734377,
                    687.1901245117188
                ]
            },
            "cuboid": [
                [ -5.910588, 68.02178, 203.9196 ],
                [ 4.787204, 73.12534, 202.5002 ],
                [ 3.5969, 75.44131, 201.8562 ],
                [ -7.100897, 70.33775, 203.2757 ],
                [ -5.910626, 67.60657, 202.4264 ],
                [ 4.787166, 72.71012, 201.007 ],
                [ 3.596859, 75.02608, 200.363 ],
                [ -7.100931, 69.92252, 201.7825 ]
            ],
            "projected_cuboid": [
                [ 285.3846, 638.3699 ],
                [ 348.2328, 671.2608 ],
                [ 341.2806, 686.3387 ],
                [ 278.2818, 653.2383 ],
                [ 285.1291, 638.8588 ],
                [ 348.4423, 671.9975 ],
                [ 341.4389, 687.1901 ],
                [ 277.9729, 653.8387 ]
            ]
        },
        {
            "class": "mug",
            "visibility": 0.0,
            "location": [
                48.10789489746094,
                34.423866271972659,
                209.11474609375
            ],
            "quaternion_xyzw": [
                0.39236292243003847,
                -0.9098504185676575,
                0.1239200085401535,
                0.053547874093055728
            ],
            "pose_transform_permuted": [
                [ -0.686368, -0.7272545, -0.00019788, 0 ],
                [ -0.7007118, 0.6613903, -0.2675177, 0 ],
                [ 0.1946844, -0.183477, -0.963553, 0 ],
                [ 48.10789, 34.42387, 209.1147, 1 ]
            ],
            "cuboid_centroid": [
                48.10789489746094,
                34.423866271972659,
                209.11474609375
            ],
            "projected_cuboid_centroid": [
                594.74462890625,
                436.59503173828127
            ],
            "bounding_box": {
                "top_left": [
                    552.7256469726563,
                    395.6954345703125
                ],
                "bottom_right": [
                    638.5050048828125,
                    476.68634033203127
                ]
            },