{
    "camera_data": {
        "location_worldframe": [
            -63.75816345214844,
            64.33708190917969,
            37.36418914794922
        ],
        "quaternion_xyzw_worldframe": [
            0.1419323980808258,
            0.8082492351531982,
            -0.21698588132858277,
            0.5286828875541687
        ]
    },
    "objects": [
        {
            "class": "teacup",
            "visibility": 1.0,
            "location": [
                -1.4934139251708985,
                0.07251226902008057,
                122.4593505859375
            ],
            "quaternion_xyzw": [
                -0.2497149556875229,
                -0.26525720953941347,
                -0.07075414061546326,
                -0.9285876154899597
            ],
            "pose_transform_permuted": [
                [ 0.8492649, 0.001074553, 0.5279658, 0 ],
                [ 0.2638802, 0.8652726, -0.4262283, 0 ],
                [ -0.4572924, 0.5013005, 0.7345621, 0 ],
                [ -1.493414, 0.07251227, 122.4594, 1 ]
            ],
            "cuboid_centroid": [
                -1.4934139251708985,
                0.07251226902008057,
                122.4593505859375
            ],
            "projected_cuboid_centroid": [
                305.4358215332031,
                240.7071533203125
            ],
            "bounding_box": {
                "top_left": [
                    252.79405212402345,
                    196.136962890625
                ],
                "bottom_right": [
                    357.39910888671877,
                    287.518310546875
                ]
            },
            "cuboid": [
                [ -6.79329, 2.495817, 123.3678 ],
                [ 0.4713044, 4.753047, 119.4562 ],
                [ 0.4658314, 0.3460954, 116.903 ],
                [ -6.798762, -1.911132, 120.8147 ],
                [ -3.452661, -0.2010663, 128.0157 ],
                [ 3.811936, 2.056149, 124.104 ],
                [ 3.806463, -2.350794, 121.5508 ],
                [ -3.458133, -4.608027, 125.4625 ]
            ],
            "projected_cuboid": [
                [ 254.2379, 264.1606 ],
                [ 324.7119, 287.5183 ],
                [ 324.7589, 243.5356 ],
                [ 252.7941, 221.1084 ],
                [ 287.7902, 238.1243 ],
                [ 356.6824, 259.7864 ],
                [ 357.3991, 216.9031 ],
                [ 287.0826, 196.137 ]
            ]
        }
    ]
}