{
    "camera_data": {
        "location_worldframe": [
            4.567021369934082,
            213.7843780517578,
            -6.037545204162598
        ],
        "quaternion_xyzw_worldframe": [
            0.6454125046730042,
            0.09082867950201035,
            -0.07770431041717529,
            0.7544236183166504
        ]
    },
    "objects": [
        {
            "class": "bowl",
            "visibility": 1.0,
            "location": [
                -1.9810771942138672,
                -2.335911512374878,
                210.03103637695313
            ],
            "quaternion_xyzw": [
                0.0389934740960598,
                0.06722930073738098,
                0.8617733120918274,
                -0.5013048052787781
            ],
            "pose_transform_permuted": [
                [ -0.4943461, 0.8692652, -0.0001976714, 0 ],
                [ -0.8587792, -0.4883475, 0.1549681, 0 ],
                [ 0.1346118, 0.07677761, 0.9879194, 0 ],
                [ -1.981077, -2.335912, 210.031, 1 ]
            ],
            "cuboid_centroid": [
                -1.9810771942138672,
                -2.335911512374878,
                210.03103637695313
            ],
            "projected_cuboid_centroid": [
                308.73541259765627,
                226.7177734375
            ],
            "bounding_box": {
                "top_left": [
                    279.6197509765625,
                    183.4091796875
                ],
                "bottom_right": [
                    337.3756103515625,
                    267.9464111328125
                ]
            },
            "cuboid": [
                [ 2.956149, 1.024095, 203.1814 ],
                [ -3.221447, -9.707633, 204.8636 ],
                [ -6.915824, -7.63217, 204.5373 ],
                [ -0.7382343, 3.099572, 202.8551 ],
                [ 2.953675, 2.960315, 215.5248 ],
                [ -3.223917, -7.771419, 217.207 ],
                [ -6.918293, -5.695935, 216.8807 ],
                [ -0.7407016, 5.035793, 215.1985 ]
            ],
            "projected_cuboid": [
                [ 337.3756, 246.0194 ],
                [ 301.2205, 183.4092 ],
                [ 279.6198, 195.4371 ],
                [ 315.6538, 258.2479 ],
                [ 336.3668, 256.4036 ],
                [ 302.2741, 197.2709 ],
                [ 281.9043, 208.6353 ],
                [ 315.8894, 267.9464 ]
            ]
        },
        {
            "class": "wine_glass",
            "visibility": 1.0,
            "location": [
                -32.64910888671875,
                21.672122955322267,
                208.59413146972657
            ],
            "quaternion_xyzw": [
                -0.6438840627670288,
                -0.7611093521118164,
                0.059685274958610538,
                -0.05063121020793915
            ],
            "pose_transform_permuted": [
                [ -0.1656996, 0.9861762, 0.0002109855, 0 ],
                [ 0.9740885, 0.163702, -0.1560553, 0 ],
                [ -0.1539326, -0.02565278, -0.9877483, 0 ],
                [ -32.64911, 21.67212, 208.5941, 1 ]
            ],
            "cuboid_centroid": [
                -32.64910888671875,
                21.672122955322267,
                208.59413146972657
            ],
            "projected_cuboid_centroid": [
                133.07525634765626,
                364.07861328125
            ],
            "bounding_box": {
                "top_left": [
                    80.61880493164063,
                    332.5936279296875
                ],
                "bottom_right": [
                    183.40606689453126,
                    394.642822265625
                ]
            },
            "cuboid": [
                [ -24.3515, 19.70363, 212.9079 ],
                [ -25.66266, 27.41147, 211.6898 ],
                [ -40.94839, 24.8741, 212.0875 ],
                [ -39.63723, 17.16624, 213.3055 ],
                [ -24.34983, 18.47018, 205.1008 ],
                [ -25.66099, 26.17803, 203.8828 ],
                [ -40.94674, 23.64065, 204.2804 ],
                [ -39.63557, 15.9328, 205.4985 ]
            ],
            "projected_cuboid": [
                [ 183.4061, 350.5228 ],
                [ 175.2232, 394.6428 ],
                [ 89.42122, 380.0651 ],
                [ 98.07884, 336.1105 ],
                [ 178.2164, 347.5477 ],
                [ 169.6891, 393.3395 ],
                [ 80.6188, 378.207 ],
                [ 89.65753, 332.5936 ]
            ]
        },
        {
            "class": "big_plates",
            "visibility": 0.9883557558059692,
            "location": [
                25.62775230407715,
                -3.317553997039795,
                207.65292358398438
            ],
            "quaternion_xyzw": [
                0.6967855095863342,
                -0.7130704522132874,
                0.05390441045165062,
                0.05581040307879448
            ],
            "pose_transform_permuted": [
                [ -0.0227503, -0.9997312, -0.00447388, 0 ],
                [ -0.9876975, 0.02316853, -0.154651, 0 ],
                [ 0.1547131, 0.0009004772, -0.987959, 0 ],
                [ 25.62775, -3.317554, 207.6529, 1 ]
            ],
            "cuboid_centroid": [
                25.62775230407715,
                -3.317553997039795,
                207.65292358398438
            ],
            "projected_cuboid_centroid": [
                467.39068603515627,
                220.9200439453125
            ],
            "bounding_box": {
                "top_left": [
                    455.6795654296875,
                    160.578857421875
                ],
                "bottom_right": [
                    480.2865295410156,
                    277.1668701171875
                ]
            },
            "cuboid": [
                [ 25.12522, 6.689393, 214.9454 ],
                [ 24.72736, -10.58377, 217.6511 ],
                [ 26.20857, -10.61809, 217.6497 ],
                [ 26.60644, 6.655055, 214.9441 ],
                [ 25.04693, 3.983006, 197.6561 ],
                [ 24.64906, -13.29015, 200.3618 ],
                [ 26.13027, -13.32449, 200.3605 ],
                [ 26.52814, 3.948673, 197.6548 ]
            ],
            "projected_cuboid": [
                [ 459.598, 277.1669 ],
                [ 455.6796, 181.9266 ],
                [ 463.8079, 181.7379 ],
                [ 467.8287, 276.9763 ],
                [ 471.3358, 264.0657 ],
                [ 466.9207, 160.7841 ],
                [ 475.7505, 160.5789 ],
                [ 480.2865, 263.8584 ]
            ]
        }
    ]
}