{
    "camera_data": {
        "location_worldframe": [
            59.11194610595703,
            233.550048828125,
            31.465166091918947
        ],
        "quaternion_xyzw_worldframe": [
            -0.3437671959400177,
            0.6561457514762878,
            -0.4815765917301178,
            -0.4683811068534851
        ]
    },
    "objects": [
        {
            "class": "knife",
            "visibility": 1.0,
            "location": [
                0.16423232853412629,
                3.1876087188720705,
                242.97406005859376
            ],
            "quaternion_xyzw": [
                -0.02328958921134472,
                0.1493603140115738,
                0.9769663214683533,
                0.1506180316209793
            ],
            "pose_transform_permuted": [
                [ -0.9535434, -0.3012546, -0.000513576, 0 ],
                [ 0.2873404, -0.9100112, 0.2988557, 0 ],
                [ -0.090499, 0.2848243, 0.9542982, 0 ],
                [ 0.1642323, 3.187609, 242.9741, 1 ]
            ],
            "cuboid_centroid": [
                0.16423232853412629,
                3.1876087188720705,
                242.97406005859376
            ],
            "projected_cuboid_centroid": [
                320.8072204589844,
                255.6676025390625
            ],
            "bounding_box": {
                "top_left": [
                    280.64227294921877,
                    238.709716796875
                ],
                "bottom_right": [
                    360.8321533203125,
                    272.7188720703125
                ]
            },
            "cuboid": [
                [ 7.664335, -0.263232, 243.6397 ],
                [ -7.980416, 4.45113, 242.1548 ],
                [ -7.335458, 6.399395, 241.545 ],
                [ 8.309297, 1.685027, 243.0299 ],
                [ 7.663923, -0.02415793, 244.4031 ],
                [ -7.980835, 4.690219, 242.9183 ],
                [ -7.335869, 6.638492, 242.3085 ],
                [ 8.308884, 1.924113, 243.7933 ]
            ],
            "projected_cuboid": [
                [ 357.5685, 238.7097 ],
                [ 280.6423, 261.952 ],
                [ 283.7318, 271.6401 ],
                [ 360.8322, 248.2803 ],
                [ 357.4492, 239.882 ],
                [ 280.7639, 263.0585 ],
                [ 283.844, 272.7189 ],
                [ 360.7022, 249.4255 ]
            ]
        },
        {
            "class": "big_fork",
            "visibility": 1.0,
            "location": [
                -24.602853775024415,
                -20.51296043395996,
                250.123291015625
            ],
            "quaternion_xyzw": [
                -0.0759318396449089,
                0.12864260375499726,
                0.8650005459785461,
                0.4790193438529968
            ],
            "pose_transform_permuted": [
                [ -0.5295497, -0.8482401, -0.008117579, 0 ],
                [ 0.8091679, -0.5079831, 0.2952975, 0 ],
                [ -0.2546068, 0.1498062, 0.9553708, 0 ],
                [ -24.60285, -20.51296, 250.1233, 1 ]
            ],
            "cuboid_centroid": [
                -24.602853775024415,
                -20.51296043395996,
                250.123291015625
            ],
            "projected_cuboid_centroid": [
                202.52947998046876,
                142.057373046875
            ],
            "bounding_box": {
                "top_left": [
                    169.7126007080078,
                    119.068603515625
                ],
                "bottom_right": [
                    235.40463256835938,
                    165.197998046875
                ]
            },
            "cuboid": [
                [ -30.25358, -25.41103, 250.9462 ],
                [ -31.50389, -23.50049, 250.3451 ],
                [ -18.94215, -15.97769, 248.1266 ],
                [ -17.69184, -17.88818, 248.7277 ],
                [ -30.26355, -25.0482, 252.12 ],
                [ -31.51386, -23.1377, 251.5188 ],
                [ -18.95213, -15.61487, 249.3003 ],
                [ -17.70182, -17.52538, 249.9015 ]
            ],
            "projected_cuboid": [
                [ 176.0228, 119.0686 ],
                [ 169.7126, 127.8923 ],
                [ 228.8297, 163.0979 ],
                [ 235.0533, 154.1106 ],
                [ 176.6459, 121.3502 ],
                [ 170.3665, 130.1381 ],
                [ 229.2111, 165.198 ],
                [ 235.4046, 156.2478 ]
            ]
        },
        {
            "class": "mug",
            "visibility": 0.3969848155975342,
            "location": [
                33.45332336425781,
                3.8213987350463869,
                239.2615966796875
            ],
            "quaternion_xyzw": [
                0.16358554363250733,
                0.7748677134513855,
                0.5685378909111023,
                0.22267575562000276
            ],
            "pose_transform_permuted": [
                [ -0.8473107, 0.0003151, 0.5310977, 0 ],
                [ 0.5067135, 0.3000089, 0.8082302, 0 ],
                [ -0.1590794, 0.9539364, -0.2543605, 0 ],
                [ 33.45332, 3.821399, 239.2616, 1 ]
            ],
            "cuboid_centroid": [
                33.45332336425781,
                3.8213987350463869,
                239.2615966796875
            ],
            "projected_cuboid_centroid": [
                486.979736328125,
                259.07421875
            ],
            "bounding_box": {
                "top_left": [
                    450.91143798828127,
                    223.186767578125
                ],
                "bottom_right": [
                    524.1851806640625,
                    294.461669921875
                ]
            },
            "cuboid": [
                [ 36.02594, -1.094717, 244.7379 ],
                [ 26.63429, 4.521731, 242.9747 ],
                [ 26.63192, 2.271679, 235.8202 ],
                [ 36.02358, -3.344797, 237.5835 ],
                [ 40.27473, 5.371131, 242.7031 ],
                [ 30.88307, 10.98758, 240.9398 ],
                [ 30.88071, 8.737518, 233.7853 ],
                [ 40.27237, 3.121059, 235.5486 ]
            ],
            "projected_cuboid": [
                [ 495.7971, 234.6581 ],
                [ 450.9114, 262.225 ],
                [ 454.8712, 251.5044 ],
                [ 501.0791, 223.1868 ],
                [ 518.1777, 266.4294 ],
                [ 473.0768, 294.4617 ],
                [ 477.7494, 284.6343 ],
                [ 524.1852, 255.8241 ]
            ]
        },
        {
            "class": "bowl",
            "visibility": 1.0,
            "location": [
                -34.79448699951172,
                1.6057084798812867,
                237.3385009765625
            ],
            "quaternion_xyzw": [
                0.6060506105422974,
                0.5292174220085144,
                0.4688860774040222,
                -0.3643863797187805
            ],
            "pose_transform_permuted": [
                [ 0.0001495481, 0.9831765, 0.1826581, 0 ],
                [ 0.2997537, -0.174303, 0.9379585, 0 ],
                [ 0.9540166, 0.05461216, -0.2947369, 0 ],
                [ -34.79449, 1.605708, 237.3385, 1 ]
            ],
            "cuboid_centroid": [
                -34.79448699951172,
                1.6057084798812867,
                237.3385009765625
            ],
            "projected_cuboid_centroid": [
                144.918701171875,
                248.0797119140625
            ],
            "bounding_box": {
                "top_left": [
                    125.18245697021485,
                    206.745849609375
                ],
                "bottom_right": [
                    163.96286010742188,
                    288.042236328125
                ]
            },