{
    "camera_data": {
        "location_worldframe": [
            57.36109161376953,
            111.8167724609375,
            -7.636350631713867
        ],
        "quaternion_xyzw_worldframe": [
            0.3908062279224396,
            -0.528183102607727,
            0.2981182634830475,
            0.6924006342887878
        ]
    },
    "objects": [
        {
            "class": "knife",
            "visibility": 1.0,
            "location": [
                -1.011999249458313,
                0.5138302445411682,
                129.36805725097657
            ],
            "quaternion_xyzw": [
                -0.11751197278499603,
                0.24082253873348237,
                0.8666563034057617,
                0.4208352565765381
            ],
            "pose_transform_permuted": [
                [ -0.6181773, -0.7860382, -0.0009917617, 0 ],
                [ 0.67284, -0.5298044, 0.5163271, 0 ],
                [ -0.4063782, 0.3185144, 0.8563909, 0 ],
                [ -1.011999, 0.5138302, 129.3681, 1 ]
            ],
            "cuboid_centroid": [
                -1.011999249458313,
                0.5138302445411682,
                129.36805725097657
            ],
            "projected_cuboid_centroid": [
                310.65777587890627,
                244.743408203125
            ],
            "bounding_box": {
                "top_left": [
                    254.3876495361328,
                    187.98681640625
                ],
                "bottom_right": [
                    364.3353576660156,
                    304.5009765625
                ]
            },
            "cuboid": [
                [ 3.21818, -5.779463, 132.7002 ],
                [ -6.924229, 5.259796, 126.0327 ],
                [ -5.241382, 6.394062, 125.3508 ],
                [ 4.901023, -4.645197, 132.0182 ],
                [ 3.21739, -5.366403, 133.3853 ],
                [ -6.925022, 5.672854, 126.7178 ],
                [ -5.242177, 6.807116, 126.0359 ],
                [ 4.900231, -4.232141, 132.7034 ]
            ],
            "projected_cuboid": [
                [ 348.9625, 187.9868 ],
                [ 254.3876, 289.8406 ],
                [ 270.0637, 300.9182 ],
                [ 364.3354, 197.9789 ],
                [ 348.8067, 191.9523 ],
                [ 254.7349, 293.464 ],
                [ 270.3276, 304.501 ],
                [ 364.0994, 201.9131 ]
            ]
        },
        {
            "class": "big_fork",
            "visibility": 0.5000550746917725,
            "location": [
                -35.41957092285156,
                -5.19998025894165,
                132.48370361328126
            ],
            "quaternion_xyzw": [
                -0.19680248200893403,
                0.18277142941951753,
                0.6681705713272095,
                0.6938382387161255
            ],
            "pose_transform_permuted": [
                [ 0.0402854, -0.9991444, -0.009367615, 0 ],
                [ 0.8552648, 0.02963376, 0.5173432, 0 ],
                [ -0.5166229, -0.02885319, 0.8557268, 0 ],
                [ -35.41957, -5.19998, 132.4837, 1 ]
            ],
            "cuboid_centroid": [
                -35.41957092285156,
                -5.19998025894165,
                132.48370361328126
            ],
            "projected_cuboid_centroid": [
                0.7151031494140625,
                193.12548828125
            ],
            "bounding_box": {
                "top_left": [
                    -69.46102142333985,
                    179.317626953125
                ],
                "bottom_right": [
                    69.47633361816406,
                    206.9954833984375
                ]
            },
            "cuboid": [
                [ -42.85963, -6.308028, 132.3543 ],
                [ -42.76451, -4.288697, 131.1345 ],
                [ -27.96801, -4.727531, 131.5618 ],
                [ -28.06312, -6.746879, 132.7816 ],
                [ -42.87114, -5.672436, 133.4056 ],
                [ -42.77601, -3.653091, 132.1858 ],
                [ -27.97952, -4.091939, 132.6131 ],
                [ -28.07464, -6.111293, 133.8329 ]
            ],
            "projected_cuboid": [
                [ -66.73, 183.0815 ],
                [ -69.46102, 200.9424 ],
                [ 66.11954, 197.0857 ],
                [ 67.59628, 179.3176 ],
                [ -63.78536, 189.22 ],
                [ -66.46748, 206.9955 ],
                [ 68.02863, 203.1498 ],
                [ 69.47633, 185.4659 ]
            ]
        },
        {
            "class": "mug",
            "visibility": 0.0,
            "location": [
                27.460908889770509,
                -16.056629180908204,
                135.45584106445313
            ],
            "quaternion_xyzw": [
                0.26915299892425539,
                0.728904128074646,
                0.4112969636917114,
                0.4765399694442749
            ],
            "pose_transform_permuted": [
                [ -0.4009328, 0.0003745854, 0.9161075, 0 ],
                [ 0.7843723, 0.5167829, 0.3430678, 0 ],
                [ -0.4733002, 0.8561164, -0.2074891, 0 ],
                [ 27.46091, -16.05663, 135.4558, 1 ]
            ],
            "cuboid_centroid": [
                27.460908889770509,
                -16.056629180908204,
                135.45584106445313
            ],
            "projected_cuboid_centroid": [
                562.111083984375,
                98.435546875
            ],
            "bounding_box": {
                "top_left": [
                    508.255615234375,
                    31.298828125
                ],
                "bottom_right": [
                    617.1054077148438,
                    165.813232421875
                ]
            },
            "cuboid": [
                [ 26.01987, -19.83797, 142.1193 ],
                [ 21.57589, -11.14393, 136.8732 ],
                [ 21.57308, -15.0198, 130.4523 ],
                [ 26.01706, -23.71385, 135.6984 ],
                [ 33.34872, -17.09344, 140.4594 ],
                [ 28.90475, -8.399399, 135.2133 ],
                [ 28.90195, -12.27527, 128.7924 ],
                [ 33.34591, -20.9693, 134.0385 ]
            ],
            "projected_cuboid": [
                [ 538.65, 73.29761 ],
                [ 508.2556, 142.7661 ],
                [ 517.4958, 102.4977 ],
                [ 548.9713, 31.29883 ],
                [ 603.5476, 94.66296 ],
                [ 575.298, 165.8132 ],
                [ 587.9998, 126.1748 ],
                [ 617.1054, 53.16772 ]
            ]
        },
        {
            "class": "bowl",
            "visibility": 0.5395147800445557,
            "location": [
                -29.79520606994629,
                14.476495742797852,
                114.10553741455078
            ],
            "quaternion_xyzw": [
                0.7018048167228699,
                0.43678098917007449,
                0.5560382604598999,
                -0.08668144047260285
            ],
            "pose_transform_permuted": [
                [ 8.761883E-05, 0.7094664, 0.704739, 0 ],
                [ 0.5166736, -0.6034171, 0.6074008, 0 ],
                [ 0.8561823, 0.364067, -0.3666152, 0 ],
                [ -29.79521, 14.4765, 114.1055, 1 ]
            ],
            "cuboid_centroid": [
                -29.79520606994629,
                14.476495742797852,
                114.10553741455078
            ],
            "projected_cuboid_centroid": [
                8.156147003173829,
                391.5145263671875
            ],
            "bounding_box": {
                "top_left": [
                    -66.69750213623047,
                    305.911376953125
                ],
                "bottom_right": [
                    78.144287109375,
                    473.7554931640625
                ]
            },