{
    "camera_data": {
        "location_worldframe": [
            -50.242156982421878,
            69.72169494628906,
            46.4332160949707
        ],
        "quaternion_xyzw_worldframe": [
            0.17776550352573396,
            0.8111935257911682,
            -0.312806099653244,
            0.4609955847263336
        ]
    },
    "objects": [
        {
            "class": "water_glass",
            "visibility": 1.0,
            "location": [
                0.7590583562850952,
                -2.019441604614258,
                102.50273895263672
            ],
            "quaternion_xyzw": [
                -0.653412401676178,
                0.29994437098503115,
                0.6390396356582642,
                -0.27333855628967287
            ],
            "pose_transform_permuted": [
                [ 0.003323436, -0.04262641, -0.9990856, 0 ],
                [ -0.7413231, -0.6706389, 0.0261471, 0 ],
                [ -0.6711401, 0.7405583, -0.03382879, 0 ],
                [ 0.7590584, -2.019442, 102.5027, 1 ]
            ],
            "cuboid_centroid": [
                0.7590583562850952,
                -2.019441604614258,
                102.50273895263672
            ],
            "projected_cuboid_centroid": [
                328.84375,
                216.4715576171875
            ],
            "bounding_box": {
                "top_left": [
                    304.4659118652344,
                    179.40283203125
                ],
                "bottom_right": [
                    354.4952087402344,
                    253.9600830078125
                ]
            },
            "cuboid": [
                [ 2.64402, -2.266349, 105.7635 ],
                [ 2.657306, -5.230338, 103.0801 ],
                [ 2.87044, -1.877141, 99.37732 ],
                [ 2.857152, 1.086856, 102.0607 ],
                [ -1.352321, -2.161754, 105.6282 ],
                [ -1.339038, -5.125739, 102.9448 ],
                [ -1.125902, -1.772547, 99.242 ],
                [ -1.139189, 1.191442, 101.9254 ]
            ],
            "projected_cuboid": [
                [ 349.8557, 214.4089 ],
                [ 350.7868, 179.4028 ],
                [ 354.4952, 217.4417 ],
                [ 353.4328, 252.7178 ],
                [ 304.7104, 215.5587 ],
                [ 304.4659, 180.5366 ],
                [ 306.4511, 218.6696 ],
                [ 306.6522, 253.9601 ]
            ]
        },
        {
            "class": "big_spoon",
            "visibility": 0.0,
            "location": [
                38.162776947021487,
                6.308337688446045,
                94.83126068115235
            ],
            "quaternion_xyzw": [
                0.34398379921913149,
                0.8475892543792725,
                -0.3750620186328888,
                0.15031981468200684
            ],
            "pose_transform_permuted": [
                [ -0.7181582, 0.6958725, -0.003211588, 0 ],
                [ 0.4703555, 0.4820073, -0.7392123, 0 ],
                [ -0.5128495, -0.5323819, -0.6734648, 0 ],
                [ 38.16278, 6.308338, 94.83126, 1 ]
            ],
            "cuboid_centroid": [
                38.162776947021487,
                6.308337688446045,
                94.83126068115235
            ],
            "projected_cuboid_centroid": [
                800.6024169921875,
                319.4439697265625
            ],
            "bounding_box": {
                "top_left": [
                    728.2949829101563,
                    255.3953857421875
                ],
                "bottom_right": [
                    869.512451171875,
                    389.2315673828125
                ]
            },
            "cuboid": [
                [ 44.69064, 4.323172, 98.41743 ],
                [ 33.97437, 11.34176, 90.76476 ],
                [ 31.64114, 9.725606, 92.54981 ],
                [ 42.35741, 2.70702, 100.2025 ],
                [ 44.68441, 2.891062, 97.1127 ],
                [ 33.96814, 9.909657, 89.46003 ],
                [ 31.63491, 8.293504, 91.24509 ],
                [ 42.35118, 1.274909, 98.89776 ]
            ],
            "projected_cuboid": [
                [ 862.303, 292.46 ],
                [ 767.0248, 389.2316 ],
                [ 728.295, 365.4985 ],
                [ 824.8337, 272.2634 ],
                [ 869.5125, 275.5532 ],
                [ 773.4613, 372.29 ],
                [ 734.0518, 348.5491 ],
                [ 831.4188, 255.3954 ]
            ]
        },
        {
            "class": "packet_cup",
            "visibility": 0.0,
            "location": [
                23.888504028320314,
                -15.62674331665039,
                116.7766342163086
            ],
            "quaternion_xyzw": [
                0.3552440404891968,
                -0.14756610989570619,
                -0.056925274431705478,
                0.9212955236434937
            ],
            "pose_transform_permuted": [
                [ 0.9499675, 4.604459E-05, -0.3123487, 0 ],
                [ -0.209734, 0.7411224, -0.637769, 0 ],
                [ 0.2314593, 0.67137, 0.7040519, 0 ],
                [ 23.8885, -15.62674, 116.7766, 1 ]
            ],
            "cuboid_centroid": [
                23.888504028320314,
                -15.62674331665039,
                116.7766342163086
            ],
            "projected_cuboid_centroid": [
                564.303955078125,
                80.187744140625
            ],
            "bounding_box": {
                "top_left": [
                    529.4207153320313,
                    36.7303466796875
                ],
                "bottom_right": [
                    601.4940185546875,
                    124.5406494140625
                ]
            },
            "cuboid": [
                [ 23.3194, -11.17471, 115.5858 ],
                [ 26.64428, -11.90877, 116.3959 ],
                [ 26.64405, -15.61439, 113.0391 ],
                [ 23.31917, -14.88032, 112.229 ],
                [ 21.13295, -15.63909, 120.5142 ],
                [ 24.45784, -16.37315, 121.3243 ],
                [ 24.45761, -20.07877, 117.9674 ],
                [ 21.13273, -19.3447, 117.1573 ]
            ],
            "projected_cuboid": [
                [ 560.9408, 124.5406 ],
                [ 593.3781, 117.8125 ],
                [ 601.494, 75.03418 ],
                [ 568.1451, 81.65479 ],
                [ 529.4207, 85.02173 ],
                [ 560.7509, 78.83081 ],
                [ 567.5993, 36.73035 ],
                [ 535.4188, 42.80762 ]
            ]
        },
        {
            "class": "packet_cup",
            "visibility": 0.4672717750072479,
            "location": [
                14.238565444946289,
                -4.865741729736328,
                104.89826202392578
            ],
            "quaternion_xyzw": [
                0.6933791637420654,
                -0.24074630439281465,
                0.6243212223052979,
                -0.26737523078918459
            ],
            "pose_transform_permuted": [
                [ 0.1045285, -8.642673E-07, 0.9945219, 0 ],
                [ -0.667713, -0.7411033, 0.07017878, 0 ],
                [ 0.7370435, -0.6713909, -0.07746691, 0 ],
                [ 14.23857, -4.865742, 104.8983, 1 ]
            ],
            "cuboid_centroid": [
                14.238565444946289,
                -4.865741729736328,
                104.89826202392578
            ],
            "projected_cuboid_centroid": [
                482.1046447753906,
                184.60400390625
            ],
            "bounding_box": {
                "top_left": [
                    439.64068603515627,
                    147.3070068359375
                ],
                "bottom_right": [
                    526.012939453125,
                    221.8173828125
                ]
            },