{
    "camera_data": {
        "location_worldframe": [
            -65.27467346191406,
            60.915374755859378,
            15.205347061157227
        ],
        "quaternion_xyzw_worldframe": [
            0.376608282327652,
            0.4685189723968506,
            -0.23060104250907899,
            0.7651662230491638
        ]
    },
    "objects": [
        {
            "class": "small_spoon",
            "visibility": 1.0,
            "location": [
                -2.0430543422698976,
                0.5236199498176575,
                74.29129028320313
            ],
            "quaternion_xyzw": [
                0.03235914930701256,
                0.89124596118927,
                0.4466896653175354,
                0.07142700254917145
            ],
            "pose_transform_permuted": [
                [ -0.9877021, -0.006131485, 0.1562271, 0 ],
                [ 0.1214913, 0.5988424, 0.7915981, 0 ],
                [ -0.09840906, 0.8008434, -0.590733, 0 ],
                [ -2.043054, 0.5236199, 74.29129, 1 ]
            ],
            "cuboid_centroid": [
                -2.0430543422698976,
                0.5236199498176575,
                74.29129028320313
            ],
            "projected_cuboid_centroid": [
                287.1572570800781,
                248.4173583984375
            ],
            "bounding_box": {
                "top_left": [
                    188.44210815429688,
                    213.977783203125
                ],
                "bottom_right": [
                    384.829345703125,
                    282.8299560546875
                ]
            },
            "cuboid": [
                [ 3.723, -0.01180875, 76.41054 ],
                [ -8.067694, 1.438495, 75.23577 ],
                [ -8.051247, -0.1678349, 73.08761 ],
                [ 3.73945, -1.618137, 74.26237 ],
                [ 3.965135, 1.215061, 75.49497 ],
                [ -7.825561, 2.665367, 74.32022 ],
                [ -7.809113, 1.059046, 72.17205 ],
                [ 3.981579, -0.3912594, 73.34682 ]
            ],
            "projected_cuboid": [
                [ 378.1885, 239.8154 ],
                [ 191.9373, 262.834 ],
                [ 188.4421, 237.2576 ],
                [ 380.1363, 213.9778 ],
                [ 382.7245, 259.2211 ],
                [ 194.2506, 282.83 ],
                [ 190.7799, 257.5244 ],
                [ 384.8293, 233.6294 ]
            ]
        }
    ]
}