{
    "camera_data": {
        "location_worldframe": [
            -18.55375099182129,
            150.065185546875,
            -46.76113510131836
        ],
        "quaternion_xyzw_worldframe": [
            0.5613970160484314,
            -0.129559725522995,
            0.08952770382165909,
            0.812423825263977
        ]
    },
    "objects": [
        {
            "class": "wine_glass",
            "visibility": 1.0,
            "location": [
                2.933429002761841,
                -0.8322029113769531,
                156.09449768066407
            ],
            "quaternion_xyzw": [
                0.6621342301368713,
                -0.001610681414604187,
                -0.7071513533592224,
                0.24801762402057649
            ],
            "pose_transform_permuted": [
                [ -0.000131312, 0.348639, -0.9372572, 0 ],
                [ -0.352905, -0.8769696, -0.3261639, 0 ],
                [ -0.9356593, 0.3307199, 0.1231514, 0 ],
                [ 2.933429, -0.8322029, 156.0945, 1 ]
            ],
            "cuboid_centroid": [
                2.933429002761841,
                -0.8322029113769531,
                156.09449768066407
            ],
            "projected_cuboid_centroid": [
                342.4432373046875,
                233.6329345703125
            ],
            "bounding_box": {
                "top_left": [
                    292.4068298339844,
                    160.758544921875
                ],
                "bottom_right": [
                    392.2021789550781,
                    305.901123046875
                ]
            },
            "cuboid": [
                [ 9.339903, -4.943473, 161.8728 ],
                [ 9.338866, -7.735964, 154.469 ],
                [ 3.934961, 5.857061, 149.3428 ],
                [ 3.936, 8.649549, 156.7466 ],
                [ 1.931898, -7.521449, 162.8461 ],
                [ 1.930861, -10.31394, 155.4424 ],
                [ -3.473042, 3.279091, 150.3162 ],
                [ -3.472011, 6.071576, 157.72 ]
            ],
            "projected_cuboid": [
                [ 388.9074, 203.5283 ],
                [ 392.2022, 180.1904 ],
                [ 351.4669, 286.8374 ],
                [ 349.9885, 305.9011 ],
                [ 334.1678, 184.8403 ],
                [ 334.8347, 160.7585 ],
                [ 292.4068, 266.0522 ],
                [ 293.7099, 285.974 ]
            ]
        }
    ]
}