{
    "camera_data": {
        "location_worldframe": [
            53.290401458740237,
            207.93719482421876,
            -9.144126892089844
        ],
        "quaternion_xyzw_worldframe": [
            0.33593660593032839,
            -0.6597977876663208,
            0.42691901326179507,
            0.5191856622695923
        ]
    },
    "objects": [
        {
            "class": "small_fork",
            "visibility": 1.0,
            "location": [
                -3.294468641281128,
                1.4094551801681519,
                226.34552001953126
            ],
            "quaternion_xyzw": [
                -0.00767411757260561,
                0.2097318172454834,
                0.9773708581924439,
                0.026457611471414567
            ],
            "pose_transform_permuted": [
                [ -0.9984824, -0.05493681, -0.003902912, 0 ],
                [ 0.04849878, -0.9106253, 0.4103776, 0 ],
                [ -0.02609892, 0.4095654, 0.9119074, 0 ],
                [ -3.294469, 1.409455, 226.3455, 1 ]
            ],
            "cuboid_centroid": [
                -3.294468641281128,
                1.4094551801681519,
                226.34552001953126
            ],
            "projected_cuboid_centroid": [
                302.6175537109375,
                247.4366455078125
            ],
            "bounding_box": {
                "top_left": [
                    296.14105224609377,
                    217.865234375
                ],
                "bottom_right": [
                    309.2068176269531,
                    277.535888671875
                ]
            },
            "cuboid": [
                [ -2.674973, -4.232284, 228.3481 ],
                [ -4.560973, -4.140669, 228.2989 ],
                [ -3.910126, 6.647841, 223.4466 ],
                [ -2.024128, 6.55624, 223.4959 ],
                [ -2.67881, -3.828925, 229.2444 ],
                [ -4.564812, -3.737318, 229.1951 ],
                [ -3.913958, 7.051175, 224.3429 ],
                [ -2.027963, 6.95958, 224.3922 ]
            ],
            "projected_cuboid": [
                [ 306.0099, 217.8652 ],
                [ 296.1411, 218.3397 ],
                [ 299.1015, 275.5308 ],
                [ 309.184, 275.0334 ],
                [ 306.0446, 220.0531 ],
                [ 296.2144, 220.5261 ],
                [ 299.1646, 277.5359 ],
                [ 309.2068, 277.0402 ]
            ]
        },
        {
            "class": "small_spoon",
            "visibility": 1.0,
            "location": [
                -15.91377067565918,
                39.909515380859378,
                208.75003051757813
            ],
            "quaternion_xyzw": [
                -0.06775534898042679,
                0.1974404752254486,
                0.9284966588020325,
                0.3071163296699524
            ],
            "pose_transform_permuted": [
                [ -0.8021775, -0.5970683, -0.004546843, 0 ],
                [ 0.5435577, -0.7333936, 0.4082632, 0 ],
                [ -0.2470956, 0.3250281, 0.9128529, 0 ],
                [ -15.91377, 39.90952, 208.75, 1 ]
            ],
            "cuboid_centroid": [
                -15.91377067565918,
                39.909515380859378,
                208.75003051757813
            ],
            "projected_cuboid_centroid": [
                228.95751953125,
                468.32183837890627
            ],
            "bounding_box": {
                "top_left": [
                    195.96676635742188,
                    441.16400146484377
                ],
                "bottom_right": [
                    261.40093994140627,
                    495.79461669921877
                ]
            },
            "cuboid": [
                [ -11.92303, 35.36516, 209.9534 ],
                [ -21.49902, 41.85387, 207.0037 ],
                [ -19.89746, 43.82111, 206.1318 ],
                [ -10.32147, 37.33239, 209.0816 ],
                [ -11.93008, 35.99791, 211.3682 ],
                [ -21.50607, 42.48663, 208.4185 ],
                [ -19.90451, 44.45387, 207.5466 ],
                [ -10.32851, 37.96515, 210.4964 ]
            ],
            "projected_cuboid": [
                [ 252.1795, 441.164 ],
                [ 195.9668, 481.4655 ],
                [ 204.721, 493.8843 ],
                [ 261.0446, 453.2395 ],
                [ 252.5936, 443.3926 ],
                [ 196.7683, 483.4521 ],
                [ 205.4663, 495.7946 ],
                [ 261.4009, 455.3962 ]
            ]
        },
        {
            "class": "wine_glass",
            "visibility": 1.0,
            "location": [
                9.153703689575196,
                49.05692672729492,
                201.14688110351563
            ],
            "quaternion_xyzw": [
                0.3915543258190155,
                0.37663304805755618,
                -0.5988031625747681,
                0.5884449481964111
            ],
            "pose_transform_permuted": [
                [ -0.0008353889, 0.99967, -0.02567232, 0 ],
                [ -0.4097808, -0.02376005, -0.9118744, 0 ],
                [ -0.9121836, 0.009758204, 0.4096655, 0 ],
                [ 9.153704, 49.05693, 201.1469, 1 ]
            ],
            "cuboid_centroid": [
                9.153703689575196,
                49.05692672729492,
                201.14688110351563
            ],
            "projected_cuboid_centroid": [
                374.3476867675781,
                531.2625122070313
            ],
            "bounding_box": {
                "top_left": [
                    327.57257080078127,
                    501.63751220703127
                ],
                "bottom_right": [
                    423.5820007324219,
                    560.3289794921875
                ]
            },
            "cuboid": [
                [ 17.0059, 54.09775, 203.2125 ],
                [ 16.99929, 50.85521, 195.9946 ],
                [ 1.504411, 51.22349, 195.8433 ],
                [ 1.511023, 54.46605, 203.0613 ],
                [ 16.80299, 46.89037, 206.4505 ],
                [ 16.79638, 43.64783, 199.2325 ],
                [ 1.301496, 44.01611, 199.0813 ],
                [ 1.308105, 47.25865, 206.2993 ]
            ],
            "projected_cuboid": [
                [ 419.9417, 557.9261 ],
                [ 423.582, 549.8768 ],
                [ 329.1739, 552.3618 ],
                [ 328.8867, 560.329 ],
                [ 417.2004, 511.2472 ],
                [ 420.6823, 501.6375 ],
                [ 327.8075, 504.0455 ],
                [ 327.5726, 513.578 ]
            ]
        },
        {
            "class": "wine_glass",
            "visibility": 1.0,
            "location": [
                19.279329299926759,
                23.015596389770509,
                212.84519958496095
            ],
            "quaternion_xyzw": [
                -0.6502383947372437,
                0.5201375484466553,
                0.47856926918029787,
                0.278600811958313
            ],
            "pose_transform_permuted": [
                [ 0.0008567572, -0.9430864, -0.3325467, 0 ],
                [ -0.4097672, -0.303677, 0.8601576, 0 ],
                [ -0.9121897, 0.1355298, -0.3867061, 0 ],
                [ 19.27933, 23.0156, 212.8452, 1 ]
            ],
            "cuboid_centroid": [
                19.279329299926759,
                23.015596389770509,
                212.84519958496095
            ],
            "projected_cuboid_centroid": [
                428.1746826171875,
                369.1385498046875
            ],
            "bounding_box": {
                "top_left": [
                    378.9054870605469,
                    328.1904296875
                ],
                "bottom_right": [
                    478.9151306152344,
                    409.692138671875
                ]
            },