{
    "camera_data": {
        "location_worldframe": [
            41.42649841308594,
            106.68990325927735,
            -32.461326599121097
        ],
        "quaternion_xyzw_worldframe": [
            0.5340911149978638,
            -0.31465429067611697,
            0.22341248393058778,
            0.752214252948761
        ]
    },
    "objects": [
        {
            "class": "small_plates",
            "visibility": 1.0,
            "location": [
                -4.042792320251465,
                -0.48373857140541079,
                111.98190307617188
            ],
            "quaternion_xyzw": [
                0.7940282225608826,
                -0.13319137692451478,
                0.18235467374324799,
                -0.5643810033798218
            ],
            "pose_transform_permuted": [
                [ 0.8980137, -0.005680397, 0.4399309, 0 ],
                [ -0.4173505, -0.3274681, 0.8476928, 0 ],
                [ 0.1392482, -0.944845, -0.2964415, 0 ],
                [ -4.042792, -0.4837386, 111.9819, 1 ]
            ],
            "cuboid_centroid": [
                -4.042792320251465,
                -0.48373857140541079,
                111.98190307617188
            ],
            "projected_cuboid_centroid": [
                276.8847351074219,
                234.841064453125
            ],
            "bounding_box": {
                "top_left": [
                    202.07664489746095,
                    162.539794921875
                ],
                "bottom_right": [
                    352.17218017578127,
                    309.219970703125
                ]
            },
            "cuboid": [
                [ -11.0696, -2.984683, 112.1062 ],
                [ -1.642093, -7.366096, 113.5681 ],
                [ -1.63367, -6.880523, 114.9691 ],
                [ -11.06118, -2.499101, 113.5073 ],
                [ -6.451914, 5.913043, 108.9947 ],
                [ 2.975597, 1.531624, 110.4565 ],
                [ 2.98402, 2.017206, 111.8576 ],
                [ -6.443489, 6.398617, 110.3957 ]
            ],
            "projected_cuboid": [
                [ 202.0766, 208.2045 ],
                [ 302.7321, 162.5398 ],
                [ 303.0301, 168.5277 ],
                [ 203.6208, 213.7059 ],
                [ 249.3063, 304.7893 ],
                [ 352.1722, 256.5599 ],
                [ 351.8591, 261.5369 ],
                [ 250.2946, 309.22 ]
            ]
        }
    ]
}