{
    "camera_data": {
        "location_worldframe": [
            48.405391693115237,
            69.03775024414063,
            -19.673538208007814
        ],
        "quaternion_xyzw_worldframe": [
            0.38299188017845156,
            -0.37561526894569399,
            0.174212247133255,
            0.825760543346405
        ]
    },
    "objects": [
        {
            "class": "packet_cup",
            "visibility": 1.0,
            "location": [
                -4.326792240142822,
                -0.9677025079727173,
                88.43792724609375
            ],
            "quaternion_xyzw": [
                -0.005510464310646057,
                0.5362339019775391,
                -0.46093815565109255,
                -0.7070777416229248
            ],
            "pose_transform_permuted": [
                [ -2.154708E-05, -0.657748, -0.7532381, 0 ],
                [ 0.6459284, 0.5750113, -0.502134, 0 ],
                [ 0.7633981, -0.4865487, 0.4248457, 0 ],
                [ -4.326792, -0.9677025, 88.43793, 1 ]
            ],
            "cuboid_centroid": [
                -4.326792240142822,
                -0.9677025079727173,
                88.43792724609375
            ],
            "projected_cuboid_centroid": [
                261.57147216796877,
                226.9322509765625
            ],
            "bounding_box": {
                "top_left": [
                    202.3485565185547,
                    169.6112060546875
                ],
                "bottom_right": [
                    319.384521484375,
                    286.0537109375
                ]
            },
            "cuboid": [
                [ -3.334792, 1.096919, 84.39865 ],
                [ -3.334867, 3.357673, 87.07054 ],
                [ -0.0461272, 0.4826127, 89.50329 ],
                [ -0.0460496, -1.778139, 86.83139 ],
                [ -8.607456, -2.418018, 87.37257 ],
                [ -8.607533, -0.1572672, 90.04446 ],
                [ -5.318793, -3.032329, 92.47721 ],
                [ -5.318717, -5.293076, 89.80531 ]
            ],
            "projected_cuboid": [
                [ 272.8121, 255.5216 ],
                [ 274.2591, 286.0537 ],
                [ 319.3845, 246.4396 ],
                [ 319.3666, 215.5439 ],
                [ 202.3486, 206.9492 ],
                [ 205.8386, 237.9142 ],
                [ 251.3128, 200.8403 ],
                [ 249.2702, 169.6112 ]
            ]
        }
    ]
}