{
    "camera_data": {
        "location_worldframe": [
            -42.512840270996097,
            21.454561233520509,
            -36.997840881347659
        ],
        "quaternion_xyzw_worldframe": [
            0.4277507960796356,
            0.3845939338207245,
            -0.20794539153575898,
            0.7911229133605957
        ]
    },
    "objects": [
        {
            "class": "small_plates",
            "visibility": 0.4074423015117645,
            "location": [
                3.770972967147827,
                -1.2732261419296265,
                25.12427520751953
            ],
            "quaternion_xyzw": [
                -0.2889198660850525,
                0.4507933259010315,
                -0.8295005559921265,
                0.15886974334716798
            ],
            "pose_transform_permuted": [
                [ -0.7825716, 0.003078789, 0.6225532, 0 ],
                [ -0.5240514, -0.5430918, -0.6560654, 0 ],
                [ 0.3360835, -0.8396679, 0.4266214, 0 ],
                [ 3.770973, -1.273226, 25.12428, 1 ]
            ],
            "cuboid_centroid": [
                3.770972967147827,
                -1.2732261419296265,
                25.12427520751953
            ],
            "projected_cuboid_centroid": [
                499.249267578125,
                179.478515625
            ],
            "bounding_box": {
                "top_left": [
                    140.97145080566407,
                    -89.7193603515625
                ],
                "bottom_right": [
                    853.0575561523438,
                    532.38330078125
                ]
            },
            "cuboid": [
                [ 4.613757, 4.518075, 20.4986 ],
                [ -3.60182, -0.9835123, 24.02687 ],
                [ -3.606385, -0.1781969, 25.27196 ],
                [ 4.60919, 5.32339, 21.74369 ],
                [ 11.14833, -2.368252, 24.97659 ],
                [ 2.932751, -7.869838, 28.50486 ],
                [ 2.928187, -7.064527, 29.74995 ],
                [ 11.14377, -1.562936, 26.22168 ]
            ],
            "projected_cuboid": [
                [ 588.7992, 503.2247 ],
                [ 140.9715, 191.1145 ],
                [ 149.576, 231.5791 ],
                [ 573.1564, 532.3833 ],
                [ 853.0576, 126.762 ],
                [ 442.8723, -89.71936 ],
                [ 437.5466, -43.59229 ],
                [ 827.5385, 168.8167 ]
            ]
        }
    ]
}