{
    "camera_data": {
        "location_worldframe": [
            -67.21794128417969,
            214.2843017578125,
            -41.23026657104492
        ],
        "quaternion_xyzw_worldframe": [
            0.4337875545024872,
            0.47944822907447817,
            -0.2957627475261688,
            0.703194260597229
        ]
    },
    "objects": [
        {
            "class": "packet_cup",
            "visibility": 1.0,
            "location": [
                0.20737767219543458,
                1.690872311592102,
                236.5227508544922
            ],
            "quaternion_xyzw": [
                0.688543438911438,
                0.1651107668876648,
                0.687560498714447,
                0.16095617413520814
            ],
            "pose_transform_permuted": [
                [ -1.98558E-06, 0.006037652, 0.9999817, 0 ],
                [ 0.4487061, -0.893663, 0.005396649, 0 ],
                [ 0.8936793, 0.4486979, -0.002707262, 0 ],
                [ 0.2073777, 1.690872, 236.5228, 1 ]
            ],
            "cuboid_centroid": [
                0.20737767219543458,
                1.690872311592102,
                236.5227508544922
            ],
            "projected_cuboid_centroid": [
                321.0470886230469,
                248.53759765625
            ],
            "bounding_box": {
                "top_left": [
                    303.10784912109377,
                    233.1842041015625
                ],
                "bottom_right": [
                    338.8577575683594,
                    263.8349609375
                ]
            },
            "cuboid": [
                [ -3.277457, -1.347399, 236.09 ],
                [ -3.277466, 0.2230726, 239.2179 ],
                [ -3.307654, 4.691385, 236.9744 ],
                [ -3.30764, 3.120927, 233.8465 ],
                [ 3.722413, -1.309625, 236.0711 ],
                [ 3.722407, 0.2608525, 239.199 ],
                [ 3.692216, 4.729157, 236.9554 ],
                [ 3.692227, 3.158698, 233.8276 ]
            ],
            "projected_cuboid": [
                [ 303.4211, 233.1842 ],
                [ 303.6378, 241.1136 ],
                [ 303.3307, 263.6427 ],
                [ 303.1078, 255.9386 ],
                [ 338.8312, 233.3748 ],
                [ 338.585, 241.3024 ],
                [ 338.6088, 263.835 ],
                [ 338.8578, 256.1328 ]
            ]
        }
    ]
}