{
    "camera_data": {
        "location_worldframe": [
            64.05058288574219,
            169.41229248046876,
            -64.04350280761719
        ],
        "quaternion_xyzw_worldframe": [
            0.533897876739502,
            -0.23529314994812013,
            0.1576789766550064,
            0.7966979742050171
        ]
    },
    "objects": [
        {
            "class": "packet_cup",
            "visibility": 1.0,
            "location": [
                4.67107629776001,
                -0.6380882859230042,
                181.10354614257813
            ],
            "quaternion_xyzw": [
                -0.5437236428260803,
                -0.6248350143432617,
                -0.331030935049057,
                0.4520667791366577
            ],
            "pose_transform_permuted": [
                [ -5.51343E-07, 0.9787713, -0.2049556, 0 ],
                [ 0.380179, 0.1895662, 0.9052782, 0 ],
                [ 0.924913, -0.07791933, -0.3721084, 0 ],
                [ 4.671076, -0.6380883, 181.1035, 1 ]
            ],
            "cuboid_centroid": [
                4.67107629776001,
                -0.6380882859230042,
                181.10354614257813
            ],
            "projected_cuboid_centroid": [
                350.8026123046875,
                235.792236328125
            ],
            "bounding_box": {
                "top_left": [
                    329.90838623046877,
                    207.3638916015625
                ],
                "bottom_right": [
                    371.8150634765625,
                    264.182373046875
                ]
            },
            "cuboid": [
                [ 7.835349, -3.997963, 180.5925 ],
                [ 7.835345, -2.667345, 183.8297 ],
                [ 2.941493, -3.61517, 184.2193 ],
                [ 2.941491, -4.945801, 180.9821 ],
                [ 6.40066, 2.338974, 177.9878 ],
                [ 6.400657, 3.669605, 181.225 ],
                [ 1.506799, 2.721763, 181.6145 ],
                [ 1.5068, 1.391158, 178.3774 ]
            ],
            "projected_cuboid": [
                [ 371.8151, 213.5615 ],
                [ 370.9026, 222.6715 ],
                [ 339.0691, 216.5636 ],
                [ 339.4102, 207.3639 ],
                [ 362.9469, 255.694 ],
                [ 362.1797, 264.1824 ],
                [ 329.9084, 257.8977 ],
                [ 330.0882, 249.314 ]
            ]
        }
    ]
}