{
    "camera_data": {
        "location_worldframe": [
            13.19296932220459,
            86.44141387939453,
            27.627065658569337
        ],
        "quaternion_xyzw_worldframe": [
            -0.15605665743350984,
            0.8371842503547669,
            -0.4241179823875427,
            -0.30804675817489626
        ]
    },
    "objects": [
        {
            "class": "knife",
            "visibility": 1.0,
            "location": [
                3.9551568031311037,
                1.0470627546310425,
                105.45159912109375
            ],
            "quaternion_xyzw": [
                -0.1307886242866516,
                0.2823619544506073,
                0.862570583820343,
                0.39892107248306277
            ],
            "pose_transform_permuted": [
                [ -0.6475126, -0.7620546, -0.000348568, 0 ],
                [ 0.6143357, -0.5222674, 0.5914629, 0 ],
                [ -0.4509091, 0.3827655, 0.8063321, 0 ],
                [ 3.955157, 1.047063, 105.4516, 1 ]
            ],
            "cuboid_centroid": [
                3.9551568031311037,
                1.0470627546310425,
                105.45159912109375
            ],
            "projected_cuboid_centroid": [
                364.79278564453127,
                251.858154296875
            ],
            "bounding_box": {
                "top_left": [
                    294.52569580078127,
                    187.6514892578125
                ],
                "bottom_right": [
                    431.0657958984375,
                    320.8470458984375
                ]
            },
            "cuboid": [
                [ 8.451406, -4.788283, 109.2378 ],
                [ -2.172312, 5.291099, 101.8398 ],
                [ -0.5408139, 6.409228, 101.0203 ],
                [ 10.0829, -3.670145, 108.4184 ],
                [ 8.451131, -4.315124, 109.8829 ],
                [ -2.17259, 5.764267, 102.4848 ],
                [ -0.5410913, 6.882396, 101.6654 ],
                [ 10.08262, -3.196985, 109.0634 ]
            ],
            "projected_cuboid": [
                [ 412.3961, 187.6515 ],
                [ 294.5257, 302.0477 ],
                [ 313.6065, 315.7695 ],
                [ 431.0658, 199.5724 ],
                [ 411.8506, 193.1013 ],
                [ 294.6828, 307.171 ],
                [ 313.6438, 320.847 ],
                [ 430.4058, 204.9927 ]
            ]
        }
    ]
}