{
    "camera_data": {
        "location_worldframe": [
            1.2793242931365967,
            223.52565002441407,
            -4.6991167068481449
        ],
        "quaternion_xyzw_worldframe": [
            0.5894034504890442,
            -0.25820428133010867,
            0.20646870136260987,
            0.7370921969413757
        ]
    },
    "objects": [
        {
            "class": "teacup",
            "visibility": 1.0,
            "location": [
                -3.484088897705078,
                1.114492416381836,
                225.23643493652345
            ],
            "quaternion_xyzw": [
                -0.44735732674598696,
                0.8875295519828796,
                -0.0986567884683609,
                -0.04929213970899582
            ],
            "pose_transform_permuted": [
                [ -0.5948837, -0.8038117, 0.0007732138, 0 ],
                [ -0.7843597, 0.5802765, -0.219224, 0 ],
                [ 0.1757661, -0.1310192, -0.9756746, 0 ],
                [ -3.484089, 1.114492, 225.2364, 1 ]
            ],
            "cuboid_centroid": [
                -3.484088897705078,
                1.114492416381836,
                225.23643493652345
            ],
            "projected_cuboid_centroid": [
                301.52655029296877,
                245.9093017578125
            ],
            "bounding_box": {
                "top_left": [
                    276.6822814941406,
                    216.399658203125
                ],
                "bottom_right": [
                    325.9765319824219,
                    274.899169921875
                ]
            },
            "cuboid": [
                [ -2.989187, 6.64046, 227.2378 ],
                [ -8.077802, -0.06892551, 228.7413 ],
                [ -3.983884, -3.024367, 229.4086 ],
                [ 1.104739, 3.685044, 227.9051 ],
                [ -2.984297, 5.253362, 221.0643 ],
                [ -8.072916, -1.456044, 222.5678 ],
                [ -3.978991, -4.411471, 223.2351 ],
                [ 1.109632, 2.297923, 221.7316 ]
            ],
            "projected_cuboid": [
                [ 304.2902, 274.8992 ],
                [ 277.8259, 239.6401 ],
                [ 299.2607, 224.2557 ],
                [ 325.789, 259.3102 ],
                [ 303.8779, 268.3802 ],
                [ 276.6823, 232.1871 ],
                [ 298.7133, 216.3997 ],
                [ 325.9765, 252.3767 ]
            ]
        },
        {
            "class": "wine_glass",
            "visibility": 1.0,
            "location": [
                19.611351013183595,
                43.258609771728519,
                214.92774963378907
            ],
            "quaternion_xyzw": [
                0.06979343295097351,
                0.08563513308763504,
                0.7724771499633789,
                -0.6253595352172852
            ],
            "pose_transform_permuted": [
                [ -0.2081086, 0.9781054, 0.0007221699, 0 ],
                [ -0.9541984, -0.2031841, 0.2195944, 0 ],
                [ 0.2149332, 0.0450104, 0.975591, 0 ],
                [ 19.61135, 43.25861, 214.9277, 1 ]
            ],
            "cuboid_centroid": [
                19.611351013183595,
                43.258609771728519,
                214.92774963378907
            ],
            "projected_cuboid_centroid": [
                428.9714050292969,
                480.3685302734375
            ],
            "bounding_box": {
                "top_left": [
                    381.0541076660156,
                    448.39495849609377
                ],
                "bottom_right": [
                    478.87164306640627,
                    511.662353515625
                ]
            },
            "cuboid": [
                [ 28.01218, 44.59134, 210.5707 ],
                [ 26.36545, 37.04088, 212.2715 ],
                [ 11.20482, 40.19022, 211.5738 ],
                [ 12.85155, 47.74068, 209.8731 ],
                [ 28.01789, 46.32699, 218.2817 ],
                [ 26.37115, 38.77652, 219.9824 ],
                [ 11.21053, 41.92588, 219.2848 ],
                [ 12.85726, 49.47634, 217.5841 ]
            ],
            "projected_cuboid": [
                [ 478.8716, 492.9007 ],
                [ 468.3341, 448.395 ],
                [ 383.2471, 466.859 ],
                [ 393.1301, 511.6624 ],
                [ 473.2906, 493.4628 ],
                [ 463.1656, 450.5128 ],
                [ 381.0541, 468.3343 ],
                [ 390.5698, 511.5614 ]
            ]
        }
    ]
}