{
    "camera_data": {
        "location_worldframe": [
            3.9435088634490969,
            146.04400634765626,
            4.590815544128418
        ],
        "quaternion_xyzw_worldframe": [
            0.5271894335746765,
            -0.3600776493549347,
            0.2623409926891327,
            0.7235970497131348
        ]
    },
    "objects": [
        {
            "class": "teacup",
            "visibility": 1.0,
            "location": [
                -0.4246770143508911,
                1.469435691833496,
                149.21539306640626
            ],
            "quaternion_xyzw": [
                -0.5510453581809998,
                0.8200146555900574,
                -0.12854181230068208,
                -0.08603447675704956
            ],
            "pose_transform_permuted": [
                [ -0.377894, -0.9258485, 0.0005656779, 0 ],
                [ -0.8816125, 0.359652, -0.3056301, 0 ],
                [ 0.2827638, -0.1159946, -0.95215, 0 ],
                [ -0.424677, 1.469436, 149.2154, 1 ]
            ],
            "cuboid_centroid": [
                -0.4246770143508911,
                1.469435691833496,
                149.21539306640626
            ],
            "projected_cuboid_centroid": [
                316.60107421875,
                251.7607421875
            ],
            "bounding_box": {
                "top_left": [
                    284.307373046875,
                    206.171142578125
                ],
                "bottom_right": [
                    349.1895751953125,
                    296.438232421875
                ]
            },
            "cuboid": [
                [ -1.167958, 7.122871, 150.7229 ],
                [ -4.400451, -0.4184127, 153.1417 ],
                [ 0.315025, -2.250168, 153.7325 ],
                [ 3.547522, 5.291121, 151.3137 ],
                [ -1.164378, 5.189048, 144.6983 ],
                [ -4.396876, -2.352257, 147.1171 ],
                [ 0.3186031, -4.184015, 147.7078 ],
                [ 3.551102, 3.357288, 145.2891 ]
            ],
            "projected_cuboid": [
                [ 310.7457, 296.4382 ],
                [ 285.6836, 236.7371 ],
                [ 322.4472, 222.5198 ],
                [ 347.9991, 281.7606 ],
                [ 310.3899, 282.8274 ],
                [ 284.3074, 220.905 ],
                [ 322.576, 206.1711 ],
                [ 349.1896, 267.5964 ]
            ]
        },
        {
            "class": "wine_glass",
            "visibility": 0.2565883994102478,
            "location": [
                11.239623069763184,
                46.67078399658203,
                133.83433532714845
            ],
            "quaternion_xyzw": [
                0.11206892877817154,
                0.10713699460029602,
                0.6845049858093262,
                -0.7123307585716248
            ],
            "pose_transform_permuted": [
                [ 0.03994918, 0.9992014, 0.000789538, 0 ],
                [ -0.9511744, 0.03778696, 0.3063319, 0 ],
                [ 0.3060575, -0.01298869, 0.9519244, 0 ],
                [ 11.23962, 46.67078, 133.8343, 1 ]
            ],
            "cuboid_centroid": [
                11.239623069763184,
                46.67078399658203,
                133.83433532714845
            ],
            "projected_cuboid_centroid": [
                420.2955627441406,
                656.4617309570313
            ],
            "bounding_box": {
                "top_left": [
                    349.2327575683594,
                    616.35546875
                ],
                "bottom_right": [
                    494.576416015625,
                    699.2634887695313
                ]
            },
            "cuboid": [
                [ 18.82226, 49.51629, 128.7608 ],
                [ 19.13837, 41.98977, 131.1826 ],
                [ 3.65075, 41.40406, 131.3839 ],
                [ 3.334637, 48.93059, 128.9621 ],
                [ 18.8285, 51.93752, 136.2848 ],
                [ 19.14461, 44.41099, 138.7065 ],
                [ 3.656988, 43.82529, 138.9079 ],
                [ 3.340877, 51.35182, 136.4861 ]
            ],
            "projected_cuboid": [
                [ 494.5764, 699.2635 ],
                [ 494.2313, 622.2651 ],
                [ 353.1847, 616.3555 ],
                [ 350.8805, 693.1227 ],
                [ 484.9932, 695.1258 ],
                [ 484.8341, 622.3763 ],
                [ 351.4409, 616.7866 ],
                [ 349.2328, 689.3296 ]
            ]
        }
    ]
}