{
    "camera_data": {
        "location_worldframe": [
            18.832921981811525,
            194.9203643798828,
            9.774028778076172
        ],
        "quaternion_xyzw_worldframe": [
            0.507408618927002,
            -0.4362446665763855,
            0.33326438069343569,
            0.6642002463340759
        ]
    },
    "objects": [
        {
            "class": "teacup",
            "visibility": 1.0,
            "location": [
                -0.5975933074951172,
                -2.538292407989502,
                199.0316925048828
            ],
            "quaternion_xyzw": [
                -0.6469108462333679,
                0.7510297298431397,
                -0.10022794455289841,
                -0.08611045777797699
            ],
            "pose_transform_permuted": [
                [ -0.1481826, -0.9889599, 0.0003340542, 0 ],
                [ -0.9544373, 0.1429215, -0.2619599, 0 ],
                [ 0.2590201, -0.03913676, -0.9650786, 0 ],
                [ -0.5975933, -2.538292, 199.0317, 1 ]
            ],
            "cuboid_centroid": [
                -0.5975933074951172,
                -2.538292407989502,
                199.0316925048828
            ],
            "projected_cuboid_centroid": [
                316.41424560546877,
                224.7694091796875
            ],
            "bounding_box": {
                "top_left": [
                    297.2726135253906,
                    192.6798095703125
                ],
                "bottom_right": [
                    335.6544494628906,
                    256.269287109375
                ]
            },
            "cuboid": [
                [ -2.483333, 2.736543, 200.8774 ],
                [ -3.750882, -5.427703, 203.093 ],
                [ 1.286032, -6.155614, 203.2924 ],
                [ 2.553583, 2.00862, 201.0768 ],
                [ -2.481218, 1.079016, 194.771 ],
                [ -3.748771, -7.085209, 196.9867 ],
                [ 1.288148, -7.813131, 197.186 ],
                [ 2.555694, 0.3511049, 194.9703 ]
            ],
            "projected_cuboid": [
                [ 305.2361, 256.2693 ],
                [ 297.9435, 208.0833 ],
                [ 327.5549, 203.8384 ],
                [ 335.1665, 251.9298 ],
                [ 304.7862, 246.6161 ],
                [ 297.2726, 197.045 ],
                [ 327.8017, 192.6798 ],
                [ 335.6544, 242.1506 ]
            ]
        },
        {
            "class": "wine_glass",
            "visibility": 1.0,
            "location": [
                -0.5561306476593018,
                44.66994857788086,
                185.35049438476563
            ],
            "quaternion_xyzw": [
                0.10616185516119003,
                0.07953934371471405,
                0.5967382788658142,
                -0.7913953065872192
            ],
            "pose_transform_permuted": [
                [ 0.2751538, 0.9613999, 0.0008075535, 0 ],
                [ -0.9276237, 0.2652662, 0.2629603, 0 ],
                [ 0.2525958, -0.07310365, 0.9648063, 0 ],
                [ -0.5561306, 44.66995, 185.3505, 1 ]
            ],
            "cuboid_centroid": [
                -0.5561306476593018,
                44.66994857788086,
                185.35049438476563
            ],
            "projected_cuboid_centroid": [
                316.4167175292969,
                527.81884765625
            ],
            "bounding_box": {
                "top_left": [
                    259.99993896484377,
                    487.2266845703125
                ],
                "bottom_right": [
                    372.373046875,
                    567.5208129882813
                ]
            },
            "cuboid": [
                [ 5.802888, 49.35664, 179.9717 ],
                [ 7.980152, 42.01646, 181.9704 ],
                [ -6.921539, 37.90483, 183.1036 ],
                [ -9.0988, 45.24501, 181.1048 ],
                [ 5.809282, 51.43506, 187.5974 ],
                [ 7.986545, 44.09489, 189.5962 ],
                [ -6.915149, 39.98326, 190.7293 ],
                [ -9.092419, 47.32343, 188.7306 ]
            ],
            "projected_cuboid": [
                [ 358.5068, 567.5208 ],
                [ 372.373, 515.7504 ],
                [ 274.8557, 487.2267 ],
                [ 259.9999, 538.3584 ],
                [ 356.9822, 567.4386 ],
                [ 370.3068, 517.7513 ],
                [ 276.7006, 490.3561 ],
                [ 262.4647, 539.455 ]
            ]
        }
    ]
}