{
    "camera_data": {
        "location_worldframe": [
            -33.3035774230957,
            113.18800354003906,
            -15.802556037902832
        ],
        "quaternion_xyzw_worldframe": [
            0.3573290705680847,
            0.6346383690834045,
            -0.4171432554721832,
            0.5436375141143799
        ]
    },
    "objects": [
        {
            "class": "knife",
            "visibility": 1.0,
            "location": [
                -1.8636324405670167,
                -1.395178198814392,
                122.30078887939453
            ],
            "quaternion_xyzw": [
                0.5306986570358276,
                -0.23256178200244904,
                -0.15178588032722474,
                0.8007714748382568
            ],
            "pose_transform_permuted": [
                [ 0.8457521, -0.003748834, -0.5335628, 0 ],
                [ -0.4899321, 0.39064, -0.7793375, 0 ],
                [ 0.2113526, 0.9205359, 0.3285479, 0 ],
                [ -1.863632, -1.395178, 122.3008, 1 ]
            ],
            "cuboid_centroid": [
                -1.8636324405670167,
                -1.395178198814392,
                122.30078887939453
            ],
            "projected_cuboid_centroid": [
                301.8017883300781,
                226.376220703125
            ],
            "bounding_box": {
                "top_left": [
                    230.10479736328126,
                    180.4307861328125
                ],
                "bottom_right": [
                    371.4156494140625,
                    272.9874267578125
                ]
            },
            "cuboid": [
                [ -8.592331, 3.353856, 121.4209 ],
                [ 5.283885, -4.684428, 124.8886 ],
                [ 5.291911, -5.520766, 122.9178 ],
                [ -8.584309, 2.517533, 119.4501 ],
                [ -9.01918, 2.730393, 121.6838 ],
                [ 4.857041, -5.307893, 125.1514 ],
                [ 4.865065, -6.144221, 123.1806 ],
                [ -9.011152, 1.894073, 119.713 ]
            ],
            "projected_cuboid": [
                [ 235.4887, 272.9874 ],
                [ 370.5275, 195.2048 ],
                [ 371.4156, 186.3608 ],
                [ 234.1745, 265.1702 ],
                [ 231.4819, 266.7972 ],
                [ 366.3483, 189.3495 ],
                [ 367.1676, 180.4308 ],
                [ 230.1048, 258.8953 ]
            ]
        },
        {
            "class": "big_spoon",
            "visibility": 1.0,
            "location": [
                0.6773577928543091,
                25.40008544921875,
                110.81417846679688
            ],
            "quaternion_xyzw": [
                0.6748982667922974,
                -0.7092227935791016,
                0.1471605896949768,
                0.14092221856117249
            ],
            "pose_transform_permuted": [
                [ -0.04930644, -0.9987828, -0.001253635, 0 ],
                [ -0.9158301, 0.04571218, -0.3989556, 0 ],
                [ 0.3985274, -0.01852298, -0.9169693, 0 ],
                [ 0.6773578, 25.40009, 110.8142, 1 ]
            ],
            "cuboid_centroid": [
                0.6773577928543091,
                25.40008544921875,
                110.81417846679688
            ],
            "projected_cuboid_centroid": [
                327.2999572753906,
                513.7394409179688
            ],
            "bounding_box": {
                "top_left": [
                    305.5445556640625,
                    431.45294189453127
                ],
                "bottom_right": [
                    350.3460693359375,
                    599.2299194335938
                ]
            },
            "cuboid": [
                [ -0.6279903, 32.69614, 108.698 ],
                [ -1.363744, 19.03022, 114.6448 ],
                [ 1.985136, 18.87695, 114.7069 ],
                [ 2.720886, 32.54287, 108.7601 ],
                [ -0.6304249, 31.92322, 106.9215 ],
                [ -1.366174, 18.2573, 112.8683 ],
                [ 1.982708, 18.10403, 112.9304 ],
                [ 2.718455, 31.76995, 106.9836 ]
            ],
            "projected_cuboid": [
                [ 313.1003, 599.2299 ],
                [ 305.7939, 438.2381 ],
                [ 340.668, 436.535 ],
                [ 349.8771, 597.3418 ],
                [ 312.9585, 596.5654 ],
                [ 305.5446, 433.1801 ],
                [ 340.9674, 431.4529 ],
                [ 350.3461, 594.6475 ]
            ]
        },
        {
            "class": "big_spoon",
            "visibility": 1.0,
            "location": [
                -25.70063018798828,
                -10.598036766052246,
                126.36656951904297
            ],
            "quaternion_xyzw": [
                -0.6237095594406128,
                0.754545271396637,
                -0.15771418809890748,
                -0.12951432168483735
            ],
            "pose_transform_permuted": [
                [ -0.1884246, -0.9820867, 0.001286864, 0 ],
                [ -0.9003817, 0.1722252, -0.3995636, 0 ],
                [ 0.3921845, -0.07644634, -0.9167044, 0 ],
                [ -25.70063, -10.59804, 126.3666, 1 ]
            ],
            "cuboid_centroid": [
                -25.70063018798828,
                -10.598036766052246,
                126.36656951904297
            ],
            "projected_cuboid_centroid": [
                77.11030578613281,
                139.8408203125
            ],
            "bounding_box": {
                "top_left": [
                    52.32154846191406,
                    72.832763671875
                ],
                "bottom_right": [
                    102.659912109375,
                    209.1864013671875
                ]
            },
            "cuboid": [
                [ -25.94249, -3.204553, 124.2003 ],
                [ -28.75415, -16.63995, 130.0524 ],
                [ -25.46125, -17.21742, 130.3088 ],
                [ -22.64959, -3.782022, 124.4566 ],
                [ -25.93999, -3.978644, 122.4243 ],
                [ -28.75166, -17.41404, 128.2765 ],
                [ -25.45876, -17.99151, 128.5328 ],
                [ -22.6471, -4.556115, 122.6807 ]
            ],
            "projected_cuboid": [
                [ 70.54832, 209.1864 ],
                [ 55.954, 87.19727 ],
                [ 86.65221, 82.20544 ],
                [ 102.6599, 203.7086 ],
                [ 66.95393, 201.1881 ],
                [ 52.32155, 77.875 ],
                [ 83.45116, 72.83276 ],
                [ 99.5379, 195.6477 ]
            ]
        },
        {
            "class": "small_spoon",
            "visibility": 0.9804863333702087,
            "location": [
                -26.492246627807618,
                1.3454046249389649,
                121.43927764892578
            ],
            "quaternion_xyzw": [
                0.9792460799217224,
                -0.009120050817728043,
                0.0018890118226408959,
                0.20246104896068574
            ],
            "pose_transform_permuted": [
                [ 0.9998265, -0.01862645, 6.704824E-06, 0 ],
                [ -0.01709665, -0.9178529, -0.3965528, 0 ],
                [ 0.007392525, 0.3964839, -0.9180121, 0 ],
                [ -26.49225, 1.345405, 121.4393, 1 ]
            ],
            "cuboid_centroid": [
                -26.492246627807618,
                1.3454046249389649,
                121.43927764892578
            ],
            "projected_cuboid_centroid": [
                59.470367431640628,
                253.23095703125
            ],
            "bounding_box": {
                "top_left": [
                    -2.3888778686523439,
                    237.0960693359375
                ],
                "bottom_right": [
                    120.03195190429688,
                    269.329833984375
                ]
            },