{
    "camera_data": {
        "location_worldframe": [
            53.74312973022461,
            196.96934509277345,
            19.883695602416993
        ],
        "quaternion_xyzw_worldframe": [
            0.4045301079750061,
            -0.5461065769195557,
            0.3398105204105377,
            0.6501168608665466
        ]
    },
    "objects": [
        {
            "class": "mug",
            "visibility": 1.0,
            "location": [
                1.8763912916183472,
                2.3226757049560549,
                213.50686645507813
            ],
            "quaternion_xyzw": [
                -0.2206287384033203,
                0.05234275758266449,
                0.2247350811958313,
                0.9476693868637085
            ],
            "pose_transform_permuted": [
                [ 0.8935087, -0.4490457, 4.122406E-05, 0 ],
                [ 0.4028525, 0.8016342, 0.4416927, 0 ],
                [ -0.1983733, -0.3946397, 0.8971664, 0 ],
                [ 1.876391, 2.322676, 213.5069, 1 ]
            ],
            "cuboid_centroid": [
                1.8763912916183472,
                2.3226757049560549,
                213.50686645507813
            ],
            "projected_cuboid_centroid": [
                330.4956359863281,
                252.991943359375
            ],
            "bounding_box": {
                "top_left": [
                    292.87298583984377,
                    213.6820068359375
                ],
                "bottom_right": [
                    368.3385009765625,
                    291.93212890625
                ]
            },
            "cuboid": [
                [ -4.759558, 1.329425, 209.5377 ],
                [ 5.144174, 5.794666, 207.3389 ],
                [ 8.512013, -0.2175974, 210.2987 ],
                [ -1.391709, -4.682838, 212.4975 ],
                [ -4.759225, 4.862966, 216.715 ],
                [ 5.144496, 9.328218, 214.5162 ],
                [ 8.512333, 3.315953, 217.476 ],
                [ -1.39138, -1.149304, 219.6748 ]
            ],
            "projected_cuboid": [
                [ 292.873, 247.577 ],
                [ 349.6301, 273.3768 ],
                [ 368.3385, 238.7643 ],
                [ 312.1785, 213.682 ],
                [ 293.7732, 266.7985 ],
                [ 348.6405, 291.9321 ],
                [ 366.745, 258.2094 ],
                [ 312.4358, 233.7518 ]
            ]
        },
        {
            "class": "packet_cup",
            "visibility": 1.0,
            "location": [
                -17.16280746459961,
                3.8463006019592287,
                213.31304931640626
            ],
            "quaternion_xyzw": [
                0.22672513127326966,
                0.009930787608027459,
                0.04198026657104492,
                -0.9730030298233032
            ],
            "pose_transform_permuted": [
                [ 0.996278, 0.08619697, -0.0002894104, 0 ],
                [ -0.07719073, 0.8936667, 0.4420423, 0 ],
                [ 0.03836134, -0.4403747, 0.8969942, 0 ],
                [ -17.16281, 3.846301, 213.313, 1 ]
            ],
            "cuboid_centroid": [
                -17.16280746459961,
                3.8463006019592287,
                213.31304931640626
            ],
            "projected_cuboid_centroid": [
                223.91217041015626,
                261.533935546875
            ],
            "bounding_box": {
                "top_left": [
                    211.883056640625,
                    239.60400390625
                ],
                "bottom_right": [
                    235.70614624023438,
                    283.0623779296875
                ]
            },
            "cuboid": [
                [ -18.68979, 4.668414, 209.0055 ],
                [ -15.20281, 4.398236, 209.1398 ],
                [ -15.6338, -0.07007715, 211.3417 ],
                [ -19.12077, 0.200082, 211.2074 ],
                [ -18.69182, 7.762705, 215.2845 ],
                [ -15.20484, 7.492531, 215.4187 ],
                [ -15.63582, 3.024203, 217.6206 ],
                [ -19.1228, 3.294368, 217.4863 ]
            ],
            "projected_cuboid": [
                [ 213.2067, 266.6753 ],
                [ 233.187, 265.1154 ],
                [ 231.656, 239.604 ],
                [ 211.8831, 241.1313 ],
                [ 216.3101, 283.0624 ],
                [ 235.7061, 281.5377 ],
                [ 234.1939, 256.5962 ],
                [ 214.9933, 258.09 ]
            ]
        }
    ]
}