{
    "camera_data": {
        "location_worldframe": [
            -34.42393112182617,
            73.7441635131836,
            -54.41215515136719
        ],
        "quaternion_xyzw_worldframe": [
            0.37487784028053286,
            0.3785574436187744,
            -0.171235591173172,
            0.828757643699646
        ]
    },
    "objects": [
        {
            "class": "bowl",
            "visibility": 1.0,
            "location": [
                -1.1724461317062379,
                2.862071990966797,
                92.31632232666016
            ],
            "quaternion_xyzw": [
                -0.41203856468200686,
                -0.0006342013366520405,
                -0.00028376642148941755,
                -0.9111661911010742
            ],
            "pose_transform_permuted": [
                [ 0.999999, 5.51407E-06, 0.001389571, 0 ],
                [ 0.001039748, 0.6604483, -0.7508709, 0 ],
                [ -0.0009218802, 0.7508716, 0.6604477, 0 ],
                [ -1.172446, 2.862072, 92.31632, 1 ]
            ],
            "cuboid_centroid": [
                -1.1724461317062379,
                2.862071990966797,
                92.31632232666016
            ],
            "projected_cuboid_centroid": [
                304.83258056640627,
                277.025390625
            ],
            "bounding_box": {
                "top_left": [
                    217.54580688476563,
                    199.222412109375
                ],
                "bottom_right": [
                    389.8867492675781,
                    359.2237548828125
                ]
            },
            "cuboid": [
                [ -7.429358, 8.949862, 89.79175 ],
                [ 5.067128, 8.962847, 89.78023 ],
                [ 5.067107, 6.155949, 86.58902 ],
                [ -7.429383, 6.142958, 86.60053 ],
                [ -7.411997, -0.4318053, 98.04363 ],
                [ 5.08449, -0.4188095, 98.03211 ],
                [ 5.084467, -3.225717, 94.84091 ],
                [ -7.41202, -3.238713, 94.85242 ]
            ],
            "projected_cuboid": [
                [ 221.1874, 359.0358 ],
                [ 387.4029, 359.2238 ],
                [ 389.8867, 324.9043 ],
                [ 217.5458, 324.7139 ],
                [ 229.7155, 234.7402 ],
                [ 381.9408, 234.8979 ],
                [ 384.0247, 199.3811 ],
                [ 226.6776, 199.2224 ]
            ]
        },
        {
            "class": "packet_cup",
            "visibility": 0.0,
            "location": [
                23.377473831176759,
                -0.28897109627723696,
                95.584716796875
            ],
            "quaternion_xyzw": [
                0.3909088671207428,
                0.18436992168426515,
                -0.6828121542930603,
                0.5890377163887024
            ],
            "pose_transform_permuted": [
                [ -0.0004494339, 0.9485478, -0.316633, 0 ],
                [ -0.6602606, -0.2380844, -0.7123002, 0 ],
                [ -0.7510363, 0.2087401, 0.626396, 0 ],
                [ 23.37747, -0.2889711, 95.58472, 1 ]
            ],
            "cuboid_centroid": [
                23.377473831176759,
                -0.28897109627723696,
                95.584716796875
            ],
            "projected_cuboid_centroid": [
                612.083251953125,
                236.3895263671875
            ],
            "bounding_box": {
                "top_left": [
                    561.08984375,
                    184.18505859375
                ],
                "bottom_right": [
                    666.3641357421875,
                    290.14599609375
                ]
            },
            "cuboid": [
                [ 26.85785, 2.764332, 95.22849 ],
                [ 26.85627, 0.453414, 92.59987 ],
                [ 22.11354, 1.643835, 91.55617 ],
                [ 22.11511, 3.954754, 94.18479 ],
                [ 24.64143, -2.221777, 99.61327 ],
                [ 24.63984, -4.53269, 96.98464 ],
                [ 19.8971, -3.34227, 95.94095 ],
                [ 19.89868, -1.031351, 98.56957 ]
            ],
            "projected_cuboid": [
                [ 656.8231, 274.6674 ],
                [ 666.3641, 245.8477 ],
                [ 608.4484, 261.4421 ],
                [ 600.418, 290.146 ],
                [ 615.4243, 213.3633 ],
                [ 623.4118, 184.1851 ],
                [ 567.6757, 198.396 ],
                [ 561.0898, 227.5043 ]
            ]
        },
        {
            "class": "small_fork",
            "visibility": 0.7678102850914002,
            "location": [
                -25.170372009277345,
                -10.761340141296387,
                106.47002410888672
            ],
            "quaternion_xyzw": [
                0.6234491467475891,
                -0.6988269090652466,
                0.2614723742008209,
                0.23363307118415833
            ],
            "pose_transform_permuted": [
                [ -0.1134537, -0.9935433, -0.0005086958, 0 ],
                [ -0.7491889, 0.08588673, -0.6567645, 0 ],
                [ 0.6525676, -0.07413116, -0.7540957, 0 ],
                [ -25.17037, -10.76134, 106.47, 1 ]
            ],
            "cuboid_centroid": [
                -25.170372009277345,
                -10.761340141296387,
                106.47002410888672
            ],
            "projected_cuboid_centroid": [
                37.668190002441409,
                119.2918701171875
            ],
            "bounding_box": {
                "top_left": [
                    -31.861343383789064,
                    102.91015625
                ],
                "bottom_right": [
                    105.35981750488281,
                    135.8857421875
                ]
            },
            "cuboid": [
                [ -30.94841, -9.222262, 105.7852 ],
                [ -31.1627, -10.63737, 107.0178 ],
                [ -19.39184, -11.65492, 107.8961 ],
                [ -19.17754, -10.23979, 106.6634 ],
                [ -30.94891, -9.867773, 105.044 ],
                [ -31.1632, -11.28289, 106.2766 ],
                [ -19.39234, -12.30041, 107.1549 ],
                [ -19.17804, -10.8853, 105.9223 ]
            ],
            "projected_cuboid": [
                [ -29.39045, 135.8857 ],
                [ -27.75764, 121.2931 ],
                [ 105.3598, 110.9966 ],
                [ 105.2788, 125.3502 ],
                [ -31.86134, 127.8123 ],
                [ -30.18852, 113.2114 ],
                [ 103.8696, 102.9102 ],
                [ 103.7707, 117.27 ]
            ]
        }
    ]
}