{
    "camera_data": {
        "location_worldframe": [
            16.021936416625978,
            44.28945541381836,
            6.665980815887451
        ],
        "quaternion_xyzw_worldframe": [
            -0.04704659804701805,
            0.8701011538505554,
            -0.483254998922348,
            -0.08470744639635086
        ]
    },
    "objects": [
        {
            "class": "bowl",
            "visibility": 0.7151340842247009,
            "location": [
                2.4545834064483644,
                2.898860454559326,
                47.393192291259769
            ],
            "quaternion_xyzw": [
                -0.15828250348567964,
                0.8263921141624451,
                0.45909398794174197,
                -0.28505346179008486
            ],
            "pose_transform_permuted": [
                [ -0.7873824, 0.0001258552, -0.616465, 0 ],
                [ -0.5233395, 0.5283588, 0.6685453, 0 ],
                [ 0.3257987, 0.8490213, -0.4159545, 0 ],
                [ 2.454583, 2.89886, 47.39319, 1 ]
            ],
            "cuboid_centroid": [
                2.4545834064483644,
                2.898860454559326,
                47.393192291259769
            ],
            "projected_cuboid_centroid": [
                381.852783203125,
                313.048095703125
            ],
            "bounding_box": {
                "top_left": [
                    152.4604034423828,
                    105.1640625
                ],
                "bottom_right": [
                    610.4718627929688,
                    547.3360595703125
                ]
            },
            "cuboid": [
                [ 11.22579, 3.115044, 49.76024 ],
                [ 1.386258, -3.42486, 53.83158 ],
                [ 1.385725, -5.670389, 50.22324 ],
                [ 11.22525, 0.8695244, 46.1519 ],
                [ 3.52344, 11.46811, 44.56314 ],
                [ -6.316086, 4.928199, 48.63448 ],
                [ -6.316619, 2.682672, 45.02615 ],
                [ 3.522907, 9.222584, 40.9548 ]
            ],
            "projected_cuboid": [
                [ 589.4213, 314.7617 ],
                [ 350.7542, 164.0193 ],
                [ 352.9511, 105.1641 ],
                [ 610.4719, 262.5004 ],
                [ 414.4254, 547.3361 ],
                [ 164.9037, 361.0156 ],
                [ 152.4604, 311.1542 ],
                [ 422.7292, 508.9338 ]
            ]
        },
        {
            "class": "packet_cup",
            "visibility": 0.0,
            "location": [
                -19.680883407592775,
                -6.700889587402344,
                53.81006622314453
            ],
            "quaternion_xyzw": [
                -0.6675139665603638,
                0.5508581399917603,
                0.443132221698761,
                0.23369711637496949
            ],
            "pose_transform_permuted": [
                [ 0.0003783107, -0.9425284, -0.334126, 0 ],
                [ -0.5282936, -0.2838821, 0.8001981, 0 ],
                [ -0.8490618, 0.1762138, -0.4980392, 0 ],
                [ -19.68088, -6.70089, 53.81007, 1 ]
            ],
            "cuboid_centroid": [
                -19.680883407592775,
                -6.700889587402344,
                53.81006622314453
            ],
            "projected_cuboid_centroid": [
                -116.7959213256836,
                91.281005859375
            ],
            "bounding_box": {
                "top_left": [
                    -223.17950439453126,
                    -3.98291015625
                ],
                "bottom_right": [
                    -20.894813537597658,
                    189.04833984375
                ]
            },
            "cuboid": [
                [ -20.86842, -9.286769, 57.47959 ],
                [ -20.8671, -11.13579, 54.50787 ],
                [ -16.15446, -9.716379, 53.6268 ],
                [ -16.15578, -7.867362, 56.59853 ],
                [ -23.2073, -3.685383, 53.99332 ],
                [ -23.20598, -5.534408, 51.0216 ],
                [ -18.49334, -4.114996, 50.14054 ],
                [ -18.49467, -2.265978, 53.11225 ]
            ],
            "projected_cuboid": [
                [ -113.5842, 47.04834 ],
                [ -137.1939, -3.98291 ],
                [ -39.75597, 23.61853 ],
                [ -20.89481, 73.99487 ],
                [ -193.3129, 158.4845 ],
                [ -223.1795, 110.4568 ],
                [ -120.4776, 141.9883 ],
                [ -95.86205, 189.0483 ]
            ]
        },
        {
            "class": "small_fork",
            "visibility": 0.0,
            "location": [
                9.323649406433106,
                29.399288177490236,
                32.82033157348633
            ],
            "quaternion_xyzw": [
                -0.4694434106349945,
                -0.8385648131370544,
                0.2403954565525055,
                -0.13653530180454255
            ],
            "pose_transform_permuted": [
                [ -0.5219618, 0.8529624, 0.003283277, 0 ],
                [ 0.7216725, 0.4436658, -0.5313655, 0 ],
                [ -0.4546915, -0.2749831, -0.8471361, 0 ],
                [ 9.323649, 29.39929, 32.82033, 1 ]
            ],
            "cuboid_centroid": [
                9.323649406433106,
                29.399288177490236,
                32.82033157348633
            ],
            "projected_cuboid_centroid": [
                659.26611328125,
                1309.7724609375
            ],
            "bounding_box": {
                "top_left": [
                    450.966796875,
                    1131.6142578125
                ],
                "bottom_right": [
                    889.1372680664063,
                    1516.987548828125
                ]
            },
            "cuboid": [
                [ 14.86767, 31.60698, 32.03716 ],
                [ 13.88176, 32.97013, 31.17831 ],
                [ 3.7764, 27.71386, 34.43613 ],
                [ 4.762317, 26.35071, 35.29498 ],
                [ 14.8709, 31.08472, 31.20454 ],
                [ 13.88499, 32.44786, 30.34569 ],
                [ 3.779628, 27.1916, 33.60351 ],
                [ 4.765544, 25.82846, 34.46236 ]
            ],
            "projected_cuboid": [
                [ 874.2256, 1418.22 ],
                [ 851.7279, 1502.89 ],
                [ 450.9668, 1201.126 ],
                [ 481.1398, 1131.614 ],
                [ 889.1373, 1429.671 ],
                [ 866.4444, 1516.988 ],
                [ 454.3265, 1206.379 ],
                [ 485.1448, 1135.058 ]
            ]
        }
    ]
}