{
    "camera_data": {
        "location_worldframe": [
            -0.7716536521911621,
            209.9097900390625,
            -20.7440242767334
        ],
        "quaternion_xyzw_worldframe": [
            0.6015858054161072,
            -0.2369653284549713,
            0.19316664338111878,
            0.737989604473114
        ]
    },
    "objects": [
        {
            "class": "wine_glass",
            "visibility": 1.0,
            "location": [
                2.563425064086914,
                3.0452940464019777,
                209.24075317382813
            ],
            "quaternion_xyzw": [
                -0.6800258159637451,
                0.05044442415237427,
                -0.7052881121635437,
                -0.1938789337873459
            ],
            "pose_transform_permuted": [
                [ 4.810421E-05, -0.342088, 0.9396681, 0 ],
                [ 0.204874, -0.9197328, -0.334841, 0 ],
                [ 0.9787885, 0.1925296, 0.07004052, 0 ],
                [ 2.563425, 3.045294, 209.2408, 1 ]
            ],
            "cuboid_centroid": [
                2.563425064086914,
                3.0452940464019777,
                209.24075317382813
            ],
            "projected_cuboid_centroid": [
                334.63092041015627,
                257.3812255859375
            ],
            "bounding_box": {
                "top_left": [
                    298.02374267578127,
                    204.15869140625
                ],
                "bottom_right": [
                    372.2268371582031,
                    309.5443115234375
                ]
            },
            "cuboid": [
                [ -3.801474, -3.569928, 206.5835 ],
                [ -3.801097, -1.948779, 214.3286 ],
                [ 1.501269, 12.30707, 211.3443 ],
                [ 1.500888, 10.68593, 203.5993 ],
                [ 3.625585, -6.216478, 207.1371 ],
                [ 3.625967, -4.595344, 214.8822 ],
                [ 8.928331, 9.660518, 211.8979 ],
                [ 8.927949, 8.03937, 204.1529 ]
            ],
            "projected_cuboid": [
                [ 298.0237, 219.3623 ],
                [ 298.82, 229.1412 ],
                [ 328.4833, 309.5443 ],
                [ 328.8038, 302.6807 ],
                [ 340.9034, 204.1587 ],
                [ 340.1521, 214.4603 ],
                [ 370.3201, 294.4467 ],
                [ 372.2268, 287.0288 ]
            ]
        },
        {
            "class": "teacup",
            "visibility": 0.1545531302690506,
            "location": [
                31.19099998474121,
                22.87656593322754,
                206.59487915039063
            ],
            "quaternion_xyzw": [
                0.39290669560432436,
                0.5447823405265808,
                -0.668383777141571,
                -0.3195303976535797
            ],
            "pose_transform_permuted": [
                [ -0.4870493, 0.0009593666, -0.873374, 0 ],
                [ 0.8552351, -0.2022251, -0.4771561, 0 ],
                [ -0.1770759, -0.9793386, 0.09767306, 0 ],
                [ 31.191, 22.87657, 206.5949, 1 ]
            ],
            "cuboid_centroid": [
                31.19099998474121,
                22.87656593322754,
                206.59487915039063
            ],
            "projected_cuboid_centroid": [
                500.3048095703125,
                372.2418212890625
            ],
            "bounding_box": {
                "top_left": [
                    470.7835388183594,
                    340.08544921875
                ],
                "bottom_right": [
                    530.41650390625,
                    403.956787109375
                ]
            },
            "cuboid": [
                [ 36.03962, 20.21332, 204.5493 ],
                [ 31.87341, 27.52898, 203.0346 ],
                [ 31.86852, 28.55894, 208.0224 ],
                [ 36.03474, 21.24327, 209.5372 ],
                [ 30.51348, 17.19418, 205.1673 ],
                [ 26.34727, 24.50984, 203.6526 ],
                [ 26.34238, 25.53982, 208.6405 ],
                [ 30.50859, 18.22414, 210.1552 ]
            ],
            "projected_cuboid": [
                [ 530.4165, 358.015 ],
                [ 507.4805, 401.9264 ],
                [ 502.9571, 403.9568 ],
                [ 525.3799, 361.0759 ],
                [ 497.6156, 340.0854 ],
                [ 474.5052, 383.7302 ],
                [ 470.7835, 386.1897 ],
                [ 493.3722, 343.563 ]
            ]
        },
        {
            "class": "mug",
            "visibility": 1.0,
            "location": [
                0.4314066767692566,
                15.123326301574707,
                205.12628173828126
            ],
            "quaternion_xyzw": [
                -0.14458978176116944,
                -0.7061809301376343,
                -0.0099777951836586,
                0.693038821220398
            ],
            "pose_transform_permuted": [
                [ 0.002417889, 0.2180431, -0.9759362, 0 ],
                [ 0.1903831, 0.9579885, 0.2145049, 0 ],
                [ 0.981707, -0.1863204, -0.03919541, 0 ],
                [ 0.4314067, 15.12333, 205.1263, 1 ]
            ],
            "cuboid_centroid": [
                0.4314066767692566,
                15.123326301574707,
                205.12628173828126
            ],
            "projected_cuboid_centroid": [
                322.51165771484377,
                328.048828125
            ],
            "bounding_box": {
                "top_left": [
                    294.3323974609375,
                    297.2752685546875
                ],
                "bottom_right": [
                    350.82086181640627,
                    357.4766845703125
                ]
            },
            "cuboid": [
                [ 5.139415, 16.80265, 199.1437 ],
                [ 5.166214, 18.91288, 210.0251 ],
                [ 3.53089, 11.72796, 211.4225 ],
                [ 3.504093, 9.61774, 200.5411 ],
                [ -2.668078, 18.5187, 198.8302 ],
                [ -2.641279, 20.62891, 209.7115 ],
                [ -4.276602, 13.44399, 211.1089 ],
                [ -4.303401, 11.33377, 200.2276 ]
            ],
            "projected_cuboid": [
                [ 350.8209, 340.7648 ],
                [ 349.3764, 347.5435 ],
                [ 339.9448, 306.2474 ],
                [ 340.8675, 297.2753 ],
                [ 303.9744, 351.231 ],
                [ 304.9586, 357.4767 ],
                [ 295.807, 316.0535 ],
                [ 294.3324, 307.6002 ]
            ]
        },
        {
            "class": "big_plates",
            "visibility": 1.0,
            "location": [
                -2.3477423191070558,
                6.109601020812988,
                201.73184204101563
            ],
            "quaternion_xyzw": [
                0.3587443232536316,
                0.6625065207481384,
                0.4002837538719177,
                0.5216900110244751
            ],
            "pose_transform_permuted": [
                [ -0.198284, 0.05769283, 0.9784452, 0 ],
                [ 0.892989, 0.4221509, 0.1560746, 0 ],
                [ -0.404047, 0.9046879, -0.1352248, 0 ],
                [ -2.347742, 6.109601, 201.7318, 1 ]
            ],
            "cuboid_centroid": [
                -2.3477423191070558,
                6.109601020812988,
                201.73184204101563
            ],
            "projected_cuboid_centroid": [
                306.101318359375,
                276.1689453125
            ],
            "bounding_box": {
                "top_left": [
                    243.759033203125,
                    220.39990234375
                ],
                "bottom_right": [
                    366.6044921875,
                    334.2208251953125
                ]
            },