{
    "camera_data": {
        "location_worldframe": [
            -63.11867904663086,
            84.6700668334961,
            -25.77908706665039
        ],
        "quaternion_xyzw_worldframe": [
            0.29806506633758547,
            0.5227353572845459,
            -0.20160987973213197,
            0.7728250026702881
        ]
    },
    "objects": [
        {
            "class": "small_plates",
            "visibility": 1.0,
            "location": [
                2.5886318683624269,
                -1.3680118322372437,
                125.90660858154297
            ],
            "quaternion_xyzw": [
                0.29639968276023867,
                -0.531003475189209,
                -0.20413237810134889,
                0.7671456933021545
            ],
            "pose_transform_permuted": [
                [ 0.3527306, -0.00158, -0.9357236, 0 ],
                [ -0.6279771, 0.7409544, -0.2379735, 0 ],
                [ 0.6937045, 0.6715535, 0.2603651, 0 ],
                [ 2.588632, -1.368012, 125.9066, 1 ]
            ],
            "cuboid_centroid": [
                2.5886318683624269,
                -1.3680118322372437,
                125.90660858154297
            ],
            "projected_cuboid_centroid": [
                344.5538330078125,
                227.0240478515625
            ],
            "bounding_box": {
                "top_left": [
                    279.53082275390627,
                    180.8201904296875
                ],
                "bottom_right": [
                    407.4732971191406,
                    276.6607666015625
                ]
            },
            "cuboid": [
                [ 5.646814, 3.726585, 121.3968 ],
                [ 9.349837, -2.866042, 128.6794 ],
                [ 9.352184, -3.964747, 127.6836 ],
                [ 5.649156, 2.627867, 120.401 ],
                [ -4.174918, 1.228717, 124.1297 ],
                [ -0.4718956, -5.363896, 131.4123 ],
                [ -0.4695486, -6.462616, 130.4165 ],
                [ -4.172576, 0.1300018, 123.1339 ]
            ],
            "projected_cuboid": [
                [ 375.5513, 276.6608 ],
                [ 406.7746, 213.4006 ],
                [ 407.4733, 202.9167 ],
                [ 376.0339, 266.0658 ],
                [ 279.8329, 251.8215 ],
                [ 315.7115, 191.2537 ],
                [ 315.7002, 180.8202 ],
                [ 279.5308, 241.2609 ]
            ]
        },
        {
            "class": "big_plates",
            "visibility": 1.0,
            "location": [
                -17.549480438232423,
                -6.316279888153076,
                119.39506530761719
            ],
            "quaternion_xyzw": [
                0.1952008157968521,
                0.33187633752822878,
                0.8321201801300049,
                -0.39916256070137026
            ],
            "pose_transform_permuted": [
                [ -0.6051318, 0.7938675, 0.05991587, 0 ],
                [ -0.5347374, -0.4610547, 0.7081557, 0 ],
                [ 0.5898063, 0.3964882, 0.7035094, 0 ],
                [ -17.54948, -6.31628, 119.3951, 1 ]
            ],
            "cuboid_centroid": [
                -17.549480438232423,
                -6.316279888153076,
                119.39506530761719
            ],
            "projected_cuboid_centroid": [
                144.4602813720703,
                176.821044921875
            ],
            "bounding_box": {
                "top_left": [
                    77.785400390625,
                    63.6141357421875
                ],
                "bottom_right": [
                    209.70750427246095,
                    288.69970703125
                ]
            },
            "cuboid": [
                [ -12.19428, -8.178361, 108.3757 ],
                [ -22.77701, -17.53, 118.6904 ],
                [ -23.95321, -16.8469, 118.103 ],
                [ -13.37049, -7.495246, 107.7883 ],
                [ -11.14575, 4.214352, 120.6871 ],
                [ -21.72848, -5.137291, 131.0018 ],
                [ -22.90468, -4.454195, 130.4144 ],
                [ -12.32196, 4.897458, 120.0997 ]
            ],
            "projected_cuboid": [
                [ 185.624, 149.8778 ],
                [ 90.81908, 63.61414 ],
                [ 77.7854, 69.64429 ],
                [ 171.8597, 156.9553 ],
                [ 209.7075, 281.703 ],
                [ 121.916, 193.1667 ],
                [ 110.2528, 199.2112 ],
                [ 197.472, 288.6997 ]
            ]
        },
        {
            "class": "teacup",
            "visibility": 1.0,
            "location": [
                7.86943244934082,
                3.0745279788970949,
                117.3958740234375
            ],
            "quaternion_xyzw": [
                -0.8316555619239807,
                0.38073015213012698,
                -0.16858379542827607,
                -0.3673868179321289
            ],
            "pose_transform_permuted": [
                [ 0.6532481, -0.7571436, 0.0006568432, 0 ],
                [ -0.5094018, -0.440143, -0.7394484, 0 ],
                [ 0.5601578, 0.4827087, -0.6732129, 0 ],
                [ 7.869432, 3.074528, 117.3959, 1 ]
            ],
            "cuboid_centroid": [
                7.86943244934082,
                3.0745279788970949,
                117.3958740234375
            ],
            "projected_cuboid_centroid": [
                400.054931640625,
                271.27685546875
            ],
            "bounding_box": {
                "top_left": [
                    351.7364196777344,
                    214.240478515625
                ],
                "bottom_right": [
                    449.1729736328125,
                    329.78466796875
                ]
            },
            "cuboid": [
                [ 3.145301, 6.471753, 118.3592 ],
                [ 8.733168, 2.114333, 123.1508 ],
                [ 12.58941, 4.356043, 120.6923 ],
                [ 7.001544, 8.713459, 115.9007 ],
                [ 3.14946, 1.792989, 114.0995 ],
                [ 8.737325, -2.564424, 118.8911 ],
                [ 12.59357, -0.3227104, 116.4326 ],
                [ 7.005702, 4.034705, 111.641 ]
            ],
            "projected_cuboid": [
                [ 351.7364, 305.3007 ],
                [ 404.69, 260.5038 ],
                [ 444.5728, 283.1033 ],
                [ 392.1448, 329.7847 ],
                [ 352.9648, 258.7668 ],
                [ 407.7661, 214.2405 ],
                [ 449.173, 236.6899 ],
                [ 394.942, 283.1604 ]
            ]
        },
        {
            "class": "big_plates",
            "visibility": 0.24738958477973939,
            "location": [
                21.522661209106447,
                7.582417964935303,
                116.02778625488281
            ],
            "quaternion_xyzw": [
                -0.34944960474967959,
                -0.22323188185691834,
                -0.08599944412708283,
                -0.9059009552001953
            ],
            "pose_transform_permuted": [
                [ 0.8855432, 0.000202626, 0.4645569, 0 ],
                [ 0.3118306, 0.7409781, -0.5947378, 0 ],
                [ -0.344347, 0.6715291, 0.656105, 0 ],
                [ 21.52266, 7.582418, 116.0278, 1 ]
            ],
            "cuboid_centroid": [
                21.522661209106447,
                7.582417964935303,
                116.02778625488281
            ],
            "projected_cuboid_centroid": [
                541.5294799804688,
                318.044677734375
            ],
            "bounding_box": {
                "top_left": [
                    421.9527587890625,
                    231.379150390625
                ],
                "bottom_right": [
                    656.5917358398438,
                    417.98590087890627
                ]
            },