{
    "camera_data": {
        "location_worldframe": [
            54.40214157104492,
            73.97858428955078,
            62.71123123168945
        ],
        "quaternion_xyzw_worldframe": [
            -0.15461859107017518,
            0.8250881433486939,
            -0.2707503139972687,
            -0.47118669748306277
        ]
    },
    "objects": [
        {
            "class": "small_plates",
            "visibility": 1.0,
            "location": [
                1.9389899969100953,
                -2.0346522331237795,
                125.72521209716797
            ],
            "quaternion_xyzw": [
                -0.31265467405319216,
                0.29553353786468508,
                -0.8966793417930603,
                0.10427411645650864
            ],
            "pose_transform_permuted": [
                [ -0.7827477, 0.002201006, 0.622335, 0 ],
                [ -0.3718008, -0.8035735, -0.4647941, 0 ],
                [ 0.499069, -0.5952013, 0.629814, 0 ],
                [ 1.93899, -2.034652, 125.7252, 1 ]
            ],
            "cuboid_centroid": [
                1.9389899969100953,
                -2.0346522331237795,
                125.72521209716797
            ],
            "projected_cuboid_centroid": [
                338.4183349609375,
                220.6729736328125
            ],
            "bounding_box": {
                "top_left": [
                    267.9136962890625,
                    176.091796875
                ],
                "bottom_right": [
                    408.3154602050781,
                    269.320556640625
                ]
            },
            "cuboid": [
                [ 2.783199, 1.760514, 119.3589 ],
                [ -5.434226, -2.142712, 124.5982 ],
                [ -5.437494, -0.9511458, 125.4808 ],
                [ 2.779932, 2.952085, 120.2415 ],
                [ 9.315478, -3.118149, 125.9697 ],
                [ 1.098051, -7.021382, 131.209 ],
                [ 1.094787, -5.829821, 132.0916 ],
                [ 9.312211, -1.926587, 126.8522 ]
            ],
            "projected_cuboid": [
                [ 347.8476, 257.615 ],
                [ 267.9137, 219.4624 ],
                [ 268.249, 230.9475 ],
                [ 347.6107, 269.3206 ],
                [ 408.3155, 210.4384 ],
                [ 329.9944, 176.0918 ],
                [ 329.8981, 187.2919 ],
                [ 407.6703, 221.8621 ]
            ]
        },
        {
            "class": "bowl",
            "visibility": 1.0,
            "location": [
                -5.598008632659912,
                -9.919107437133789,
                132.94598388671876
            ],
            "quaternion_xyzw": [
                0.19652807712554933,
                0.8108469247817993,
                0.21733953058719636,
                0.5066236853599548
            ],
            "pose_transform_permuted": [
                [ -0.4094184, 0.09848966, 0.9070151, 0 ],
                [ 0.5389271, 0.8282805, 0.1533266, 0 ],
                [ -0.7361619, 0.5515897, -0.392192, 0 ],
                [ -5.598009, -9.919107, 132.946, 1 ]
            ],
            "cuboid_centroid": [
                -5.598008632659912,
                -9.919107437133789,
                132.94598388671876
            ],
            "projected_cuboid_centroid": [
                269.7129821777344,
                150.896484375
            ],
            "bounding_box": {
                "top_left": [
                    190.72250366210938,
                    102.319091796875
                ],
                "bottom_right": [
                    344.8524169921875,
                    203.9678955078125
                ]
            },
            "cuboid": [
                [ -8.496867, -12.48421, 141.1679 ],
                [ -13.61316, -5.749509, 131.9685 ],
                [ -14.03174, -9.269704, 129.6242 ],
                [ -8.915447, -16.00441, 138.8237 ],
                [ 2.835724, -10.5685, 136.2677 ],
                [ -2.280574, -3.833797, 127.0683 ],
                [ -2.699155, -7.353983, 124.724 ],
                [ 2.417143, -14.08869, 133.9235 ]
            ],
            "projected_cuboid": [
                [ 248.118, 134.3857 ],
                [ 196.8069, 187.9695 ],
                [ 190.7225, 154.5962 ],
                [ 243.3032, 102.3191 ],
                [ 344.8524, 147.3772 ],
                [ 298.5659, 203.9679 ],
                [ 294.1551, 169.5842 ],
                [ 341.5547, 114.3647 ]
            ]
        }
    ]
}