{
    "camera_data": {
        "location_worldframe": [
            -52.52960205078125,
            90.31368255615235,
            -46.880130767822269
        ],
        "quaternion_xyzw_worldframe": [
            0.451232373714447,
            0.10068303346633911,
            -0.0513220839202404,
            0.8852221965789795
        ]
    },
    "objects": [
        {
            "class": "small_plates",
            "visibility": 1.0,
            "location": [
                3.935960292816162,
                2.5177865028381349,
                108.38665771484375
            ],
            "quaternion_xyzw": [
                -0.6578247547149658,
                -0.3058469295501709,
                0.6021656394004822,
                0.3333480954170227
            ],
            "pose_transform_permuted": [
                [ 0.0877084, 0.0009258091, -0.996146, 0 ],
                [ 0.8038489, -0.5906737, 0.07022822, 0 ],
                [ -0.5883319, -0.8069103, -0.05255152, 0 ],
                [ 3.93596, 2.517787, 108.3867, 1 ]
            ],
            "cuboid_centroid": [
                3.935960292816162,
                2.5177865028381349,
                108.38665771484375
            ],
            "projected_cuboid_centroid": [
                363.3682861328125,
                267.7421875
            ],
            "bounding_box": {
                "top_left": [
                    301.0851745605469,
                    213.05126953125
                ],
                "bottom_right": [
                    429.4986267089844,
                    325.2974853515625
                ]
            },
            "cuboid": [
                [ 8.704233, -2.508184, 111.1524 ],
                [ 9.625009, 5.930766, 104.976 ],
                [ 9.623635, 6.806629, 106.1725 ],
                [ 8.702857, -1.632316, 112.3489 ],
                [ -1.751714, -1.771042, 110.6008 ],
                [ -0.8309367, 6.667907, 104.4244 ],
                [ -0.8323067, 7.543772, 105.6209 ],
                [ -1.753087, -0.8951707, 111.7973 ]
            ],
            "projected_cuboid": [
                [ 413.521, 213.0513 ],
                [ 429.4986, 307.4712 ],
                [ 428.2492, 316.5627 ],
                [ 412.5104, 222.6487 ],
                [ 301.0852, 220.8765 ],
                [ 310.4969, 316.2579 ],
                [ 310.5891, 325.2975 ],
                [ 301.2729, 230.4375 ]
            ]
        },
        {
            "class": "bowl",
            "visibility": 1.0,
            "location": [
                1.5201820135116578,
                11.566790580749512,
                99.25483703613281
            ],
            "quaternion_xyzw": [
                0.4950364828109741,
                -0.15326279401779176,
                -0.06896097958087921,
                0.8524633646011353
            ],
            "pose_transform_permuted": [
                [ 0.9435098, -0.03416794, -0.3295783, 0 ],
                [ -0.2693148, 0.5003665, -0.8228626, 0 ],
                [ 0.1930254, 0.8651392, 0.4628988, 0 ],
                [ 1.520182, 11.56679, 99.25484, 1 ]
            ],
            "cuboid_centroid": [
                1.5201820135116578,
                11.566790580749512,
                99.25483703613281
            ],
            "projected_cuboid_centroid": [
                338.2911682128906,
                379.1741943359375
            ],
            "bounding_box": {
                "top_left": [
                    243.33987426757813,
                    283.295166015625
                ],
                "bottom_right": [
                    439.1005859375,
                    479.52001953125
                ]
            },
            "cuboid": [
                [ -2.388772, 19.45339, 96.99536 ],
                [ 9.401794, 16.0879, 99.40751 ],
                [ 9.547009, 13.96134, 95.73066 ],
                [ -2.243556, 17.32683, 93.31852 ],
                [ -6.506649, 9.172229, 102.779 ],
                [ 5.283922, 5.806746, 105.1911 ],
                [ 5.429134, 3.68018, 101.5143 ],
                [ -6.361434, 7.045677, 99.10215 ]
            ],
            "projected_cuboid": [
                [ 290.5882, 479.52 ],
                [ 432.9507, 433.2759 ],
                [ 439.1006, 414.17 ],
                [ 291.2878, 461.7424 ],
                [ 244.395, 346.5781 ],
                [ 379.9894, 305.9252 ],
                [ 383.8706, 283.2952 ],
                [ 243.3399, 324.9058 ]
            ]
        }
    ]
}