{
    "camera_data": {
        "location_worldframe": [
            7.038319110870361,
            36.38853454589844,
            32.64505386352539
        ],
        "quaternion_xyzw_worldframe": [
            0.07132123410701752,
            0.928397536277771,
            -0.2457372397184372,
            0.269452303647995
        ]
    },
    "objects": [
        {
            "class": "small_plates",
            "visibility": 1.0,
            "location": [
                1.9395778179168702,
                1.1400947570800782,
                69.2726821899414
            ],
            "quaternion_xyzw": [
                0.5492180585861206,
                0.20924577116966248,
                -0.7962217926979065,
                -0.14354994893074037
            ],
            "pose_transform_permuted": [
                [ -0.3555058, 0.001247913, -0.9346732, 0 ],
                [ 0.4584383, -0.8712192, -0.1755316, 0 ],
                [ -0.8145244, -0.4908925, 0.3091515, 0 ],
                [ 1.939578, 1.140095, 69.27268, 1 ]
            ],
            "cuboid_centroid": [
                1.9395778179168702,
                1.1400947570800782,
                69.2726821899414
            ],
            "projected_cuboid_centroid": [
                353.43817138671877,
                259.6551513671875
            ],
            "bounding_box": {
                "top_left": [
                    232.92259216308595,
                    194.7652587890625
                ],
                "bottom_right": [
                    465.388916015625,
                    335.8131103515625
                ]
            },
            "cuboid": [
                [ 8.711936, -0.9910039, 71.56174 ],
                [ 4.979771, 3.821768, 63.01073 ],
                [ 4.977922, 5.113641, 63.73864 ],
                [ 8.710087, 0.3008749, 72.28966 ],
                [ -1.098766, -2.833448, 74.80672 ],
                [ -4.830936, 1.979318, 66.25571 ],
                [ -4.832781, 3.271188, 66.98362 ],
                [ -1.100614, -1.541577, 75.53465 ]
            ],
            "projected_cuboid": [
                [ 465.3889, 223.4617 ],
                [ 414.3827, 312.4348 ],
                [ 413.2702, 335.8131 ],
                [ 463.8944, 244.9706 ],
                [ 302.4587, 194.7653 ],
                [ 232.9226, 275.6771 ],
                [ 233.836, 298.3223 ],
                [ 302.5985, 215.6266 ]
            ]
        }
    ]
}