{
    "camera_data": {
        "location_worldframe": [
            66.94820404052735,
            105.5797119140625,
            16.15009307861328
        ],
        "quaternion_xyzw_worldframe": [
            -0.21283066272735597,
            0.7707322239875794,
            -0.5052366256713867,
            -0.3246705234050751
        ]
    },
    "objects": [
        {
            "class": "small_plates",
            "visibility": 1.0,
            "location": [
                -4.290225505828857,
                -0.1373523622751236,
                113.96598815917969
            ],
            "quaternion_xyzw": [
                -0.8026071786880493,
                -0.15277361869812013,
                0.2371406853199005,
                0.525591254234314
            ],
            "pose_transform_permuted": [
                [ 0.840849, -0.004043743, -0.5412546, 0 ],
                [ 0.4945126, -0.4008279, 0.771229, 0 ],
                [ -0.2200687, -0.9161443, -0.3350361, 0 ],
                [ -4.290226, -0.1373524, 113.966, 1 ]
            ],
            "cuboid_centroid": [
                -4.290225505828857,
                -0.1373523622751236,
                113.96598815917969
            ],
            "projected_cuboid_centroid": [
                275.04248046875,
                238.5606689453125
            ],
            "bounding_box": {
                "top_left": [
                    197.6156005859375,
                    167.2569580078125
                ],
                "bottom_right": [
                    351.050048828125,
                    312.7159423828125
                ]
            },
            "cuboid": [
                [ -5.866303, -7.077845, 116.2002 ],
                [ 2.961078, -1.886363, 113.8899 ],
                [ 2.967077, -1.292001, 115.2484 ],
                [ -5.860304, -6.483476, 117.5587 ],
                [ -11.54753, 1.017283, 112.6836 ],
                [ -2.720147, 6.208774, 110.3732 ],
                [ -2.714149, 6.803129, 111.7317 ],
                [ -11.54153, 1.61164, 114.0421 ]
            ],
            "projected_cuboid": [
                [ 259.7086, 167.257 ],
                [ 351.05, 220.2195 ],
                [ 350.7462, 226.6117 ],
                [ 260.4663, 174.1356 ],
                [ 197.6156, 250.7815 ],
                [ 290.5676, 307.1799 ],
                [ 290.9895, 312.7159 ],
                [ 199.1363, 256.8772 ]
            ]
        }
    ]
}