{
    "camera_data": {
        "location_worldframe": [
            -65.786376953125,
            42.968833923339847,
            69.47696685791016
        ],
        "quaternion_xyzw_worldframe": [
            0.07482772320508957,
            0.91842120885849,
            -0.21048977971076966,
            0.32649266719818118
        ]
    },
    "objects": [
        {
            "class": "water_glass",
            "visibility": 1.0,
            "location": [
                -3.912731647491455,
                -0.6550770998001099,
                94.50910186767578
            ],
            "quaternion_xyzw": [
                0.18452142179012299,
                0.8268624544143677,
                -0.5185190439224243,
                0.11570753902196884
            ],
            "pose_transform_permuted": [
                [ -0.905127, 0.4251408, -7.301569E-06, 0 ],
                [ 0.1851546, 0.3941797, -0.9001889, 0 ],
                [ -0.3827042, -0.8147868, -0.4354993, 0 ],
                [ -3.912732, -0.6550771, 94.5091, 1 ]
            ],
            "cuboid_centroid": [
                -3.912731647491455,
                -0.6550770998001099,
                94.50910186767578
            ],
            "projected_cuboid_centroid": [
                270.5570983886719,
                231.72216796875
            ],
            "bounding_box": {
                "top_left": [
                    234.62338256835938,
                    192.8062744140625
                ],
                "bottom_right": [
                    306.7969970703125,
                    272.261474609375
                ]
            },
            "cuboid": [
                [ -1.040406, 1.760596, 94.10821 ],
                [ -4.659323, 2.500891, 92.57806 ],
                [ -6.785025, 0.5299916, 96.65199 ],
                [ -3.166109, -0.2102968, 98.18214 ],
                [ -1.040436, -1.840158, 92.3662 ],
                [ -4.659353, -1.099864, 90.83607 ],
                [ -6.785056, -3.070762, 94.91 ],
                [ -3.16614, -3.811049, 96.44014 ]
            ],
            "projected_cuboid": [
                [ 306.797, 262.3424 ],
                [ 259.8948, 272.2615 ],
                [ 236.1625, 246.5487 ],
                [ 281.4885, 237.442 ],
                [ 306.5476, 216.2075 ],
                [ 258.7417, 225.5397 ],
                [ 234.6234, 201.3605 ],
                [ 280.7924, 192.8063 ]
            ]
        }
    ]
}