{
    "camera_data": {
        "location_worldframe": [
            -53.8435173034668,
            86.2035903930664,
            -5.406040191650391
        ],
        "quaternion_xyzw_worldframe": [
            0.3980560302734375,
            0.5480347275733948,
            -0.33239397406578066,
            0.6562952995300293
        ]
    },
    "objects": [
        {
            "class": "water_glass",
            "visibility": 1.0,
            "location": [
                -2.9464287757873537,
                -2.2780985832214357,
                95.68705749511719
            ],
            "quaternion_xyzw": [
                0.2999334931373596,
                -0.9238206148147583,
                0.2262706160545349,
                0.07346513867378235
            ],
            "pose_transform_permuted": [
                [ -0.8092858, -0.5874155, -4.947186E-06, 0 ],
                [ -0.5209235, 0.717683, -0.4621362, 0 ],
                [ 0.2714695, -0.3739976, -0.8868092, 0 ],
                [ -2.946429, -2.278099, 95.68706, 1 ]
            ],
            "cuboid_centroid": [
                -2.9464287757873537,
                -2.2780985832214357,
                95.68705749511719
            ],
            "projected_cuboid_centroid": [
                283.2260437011719,
                211.5673828125
            ],
            "bounding_box": {
                "top_left": [
                    242.96121215820313,
                    164.4072265625
                ],
                "bottom_right": [
                    321.77239990234377,
                    258.436767578125
                ]
            },
            "cuboid": [
                [ -2.797102, 1.481772, 95.98298 ],
                [ -6.032818, -0.6010028, 97.06838 ],
                [ -3.095742, -4.189425, 98.93837 ],
                [ 0.1399779, -2.10664, 97.85297 ],
                [ -2.797122, -0.3667732, 92.43575 ],
                [ -6.032839, -2.449549, 93.52115 ],
                [ -3.09576, -6.037968, 95.39114 ],
                [ 0.1399583, -3.955186, 94.30573 ]
            ],
            "projected_cuboid": [
                [ 285.1974, 258.4368 ],
                [ 245.7767, 232.6057 ],
                [ 282.6322, 189.4307 ],
                [ 321.7084, 214.2893 ],
                [ 283.8616, 235.2614 ],
                [ 242.9612, 208.7195 ],
                [ 281.2424, 164.4072 ],
                [ 321.7724, 189.9128 ]
            ]
        }
    ]
}