{
    "camera_data": {
        "location_worldframe": [
            45.17321014404297,
            184.57608032226563,
            -3.529709577560425
        ],
        "quaternion_xyzw_worldframe": [
            0.46182170510292055,
            -0.4115155339241028,
            0.25580888986587527,
            0.7429249882698059
        ]
    },
    "objects": [
        {
            "class": "big_spoon",
            "visibility": 1.0,
            "location": [
                -3.520301103591919,
                1.6005645990371705,
                202.73532104492188
            ],
            "quaternion_xyzw": [
                -0.8417577743530273,
                -0.06296949088573456,
                0.10365072637796402,
                0.5260562300682068
            ],
            "pose_transform_permuted": [
                [ 0.9705827, -0.003042102, -0.2407486, 0 ],
                [ 0.2150623, -0.4385993, 0.8725702, 0 ],
                [ -0.1082466, -0.8986775, -0.4250427, 0 ],
                [ -3.520301, 1.600565, 202.7353, 1 ]
            ],
            "cuboid_centroid": [
                -3.520301103591919,
                1.6005645990371705,
                202.73532104492188
            ],
            "projected_cuboid_centroid": [
                299.2629089355469,
                249.428466796875
            ],
            "bounding_box": {
                "top_left": [
                    254.84475708007813,
                    230.6527099609375
                ],
                "bottom_right": [
                    343.484375,
                    268.1512451171875
                ]
            },
            "cuboid": [
                [ -10.53366, -1.584533, 202.4481 ],
                [ 3.949265, 1.62461, 200.8328 ],
                [ 3.95947, 3.095212, 203.8461 ],
                [ -10.52346, -0.1139327, 205.4613 ],
                [ -11.00007, 0.1059292, 201.6246 ],
                [ 3.482854, 3.315075, 200.0094 ],
                [ 3.493056, 4.785689, 203.0226 ],
                [ -10.98987, 1.576532, 204.6378 ]
            ],
            "projected_cuboid": [
                [ 257.8612, 230.6527 ],
                [ 343.4844, 249.6608 ],
                [ 343.197, 258.1337 ],
                [ 258.8318, 239.3378 ],
                [ 254.8448, 240.6274 ],
                [ 340.7961, 259.7943 ],
                [ 340.5475, 268.1512 ],
                [ 255.8637, 249.2006 ]
            ]
        }
    ]
}