{
    "camera_data": {
        "location_worldframe": [
            3.537553548812866,
            117.90839385986328,
            21.896543502807618
        ],
        "quaternion_xyzw_worldframe": [
            0.49645906686782839,
            -0.4177132844924927,
            0.29578453302383425,
            0.7011101841926575
        ]
    },
    "objects": [
        {
            "class": "big_spoon",
            "visibility": 1.0,
            "location": [
                -0.49871617555618288,
                1.1010009050369263,
                122.42257690429688
            ],
            "quaternion_xyzw": [
                -0.8052206635475159,
                -0.0870254635810852,
                0.12517701089382173,
                0.5730418562889099
            ],
            "pose_transform_permuted": [
                [ 0.9535146, -0.003313929, -0.3013287, 0 ],
                [ 0.2836127, -0.3280993, 0.9010631, 0 ],
                [ -0.1018518, -0.9446375, -0.3119075, 0 ],
                [ -0.4987162, 1.101001, 122.4226, 1 ]
            ],
            "cuboid_centroid": [
                -0.49871617555618288,
                1.1010009050369263,
                122.42257690429688
            ],
            "projected_cuboid_centroid": [
                315.1349182128906,
                250.740478515625
            ],
            "bounding_box": {
                "top_left": [
                    242.117431640625,
                    216.115966796875
                ],
                "bottom_right": [
                    388.46954345703127,
                    285.0711669921875
                ]
            },
            "cuboid": [
                [ -7.326499, -2.437906, 121.901 ],
                [ 6.901736, 1.794136, 120.3811 ],
                [ 6.912847, 2.89425, 123.5485 ],
                [ -7.315392, -1.337798, 125.0683 ],
                [ -7.910278, -0.6922338, 121.2967 ],
                [ 6.317962, 3.5398, 119.7769 ],
                [ 6.329072, 4.639908, 122.9442 ],
                [ -7.899167, 0.4078687, 124.464 ]
            ],
            "projected_cuboid": [
                [ 248.2227, 216.116 ],
                [ 388.4695, 257.799 ],
                [ 386.8216, 267.9767 ],
                [ 250.1465, 227.2256 ],
                [ 242.1174, 233.1844 ],
                [ 382.9944, 275.2942 ],
                [ 381.4794, 285.0712 ],
                [ 244.206, 243.9136 ]
            ]
        }
    ]
}