{
    "camera_data": {
        "location_worldframe": [
            15.986454010009766,
            21.29397201538086,
            -5.852264404296875
        ],
        "quaternion_xyzw_worldframe": [
            -0.07864101231098175,
            0.8593229651451111,
            -0.1390978842973709,
            -0.48583075404167178
        ]
    },
    "objects": [
        {
            "class": "big_plates",
            "visibility": 1.0,
            "location": [
                -1.4823797941207886,
                0.1474224179983139,
                63.4613151550293
            ],
            "quaternion_xyzw": [
                0.6076930165290833,
                0.12713107466697694,
                -0.7778214812278748,
                -0.09767618775367737
            ],
            "pose_transform_permuted": [
                [ -0.2423372, 0.002564058, -0.9701887, 0 ],
                [ 0.3064626, -0.9485942, -0.07905629, 0 ],
                [ -0.920518, -0.3164848, 0.2290938, 0 ],
                [ -1.48238, 0.1474224, 63.46132, 1 ]
            ],
            "cuboid_centroid": [
                -1.4823797941207886,
                0.1474224179983139,
                63.4613151550293
            ],
            "projected_cuboid_centroid": [
                292.1036071777344,
                242.7742919921875
            ],
            "bounding_box": {
                "top_left": [
                    67.52755737304688,
                    176.0048828125
                ],
                "bottom_right": [
                    477.3636474609375,
                    333.98828125
                ]
            },
            "cuboid": [
                [ 9.127695, -2.543318, 69.27144 ],
                [ 4.889624, 2.816196, 53.17314 ],
                [ 4.885826, 4.221644, 53.64206 ],
                [ 9.123895, -1.137868, 69.74034 ],
                [ -7.850585, -3.926793, 73.28057 ],
                [ -12.08866, 1.432709, 57.18229 ],
                [ -12.09245, 2.838161, 57.6512 ],
                [ -7.854383, -2.521347, 73.74949 ]
            ],
            "projected_cuboid": [
                [ 477.3636, 196.1526 ],
                [ 429.8198, 303.2511 ],
                [ 428.7753, 333.9883 ],
                [ 476.2405, 220.5148 ],
                [ 192.0587, 176.0049 ],
                [ 67.52756, 269.9222 ],
                [ 69.5024, 298.7931 ],
                [ 192.8107, 199.1708 ]
            ]
        }
    ]
}