{
    "camera_data": {
        "location_worldframe": [
            -27.7808837890625,
            88.72965240478516,
            52.999229431152347
        ],
        "quaternion_xyzw_worldframe": [
            0.23427055776119233,
            0.7568315863609314,
            -0.3597492575645447,
            0.49285265803337099
        ]
    },
    "objects": [
        {
            "class": "water_glass",
            "visibility": 1.0,
            "location": [
                2.6736910343170168,
                -2.7929577827453615,
                113.61344146728516
            ],
            "quaternion_xyzw": [
                0.325113981962204,
                0.2819161117076874,
                -0.6510469913482666,
                0.6252694725990295
            ],
            "pose_transform_permuted": [
                [ -0.006677762, 0.9974694, -0.07078189, 0 ],
                [ -0.6308499, -0.05912258, -0.773649, 0 ],
                [ -0.775876, 0.03948641, 0.6296484, 0 ],
                [ 2.673691, -2.792958, 113.6134, 1 ]
            ],
            "cuboid_centroid": [
                2.6736910343170168,
                -2.7929577827453615,
                113.61344146728516
            ],
            "projected_cuboid_centroid": [
                348.1047058105469,
                210.6416015625
            ],
            "bounding_box": {
                "top_left": [
                    320.2647705078125,
                    179.4638671875
                ],
                "bottom_right": [
                    377.0259094238281,
                    241.7135009765625
                ]
            },
            "cuboid": [
                [ 5.322282, -0.1323182, 114.0039 ],
                [ 5.295577, -2.654611, 110.9018 ],
                [ 0.3082297, -2.359007, 110.7044 ],
                [ 0.3349302, 0.1632873, 113.8065 ],
                [ 5.039152, -3.226928, 116.5225 ],
                [ 5.012451, -5.749211, 113.4204 ],
                [ 0.02510262, -5.453592, 113.223 ],
                [ 0.05180373, -2.931304, 116.3251 ]
            ],
            "projected_cuboid": [
                [ 375.7539, 238.6139 ],
                [ 377.0259, 211.4136 ],
                [ 323.3251, 214.5515 ],
                [ 323.5147, 241.7135 ],
                [ 371.647, 206.9268 ],
                [ 372.7784, 179.4639 ],
                [ 320.2648, 182.4764 ],
                [ 320.5319, 209.9056 ]
            ]
        },
        {
            "class": "teacup",
            "visibility": 0.0,
            "location": [
                59.839847564697269,
                -17.328248977661134,
                123.93660736083985
            ],
            "quaternion_xyzw": [
                -0.11905571818351746,
                0.9343419671058655,
                -0.3333309590816498,
                -0.041489310562610629
            ],
            "pose_transform_permuted": [
                [ -0.9682088, -0.2501369, 0.001839504, 0 ],
                [ -0.1948182, 0.7494324, -0.6327693, 0 ],
                [ 0.1569003, -0.6130112, -0.7743383, 0 ],
                [ 59.83985, -17.32825, 123.9366, 1 ]
            ],
            "cuboid_centroid": [
                59.839847564697269,
                -17.328248977661134,
                123.93660736083985
            ],
            "projected_cuboid_centroid": [
                896.6182861328125,
                73.0245361328125
            ],
            "bounding_box": {
                "top_left": [
                    843.0386352539063,
                    26.94091796875
                ],
                "bottom_right": [
                    954.4049072265625,
                    118.946533203125
                ]
            },
            "cuboid": [
                [ 63.33804, -12.58465, 124.1542 ],
                [ 55.05602, -14.25113, 125.4963 ],
                [ 56.32999, -18.0681, 128.6185 ],
                [ 64.61203, -16.40162, 127.2764 ],
                [ 63.3497, -16.58842, 119.2547 ],
                [ 55.06765, -18.25488, 120.5968 ],
                [ 56.34163, -22.07185, 123.719 ],
                [ 64.62368, -20.40537, 122.3769 ]
            ],
            "projected_cuboid": [
                [ 929.2572, 118.9465 ],
                [ 843.9276, 104.3824 ],
                [ 843.0386, 72.23303 ],
                [ 926.2659, 86.10071 ],
                [ 954.4049, 73.87805 ],
                [ 865.3285, 59.224 ],
                [ 863.8644, 26.94092 ],
                [ 950.6522, 40.86719 ]
            ]
        },
        {
            "class": "small_spoon",
            "visibility": 0.0,
            "location": [
                21.505760192871095,
                0.6804996132850647,
                112.35639953613281
            ],
            "quaternion_xyzw": [
                -0.18834185600280763,
                0.27692580223083498,
                0.7815045118331909,
                0.5263936519622803
            ],
            "pose_transform_permuted": [
                [ -0.3748744, -0.9270715, -0.002836049, 0 ],
                [ 0.7184446, -0.2924439, 0.6311214, 0 ],
                [ -0.585924, 0.2345536, 0.7756789, 0 ],
                [ 21.50576, 0.6804996, 112.3564, 1 ]
            ],
            "cuboid_centroid": [
                21.505760192871095,
                0.6804996132850647,
                112.35639953613281
            ],
            "projected_cuboid_centroid": [
                548.5885620117188,
                247.233154296875
            ],
            "bounding_box": {
                "top_left": [
                    516.071044921875,
                    193.611083984375
                ],
                "bottom_right": [
                    579.6453857421875,
                    304.010009765625
                ]
            },
            "cuboid": [
                [ 22.50211, -4.489013, 115.5671 ],
                [ 18.02705, 4.087416, 108.5726 ],
                [ 20.51381, 4.87186, 107.9435 ],
                [ 24.98886, -3.704575, 114.938 ],
                [ 22.49771, -3.510858, 116.7693 ],
                [ 18.02266, 5.065565, 109.7748 ],
                [ 20.50941, 5.850015, 109.1457 ],
                [ 24.98447, -2.726412, 116.1402 ]
            ],
            "projected_cuboid": [
                [ 552.5341, 193.6111 ],
                [ 518.2905, 284.96 ],
                [ 546.959, 293.9009 ],
                [ 579.6454, 201.5078 ],
                [ 550.095, 204.0928 ],
                [ 516.071, 295.109 ],
                [ 544.411, 304.01 ],
                [ 576.9125, 211.9646 ]
            ]
        },
        {
            "class": "bowl",
            "visibility": 0.8874430060386658,
            "location": [
                6.052134990692139,
                16.733789443969728,
                97.5420150756836
            ],
            "quaternion_xyzw": [
                0.3921932578086853,
                -0.36756888031959536,
                -0.17483273148536683,
                0.8249310255050659
            ],
            "pose_transform_permuted": [
                [ 0.6686532, 0.0001338124, -0.7435744, 0 ],
                [ -0.576766, 0.631236, -0.5185386, 0 ],
                [ 0.4693015, 0.7755909, 0.4221551, 0 ],
                [ 6.052135, 16.73379, 97.54202, 1 ]
            ],
            "cuboid_centroid": [
                6.052134990692139,
                16.733789443969728,
                97.5420150756836
            ],
            "projected_cuboid_centroid": [
                394.099365234375,
                444.8802490234375
            ],
            "bounding_box": {
                "top_left": [
                    285.3797607421875,
                    340.6270751953125
                ],
                "bottom_right": [
                    504.68426513671877,
                    557.8671875
                ]
            },