{
    "camera_data": {
        "location_worldframe": [
            30.018156051635743,
            33.46929931640625,
            9.984397888183594
        ],
        "quaternion_xyzw_worldframe": [
            0.4764368236064911,
            0.2723136842250824,
            -0.1580466330051422,
            0.8208985924720764
        ]
    },
    "objects": [
        {
            "class": "water_glass",
            "visibility": 1.0,
            "location": [
                0.5963749885559082,
                3.4621667861938478,
                33.81541442871094
            ],
            "quaternion_xyzw": [
                -0.08116415143013,
                0.649129331111908,
                -0.28232496976852419,
                0.7016665935516357
            ],
            "pose_transform_permuted": [
                [ -0.002152577, 0.2908239, 0.9567741, 0 ],
                [ -0.5015681, 0.82741, -0.2526305, 0 ],
                [ -0.8651154, -0.4804312, 0.144087, 0 ],
                [ 0.596375, 3.462167, 33.81541, 1 ]
            ],
            "cuboid_centroid": [
                0.5963749885559082,
                3.4621667861938478,
                33.81541442871094
            ],
            "projected_cuboid_centroid": [
                341.0621337890625,
                362.2730712890625
            ],
            "bounding_box": {
                "top_left": [
                    245.86178588867188,
                    235.933837890625
                ],
                "bottom_right": [
                    443.84576416015627,
                    486.82989501953127
                ]
            },
            "cuboid": [
                [ -0.5858086, 7.038647, 34.05563 ],
                [ -0.5944156, 5.033258, 30.59669 ],
                [ -2.048535, 0.8962057, 32.99885 ],
                [ -2.039925, 2.901599, 36.45779 ],
                [ 3.241288, 6.028126, 34.63198 ],
                [ 3.23268, 4.022735, 31.17304 ],
                [ 1.778561, -0.1143159, 33.5752 ],
                [ 1.787171, 1.891074, 37.03414 ]
            ],
            "projected_cuboid": [
                [ 299.457, 486.8299 ],
                [ 296.7986, 436.4592 ],
                [ 245.8618, 272.4344 ],
                [ 253.1777, 335.0483 ],
                [ 431.7732, 447.8751 ],
                [ 443.8458, 394.1132 ],
                [ 383.2627, 235.9338 ],
                [ 377.6317, 300.9823 ]
            ]
        },
        {
            "class": "teacup",
            "visibility": 0.0,
            "location": [
                30.65308952331543,
                47.83951950073242,
                7.112242221832275
            ],
            "quaternion_xyzw": [
                -0.6934385895729065,
                0.6735228896141052,
                -0.1791190356016159,
                -0.18282823264598847
            ],
            "pose_transform_permuted": [
                [ 0.0285666, -0.9995896, 0.002138093, 0 ],
                [ -0.8685975, -0.02588141, -0.4948418, 0 ],
                [ 0.4946941, 0.01227877, -0.8689803, 0 ],
                [ 30.65309, 47.83952, 7.112242, 1 ]
            ],
            "cuboid_centroid": [
                30.65308952331543,
                47.83951950073242,
                7.112242221832275
            ],
            "projected_cuboid_centroid": [
                5467.13134765625,
                8273.0009765625
            ],
            "bounding_box": {
                "top_left": [
                    3126.802734375,
                    4777.3671875
                ],
                "bottom_right": [
                    18149.38671875,
                    27215.8671875
                ]
            },
            "cuboid": [
                [ 27.97861, 53.05411, 7.776883 ],
                [ 28.22297, 45.62414, 12.00849 ],
                [ 33.31401, 45.75596, 11.94595 ],
                [ 33.06967, 53.18593, 7.714351 ],
                [ 27.99218, 49.92312, 2.278531 ],
                [ 28.23651, 42.49311, 6.510134 ],
                [ 33.32755, 42.62492, 6.447601 ],
                [ 33.08326, 50.05497, 2.215998 ]
            ],
            "projected_cuboid": [
                [ 4616.533, 8387.25 ],
                [ 3126.803, 4777.367 ],
                [ 3650.456, 4814.297 ],
                [ 5439.506, 8473.698 ],
                [ 14991.66, 26406.43 ],
                [ 5499.867, 8035.179 ],
                [ 6493.092, 8135.196 ],
                [ 18149.39, 27215.87 ]
            ]
        },
        {
            "class": "small_spoon",
            "visibility": 0.0,
            "location": [
                1.3843436241149903,
                20.682119369506837,
                25.380701065063478
            ],
            "quaternion_xyzw": [
                0.020259978249669076,
                0.2544439136981964,
                0.9637796878814697,
                -0.07730820029973984
            ],
            "pose_transform_permuted": [
                [ -0.9872259, 0.1593262, -0.0002888925, 0 ],
                [ -0.1387061, -0.8585635, 0.4935883, 0 ],
                [ 0.07839352, 0.4873232, 0.8696957, 0 ],
                [ 1.384344, 20.68212, 25.3807, 1 ]
            ],
            "cuboid_centroid": [
                1.3843436241149903,
                20.682119369506837,
                25.380701065063478
            ],
            "projected_cuboid_centroid": [
                385.1385192871094,
                1213.1705322265625
            ],
            "bounding_box": {
                "top_left": [
                    90.04142761230469,
                    1078.6998291015625
                ],
                "bottom_right": [
                    679.3817138671875,
                    1368.11474609375
                ]
            },
            "cuboid": [
                [ 7.490757, 19.97602, 24.89243 ],
                [ -4.29425, 18.32022, 25.82825 ],
                [ -4.721623, 20.62321, 24.52106 ],
                [ 7.063385, 22.27902, 23.58524 ],
                [ 7.49031, 20.74102, 26.24034 ],
                [ -4.294702, 19.08522, 27.17617 ],
                [ -4.722073, 21.38822, 25.86898 ],
                [ 7.062936, 23.04402, 24.93316 ]
            ],
            "projected_cuboid": [
                [ 679.3817, 1198.384 ],
                [ 121.4408, 1087.097 ],
                [ 90.04143, 1244.418 ],
                [ 677.6598, 1368.115 ],
                [ 660.9006, 1183.97 ],
                [ 131.2694, 1078.7 ],
                [ 102.0028, 1227.399 ],
                [ 658.3027, 1343.77 ]
            ]
        },
        {
            "class": "bowl",
            "visibility": 0.0,
            "location": [
                -23.30874252319336,
                11.139047622680664,
                29.275623321533204
            ],
            "quaternion_xyzw": [
                -0.48584210872650149,
                -0.21744699776172639,
                -0.12606196105480195,
                -0.8371275663375855
            ],
            "pose_transform_permuted": [
                [ 0.8736504, 0.0002299398, 0.4865541, 0 ],
                [ 0.4223497, 0.4961317, -0.7586001, 0 ],
                [ -0.2415693, 0.8682472, 0.4333485, 0 ],
                [ -23.30874, 11.13905, 29.27562, 1 ]
            ],
            "cuboid_centroid": [
                -23.30874252319336,
                11.139047622680664,
                29.275623321533204
            ],
            "projected_cuboid_centroid": [
                -630.8460693359375,
                694.4011840820313
            ],
            "bounding_box": {
                "top_left": [
                    -1128.0528564453125,
                    342.1417236328125
                ],
                "bottom_right": [
                    -227.26544189453126,
                    1138.3846435546875
                ]
            },