{
    "camera_data": {
        "location_worldframe": [
            -28.33842658996582,
            65.56543731689453,
            56.914085388183597
        ],
        "quaternion_xyzw_worldframe": [
            0.17654339969158173,
            0.8015251159667969,
            -0.2861778736114502,
            0.4944615066051483
        ]
    },
    "objects": [
        {
            "class": "water_glass",
            "visibility": 1.0,
            "location": [
                2.3040361404418947,
                0.6296568512916565,
                98.97894287109375
            ],
            "quaternion_xyzw": [
                0.2766050398349762,
                0.19847941398620606,
                -0.6811197400093079,
                0.648206353187561
            ],
            "pose_transform_permuted": [
                [ -0.006636374, 0.9928131, -0.1194911, 0 ],
                [ -0.7732115, -0.08086891, -0.6289708, 0 ],
                [ -0.6341136, 0.08821779, 0.7681912, 0 ],
                [ 2.304036, 0.6296569, 98.97894, 1 ]
            ],
            "cuboid_centroid": [
                2.3040361404418947,
                0.6296568512916565,
                98.97894287109375
            ],
            "projected_cuboid_centroid": [
                347.7999572753906,
                247.5972900390625
            ],
            "bounding_box": {
                "top_left": [
                    314.811279296875,
                    211.470458984375
                ],
                "bottom_right": [
                    382.0916748046875,
                    284.0831298828125
                ]
            },
            "cuboid": [
                [ 5.038317, 3.231169, 98.93077 ],
                [ 5.011784, 0.1396861, 96.39544 ],
                [ 0.04771862, 0.5440261, 95.95434 ],
                [ 0.07425096, 3.635512, 98.48968 ],
                [ 4.560349, 0.7152917, 102.0035 ],
                [ 4.533818, -2.376192, 99.46819 ],
                [ -0.4302454, -1.971848, 99.02711 ],
                [ -0.403715, 1.119628, 101.5625 ]
            ],
            "projected_cuboid": [
                [ 380.8207, 279.0055 ],
                [ 382.0917, 241.7306 ],
                [ 320.5939, 246.771 ],
                [ 320.9003, 284.0831 ],
                [ 373.3925, 248.3746 ],
                [ 374.4349, 211.4705 ],
                [ 314.8113, 216.2197 ],
                [ 315.2528, 253.1655 ]
            ]
        },
        {
            "class": "teacup",
            "visibility": 0.0,
            "location": [
                58.53154373168945,
                -13.3020658493042,
                114.15077209472656
            ],
            "quaternion_xyzw": [
                -0.09229942411184311,
                0.8985722064971924,
                -0.42686164379119875,
                -0.04287220165133476
            ],
            "pose_transform_permuted": [
                [ -0.9792857, -0.2024764, 0.001750633, 0 ],
                [ -0.1292744, 0.6185399, -0.7750462, 0 ],
                [ 0.1558457, -0.7592179, -0.6319023, 0 ],
                [ 58.53154, -13.30207, 114.1508, 1 ]
            ],
            "cuboid_centroid": [
                58.53154373168945,
                -13.3020658493042,
                114.15077209472656
            ],
            "projected_cuboid_centroid": [
                932.3626098632813,
                100.83251953125
            ],
            "bounding_box": {
                "top_left": [
                    871.6539306640625,
                    53.89501953125
                ],
                "bottom_right": [
                    998.168701171875,
                    148.2667236328125
                ]
            },
            "cuboid": [
                [ 62.19879, -8.722005, 113.55 ],
                [ 53.822, -9.827819, 114.8831 ],
                [ 54.85324, -12.97812, 118.7499 ],
                [ 63.23003, -11.87232, 117.4168 ],
                [ 62.20987, -13.626, 109.5517 ],
                [ 53.83308, -14.73182, 110.8848 ],
                [ 54.86432, -17.88213, 114.7516 ],
                [ 63.2411, -16.77631, 113.4185 ]
            ],
            "projected_cuboid": [
                [ 974.1727, 148.2667 ],
                [ 879.5016, 137.8358 ],
                [ 871.6539, 109.4802 ],
                [ 963.1182, 119.2456 ],
                [ 998.1687, 91.45886 ],
                [ 899.7954, 81.33472 ],
                [ 890.9903, 53.89502 ],
                [ 985.9063, 63.35144 ]
            ]
        },
        {
            "class": "small_spoon",
            "visibility": 0.0,
            "location": [
                21.28414535522461,
                3.1950316429138185,
                97.76803588867188
            ],
            "quaternion_xyzw": [
                -0.2489846795797348,
                0.348214715719223,
                0.7370783090591431,
                0.5229422450065613
            ],
            "pose_transform_permuted": [
                [ -0.3290758, -0.944299, -0.002850056, 0 ],
                [ 0.5974985, -0.2105556, 0.7737322, 0 ],
                [ -0.7312348, 0.2529138, 0.6335063, 0 ],
                [ 21.28415, 3.195032, 97.76804, 1 ]
            ],
            "cuboid_centroid": [
                21.28414535522461,
                3.1950316429138185,
                97.76803588867188
            ],
            "projected_cuboid_centroid": [
                579.9901123046875,
                279.0279541015625
            ],
            "bounding_box": {
                "top_left": [
                    548.770263671875,
                    225.3233642578125
                ],
                "bottom_right": [
                    609.0314331054688,
                    337.569091796875
                ]
            },
            "cuboid": [
                [ 21.98405, -1.25328, 101.9809 ],
                [ 18.05569, 5.879361, 93.25176 ],
                [ 20.58867, 6.444155, 92.57334 ],
                [ 24.51701, -0.6884866, 101.3025 ],
                [ 21.97962, -0.05409564, 102.9627 ],
                [ 18.05128, 7.078549, 94.23361 ],
                [ 20.58425, 7.64333, 93.55519 ],
                [ 24.51259, 0.5107026, 102.2843 ]
            ],
            "projected_cuboid": [
                [ 577.4462, 225.3234 ],
                [ 551.2356, 315.2958 ],
                [ 585.6072, 323.1338 ],
                [ 609.0314, 231.8834 ],
                [ 574.9399, 239.3726 ],
                [ 548.7703, 329.709 ],
                [ 582.7632, 337.5691 ],
                [ 606.2054, 245.9629 ]
            ]
        },
        {
            "class": "bowl",
            "visibility": 0.707915186882019,
            "location": [
                6.915513515472412,
                16.419466018676759,
                79.4747085571289
            ],
            "quaternion_xyzw": [
                0.30376237630844118,
                -0.40422672033309939,
                -0.14443328976631165,
                0.8505693674087524
            ],
            "pose_transform_permuted": [
                [ 0.6314796, 0.000123322, -0.7753925, 0 ],
                [ -0.4912788, 0.7737349, -0.3999743, 0 ],
                [ 0.5998989, 0.6335095, 0.4886584, 0 ],
                [ 6.915514, 16.41947, 79.47471, 1 ]
            ],
            "cuboid_centroid": [
                6.915513515472412,
                16.419466018676759,
                79.4747085571289
            ],
            "projected_cuboid_centroid": [
                423.91851806640627,
                486.73321533203127
            ],
            "bounding_box": {
                "top_left": [
                    291.0906677246094,
                    369.46533203125
                ],
                "bottom_right": [
                    557.9437255859375,
                    621.2849731445313
                ]
            },