{
    "camera_data": {
        "location_worldframe": [
            -14.902538299560547,
            229.3048095703125,
            -9.628647804260254
        ],
        "quaternion_xyzw_worldframe": [
            0.5595389008522034,
            0.2796176075935364,
            -0.2080664485692978,
            0.7519564032554627
        ]
    },
    "objects": [
        {
            "class": "bowl",
            "visibility": 1.0,
            "location": [
                0.11820728331804276,
                4.341519832611084,
                235.4572296142578
            ],
            "quaternion_xyzw": [
                -0.5962437987327576,
                -0.039090581238269809,
                -0.02903369814157486,
                -0.8013253808021545
            ],
            "pose_transform_permuted": [
                [ 0.9952579, 8.415431E-05, 0.09727088, 0 ],
                [ 0.09314591, 0.2873008, -0.9533007, 0 ],
                [ -0.02802622, 0.9578404, 0.2859305, 0 ],
                [ 0.1182073, 4.34152, 235.4572, 1 ]
            ],
            "cuboid_centroid": [
                0.11820728331804276,
                4.341519832611084,
                235.4572296142578
            ],
            "projected_cuboid_centroid": [
                320.59954833984377,
                262.0205078125
            ],
            "bounding_box": {
                "top_left": [
                    285.4399719238281,
                    225.7611083984375
                ],
                "bottom_right": [
                    355.2856750488281,
                    298.2572021484375
                ]
            },
            "cuboid": [
                [ -6.707906, 10.3255, 235.8815 ],
                [ 5.729338, 11.48949, 235.5313 ],
                [ 5.728978, 10.26845, 231.4604 ],
                [ -6.708262, 9.104461, 231.8107 ],
                [ -5.492563, -1.58541, 239.454 ],
                [ 6.944674, -0.421416, 239.1038 ],
                [ 6.944321, -1.642432, 235.033 ],
                [ -5.492914, -2.806427, 235.3832 ]
            ],
            "projected_cuboid": [
                [ 286.0382, 292.2775 ],
                [ 349.0505, 298.2572 ],
                [ 349.5596, 292.9817 ],
                [ 285.44, 286.9049 ],
                [ 292.6063, 232.0929 ],
                [ 354.6867, 237.8951 ],
                [ 355.2857, 231.6544 ],
                [ 292.1308, 225.7611 ]
            ]
        },
        {
            "class": "bowl",
            "visibility": 1.0,
            "location": [
                3.1225290298461916,
                42.35394287109375,
                224.05709838867188
            ],
            "quaternion_xyzw": [
                -0.6178990602493286,
                -0.380707323551178,
                0.5117352604866028,
                0.4597713351249695
            ],
            "pose_transform_permuted": [
                [ 0.1863779, -8.499622E-05, -0.9824781, 0 ],
                [ 0.9410398, -0.2873445, 0.1785418, 0 ],
                [ -0.2823249, -0.9578273, -0.05347463, 0 ],
                [ 3.122529, 42.35394, 224.0571, 1 ]
            ],
            "cuboid_centroid": [
                3.1225290298461916,
                42.35394287109375,
                224.05709838867188
            ],
            "projected_cuboid_centroid": [
                336.6435241699219,
                465.7525634765625
            ],
            "bounding_box": {
                "top_left": [
                    297.66009521484377,
                    425.16046142578127
                ],
                "bottom_right": [
                    376.4376220703125,
                    506.3673095703125
                ]
            },
            "cuboid": [
                [ 8.095549, 34.74809, 224.1198 ],
                [ 10.42462, 46.5078, 220.5917 ],
                [ 10.42498, 47.72902, 224.6625 ],
                [ 8.095909, 35.9693, 228.1906 ],
                [ -4.179914, 36.97887, 223.4517 ],
                [ -1.850847, 48.73856, 219.9236 ],
                [ -1.85048, 49.95978, 223.9944 ],
                [ -4.179556, 38.20008, 227.5225 ]
            ],
            "projected_cuboid": [
                [ 363.1384, 425.1605 ],
                [ 376.4376, 491.7875 ],
                [ 375.4169, 493.7169 ],
                [ 362.3707, 428.2487 ],
                [ 297.6601, 437.6367 ],
                [ 309.9493, 504.6661 ],
                [ 310.1339, 506.3673 ],
                [ 298.0617, 440.5107 ]
            ]
        },
        {
            "class": "bowl",
            "visibility": 0.015186022035777569,
            "location": [
                -3.3963234424591066,
                80.29785919189453,
                212.67861938476563
            ],
            "quaternion_xyzw": [
                -0.24840471148490907,
                0.7295495271682739,
                0.5429186820983887,
                -0.3336043655872345
            ],
            "pose_transform_permuted": [
                [ -0.6540065, -0.0002070069, -0.7564889, 0 ],
                [ -0.7246872, 0.2870688, 0.6264343, 0 ],
                [ 0.2170347, 0.9579099, -0.1878949, 0 ],
                [ -3.396323, 80.29786, 212.6786, 1 ]
            ],
            "cuboid_centroid": [
                -3.3963234424591066,
                80.29785919189453,
                212.67861938476563
            ],
            "projected_cuboid_centroid": [
                300.9285888671875,
                690.8973388671875
            ],
            "bounding_box": {
                "top_left": [
                    250.844482421875,
                    638.36962890625
                ],
                "bottom_right": [
                    350.7355041503906,
                    745.7296142578125
                ]
            },
            "cuboid": [
                [ 5.415556, 81.52245, 214.5319 ],
                [ -2.757229, 72.46639, 217.2441 ],
                [ -2.756348, 71.24635, 213.173 ],
                [ 5.416441, 80.3024, 210.4608 ],
                [ -4.036303, 89.34935, 212.1843 ],
                [ -12.2091, 80.2933, 214.8964 ],
                [ -12.20821, 79.07326, 210.8253 ],
                [ -4.035423, 88.1293, 208.1131 ]
            ],
            "projected_cuboid": [
                [ 350.1473, 693.8192 ],
                [ 304.8427, 638.3696 ],
                [ 304.5581, 639.1426 ],
                [ 350.7355, 695.6747 ],
                [ 297.2821, 742.8932 ],
                [ 252.1497, 686.2186 ],
                [ 250.8445, 687.9241 ],
                [ 296.8427, 745.7296 ]
            ]
        },
        {
            "class": "small_spoon",
            "visibility": 1.0,
            "location": [
                10.561667442321778,
                5.809028148651123,
                236.42454528808595
            ],
            "quaternion_xyzw": [
                0.44361862540245058,
                0.8843499422073364,
                -0.13007764518260957,
                0.06486497074365616
            ],
            "pose_transform_permuted": [
                [ -0.59799, 0.8015032, -0.0006830692, 0 ],
                [ 0.7677532, 0.5725646, -0.2876189, 0 ],
                [ -0.2301364, -0.1725177, -0.9577446, 0 ],
                [ 10.56167, 5.809028, 236.4245, 1 ]
            ],
            "cuboid_centroid": [
                10.561667442321778,
                5.809028148651123,
                236.42454528808595
            ],
            "projected_cuboid_centroid": [
                373.3503723144531,
                269.34326171875
            ],
            "bounding_box": {
                "top_left": [
                    349.9442138671875,
                    241.1861572265625
                ],
                "bottom_right": [
                    396.6773986816406,
                    297.70654296875
                ]
            },