{
    "camera_data": {
        "location_worldframe": [
            63.48712921142578,
            246.70880126953126,
            63.39412307739258
        ],
        "quaternion_xyzw_worldframe": [
            -0.24764004349708558,
            0.7498505711555481,
            -0.4677726924419403,
            -0.3969727158546448
        ]
    },
    "objects": [
        {
            "class": "big_fork",
            "visibility": 1.0,
            "location": [
                -2.580256700515747,
                -1.088089942932129,
                273.4639892578125
            ],
            "quaternion_xyzw": [
                -0.6161879897117615,
                0.040300384163856509,
                -0.7060436010360718,
                -0.34668540954589846
            ],
            "pose_transform_permuted": [
                [ -0.000243393, -0.5392153, 0.842168, 0 ],
                [ 0.4398848, -0.7563704, -0.4841544, 0 ],
                [ 0.8980543, 0.3703391, 0.2373765, 0 ],
                [ -2.580257, -1.08809, 273.464, 1 ]
            ],
            "cuboid_centroid": [
                -2.580256700515747,
                -1.088089942932129,
                273.4639892578125
            ],
            "projected_cuboid_centroid": [
                308.7316589355469,
                235.2481689453125
            ],
            "bounding_box": {
                "top_left": [
                    289.2100830078125,
                    207.4404296875
                ],
                "bottom_right": [
                    328.5429382324219,
                    263.43017578125
                ]
            },
            "cuboid": [
                [ -7.089962, -6.910599, 275.0002 ],
                [ -7.090535, -5.871986, 277.1206 ],
                [ 0.8947842, 5.329244, 271.6362 ],
                [ 0.8953581, 4.290638, 269.5158 ],
                [ -6.055289, -7.505407, 275.2918 ],
                [ -6.055869, -6.466826, 277.4122 ],
                [ 1.929448, 4.734428, 271.9278 ],
                [ 1.930028, 3.695814, 269.8074 ]
            ],
            "projected_cuboid": [
                [ 289.2101, 209.989 ],
                [ 289.4432, 214.6946 ],
                [ 323.934, 263.4302 ],
                [ 323.9674, 259.0123 ],
                [ 293.7313, 207.4404 ],
                [ 293.9296, 212.1604 ],
                [ 328.4738, 260.7927 ],
                [ 328.5429, 256.3589 ]
            ]
        }
    ]
}