{
    "camera_data": {
        "location_worldframe": [
            56.19767761230469,
            144.03704833984376,
            -66.175048828125
        ],
        "quaternion_xyzw_worldframe": [
            0.39336857199668887,
            -0.41294029355049136,
            0.20415683090686799,
            0.7956516146659851
        ]
    },
    "objects": [
        {
            "class": "big_fork",
            "visibility": 1.0,
            "location": [
                -4.198017597198486,
                -0.08319057524204254,
                179.34947204589845
            ],
            "quaternion_xyzw": [
                -0.24544955790042878,
                0.37770935893058779,
                -0.5977423787117004,
                -0.6631698608398438
            ],
            "pose_transform_permuted": [
                [ 7.936358E-05, -0.9782267, -0.2075397, 0 ],
                [ 0.6073923, 0.1649171, -0.7770953, 0 ],
                [ 0.7944021, -0.1259963, 0.5941803, 0 ],
                [ -4.198018, -0.08319058, 179.3495, 1 ]
            ],
            "cuboid_centroid": [
                -4.198017597198486,
                -0.08319057524204254,
                179.34947204589845
            ],
            "projected_cuboid_centroid": [
                292.046142578125,
                239.446044921875
            ],
            "bounding_box": {
                "top_left": [
                    242.31207275390626,
                    223.3946533203125
                ],
                "bottom_right": [
                    341.17034912109377,
                    255.56201171875
                ]
            },
            "cuboid": [
                [ -11.31399, 0.8982639, 177.1137 ],
                [ -11.3138, 2.332358, 178.9893 ],
                [ 3.172925, -0.1099196, 180.8552 ],
                [ 3.172736, -1.54402, 178.9796 ],
                [ -11.56896, -0.05646037, 177.8437 ],
                [ -11.56877, 1.377634, 179.7193 ],
                [ 2.917948, -1.064639, 181.5852 ],
                [ 2.917761, -2.498744, 179.7096 ]
            ],
            "projected_cuboid": [
                [ 243.7112, 246.0569 ],
                [ 244.5118, 255.562 ],
                [ 340.952, 239.2742 ],
                [ 341.1703, 229.6974 ],
                [ 242.3121, 239.6208 ],
                [ 243.1241, 249.1545 ],
                [ 339.1909, 232.998 ],
                [ 339.3899, 223.3947 ]
            ]
        }
    ]
}