{
    "camera_data": {
        "location_worldframe": [
            50.459228515625,
            196.93072509765626,
            -30.979389190673829
        ],
        "quaternion_xyzw_worldframe": [
            0.6142500638961792,
            -0.2325838953256607,
            0.19622144103050233,
            0.7280787825584412
        ]
    },
    "objects": [
        {
            "class": "small_spoon",
            "visibility": 1.0,
            "location": [
                0.7445850968360901,
                -2.7432186603546144,
                199.0598907470703
            ],
            "quaternion_xyzw": [
                0.9947189688682556,
                0.05867018550634384,
                -0.004954115487635136,
                0.08406753093004227
            ],
            "pose_transform_permuted": [
                [ 0.9930665, 0.1175537, 8.610077E-06, 0 ],
                [ 0.1158877, -0.9789808, -0.1678285, 0 ],
                [ -0.01972042, 0.1666658, -0.9858161, 0 ],
                [ 0.7445851, -2.743219, 199.0599, 1 ]
            ],
            "cuboid_centroid": [
                0.7445850968360901,
                -2.7432186603546144,
                199.0598907470703
            ],
            "projected_cuboid_centroid": [
                324.4671325683594,
                223.5421142578125
            ],
            "bounding_box": {
                "top_left": [
                    287.8195495605469,
                    210.67236328125
                ],
                "bottom_right": [
                    361.1100769042969,
                    236.3572998046875
                ]
            },
            "cuboid": [
                [ -5.025126, -4.617854, 200.1651 ],
                [ 6.829609, -3.23444, 199.9297 ],
                [ 6.514278, -0.6084603, 199.4826 ],
                [ -5.34045, -1.991861, 199.718 ],
                [ -5.02511, -4.87798, 198.6372 ],
                [ 6.829617, -3.49457, 198.4018 ],
                [ 6.514293, -0.8685583, 197.9547 ],
                [ -5.340434, -2.25197, 198.1901 ]
            ],
            "projected_cuboid": [
                [ 290.0183, 212.4482 ],
                [ 360.7959, 220.6794 ],
                [ 358.9995, 236.3573 ],
                [ 288.0656, 228.0892 ],
                [ 289.7878, 210.6724 ],
                [ 361.1101, 218.9648 ],
                [ 359.3006, 234.76 ],
                [ 287.8195, 226.4301 ]
            ]
        },
        {
            "class": "small_fork",
            "visibility": 1.0,
            "location": [
                13.043323516845704,
                -10.904335021972657,
                200.28250122070313
            ],
            "quaternion_xyzw": [
                0.6864722967147827,
                0.285927951335907,
                0.6459563374519348,
                -0.1724570095539093
            ],
            "pose_transform_permuted": [
                [ 0.0019712, 0.6153626, 0.7882417, 0 ],
                [ 0.1697638, -0.7770076, 0.6061679, 0 ],
                [ 0.9854828, 0.13262, -0.105998, 0 ],
                [ 13.04332, -10.90434, 200.2825, 1 ]
            ],
            "cuboid_centroid": [
                13.043323516845704,
                -10.904335021972657,
                200.28250122070313
            ],
            "projected_cuboid_centroid": [
                397.7755126953125,
                174.97900390625
            ],
            "bounding_box": {
                "top_left": [
                    373.68804931640627,
                    144.7568359375
                ],
                "bottom_right": [
                    421.910400390625,
                    205.1729736328125
                ]
            },
            "cuboid": [
                [ 16.29931, -15.96532, 200.1895 ],
                [ 16.30304, -15.64465, 202.0509 ],
                [ 9.012609, -6.439158, 200.4797 ],
                [ 9.008891, -6.759804, 198.6183 ],
                [ 17.07403, -15.36953, 200.0853 ],
                [ 17.07776, -15.04888, 201.9467 ],
                [ 9.787341, -5.843373, 200.3755 ],
                [ 9.783613, -6.164049, 198.5141 ]
            ],
            "projected_cuboid": [
                [ 417.2357, 144.7568 ],
                [ 416.3619, 147.5297 ],
                [ 373.688, 201.642 ],
                [ 374.1689, 199.3545 ],
                [ 421.9104, 148.2633 ],
                [ 420.9931, 151.0051 ],
                [ 378.3334, 205.173 ],
                [ 378.858, 202.9172 ]
            ]
        }
    ]
}