{
    "camera_data": {
        "location_worldframe": [
            -53.16468048095703,
            65.33454895019531,
            41.854610443115237
        ],
        "quaternion_xyzw_worldframe": [
            0.1021033450961113,
            0.8939719796180725,
            -0.34960049390792849,
            0.2610909938812256
        ]
    },
    "objects": [
        {
            "class": "knife",
            "visibility": 1.0,
            "location": [
                -0.6418911814689636,
                0.642676055431366,
                94.46393585205078
            ],
            "quaternion_xyzw": [
                0.5448355674743652,
                0.7357228398323059,
                -0.32446756958961489,
                0.23788006603717805
            ],
            "pose_transform_permuted": [
                [ -0.2931346, 0.9560647, -0.00353536, 0 ],
                [ 0.6473272, 0.19575, -0.7366474, 0 ],
                [ -0.7035905, -0.2182254, -0.6762677, 0 ],
                [ -0.6418912, 0.6426761, 94.46394, 1 ]
            ],
            "cuboid_centroid": [
                -0.6418911814689636,
                0.642676055431366,
                94.46393585205078
            ],
            "projected_cuboid_centroid": [
                311.8849182128906,
                248.125
            ],
            "bounding_box": {
                "top_left": [
                    265.1541442871094,
                    178.3572998046875
                ],
                "bottom_right": [
                    353.34765625,
                    326.911376953125
                ]
            },
            "cuboid": [
                [ 2.787676, -4.163462, 100.2727 ],
                [ -2.021773, 6.457203, 88.72894 ],
                [ -4.068629, 6.038117, 89.19614 ],
                [ 0.7408203, -4.582552, 100.7399 ],
                [ 2.784846, -4.752783, 99.73172 ],
                [ -2.0246, 5.86789, 88.18793 ],
                [ -4.071459, 5.448803, 88.65513 ],
                [ 0.7379909, -5.171865, 100.1989 ]
            ],
            "projected_cuboid": [
                [ 353.2014, 190.4128 ],
                [ 292.7878, 326.9114 ],
                [ 265.5247, 320.845 ],
                [ 328.7823, 185.6746 ],
                [ 353.3477, 183.0869 ],
                [ 292.5825, 319.464 ],
                [ 265.1541, 313.3998 ],
                [ 328.796, 178.3573 ]
            ]
        }
    ]
}