{
    "camera_data": {
        "location_worldframe": [
            -58.6052131652832,
            190.5640411376953,
            -36.6804084777832
        ],
        "quaternion_xyzw_worldframe": [
            0.5170480608940125,
            0.4163210690021515,
            -0.31799808144569399,
            0.6769161224365234
        ]
    },
    "objects": [
        {
            "class": "knife",
            "visibility": 1.0,
            "location": [
                0.9207813739776611,
                3.784722089767456,
                195.68157958984376
            ],
            "quaternion_xyzw": [
                -0.0977092832326889,
                0.9860703349113464,
                -0.13406600058078767,
                -0.012016426771879197
            ],
            "pose_transform_permuted": [
                [ -0.9806167, -0.1959184, 0.002500901, 0 ],
                [ -0.1894745, 0.9449584, -0.2667453, 0 ],
                [ 0.04989707, -0.2620488, -0.9637636, 0 ],
                [ 0.9207814, 3.784722, 195.6816, 1 ]
            ],
            "cuboid_centroid": [
                0.9207813739776611,
                3.784722089767456,
                195.68157958984376
            ],
            "projected_cuboid_centroid": [
                325.61956787109377,
                263.098388671875
            ],
            "bounding_box": {
                "top_left": [
                    275.1910705566406,
                    246.7769775390625
                ],
                "bottom_right": [
                    376.1490478515625,
                    279.4708251953125
                ]
            },
            "cuboid": [
                [ 8.754524, 6.457325, 195.3772 ],
                [ -7.334415, 3.348628, 196.1959 ],
                [ -6.914967, 1.325543, 196.7569 ],
                [ 9.173972, 4.434241, 195.9383 ],
                [ 8.756523, 6.243927, 194.6062 ],
                [ -7.332412, 3.135216, 195.4249 ],
                [ -6.912971, 1.11215, 195.9859 ],
                [ 9.17597, 4.220834, 195.1673 ]
            ],
            "projected_cuboid": [
                [ 373.5126, 279.4708 ],
                [ 275.355, 260.3833 ],
                [ 278.0282, 248.0457 ],
                [ 375.916, 267.027 ],
                [ 373.7369, 278.3176 ],
                [ 275.1911, 259.1595 ],
                [ 277.8752, 246.777 ],
                [ 376.149, 265.8279 ]
            ]
        }
    ]
}