{
    "camera_data": {
        "location_worldframe": [
            -46.020023345947269,
            131.37025451660157,
            -37.29848098754883
        ],
        "quaternion_xyzw_worldframe": [
            0.43133413791656496,
            0.4711000323295593,
            -0.2841906249523163,
            0.7150184512138367
        ]
    },
    "objects": [
        {
            "class": "packet_cup",
            "visibility": 1.0,
            "location": [
                0.8634370565414429,
                -1.4234967231750489,
                145.982177734375
            ],
            "quaternion_xyzw": [
                -0.022151123732328416,
                0.8554753065109253,
                0.5160647630691528,
                -0.036720551550388339
            ],
            "pose_transform_permuted": [
                [ -0.9963217, 8.866191E-07, -0.08568988, 0 ],
                [ -0.07579985, 0.466373, 0.8813345, 0 ],
                [ 0.03996422, 0.8845881, -0.4646573, 0 ],
                [ 0.8634371, -1.423497, 145.9822, 1 ]
            ],
            "cuboid_centroid": [
                0.8634370565414429,
                -1.4234967231750489,
                145.982177734375
            ],
            "projected_cuboid_centroid": [
                327.0636291503906,
                228.3546142578125
            ],
            "bounding_box": {
                "top_left": [
                    310.09051513671877,
                    192.3277587890625
                ],
                "bottom_right": [
                    343.8882141113281,
                    264.128173828125
                ]
            },
            "cuboid": [
                [ 2.906914, -3.209583, 149.75 ],
                [ -0.5802081, -3.474878, 149.8899 ],
                [ -0.5802121, -5.806741, 145.4669 ],
                [ 2.906916, -5.541439, 145.3271 ],
                [ 2.307088, 2.959763, 146.4974 ],
                [ -1.180037, 2.69446, 146.6373 ],
                [ -1.18004, 0.3625944, 142.2143 ],
                [ 2.307085, 0.6279048, 142.0745 ]
            ],
            "projected_cuboid": [
                [ 343.1826, 214.4036 ],
                [ 315.3772, 212.3137 ],
                [ 315.2366, 192.3278 ],
                [ 343.8882, 194.462 ],
                [ 338.8075, 264.1282 ],
                [ 310.3894, 261.9445 ],
                [ 310.0905, 243.0449 ],
                [ 339.393, 245.2781 ]
            ]
        },
        {
            "class": "knife",
            "visibility": 0.8364889621734619,
            "location": [
                15.460586547851563,
                -13.023664474487305,
                154.4731903076172
            ],
            "quaternion_xyzw": [
                0.23423682153224946,
                0.0507970005273819,
                0.20498886704444886,
                -0.9489638805389404
            ],
            "pose_transform_permuted": [
                [ 0.9107984, 0.4128511, -0.0003771558, 0 ],
                [ -0.365257, 0.8062254, 0.4653902, 0 ],
                [ 0.1924409, -0.423739, 0.8851056, 0 ],
                [ 15.46059, -13.02366, 154.4732, 1 ]
            ],
            "cuboid_centroid": [
                15.460586547851563,
                -13.023664474487305,
                154.4731903076172
            ],
            "projected_cuboid_centroid": [
                439.5281982421875,
                139.31201171875
            ],
            "bounding_box": {
                "top_left": [
                    378.6380310058594,
                    109.4534912109375
                ],
                "bottom_right": [
                    499.81353759765627,
                    169.8265380859375
                ]
            },
            "cuboid": [
                [ 8.430968, -9.35039, 152.0869 ],
                [ 23.3744, -15.34317, 155.2442 ],
                [ 22.49051, -17.06922, 156.1514 ],
                [ 7.547085, -11.07647, 152.9941 ],
                [ 8.430668, -8.978098, 152.795 ],
                [ 23.37409, -14.97086, 155.9523 ],
                [ 22.49022, -16.6969, 156.8595 ],
                [ 7.546782, -10.70416, 153.7021 ]
            ],
            "projected_cuboid": [
                [ 386.2039, 166.5764 ],
                [ 499.8135, 121.9688 ],
                [ 492.0089, 109.4535 ],
                [ 378.9118, 153.5382 ],
                [ 385.8947, 169.8265 ],
                [ 498.9948, 125.3557 ],
                [ 491.2302, 112.8774 ],
                [ 378.638, 156.8293 ]
            ]
        }
    ]
}