{
    "camera_data": {
        "location_worldframe": [
            -51.58325958251953,
            203.4476318359375,
            35.62385940551758
        ],
        "quaternion_xyzw_worldframe": [
            0.38078486919403078,
            0.6010803580284119,
            -0.39292651414871218,
            0.5825066566467285
        ]
    },
    "objects": [
        {
            "class": "big_plates",
            "visibility": 1.0,
            "location": [
                0.5969367623329163,
                -0.5297906398773193,
                221.09585571289063
            ],
            "quaternion_xyzw": [
                0.3274068236351013,
                0.6706392765045166,
                0.4384016692638397,
                0.5008508563041687
            ],
            "pose_transform_permuted": [
                [ -0.2839061, -3.963709E-06, 0.9588519, 0 ],
                [ 0.8782915, 0.4012175, 0.2600548, 0 ],
                [ -0.3847091, 0.9159827, -0.1139045, 0 ],
                [ 0.5969368, -0.5297906, 221.0959, 1 ]
            ],
            "cuboid_centroid": [
                0.5969367623329163,
                -0.5297906398773193,
                221.09585571289063
            ],
            "projected_cuboid_centroid": [
                323.224365234375,
                237.1383056640625
            ],
            "bounding_box": {
                "top_left": [
                    263.7210693359375,
                    182.7125244140625
                ],
                "bottom_right": [
                    381.48272705078127,
                    293.407470703125
                ]
            },
            "cuboid": [
                [ -5.310499, -10.18796, 226.135 ],
                [ -10.27554, 5.171865, 219.4072 ],
                [ -10.27553, 4.577415, 218.05 ],
                [ -5.310496, -10.78241, 224.7779 ],
                [ 11.4694, -5.637022, 224.1417 ],
                [ 6.504363, 9.722806, 217.4138 ],
                [ 6.504369, 9.128365, 216.0567 ],
                [ 11.4694, -6.231463, 222.7846 ]
            ],
            "projected_cuboid": [
                [ 291.9544, 186.1957 ],
                [ 264.0692, 268.151 ],
                [ 263.7211, 265.0704 ],
                [ 291.7851, 182.7125 ],
                [ 381.1105, 209.9652 ],
                [ 355.7285, 293.4075 ],
                [ 355.953, 290.4572 ],
                [ 381.4827, 206.5957 ]
            ]
        }
    ]
}