{
    "camera_data": {
        "location_worldframe": [
            -4.099053382873535,
            178.4653778076172,
            -8.955085754394532
        ],
        "quaternion_xyzw_worldframe": [
            0.5820057392120361,
            -0.22122907638549806,
            0.16849488019943238,
            0.7641574144363403
        ]
    },
    "objects": [
        {
            "class": "mug",
            "visibility": 1.0,
            "location": [
                -0.6618505716323853,
                0.9511420130729675,
                180.2978057861328
            ],
            "quaternion_xyzw": [
                0.6562009453773499,
                -0.7425955533981323,
                0.10023320466279984,
                0.08891232311725617
            ],
            "pose_transform_permuted": [
                [ -0.1229897, -0.9924077, -0.0005055517, 0 ],
                [ -0.9567599, 0.1187072, -0.2655542, 0 ],
                [ 0.263598, -0.03217676, -0.9640957, 0 ],
                [ -0.6618506, 0.951142, 180.2978, 1 ]
            ],
            "cuboid_centroid": [
                -0.6618505716323853,
                0.9511420130729675,
                180.2978057861328
            ],
            "projected_cuboid_centroid": [
                315.61602783203127,
                246.3001708984375
            ],
            "bounding_box": {
                "top_left": [
                    285.9620666503906,
                    200.69775390625
                ],
                "bottom_right": [
                    345.50323486328127,
                    290.76611328125
                ]
            },
            "cuboid": [
                [ -3.699744, 7.760901, 182.5726 ],
                [ -5.062977, -2.843899, 185.4944 ],
                [ 2.380082, -3.734192, 185.7357 ],
                [ 3.743316, 6.870595, 182.814 ],
                [ -3.703786, 5.636462, 174.8599 ],
                [ -5.067019, -4.968333, 177.7816 ],
                [ 2.37604, -5.858626, 178.0229 ],
                [ 3.739271, 4.746161, 175.1012 ]
            ],
            "projected_cuboid": [
                [ 295.799, 290.7661 ],
                [ 287.4034, 221.6903 ],
                [ 335.3036, 215.9896 ],
                [ 344.4537, 284.8831 ],
                [ 294.7039, 278.4958 ],
                [ 285.9621, 206.625 ],
                [ 335.9395, 200.6978 ],
                [ 345.5032, 272.3706 ]
            ]
        },
        {
            "class": "water_glass",
            "visibility": 1.0,
            "location": [
                -0.9192909598350525,
                48.72975158691406,
                169.20738220214845
            ],
            "quaternion_xyzw": [
                0.6524680852890015,
                0.09135476499795914,
                -0.7019106149673462,
                0.270668089389801
            ],
            "pose_transform_permuted": [
                [ -0.002048433, 0.4991817, -0.866495, 0 ],
                [ -0.2607574, -0.8367863, -0.4814503, 0 ],
                [ -0.9654022, 0.2249588, 0.1318794, 0 ],
                [ -0.919291, 48.72975, 169.2074, 1 ]
            ],
            "cuboid_centroid": [
                -0.9192909598350525,
                48.72975158691406,
                169.20738220214845
            ],
            "projected_cuboid_centroid": [
                313.5116882324219,
                583.931884765625
            ],
            "bounding_box": {
                "top_left": [
                    292.07568359375,
                    560.7842407226563
                ],
                "bottom_right": [
                    334.66351318359377,
                    607.8046875
                ]
            },
            "cuboid": [
                [ 2.065749, 48.12198, 171.436 ],
                [ 2.057559, 47.07941, 167.5761 ],
                [ -0.4383509, 51.26334, 166.4513 ],
                [ -0.4301639, 52.3059, 170.3112 ],
                [ -1.400232, 46.19617, 171.9635 ],
                [ -1.408422, 45.15361, 168.1036 ],
                [ -3.904327, 49.33753, 166.9788 ],
                [ -3.896138, 50.38011, 170.8387 ]
            ],
            "projected_cuboid": [
                [ 334.3904, 575.2271 ],
                [ 334.6635, 575.5186 ],
                [ 316.8549, 607.8047 ],
                [ 316.9836, 606.7795 ],
                [ 310.2756, 560.8243 ],
                [ 309.9942, 560.7842 ],
                [ 292.0757, 592.8691 ],
                [ 292.7639, 592.1846 ]
            ]
        }
    ]
}