{
    "camera_data": {
        "location_worldframe": [
            17.337053298950197,
            44.85525894165039,
            35.388206481933597
        ],
        "quaternion_xyzw_worldframe": [
            -0.0658041462302208,
            0.9270591139793396,
            -0.3137158751487732,
            -0.1944572776556015
        ]
    },
    "objects": [
        {
            "class": "small_spoon",
            "visibility": 1.0,
            "location": [
                2.6698338985443117,
                1.0150905847549439,
                70.59674072265625
            ],
            "quaternion_xyzw": [
                -0.191033735871315,
                0.8750948309898377,
                -0.43455466628074648,
                -0.09421952068805695
            ],
            "pose_transform_permuted": [
                [ -0.9092574, -0.4162323, 0.001127169, 0 ],
                [ -0.2524582, 0.5493367, -0.7965513, 0 ],
                [ 0.3309312, -0.7245548, -0.6045697, 0 ],
                [ 2.669834, 1.015091, 70.59674, 1 ]
            ],
            "cuboid_centroid": [
                2.6698338985443117,
                1.0150905847549439,
                70.59674072265625
            ],
            "projected_cuboid_centroid": [
                365.16448974609377,
                257.171875
            ],
            "bounding_box": {
                "top_left": [
                    264.3487854003906,
                    209.834228515625
                ],
                "bottom_right": [
                    469.54962158203127,
                    307.954345703125
                ]
            },
            "cuboid": [
                [ 7.537846, 3.875994, 68.11824 ],
                [ -3.316417, 0.8622747, 72.06872 ],
                [ -2.199926, -0.6112539, 74.01225 ],
                [ 8.654336, 2.402461, 70.06177 ],
                [ 7.53959, 2.641441, 67.18123 ],
                [ -3.314671, -0.3722743, 71.13172 ],
                [ -2.198177, -1.845811, 73.07525 ],
                [ 8.656084, 1.167908, 69.12476 ]
            ],
            "projected_cuboid": [
                [ 452.1543, 307.9543 ],
                [ 265.0434, 254.2888 ],
                [ 284.5022, 230.1368 ],
                [ 467.5198, 280.9518 ],
                [ 454.0286, 286.9559 ],
                [ 264.3488, 233.7498 ],
                [ 284.0756, 209.8342 ],
                [ 469.5496, 260.1777 ]
            ]
        }
    ]
}