{
    "camera_data": {
        "location_worldframe": [
            17.86284065246582,
            69.89295196533203,
            64.62357330322266
        ],
        "quaternion_xyzw_worldframe": [
            0.0034574768505990507,
            0.915935218334198,
            -0.40123364329338076,
            0.007892720401287079
        ]
    },
    "objects": [
        {
            "class": "small_fork",
            "visibility": 1.0,
            "location": [
                2.2842729091644289,
                -2.387343645095825,
                96.07542419433594
            ],
            "quaternion_xyzw": [
                0.281048983335495,
                0.22816380858421327,
                0.5880268216133118,
                -0.7233097553253174
            ],
            "pose_transform_permuted": [
                [ 0.2043315, 0.9789015, 0.0004624724, 0 ],
                [ -0.7224007, 0.1504719, 0.6749038, 0 ],
                [ 0.6605949, -0.1382381, 0.7379055, 0 ],
                [ 2.284273, -2.387344, 96.07542, 1 ]
            ],
            "cuboid_centroid": [
                2.2842729091644289,
                -2.387343645095825,
                96.07542419433594
            ],
            "projected_cuboid_centroid": [
                348.3944396972656,
                210.3243408203125
            ],
            "bounding_box": {
                "top_left": [
                    273.83209228515627,
                    187.2342529296875
                ],
                "bottom_right": [
                    423.4710693359375,
                    233.939453125
                ]
            },
            "cuboid": [
                [ 7.889767, -1.145404, 94.27003 ],
                [ 8.275719, -2.50993, 95.5178 ],
                [ -3.321677, -4.292619, 97.15556 ],
                [ -3.707631, -2.928097, 95.90778 ],
                [ 7.890222, -0.4820758, 94.99528 ],
                [ 8.276177, -1.846594, 96.24306 ],
                [ -3.321223, -3.629276, 97.88081 ],
                [ -3.707175, -2.264766, 96.63303 ]
            ],
            "projected_cuboid": [
                [ 419.9512, 225.4895 ],
                [ 423.4711, 208.6184 ],
                [ 279.1693, 187.2343 ],
                [ 273.8321, 203.5389 ],
                [ 419.1938, 233.9395 ],
                [ 422.697, 217.0861 ],
                [ 279.4773, 195.7188 ],
                [ 274.1842, 212.0105 ]
            ]
        },
        {
            "class": "water_glass",
            "visibility": 0.0,
            "location": [
                46.66511917114258,
                -13.101682662963868,
                103.90648651123047
            ],
            "quaternion_xyzw": [
                -0.1829204559326172,
                0.313105046749115,
                0.8042585849761963,
                0.4708220958709717
            ],
            "pose_transform_permuted": [
                [ -0.4897333, -0.8718721, 0.0006028414, 0 ],
                [ 0.6427788, -0.3605835, 0.6758808, 0 ],
                [ -0.5890642, 0.3313889, 0.7370107, 0 ],
                [ 46.66512, -13.10168, 103.9065, 1 ]
            ],
            "cuboid_centroid": [
                46.66511917114258,
                -13.101682662963868,
                103.90648651123047
            ],
            "projected_cuboid_centroid": [
                856.3487548828125,
                89.4149169921875
            ],
            "bounding_box": {
                "top_left": [
                    814.7021484375,
                    49.7225341796875
                ],
                "bottom_right": [
                    898.906982421875,
                    129.515869140625
                ]
            },
            "cuboid": [
                [ 45.46328, -16.6399, 104.4385 ],
                [ 43.5052, -14.06991, 102.0833 ],
                [ 47.86457, -12.26699, 100.4264 ],
                [ 49.82264, -14.83697, 102.7816 ],
                [ 45.46569, -13.93637, 107.3866 ],
                [ 43.50762, -11.36639, 105.0314 ],
                [ 47.86697, -9.56347, 103.3744 ],
                [ 49.82505, -12.13346, 105.7297 ]
            ],
            "projected_cuboid": [
                [ 839.8732, 49.72253 ],
                [ 828.9603, 75.39844 ],
                [ 889.1986, 94.12268 ],
                [ 898.907, 67.60388 ],
                [ 825.6282, 85.01233 ],
                [ 814.7021, 110.7588 ],
                [ 872.9939, 129.5159 ],
                [ 882.7927, 102.948 ]
            ]
        },
        {
            "class": "knife",
            "visibility": 0.0,
            "location": [
                42.125728607177737,
                -6.3846435546875,
                99.88706970214844
            ],
            "quaternion_xyzw": [
                0.21028821170330048,
                0.29621613025665285,
                0.7626044750213623,
                -0.5352283716201782
            ],
            "pose_transform_permuted": [
                [ -0.3386191, 0.9409166, 0.00364691, 0 ],
                [ -0.6917536, -0.2515734, 0.6768959, 0 ],
                [ 0.63782, 0.2266871, 0.7360697, 0 ],
                [ 42.12573, -6.384644, 99.88707, 1 ]
            ],
            "cuboid_centroid": [
                42.125728607177737,
                -6.3846435546875,
                99.88706970214844
            ],
            "projected_cuboid_centroid": [
                823.6578979492188,
                163.664794921875
            ],
            "bounding_box": {
                "top_left": [
                    755.3884887695313,
                    96.787353515625
                ],
                "bottom_right": [
                    899.5537109375,
                    237.8587646484375
                ]
            },
            "cuboid": [
                [ 45.90932, -1.249917, 94.60297 ],
                [ 40.35364, -12.59949, 105.0677 ],
                [ 38.33921, -12.06089, 104.5823 ],
                [ 43.89491, -0.711316, 94.11765 ],
                [ 45.91225, -0.7084013, 95.19181 ],
                [ 40.35656, -12.05798, 105.6565 ],
                [ 38.34212, -11.51938, 105.1712 ],
                [ 43.89783, -0.1698044, 94.7065 ]
            ],
            "projected_cuboid": [
                [ 899.5537, 224.2212 ],
                [ 778.6815, 96.78735 ],
                [ 757.8066, 102.2732 ],
                [ 876.9813, 230.9741 ],
                [ 896.0053, 231.1125 ],
                [ 776.1581, 103.7063 ],
                [ 755.3885, 109.1934 ],
                [ 873.555, 237.8588 ]
            ]
        },
        {
            "class": "water_glass",
            "visibility": 0.0,
            "location": [
                47.82372283935547,
                16.945791244506837,
                76.19329833984375
            ],
            "quaternion_xyzw": [
                -0.6342165470123291,
                -0.659682035446167,
                -0.25275713205337527,
                0.3141699433326721
            ],
            "pose_transform_permuted": [
                [ 0.001866877, 0.99558, -0.09389901, 0 ],
                [ 0.6779451, 0.06776643, 0.7319822, 0 ],
                [ 0.73511, -0.06502485, -0.674822, 0 ],
                [ 47.82372, 16.94579, 76.1933, 1 ]
            ],
            "cuboid_centroid": [
                47.82372283935547,
                16.945791244506837,
                76.19329833984375
            ],
            "projected_cuboid_centroid": [
                1069.590576171875,
                505.60888671875
            ],
            "bounding_box": {
                "top_left": [
                    1006.7068481445313,
                    458.6419677734375
                ],
                "bottom_right": [
                    1137.5965576171875,
                    552.62841796875
                ]
            },