{
    "camera_data": {
        "location_worldframe": [
            47.836036682128909,
            147.28750610351563,
            40.80139923095703
        ],
        "quaternion_xyzw_worldframe": [
            -0.18949754536151887,
            0.7686333060264587,
            -0.5507808923721314,
            -0.2644502520561218
        ]
    },
    "objects": [
        {
            "class": "packet_cup",
            "visibility": 1.0,
            "location": [
                1.4070146083831788,
                0.015195593237876892,
                152.4756622314453
            ],
            "quaternion_xyzw": [
                0.26097890734672549,
                0.7266865372657776,
                0.520714282989502,
                0.36424341797828677
            ],
            "pose_transform_permuted": [
                [ -0.5984334, -3.376603E-05, 0.8011725, 0 ],
                [ 0.7586333, 0.3214933, 0.5666724, 0 ],
                [ -0.2575907, 0.9469118, -0.1923666, 0 ],
                [ 1.407015, 0.01519559, 152.4757, 1 ]
            ],
            "cuboid_centroid": [
                1.4070146083831788,
                0.015195593237876892,
                152.4756622314453
            ],
            "projected_cuboid_centroid": [
                331.0203552246094,
                240.1190185546875
            ],
            "bounding_box": {
                "top_left": [
                    300.5823059082031,
                    207.626953125
                ],
                "bottom_right": [
                    361.898193359375,
                    272.08544921875
                ]
            },
            "cuboid": [
                [ -0.349914, -2.492036, 155.967 ],
                [ -2.444432, 0.1631906, 155.0654 ],
                [ -2.444264, -1.444282, 150.3309 ],
                [ -0.3497479, -4.099501, 151.2325 ],
                [ 5.258295, 1.474681, 154.6205 ],
                [ 3.163774, 4.129882, 153.7189 ],
                [ 3.163944, 2.522424, 148.9843 ],
                [ 5.258459, -0.1327965, 149.8859 ]
            ],
            "projected_cuboid": [
                [ 317.3207, 220.9182 ],
                [ 301.1739, 241.2568 ],
                [ 300.5823, 228.5264 ],
                [ 317.2381, 207.627 ],
                [ 360.614, 251.3901 ],
                [ 344.5797, 272.0854 ],
                [ 345.3621, 260.2197 ],
                [ 361.8982, 238.9419 ]
            ]
        },
        {
            "class": "big_spoon",
            "visibility": 1.0,
            "location": [
                -29.092241287231447,
                -13.228869438171387,
                158.57933044433595
            ],
            "quaternion_xyzw": [
                -0.8120182156562805,
                0.5598711371421814,
                -0.09428051114082337,
                -0.13521023094654084
            ],
            "pose_transform_permuted": [
                [ 0.355311, -0.9347465, 0.001714379, 0 ],
                [ -0.8837557, -0.3365248, -0.3251562, 0 ],
                [ 0.3045156, 0.1140165, -0.9456586, 0 ],
                [ -29.09224, -13.22887, 158.5793, 1 ]
            ],
            "cuboid_centroid": [
                -29.092241287231447,
                -13.228869438171387,
                158.57933044433595
            ],
            "projected_cuboid_centroid": [
                100.90719604492188,
                140.373779296875
            ],
            "bounding_box": {
                "top_left": [
                    64.32191467285156,
                    85.6025390625
                ],
                "bottom_right": [
                    136.1353302001953,
                    196.22412109375
                ]
            },
            "cuboid": [
                [ -33.31195, -6.884432, 157.4146 ],
                [ -28.01003, -20.07174, 161.9585 ],
                [ -24.87586, -18.94338, 161.5762 ],
                [ -30.17778, -5.756073, 157.0323 ],
                [ -33.30862, -7.514369, 155.5825 ],
                [ -28.00671, -20.70168, 160.1264 ],
                [ -24.87254, -19.57333, 159.7441 ],
                [ -30.17446, -6.386015, 155.2002 ]
            ],
            "projected_cuboid": [
                [ 67.2724, 187.7699 ],
                [ 113.4585, 91.99414 ],
                [ 136.1353, 99.98401 ],
                [ 90.49303, 196.2241 ],
                [ 64.32191, 182.3195 ],
                [ 111.1201, 85.60254 ],
                [ 134.0515, 93.6687 ],
                [ 87.80933, 190.86 ]
            ]
        },
        {
            "class": "big_spoon",
            "visibility": 0.0,
            "location": [
                25.671049118041993,
                -46.12158203125,
                169.7343292236328
            ],
            "quaternion_xyzw": [
                0.18552733957767487,
                -0.9689788222312927,
                0.16011124849319459,
                0.031998082995414737
            ],
            "pose_transform_permuted": [
                [ -0.9291111, -0.3697906, -0.002600901, 0 ],
                [ -0.3492976, 0.879888, -0.3221619, 0 ],
                [ 0.121421, -0.2984158, -0.9466807, 0 ],
                [ 25.67105, -46.12158, 169.7343, 1 ]
            ],
            "cuboid_centroid": [
                25.671049118041993,
                -46.12158203125,
                169.7343292236328
            ],
            "projected_cuboid_centroid": [
                500.622314453125,
                -84.512939453125
            ],
            "bounding_box": {
                "top_left": [
                    446.51806640625,
                    -114.40283203125
                ],
                "bottom_right": [
                    555.576416015625,
                    -54.450439453125
                ]
            },
            "cuboid": [
                [ 31.98567, -41.72831, 169.2451 ],
                [ 18.12156, -46.9405, 171.0569 ],
                [ 19.36147, -49.89073, 172.0576 ],
                [ 33.22556, -44.67855, 170.2457 ],
                [ 31.98063, -42.35246, 167.4111 ],
                [ 18.11653, -47.56461, 169.2229 ],
                [ 19.35642, -50.51485, 170.2235 ],
                [ 33.22052, -45.30268, 168.4117 ]
            ],
            "projected_cuboid": [
                [ 545.7027, -54.45044 ],
                [ 446.5181, -87.72119 ],
                [ 454.3885, -106.293 ],
                [ 553.0739, -73.41553 ],
                [ 548.1394, -62.12866 ],
                [ 447.8537, -95.67761 ],
                [ 455.8011, -114.4028 ],
                [ 555.5764, -81.25452 ]
            ]
        },
        {
            "class": "bowl",
            "visibility": 1.0,
            "location": [
                10.773700714111329,
                29.267242431640626,
                142.9429931640625
            ],
            "quaternion_xyzw": [
                -0.8118874430656433,
                -0.028131209313869478,
                0.03974846750497818,
                0.5817795395851135
            ],
            "pose_transform_permuted": [
                [ 0.9952574, -0.0005709417, -0.09727488, 0 ],
                [ 0.09192844, -0.3214823, 0.9424427, 0 ],
                [ -0.03181024, -0.9469154, -0.3199052, 0 ],
                [ 10.7737, 29.26724, 142.943, 1 ]
            ],
            "cuboid_centroid": [
                10.773700714111329,
                29.267242431640626,
                142.9429931640625
            ],
            "projected_cuboid_centroid": [
                410.0118408203125,
                484.52117919921877
            ],
            "bounding_box": {
                "top_left": [
                    352.9407043457031,
                    424.58599853515627
                ],
                "bottom_right": [
                    467.2528381347656,
                    544.6116943359375
                ]
            },