{
    "camera_data": {
        "location_worldframe": [
            46.466678619384769,
            149.44802856445313,
            48.98229217529297
        ],
        "quaternion_xyzw_worldframe": [
            -0.23765233159065247,
            0.7622614502906799,
            -0.4322367310523987,
            -0.41910651326179507
        ]
    },
    "objects": [
        {
            "class": "small_fork",
            "visibility": 1.0,
            "location": [
                0.3598525822162628,
                -1.7719587087631226,
                173.64324951171876
            ],
            "quaternion_xyzw": [
                0.2514610290527344,
                -0.6963019371032715,
                0.12351822853088379,
                -0.6608132719993591
            ],
            "pose_transform_permuted": [
                [ -0.0001863055, -0.1869406, 0.9823712, 0 ],
                [ -0.5134306, 0.8430212, 0.1603256, 0 ],
                [ -0.8581311, -0.5043495, -0.0961381, 0 ],
                [ 0.3598526, -1.771959, 173.6432, 1 ]
            ],
            "cuboid_centroid": [
                0.3598525822162628,
                -1.7719587087631226,
                173.64324951171876
            ],
            "projected_cuboid_centroid": [
                322.4749450683594,
                227.8131103515625
            ],
            "bounding_box": {
                "top_left": [
                    311.3504638671875,
                    190.228271484375
                ],
                "bottom_right": [
                    333.2476806640625,
                    266.373291015625
                ]
            },
            "cuboid": [
                [ -1.230112, 3.627931, 171.5133 ],
                [ -1.230466, 2.658132, 169.8924 ],
                [ 0.9842882, -7.329446, 175.8676 ],
                [ 0.9846405, -6.359644, 177.4885 ],
                [ -0.26458, 3.785519, 171.4188 ],
                [ -0.2649311, 2.81572, 169.7979 ],
                [ 1.949821, -7.171855, 175.7731 ],
                [ 1.950174, -6.20206, 177.394 ]
            ],
            "projected_cuboid": [
                [ 311.4347, 265.2615 ],
                [ 311.3505, 258.6853 ],
                [ 326.684, 190.2283 ],
                [ 326.6253, 197.2083 ],
                [ 318.1567, 266.3733 ],
                [ 318.1366, 259.8041 ],
                [ 333.2477, 191.2722 ],
                [ 333.129, 198.2463 ]
            ]
        }
    ]
}