{
    "camera_data": {
        "location_worldframe": [
            21.52220344543457,
            234.08876037597657,
            39.52490234375
        ],
        "quaternion_xyzw_worldframe": [
            -0.24258720874786378,
            0.7336583733558655,
            -0.5438933372497559,
            -0.3272261917591095
        ]
    },
    "objects": [
        {
            "class": "water_glass",
            "visibility": 1.0,
            "location": [
                -1.2991834878921509,
                -2.745398759841919,
                242.9771728515625
            ],
            "quaternion_xyzw": [
                0.2899168133735657,
                -0.9457061886787415,
                0.140475332736969,
                0.04306662082672119
            ],
            "pose_transform_permuted": [
                [ -0.828187, -0.5604519, -4.418194E-06, 0 ],
                [ -0.5362526, 0.7924299, -0.2906683, 0 ],
                [ 0.1629091, -0.2407253, -0.9568239, 0 ],
                [ -1.299183, -2.745399, 242.9772, 1 ]
            ],
            "cuboid_centroid": [
                -1.2991834878921509,
                -2.745398759841919,
                242.9771728515625
            ],
            "projected_cuboid_centroid": [
                313.6143798828125,
                226.506103515625
            ],
            "bounding_box": {
                "top_left": [
                    298.3952941894531,
                    208.5146484375
                ],
                "bottom_right": [
                    328.69732666015627,
                    244.35205078125
                ]
            },
            "cuboid": [
                [ -1.044656, 0.8890381, 243.9633 ],
                [ -4.35595, -1.255032, 244.6147 ],
                [ -1.55369, -5.217175, 245.8183 ],
                [ 1.757603, -3.073111, 245.1669 ],
                [ -1.044675, -0.2736331, 240.136 ],
                [ -4.355968, -2.417704, 240.7874 ],
                [ -1.553709, -6.379848, 241.991 ],
                [ 1.757586, -4.235788, 241.3396 ]
            ],
            "projected_cuboid": [
                [ 314.8862, 244.3521 ],
                [ 298.7334, 233.8727 ],
                [ 312.4517, 214.6534 ],
                [ 328.5616, 225.0303 ],
                [ 314.8046, 238.6392 ],
                [ 298.3953, 228.0087 ],
                [ 312.3322, 208.5146 ],
                [ 328.6973, 219.0394 ]
            ]
        },
        {
            "class": "bowl",
            "visibility": 1.0,
            "location": [
                -37.69743728637695,
                5.120666980743408,
                240.4580535888672
            ],
            "quaternion_xyzw": [
                0.5953465104103088,
                -0.021276403218507768,
                -0.015937000513076783,
                0.8030291795730591
            ],
            "pose_transform_permuted": [
                [ 0.9985867, 0.0002620872, -0.05314722, 0 ],
                [ -0.05092942, 0.2906171, -0.9554831, 0 ],
                [ 0.01519507, 0.9568394, 0.2902197, 0 ],
                [ -37.69744, 5.120667, 240.4581, 1 ]
            ],
            "cuboid_centroid": [
                -37.69743728637695,
                5.120666980743408,
                240.4580535888672
            ],
            "projected_cuboid_centroid": [
                132.7723388671875,
                265.4322509765625
            ],
            "bounding_box": {
                "top_left": [
                    99.82107543945313,
                    231.1339111328125
                ],
                "bottom_right": [
                    165.61509704589845,
                    299.6947021484375
                ]
            },
            "cuboid": [
                [ -43.60428, 12.02552, 240.5833 ],
                [ -31.12544, 11.38908, 240.7732 ],
                [ -31.12655, 10.15395, 236.7066 ],
                [ -43.60538, 10.79039, 236.5168 ],
                [ -44.26831, 0.08736708, 244.2094 ],
                [ -31.78948, -0.5490839, 244.3994 ],
                [ -31.79059, -1.784215, 240.3328 ],
                [ -44.26943, -1.147773, 240.1429 ]
            ],
            "projected_cuboid": [
                [ 103.5482, 299.6947 ],
                [ 165.6151, 296.4908 ],
                [ 162.9572, 291.2297 ],
                [ 99.82108, 294.4845 ],
                [ 103.5149, 240.4272 ],
                [ 164.6609, 237.3169 ],
                [ 162.0269, 231.1339 ],
                [ 99.84338, 234.292 ]
            ]
        }
    ]
}