{
    "camera_data": {
        "location_worldframe": [
            -9.504180908203125,
            191.31216430664063,
            44.56759262084961
        ],
        "quaternion_xyzw_worldframe": [
            -0.11436431854963303,
            0.7862109541893005,
            -0.587695300579071,
            -0.1529950648546219
        ]
    },
    "objects": [
        {
            "class": "water_glass",
            "visibility": 1.0,
            "location": [
                0.35009709000587466,
                -3.5137577056884767,
                198.00535583496095
            ],
            "quaternion_xyzw": [
                0.49589720368385317,
                -0.8565247058868408,
                0.12376184016466141,
                0.0716545358300209
            ],
            "pose_transform_permuted": [
                [ -0.4979032, -0.8672326, -1.460314E-06, 0 ],
                [ -0.8317602, 0.4775379, -0.2830767, 0 ],
                [ 0.2454941, -0.1409436, -0.9590973, 0 ],
                [ 0.3500971, -3.513758, 198.0054, 1 ]
            ],
            "cuboid_centroid": [
                0.35009709000587466,
                -3.5137577056884767,
                198.00535583496095
            ],
            "projected_cuboid_centroid": [
                322.111572265625,
                218.8070068359375
            ],
            "bounding_box": {
                "top_left": [
                    302.87750244140627,
                    197.934326171875
                ],
                "bottom_right": [
                    341.41412353515627,
                    239.4542236328125
                ]
            },
            "cuboid": [
                [ -0.8226141, -0.09097868, 199.0804 ],
                [ -2.813348, -3.416554, 200.062 ],
                [ 1.522813, -5.804235, 200.7667 ],
                [ 3.51355, -2.478651, 199.7851 ],
                [ -0.8226243, -1.223272, 195.244 ],
                [ -2.813359, -4.548851, 196.2256 ],
                [ 1.522807, -6.936539, 196.9303 ],
                [ 3.513541, -3.610973, 195.9487 ]
            ],
            "projected_cuboid": [
                [ 315.0652, 239.4542 ],
                [ 303.2059, 219.6051 ],
                [ 329.0584, 205.4736 ],
                [ 341.003, 225.1833 ],
                [ 314.9682, 232.5176 ],
                [ 302.8775, 212.3151 ],
                [ 329.2349, 197.9343 ],
                [ 341.4141, 217.9921 ]
            ]
        },
        {
            "class": "bowl",
            "visibility": 1.0,
            "location": [
                -35.97708511352539,
                -11.764317512512207,
                200.31118774414063
            ],
            "quaternion_xyzw": [
                -0.5866868495941162,
                -0.15979966521263123,
                -0.11928488314151764,
                -0.784878134727478
            ],
            "pose_transform_permuted": [
                [ 0.9204704, 0.0002565235, 0.3908123, 0 ],
                [ 0.3747529, 0.2831393, -0.882832, 0 ],
                [ -0.1108808, 0.9590787, 0.2605252, 0 ],
                [ -35.97709, -11.76432, 200.3112, 1 ]
            ],
            "cuboid_centroid": [
                -35.97708511352539,
                -11.764317512512207,
                200.31118774414063
            ],
            "projected_cuboid_centroid": [
                105.50444030761719,
                169.861083984375
            ],
            "bounding_box": {
                "top_left": [
                    52.68852233886719,
                    119.6014404296875
                ],
                "bottom_right": [
                    156.77560424804688,
                    220.262451171875
                ]
            },
            "cuboid": [
                [ -44.16934, -7.988992, 201.4145 ],
                [ -32.66669, -3.305888, 200.0289 ],
                [ -32.66778, -4.509235, 195.9528 ],
                [ -44.17043, -9.192337, 197.3384 ],
                [ -39.28639, -19.01943, 204.6696 ],
                [ -27.78374, -14.33632, 203.284 ],
                [ -27.78482, -15.53966, 199.2079 ],
                [ -39.28748, -20.22277, 200.5935 ]
            ],
            "projected_cuboid": [
                [ 58.10467, 192.6305 ],
                [ 124.9661, 220.2625 ],
                [ 120.9025, 212.5179 ],
                [ 52.68852, 184.3696 ],
                [ 90.76216, 129.0208 ],
                [ 156.7756, 155.7767 ],
                [ 153.4293, 146.8394 ],
                [ 86.0975, 119.6014 ]
            ]
        }
    ]
}