{
    "camera_data": {
        "location_worldframe": [
            -30.73139762878418,
            110.0112533569336,
            -20.856361389160158
        ],
        "quaternion_xyzw_worldframe": [
            0.4852158725261688,
            0.4606286883354187,
            -0.3375389873981476,
            0.662158727645874
        ]
    },
    "objects": [
        {
            "class": "knife",
            "visibility": 1.0,
            "location": [
                -3.414022207260132,
                -0.5642525553703308,
                114.71174621582031
            ],
            "quaternion_xyzw": [
                -0.03520205616950989,
                0.14821921288967133,
                0.9617649912834168,
                0.2275959998369217
            ],
            "pose_transform_permuted": [
                [ -0.8939217, -0.448223, -0.0002440065, 0 ],
                [ 0.4273525, -0.8524622, 0.3011278, 0 ],
                [ -0.1351804, 0.2690804, 0.9535838, 0 ],
                [ -3.414022, -0.5642526, 114.7117, 1 ]
            ],
            "cuboid_centroid": [
                -3.414022207260132,
                -0.5642525553703308,
                114.71174621582031
            ],
            "projected_cuboid_centroid": [
                284.45684814453127,
                234.1256103515625
            ],
            "bounding_box": {
                "top_left": [
                    201.87841796875,
                    187.339111328125
                ],
                "bottom_right": [
                    365.62451171875,
                    281.7479248046875
                ]
            },
            "cuboid": [
                [ 3.439543, -5.10301, 115.7273 ],
                [ -11.227, 1.908545, 113.5094 ],
                [ -10.26739, 3.733604, 112.9333 ],
                [ 4.399155, -3.277956, 115.1512 ],
                [ 3.439347, -4.86211, 116.4902 ],
                [ -11.22719, 2.149452, 114.2723 ],
                [ -10.26758, 3.974506, 113.6962 ],
                [ 4.398955, -3.037047, 115.9141 ]
            ],
            "projected_cuboid": [
                [ 355.4946, 187.3391 ],
                [ 201.8784, 260.0802 ],
                [ 211.4236, 279.4824 ],
                [ 365.6245, 206.0037 ],
                [ 355.2602, 190.1537 ],
                [ 202.6649, 262.4639 ],
                [ 212.1501, 281.7479 ],
                [ 365.3222, 208.7095 ]
            ]
        },
        {
            "class": "knife",
            "visibility": 0.0,
            "location": [
                25.528182983398439,
                -2.730897903442383,
                115.41654205322266
            ],
            "quaternion_xyzw": [
                0.9191305637359619,
                0.36366549134254458,
                -0.05767408013343811,
                0.14007166028022767
            ],
            "pose_transform_permuted": [
                [ 0.7288422, 0.6846692, -0.004141562, 0 ],
                [ 0.6523551, -0.6962546, -0.2994364, 0 ],
                [ -0.2078985, 0.2155401, -0.9541072, 0 ],
                [ 25.52818, -2.730898, 115.4165, 1 ]
            ],
            "cuboid_centroid": [
                25.528182983398439,
                -2.730897903442383,
                115.41654205322266
            ],
            "projected_cuboid_centroid": [
                584.1492309570313,
                211.742431640625
            ],
            "bounding_box": {
                "top_left": [
                    511.633056640625,
                    148.6468505859375
                ],
                "bottom_right": [
                    659.0362548828125,
                    276.56103515625
                ]
            },
            "cuboid": [
                [ 20.28371, -8.708016, 117.7344 ],
                [ 32.24178, 1.995149, 114.3234 ],
                [ 30.77597, 3.485778, 113.862 ],
                [ 18.81788, -7.217395, 117.2729 ],
                [ 20.28039, -8.94756, 116.9711 ],
                [ 32.23848, 1.755598, 113.5601 ],
                [ 30.77265, 3.246231, 113.0987 ],
                [ 18.81457, -7.456935, 116.5097 ]
            ],
            "projected_cuboid": [
                [ 525.7508, 151.6689 ],
                [ 656.8073, 260.8419 ],
                [ 642.7979, 276.561 ],
                [ 511.6331, 166.5012 ],
                [ 527.0596, 148.6469 ],
                [ 659.0363, 258.4628 ],
                [ 644.9413, 274.2783 ],
                [ 512.8546, 163.5643 ]
            ]
        }
    ]
}