{
    "camera_data": {
        "location_worldframe": [
            16.940868377685548,
            160.81385803222657,
            -32.23183822631836
        ],
        "quaternion_xyzw_worldframe": [
            0.6066152453422546,
            -0.21327915787696839,
            0.17344002425670625,
            0.7459547519683838
        ]
    },
    "objects": [
        {
            "class": "knife",
            "visibility": 1.0,
            "location": [
                0.6150919198989868,
                2.1095523834228517,
                163.0083770751953
            ],
            "quaternion_xyzw": [
                0.06234603747725487,
                0.08119668066501618,
                0.7895565629005432,
                -0.6050789952278137
            ],
            "pose_transform_permuted": [
                [ -0.2599849, 0.9656128, 0.0001906306, 0 ],
                [ -0.9453636, -0.2545732, 0.2036673, 0 ],
                [ 0.1967123, 0.05277018, 0.9790401, 0 ],
                [ 0.6150919, 2.109552, 163.0084, 1 ]
            ],
            "cuboid_centroid": [
                0.6150919198989868,
                2.1095523834228517,
                163.0083770751953
            ],
            "projected_cuboid_centroid": [
                324.5063781738281,
                255.455322265625
            ],
            "bounding_box": {
                "top_left": [
                    301.4401550292969,
                    196.38623046875
                ],
                "bottom_right": [
                    348.0394287109375,
                    315.458251953125
                ]
            },
            "cuboid": [
                [ 3.781449, 9.510835, 161.0595 ],
                [ -0.484115, -5.999697, 164.287 ],
                [ -2.551415, -5.454688, 164.174 ],
                [ 1.714145, 10.05587, 160.9466 ],
                [ 3.781599, 9.673777, 161.8428 ],
                [ -0.4839607, -5.836763, 165.0702 ],
                [ -2.551263, -5.291748, 164.9572 ],
                [ 1.714299, 10.21878, 161.7298 ]
            ],
            "projected_cuboid": [
                [ 348.0394, 310.5228 ],
                [ 316.4808, 196.3862 ],
                [ 301.4402, 200.3208 ],
                [ 332.7193, 314.6166 ],
                [ 347.9048, 311.3839 ],
                [ 316.4986, 197.772 ],
                [ 301.5294, 201.6888 ],
                [ 332.6588, 315.4583 ]
            ]
        },
        {
            "class": "knife",
            "visibility": 1.0,
            "location": [
                -2.952939033508301,
                30.31999969482422,
                157.15338134765626
            ],
            "quaternion_xyzw": [
                0.3010006844997406,
                0.9478604197502136,
                -0.0999339148402214,
                0.031182700768113138
            ],
            "pose_transform_permuted": [
                [ -0.8168523, 0.5768457, -0.001046658, 0 ],
                [ 0.5643808, 0.7988236, -0.2082188, 0 ],
                [ -0.119274, -0.1706748, -0.9780815, 0 ],
                [ -2.952939, 30.32, 157.1534, 1 ]
            ],
            "cuboid_centroid": [
                -2.952939033508301,
                30.31999969482422,
                157.15338134765626
            ],
            "projected_cuboid_centroid": [
                297.5597229003906,
                470.410888671875
            ],
            "bounding_box": {
                "top_left": [
                    241.3468017578125,
                    427.17877197265627
                ],
                "bottom_right": [
                    353.0870361328125,
                    514.1683959960938
                ]
            },
            "cuboid": [
                [ 4.366005, 26.62851, 158.3404 ],
                [ -9.036061, 35.88828, 156.3834 ],
                [ -10.27104, 34.17806, 156.7488 ],
                [ 3.13102, 24.91829, 158.7058 ],
                [ 4.365165, 26.46194, 157.5579 ],
                [ -9.036899, 35.72171, 155.601 ],
                [ -10.27188, 34.01148, 155.9664 ],
                [ 3.130186, 24.75171, 157.9233 ]
            ],
            "projected_cuboid": [
                [ 352.9299, 440.8412 ],
                [ 250.9941, 514.0687 ],
                [ 241.7458, 500.3998 ],
                [ 343.5608, 427.5094 ],
                [ 353.087, 440.576 ],
                [ 250.6407, 514.1684 ],
                [ 241.3468, 500.4307 ],
                [ 343.6713, 427.1788 ]
            ]
        }
    ]
}