{
    "camera_data": {
        "location_worldframe": [
            4.977357387542725,
            89.8639144897461,
            -24.638656616210939
        ],
        "quaternion_xyzw_worldframe": [
            -0.3367902636528015,
            0.6584673523902893,
            -0.5220619440078735,
            -0.4247874915599823
        ]
    },
    "objects": [
        {
            "class": "small_fork",
            "visibility": 1.0,
            "location": [
                -3.261106014251709,
                2.003697156906128,
                90.9113998413086
            ],
            "quaternion_xyzw": [
                0.09972094744443894,
                0.05671216547489166,
                0.49136683344841006,
                -0.8633643984794617
            ],
            "pose_transform_permuted": [
                [ 0.5106847, 0.859768, 7.260591E-05, 0 ],
                [ -0.8371465, 0.4972287, 0.227924, 0 ],
                [ 0.1959257, -0.1164581, 0.9736789, 0 ],
                [ -3.261106, 2.003697, 90.9114, 1 ]
            ],
            "cuboid_centroid": [
                -3.261106014251709,
                2.003697156906128,
                90.9113998413086
            ],
            "projected_cuboid_centroid": [
                277.1605224609375,
                266.321533203125
            ],
            "bounding_box": {
                "top_left": [
                    203.953857421875,
                    215.8768310546875
                ],
                "bottom_right": [
                    350.7322998046875,
                    317.208251953125
                ]
            },
            "cuboid": [
                [ 1.349545, 5.627747, 89.55801 ],
                [ 2.314158, 4.046492, 89.92809 ],
                [ -7.871822, -1.844356, 91.3078 ],
                [ -8.836439, -0.2630993, 90.93773 ],
                [ 1.34961, 5.851763, 90.515 ],
                [ 2.314228, 4.270508, 90.88508 ],
                [ -7.87175, -1.620343, 92.26479 ],
                [ -8.836366, -0.03908504, 91.89471 ]
            ],
            "projected_cuboid": [
                [ 337.9962, 315.046 ],
                [ 350.7323, 293.7379 ],
                [ 217.0409, 215.8768 ],
                [ 203.9539, 236.5448 ],
                [ 337.8068, 317.2083 ],
                [ 350.4096, 296.1157 ],
                [ 218.1097, 219.0266 ],
                [ 205.1633, 239.4921 ]
            ]
        }
    ]
}