{
    "camera_data": {
        "location_worldframe": [
            65.09368133544922,
            241.86398315429688,
            -35.0533561706543
        ],
        "quaternion_xyzw_worldframe": [
            0.48565179109573367,
            -0.43119412660598757,
            0.2996373474597931,
            0.6988787055015564
        ]
    },
    "objects": [
        {
            "class": "knife",
            "visibility": 1.0,
            "location": [
                -3.106757164001465,
                -1.3882511854171754,
                257.73223876953127
            ],
            "quaternion_xyzw": [
                0.9073364734649658,
                0.3816232979297638,
                -0.06957659870386124,
                0.16205963492393495
            ],
            "pose_transform_permuted": [
                [ 0.6990455, 0.7150726, -0.002567314, 0 ],
                [ 0.6699703, -0.6562008, -0.3471893, 0 ],
                [ -0.2499502, 0.2409811, -0.9377916, 0 ],
                [ -3.106757, -1.388251, 257.7322, 1 ]
            ],
            "cuboid_centroid": [
                -3.106757164001465,
                -1.3882511854171754,
                257.73223876953127
            ],
            "projected_cuboid_centroid": [
                305.60418701171877,
                233.5672607421875
            ],
            "bounding_box": {
                "top_left": [
                    275.7235412597656,
                    204.4681396484375
                ],
                "bottom_right": [
                    335.8521728515625,
                    263.106201171875
                ]
            },
            "cuboid": [
                [ -8.074877, -7.447896, 260.4158 ],
                [ 3.394331, 3.544265, 256.3149 ],
                [ 1.863418, 4.949142, 255.7989 ],
                [ -9.605791, -6.04302, 259.8999 ],
                [ -8.076928, -7.725648, 259.6656 ],
                [ 3.392281, 3.26653, 255.5646 ],
                [ 1.861367, 4.671398, 255.0487 ],
                [ -9.607847, -6.32077, 259.1497 ]
            ],
            "projected_cuboid": [
                [ 282.9689, 205.8442 ],
                [ 335.8153, 256.5139 ],
                [ 328.6998, 263.1062 ],
                [ 275.8608, 212.2319 ],
                [ 282.8525, 204.4681 ],
                [ 335.8522, 255.2645 ],
                [ 328.7158, 261.8737 ],
                [ 275.7235, 210.8716 ]
            ]
        }
    ]
}