{
    "camera_data": {
        "location_worldframe": [
            -36.59151077270508,
            236.023193359375,
            -2.172189950942993
        ],
        "quaternion_xyzw_worldframe": [
            0.2974177896976471,
            0.7016651034355164,
            -0.4787335991859436,
            0.43591612577438357
        ]
    },
    "objects": [
        {
            "class": "small_spoon",
            "visibility": 1.0,
            "location": [
                2.198829412460327,
                2.5709388256073,
                251.21751403808595
            ],
            "quaternion_xyzw": [
                0.15942807495594026,
                0.09535448998212815,
                0.5097527503967285,
                -0.8400252461433411
            ],
            "pose_transform_permuted": [
                [ 0.4621193, 0.8868148, 0.002337441, 0 ],
                [ -0.826006, 0.4294696, 0.3650616, 0 ],
                [ 0.3227382, -0.1706328, 0.9309804, 0 ],
                [ 2.198829, 2.570939, 251.2175, 1 ]
            ],
            "cuboid_centroid": [
                2.198829412460327,
                2.5709388256073,
                251.21751403808595
            ],
            "projected_cuboid_centroid": [
                330.45294189453127,
                252.221923828125
            ],
            "bounding_box": {
                "top_left": [
                    311.59674072265627,
                    224.7880859375
                ],
                "bottom_right": [
                    349.09796142578127,
                    279.9708251953125
                ]
            },
            "cuboid": [
                [ 0.628136, 7.79427, 248.3409 ],
                [ 6.144681, -2.06617, 252.1936 ],
                [ 3.765908, -3.218162, 252.6513 ],
                [ -1.750646, 6.642276, 248.7986 ],
                [ 0.6317457, 8.360067, 249.7838 ],
                [ 6.148304, -1.500378, 253.6365 ],
                [ 3.769527, -2.652375, 254.0942 ],
                [ -1.747023, 7.208069, 250.2415 ]
            ],
            "projected_cuboid": [
                [ 323.0207, 277.4822 ],
                [ 349.098, 230.2157 ],
                [ 337.8011, 224.7881 ],
                [ 311.5967, 271.8835 ],
                [ 323.0205, 279.9708 ],
                [ 348.9495, 232.9354 ],
                [ 337.717, 227.5337 ],
                [ 311.6625, 274.3999 ]
            ]
        }
    ]
}