{
    "camera_data": {
        "location_worldframe": [
            61.277706146240237,
            224.2493896484375,
            -68.37091827392578
        ],
        "quaternion_xyzw_worldframe": [
            0.6308615207672119,
            -0.21570445597171784,
            0.18873296678066255,
            0.7210168242454529
        ]
    },
    "objects": [
        {
            "class": "small_spoon",
            "visibility": 1.0,
            "location": [
                -2.1904032230377199,
                -1.0939534902572632,
                225.2170867919922
            ],
            "quaternion_xyzw": [
                -0.04928342252969742,
                0.045357611030340198,
                0.6877009868621826,
                0.7228977680206299
            ],
            "pose_transform_permuted": [
                [ 0.0500201, -0.9987458, -0.002206683, 0 ],
                [ 0.9898043, 0.04927702, 0.1336387, 0 ],
                [ -0.1333624, -0.008868806, 0.9910277, 0 ],
                [ -2.190403, -1.093953, 225.2171, 1 ]
            ],
            "cuboid_centroid": [
                -2.1904032230377199,
                -1.0939534902572632,
                225.2170867919922
            ],
            "projected_cuboid_centroid": [
                308.3849792480469,
                234.1990966796875
            ],
            "bounding_box": {
                "top_left": [
                    299.7093505859375,
                    201.978515625
                ],
                "bottom_right": [
                    317.0618896484375,
                    266.43115234375
                ]
            },
            "cuboid": [
                [ -3.826755, -7.03933, 225.2332 ],
                [ -3.229637, 4.776467, 223.6412 ],
                [ -0.5506195, 4.644286, 223.665 ],
                [ -1.147737, -7.171496, 225.257 ],
                [ -3.830172, -6.832202, 226.7692 ],
                [ -3.23306, 4.983596, 225.1772 ],
                [ -0.554041, 4.851397, 225.201 ],
                [ -1.151159, -6.964381, 226.793 ]
            ],
            "projected_cuboid": [
                [ 299.7094, 202.6753 ],
                [ 302.7536, 265.5066 ],
                [ 317.06, 264.7981 ],
                [ 313.915, 201.9785 ],
                [ 299.8288, 204.0189 ],
                [ 302.8531, 266.4312 ],
                [ 317.0619, 265.7273 ],
                [ 313.9382, 203.3267 ]
            ]
        }
    ]
}