{
    "camera_data": {
        "location_worldframe": [
            8.639025688171387,
            55.660194396972659,
            13.23511028289795
        ],
        "quaternion_xyzw_worldframe": [
            0.024017158895730974,
            0.8357610106468201,
            -0.5473406910896301,
            0.03667296841740608
        ]
    },
    "objects": [
        {
            "class": "big_plates",
            "visibility": 0.6975945830345154,
            "location": [
                2.924109697341919,
                -0.5221301317214966,
                59.71271896362305
            ],
            "quaternion_xyzw": [
                0.19433732330799104,
                0.5338807702064514,
                -0.8130179047584534,
                -0.12730301916599275
            ],
            "pose_transform_permuted": [
                [ -0.8920535, 0.0005066544, -0.4519287, 0 ],
                [ 0.4145052, -0.3975302, -0.8186297, 0 ],
                [ -0.1800702, -0.9175887, 0.3544087, 0 ],
                [ 2.92411, -0.5221301, 59.71272, 1 ]
            ],
            "cuboid_centroid": [
                2.924109697341919,
                -0.5221301317214966,
                59.71271896362305
            ],
            "projected_cuboid_centroid": [
                378.4822998046875,
                229.557373046875
            ],
            "bounding_box": {
                "top_left": [
                    145.8662109375,
                    22.4736328125
                ],
                "bottom_right": [
                    624.8461303710938,
                    466.34405517578127
                ]
            },
            "cuboid": [
                [ 14.67911, 2.721875, 57.50646 ],
                [ -0.9213919, 9.970874, 54.35733 ],
                [ -0.9221412, 10.55986, 55.71684 ],
                [ 14.67836, 3.310866, 58.86597 ],
                [ 6.770359, -11.60413, 63.7086 ],
                [ -8.830141, -4.355131, 60.55947 ],
                [ -8.830893, -3.766146, 61.91899 ],
                [ 6.769609, -11.01514, 65.06812 ]
            ],
            "projected_cuboid": [
                [ 624.8461, 296.5261 ],
                [ 299.7566, 459.0648 ],
                [ 300.2345, 466.3441 ],
                [ 617.7904, 307.1699 ],
                [ 446.9145, 22.47363 ],
                [ 145.8662, 154.1151 ],
                [ 149.675, 167.3608 ],
                [ 444.249, 37.82886 ]
            ]
        },
        {
            "class": "small_fork",
            "visibility": 0.0,
            "location": [
                7.092951774597168,
                43.67675018310547,
                40.21033477783203
            ],
            "quaternion_xyzw": [
                0.6463784575462341,
                0.004489704966545105,
                -0.7070844173431397,
                0.2867164611816406
            ],
            "pose_transform_permuted": [
                [ 2.292563E-05, 0.4112696, -0.9115137, 0 ],
                [ -0.3996614, -0.835547, -0.3770039, 0 ],
                [ -0.9166628, 0.3643055, 0.1643495, 0 ],
                [ 7.092952, 43.67675, 40.21033, 1 ]
            ],
            "cuboid_centroid": [
                7.092951774597168,
                43.67675018310547,
                40.21033477783203
            ],
            "projected_cuboid_centroid": [
                530.6622924804688,
                1537.209716796875
            ],
            "bounding_box": {
                "top_left": [
                    448.88427734375,
                    1313.0673828125
                ],
                "bottom_right": [
                    607.6564331054688,
                    1798.8582763671875
                ]
            },
            "cuboid": [
                [ 9.9771, 39.28995, 43.15332 ],
                [ 9.977145, 38.53505, 41.42187 ],
                [ 5.104686, 48.43407, 37.10581 ],
                [ 5.104642, 49.18897, 38.83725 ],
                [ 9.081213, 38.91942, 43.31486 ],
                [ 9.081256, 38.16451, 41.5834 ],
                [ 4.208796, 48.06353, 37.26734 ],
                [ 4.208755, 48.81844, 38.99879 ]
            ],
            "projected_cuboid": [
                [ 596.1135, 1327.339 ],
                [ 607.6564, 1351.025 ],
                [ 484.2951, 1798.858 ],
                [ 476.9691, 1752.574 ],
                [ 570.3828, 1313.067 ],
                [ 580.8095, 1336.067 ],
                [ 454.8736, 1780.227 ],
                [ 448.8843, 1734.962 ]
            ]
        },
        {
            "class": "big_spoon",
            "visibility": 1.0,
            "location": [
                -2.251561164855957,
                0.7071582078933716,
                57.45970153808594
            ],
            "quaternion_xyzw": [
                -0.14760074019432069,
                0.13074393570423127,
                0.6023269295692444,
                0.7735129594802856
            ],
            "pose_transform_permuted": [
                [ 0.2402166, -0.9704112, 0.02445646, 0 ],
                [ 0.8932196, 0.2308326, 0.3858434, 0 ],
                [ -0.3800721, -0.07084098, 0.9222401, 0 ],
                [ -2.251561, 0.7071582, 57.4597, 1 ]
            ],
            "cuboid_centroid": [
                -2.251561164855957,
                0.7071582078933716,
                57.45970153808594
            ],
            "projected_cuboid_centroid": [
                273.2030029296875,
                254.69775390625
            ],
            "bounding_box": {
                "top_left": [
                    205.2874755859375,
                    105.209716796875
                ],
                "bottom_right": [
                    345.5706481933594,
                    415.3092041015625
                ]
            },
            "cuboid": [
                [ -5.694369, -5.943873, 59.28329 ],
                [ -2.109885, 7.38465, 53.6119 ],
                [ 1.143864, 6.610678, 53.84943 ],
                [ -2.44062, -6.717845, 59.52082 ],
                [ -5.646987, -5.196363, 61.06998 ],
                [ -2.062505, 8.132159, 55.39859 ],
                [ 1.191244, 7.358185, 55.63612 ],
                [ -2.393239, -5.970335, 61.30751 ]
            ],
            "projected_cuboid": [
                [ 205.2875, 120.2612 ],
                [ 273.0003, 404.5001 ],
                [ 345.3683, 386.6096 ],
                [ 271.0302, 105.2097 ],
                [ 209.5701, 138.3823 ],
                [ 275.5375, 415.3092 ],
                [ 345.5706, 397.947 ],
                [ 273.3802, 123.6992 ]
            ]
        }
    ]
}