{
    "camera_data": {
        "location_worldframe": [
            -45.732154846191409,
            223.86355590820313,
            -0.9423673152923584
        ],
        "quaternion_xyzw_worldframe": [
            0.3933298885822296,
            0.6061689257621765,
            -0.47271493077278139,
            0.5043723583221436
        ]
    },
    "objects": [
        {
            "class": "big_plates",
            "visibility": 1.0,
            "location": [
                0.41488420963287356,
                1.340826392173767,
                229.31552124023438
            ],
            "quaternion_xyzw": [
                -0.3188866674900055,
                0.5633270740509033,
                -0.7208343744277954,
                0.2477331906557083
            ],
            "pose_transform_permuted": [
                [ -0.6738791, -0.00212577, 0.7388386, 0 ],
                [ -0.7164242, -0.2425818, -0.6541334, 0 ],
                [ 0.1806193, -0.9701287, 0.1619478, 0 ],
                [ 0.4148842, 1.340826, 229.3155, 1 ]
            ],
            "cuboid_centroid": [
                0.41488420963287356,
                1.340826392173767,
                229.31552124023438
            ],
            "projected_cuboid_centroid": [
                322.1606750488281,
                246.98291015625
            ],
            "bounding_box": {
                "top_left": [
                    257.6452331542969,
                    184.168212890625
                ],
                "bottom_right": [
                    386.76495361328127,
                    311.05810546875
                ]
            },
            "cuboid": [
                [ -0.1590178, 13.14932, 225.6004 ],
                [ -11.94402, 0.6202683, 228.7591 ],
                [ -11.94088, 0.9796714, 230.1965 ],
                [ -0.1558683, 13.50872, 227.0378 ],
                [ 12.77064, 1.70198, 228.4345 ],
                [ 0.985636, -10.82704, 231.5932 ],
                [ 0.9887906, -10.46764, 233.0306 ],
                [ 12.77379, 2.061396, 229.8719 ]
            ],
            "projected_cuboid": [
                [ 319.1582, 309.6083 ],
                [ 257.6452, 243.2382 ],
                [ 258.0509, 245.0825 ],
                [ 319.1801, 311.0581 ],
                [ 386.765, 248.8979 ],
                [ 325.0826, 184.1682 ],
                [ 325.0674, 186.3545 ],
                [ 386.3638, 250.7096 ]
            ]
        },
        {
            "class": "small_fork",
            "visibility": 1.0,
            "location": [
                -45.02396774291992,
                17.70631217956543,
                224.9859161376953
            ],
            "quaternion_xyzw": [
                0.390860378742218,
                0.47627732157707217,
                -0.5226549506187439,
                0.5892536044120789
            ],
            "pose_transform_permuted": [
                [ -1.659989E-05, 0.9882685, 0.1527261, 0 ],
                [ -0.2436368, 0.1481199, -0.9584892, 0 ],
                [ -0.9698665, -0.0372256, 0.2407762, 0 ],
                [ -45.02397, 17.70631, 224.9859, 1 ]
            ],
            "cuboid_centroid": [
                -45.02396774291992,
                17.70631217956543,
                224.9859161376953
            ],
            "projected_cuboid_centroid": [
                81.00656127929688,
                333.987548828125
            ],
            "bounding_box": {
                "top_left": [
                    48.55140686035156,
                    325.82861328125
                ],
                "bottom_right": [
                    113.22775268554688,
                    342.1048583984375
                ]
            },
            "cuboid": [
                [ -39.24483, 19.28488, 225.5631 ],
                [ -39.24485, 18.82467, 223.7311 ],
                [ -50.95323, 17.06984, 224.1721 ],
                [ -50.9532, 17.53004, 226.0041 ],
                [ -39.09472, 18.34281, 225.7997 ],
                [ -39.09475, 17.88263, 223.9678 ],
                [ -50.80312, 16.12777, 224.4088 ],
                [ -50.80309, 16.58799, 226.2407 ]
            ],
            "projected_cuboid": [
                [ 112.2161, 342.1049 ],
                [ 110.5145, 340.4844 ],
                [ 48.55141, 330.938 ],
                [ 50.75186, 332.6327 ],
                [ 113.2278, 337.0153 ],
                [ 111.5363, 335.355 ],
                [ 49.63648, 325.8286 ],
                [ 51.82589, 327.563 ]
            ]
        },
        {
            "class": "big_spoon",
            "visibility": 1.0,
            "location": [
                -2.9218204021453859,
                -3.354358434677124,
                228.87229919433595
            ],
            "quaternion_xyzw": [
                -0.023567650467157365,
                0.13076432049274445,
                0.9583806991577148,
                0.2526889443397522
            ],
            "pose_transform_permuted": [
                [ -0.8711858, -0.490508, 0.02091184, 0 ],
                [ 0.4781808, -0.838098, 0.2625546, 0 ],
                [ -0.111259, 0.2387334, 0.9646905, 0 ],
                [ -2.92182, -3.354358, 228.8723, 1 ]
            ],
            "cuboid_centroid": [
                -2.9218204021453859,
                -3.354358434677124,
                228.87229919433595
            ],
            "projected_cuboid_centroid": [
                304.7539367675781,
                222.4969482421875
            ],
            "bounding_box": {
                "top_left": [
                    266.11981201171877,
                    195.2799072265625
                ],
                "bottom_right": [
                    342.93017578125,
                    249.784423828125
                ]
            },
            "cuboid": [
                [ 2.735461, -8.581428, 229.1682 ],
                [ -10.26427, -1.446063, 227.5079 ],
                [ -8.619621, 1.364043, 226.7075 ],
                [ 4.380116, -5.771314, 228.3677 ],
                [ 2.775976, -8.07276, 231.0371 ],
                [ -10.22376, -0.9374046, 229.3769 ],
                [ -8.579102, 1.872705, 228.5764 ],
                [ 4.420633, -5.262661, 230.2366 ]
            ],
            "projected_cuboid": [
                [ 334.2552, 195.2799 ],
                [ 266.1198, 232.4092 ],
                [ 274.5933, 247.1855 ],
                [ 342.9059, 209.8187 ],
                [ 334.3493, 198.271 ],
                [ 266.7697, 235.1194 ],
                [ 275.1763, 249.7844 ],
                [ 342.9302, 212.7021 ]
            ]
        }
    ]
}