{
    "camera_data": {
        "location_worldframe": [
            23.338417053222658,
            109.8568115234375,
            67.1974868774414
        ],
        "quaternion_xyzw_worldframe": [
            -0.14877332746982575,
            0.829201877117157,
            -0.4707678556442261,
            -0.2620466351509094
        ]
    },
    "objects": [
        {
            "class": "small_fork",
            "visibility": 1.0,
            "location": [
                0.8608731031417847,
                -1.1973956823349,
                127.0846939086914
            ],
            "quaternion_xyzw": [
                -0.36079058051109316,
                0.3382371664047241,
                -0.6209682822227478,
                -0.6081317067146301
            ],
            "pose_transform_permuted": [
                [ -1.198053E-05, -0.9993266, 0.03669354, 0 ],
                [ 0.5111954, -0.0315429, -0.8588855, 0 ],
                [ 0.8594645, 0.01874727, 0.5108516, 0 ],
                [ 0.8608731, -1.197396, 127.0847, 1 ]
            ],
            "cuboid_centroid": [
                0.8608731031417847,
                -1.1973956823349,
                127.0846939086914
            ],
            "projected_cuboid_centroid": [
                328.08990478515627,
                228.7476806640625
            ],
            "bounding_box": {
                "top_left": [
                    271.9313049316406,
                    218.412109375
                ],
                "bottom_right": [
                    384.2281799316406,
                    239.0103759765625
                ]
            },
            "cuboid": [
                [ -5.07684, -1.444954, 126.133 ],
                [ -5.076861, -0.4793786, 127.7564 ],
                [ 6.762513, -0.1056821, 127.5343 ],
                [ 6.762539, -1.071255, 125.9109 ],
                [ -5.040776, -2.289109, 126.6351 ],
                [ -5.040798, -1.323547, 128.2585 ],
                [ 6.798584, -0.9498407, 128.0364 ],
                [ 6.798604, -1.915418, 126.413 ]
            ],
            "projected_cuboid": [
                [ 271.9313, 226.3188 ],
                [ 272.5419, 235.5188 ],
                [ 383.3255, 239.0104 ],
                [ 384.1422, 229.8392 ],
                [ 272.462, 218.4121 ],
                [ 273.0635, 227.676 ],
                [ 383.4136, 231.1404 ],
                [ 384.2282, 221.9045 ]
            ]
        }
    ]
}