{
    "camera_data": {
        "location_worldframe": [
            27.31270408630371,
            91.27479553222656,
            -5.032533645629883
        ],
        "quaternion_xyzw_worldframe": [
            0.557732343673706,
            0.09760666638612747,
            -0.0662594586610794,
            0.8215943574905396
        ]
    },
    "objects": [
        {
            "class": "small_fork",
            "visibility": 1.0,
            "location": [
                -3.484614372253418,
                2.337096929550171,
                95.83433532714844
            ],
            "quaternion_xyzw": [
                -0.45981019735336306,
                0.32969561219215395,
                -0.6255244016647339,
                -0.5372099876403809
            ],
            "pose_transform_permuted": [
                [ 4.006922E-05, -0.9752707, 0.2210135, 0 ],
                [ 0.3688811, -0.2054124, -0.9064946, 0 ],
                [ 0.9294766, 0.08156395, 0.3597507, 0 ],
                [ -3.484614, 2.337097, 95.83434, 1 ]
            ],
            "cuboid_centroid": [
                -3.484614372253418,
                2.337096929550171,
                95.83433532714844
            ],
            "projected_cuboid_centroid": [
                276.57586669921877,
                269.1241455078125
            ],
            "bounding_box": {
                "top_left": [
                    202.52792358398438,
                    244.0771484375
                ],
                "bottom_right": [
                    350.29669189453127,
                    294.057373046875
                ]
            },
            "cuboid": [
                [ -9.370458, 1.217389, 95.26287 ],
                [ -9.370381, 1.914161, 97.01852 ],
                [ 2.184001, 4.347752, 96.05221 ],
                [ 2.183925, 3.650987, 94.29655 ],
                [ -9.153235, 0.3264308, 95.61646 ],
                [ -9.153156, 1.023201, 97.37211 ],
                [ 2.401228, 3.456798, 96.4058 ],
                [ 2.401149, 2.760033, 94.65014 ]
            ],
            "projected_cuboid": [
                [ 202.5279, 255.2617 ],
                [ 204.6546, 263.5625 ],
                [ 347.1546, 294.0574 ],
                [ 347.6592, 286.2394 ],
                [ 205.6754, 244.0771 ],
                [ 207.7377, 252.5494 ],
                [ 349.7459, 282.8221 ],
                [ 350.2967, 274.825 ]
            ]
        },
        {
            "class": "mug",
            "visibility": 0.0,
            "location": [
                -48.390220642089847,
                5.206024169921875,
                91.67715454101563
            ],
            "quaternion_xyzw": [
                0.7753455638885498,
                -0.19620615243911744,
                0.2886278033256531,
                -0.5263425707817078
            ],
            "pose_transform_permuted": [
                [ 0.7563943, -0.000420928, 0.6541159, 0 ],
                [ -0.6080893, -0.3689336, 0.7029337, 0 ],
                [ 0.2410293, -0.9294559, -0.2793152, 0 ],
                [ -48.39022, 5.206024, 91.67715, 1 ]
            ],
            "cuboid_centroid": [
                -48.390220642089847,
                5.206024169921875,
                91.67715454101563
            ],
            "projected_cuboid_centroid": [
                -310.3677673339844,
                307.817626953125
            ],
            "bounding_box": {
                "top_left": [
                    -429.35601806640627,
                    208.9163818359375
                ],
                "bottom_right": [
                    -200.62095642089845,
                    404.5162353515625
                ]
            },
            "cuboid": [
                [ -55.20023, 4.38085, 87.97316 ],
                [ -46.81629, -2.359264, 90.64474 ],
                [ -46.81313, 0.4077406, 97.61567 ],
                [ -55.19707, 7.147851, 94.94407 ],
                [ -49.9673, 10.00432, 85.73864 ],
                [ -41.58336, 3.264203, 88.41022 ],
                [ -41.58021, 6.031213, 95.38115 ],
                [ -49.96415, 12.77132, 92.70956 ]
            ],
            "projected_cuboid": [
                [ -429.356, 299.4711 ],
                [ -296.8106, 208.9164 ],
                [ -252.7244, 244.9884 ],
                [ -374.2976, 329.9094 ],
                [ -375.9961, 379.3505 ],
                [ -241.7132, 284.0933 ],
                [ -200.621, 315.5161 ],
                [ -323.6229, 404.5162 ]
            ]
        },
        {
            "class": "wine_glass",
            "visibility": 0.0,
            "location": [
                2.9749598503112795,
                48.3756103515625,
                74.3153305053711
            ],
            "quaternion_xyzw": [
                -0.26046323776245119,
                -0.7070446014404297,
                0.0011042207479476929,
                0.6574538350105286
            ],
            "pose_transform_permuted": [
                [ 0.0001733951, 0.3668663, -0.9302736, 0 ],
                [ 0.3697702, 0.8643154, 0.3409236, 0 ],
                [ 0.9291231, -0.3440466, -0.1355064, 0 ],
                [ 2.97496, 48.37561, 74.31533, 1 ]
            ],
            "cuboid_centroid": [
                2.9749598503112795,
                48.3756103515625,
                74.3153305053711
            ],
            "projected_cuboid_centroid": [
                367.8079528808594,
                1017.40185546875
            ],
            "bounding_box": {
                "top_left": [
                    261.8160705566406,
                    854.7230224609375
                ],
                "bottom_right": [
                    485.4998779296875,
                    1213.2637939453125
                ]
            },
            "cuboid": [
                [ 9.493895, 52.26377, 68.50847 ],
                [ 9.495263, 55.18972, 75.8605 ],
                [ 3.808835, 41.79283, 81.19323 ],
                [ 3.807459, 38.86687, 73.84119 ],
                [ 2.141085, 54.9584, 67.43744 ],
                [ 2.142458, 57.88435, 74.78948 ],
                [ -3.543973, 44.48746, 80.1222 ],
                [ -3.545348, 41.56151, 72.77016 ]
            ],
            "projected_cuboid": [
                [ 485.4999, 1151.075 ],
                [ 469.482, 1108.84 ],
                [ 376.0234, 854.723 ],
                [ 381.5792, 868.606 ],
                [ 357.9167, 1213.264 ],
                [ 354.2113, 1164.311 ],
                [ 267.1755, 903.105 ],
                [ 261.8161, 922.0803 ]
            ]
        }
    ]
}