{
    "camera_data": {
        "location_worldframe": [
            29.60146141052246,
            23.846874237060548,
            45.5532112121582
        ],
        "quaternion_xyzw_worldframe": [
            -0.14675860106945039,
            0.8320479393005371,
            -0.26174187660217287,
            -0.46652913093566897
        ]
    },
    "objects": [
        {
            "class": "teacup",
            "visibility": 0.8866344094276428,
            "location": [
                -4.922783374786377,
                0.6120485663414002,
                35.63729476928711
            ],
            "quaternion_xyzw": [
                -0.07427345961332321,
                0.9246900677680969,
                0.29044410586357119,
                -0.23467835783958436
            ],
            "pose_transform_permuted": [
                [ -0.8788189, -0.00103797, -0.4771541, 0 ],
                [ -0.2736818, 0.8202513, 0.5022808, 0 ],
                [ 0.3908649, 0.5720023, -0.7211365, 0 ],
                [ -4.922783, 0.6120486, 35.63729, 1 ]
            ],
            "cuboid_centroid": [
                -4.922783374786377,
                0.6120485663414002,
                35.63729476928711
            ],
            "projected_cuboid_centroid": [
                155.03054809570313,
                260.5106201171875
            ],
            "bounding_box": {
                "top_left": [
                    -42.44331359863281,
                    107.32763671875
                ],
                "bottom_right": [
                    331.9501037597656,
                    436.77252197265627
                ]
            },
            "cuboid": [
                [ 0.3428371, 2.282357, 37.70366 ],
                [ -7.174562, -0.05870871, 41.04711 ],
                [ -7.169274, -4.236364, 38.13382 ],
                [ 0.3481237, -1.895298, 34.79037 ],
                [ -2.67629, 5.460464, 33.14077 ],
                [ -10.19369, 3.119401, 36.48422 ],
                [ -10.1884, -1.058255, 33.57093 ],
                [ -2.671002, 1.28281, 30.22748 ]
            ],
            "projected_cuboid": [
                [ 330.8593, 312.2932 ],
                [ 111.2578, 238.2919 ],
                [ 95.47621, 107.3276 ],
                [ 331.9501, 174.9397 ],
                [ 223.5576, 436.7725 ],
                [ -13.67508, 342.1089 ],
                [ -42.44331, 202.3535 ],
                [ 214.4715, 290.6825 ]
            ]
        },
        {
            "class": "small_spoon",
            "visibility": 0.0,
            "location": [
                -24.69731903076172,
                5.392155170440674,
                31.913572311401368
            ],
            "quaternion_xyzw": [
                -0.37017861008644106,
                0.28234440088272097,
                0.5406997203826904,
                0.7006377577781677
            ],
            "pose_transform_permuted": [
                [ 0.2558509, -0.966705, -0.004668623, 0 ],
                [ 0.5486336, 0.1412232, 0.8240494, 0 ],
                [ -0.7959533, -0.2133951, 0.5664989, 0 ],
                [ -24.69732, 5.392155, 31.91357, 1 ]
            ],
            "cuboid_centroid": [
                -24.69731903076172,
                5.392155170440674,
                31.913572311401368
            ],
            "projected_cuboid_centroid": [
                -604.212646484375,
                441.782958984375
            ],
            "bounding_box": {
                "top_left": [
                    -785.0672607421875,
                    282.178466796875
                ],
                "bottom_right": [
                    -476.3336181640625,
                    655.1202392578125
                ]
            },
            "cuboid": [
                [ -27.51735, 1.668321, 35.93922 ],
                [ -24.46313, 8.217633, 26.43753 ],
                [ -21.87006, 7.838819, 27.00993 ],
                [ -24.92427, 1.289509, 36.51162 ],
                [ -27.52458, 2.945491, 36.81721 ],
                [ -24.47036, 9.494801, 27.31552 ],
                [ -21.87729, 9.115987, 27.88793 ],
                [ -24.93151, 2.566676, 37.38962 ]
            ],
            "projected_cuboid": [
                [ -594.3984, 295.4381 ],
                [ -785.0673, 611.2133 ],
                [ -646.9943, 586.5969 ],
                [ -495.2465, 282.1785 ],
                [ -572.8271, 335.5442 ],
                [ -749.8635, 655.1202 ],
                [ -616.8602, 630.3776 ],
                [ -476.3336, 321.9818 ]
            ]
        }
    ]
}