{
    "camera_data": {
        "location_worldframe": [
            -14.930039405822754,
            83.53482055664063,
            53.08051681518555
        ],
        "quaternion_xyzw_worldframe": [
            0.1023750975728035,
            0.8820486664772034,
            -0.4009990990161896,
            0.22518710792064668
        ]
    },
    "objects": [
        {
            "class": "packet_cup",
            "visibility": 1.0,
            "location": [
                -3.3114326000213625,
                -0.4503539800643921,
                108.40418243408203
            ],
            "quaternion_xyzw": [
                0.15730822086334229,
                0.6219224333763123,
                -0.33610862493515017,
                -0.6895633339881897
            ],
            "pose_transform_permuted": [
                [ 0.0004869699, -0.2678694, -0.9634551, 0 ],
                [ 0.6592034, 0.7245702, -0.201119, 0 ],
                [ 0.7519645, -0.635015, 0.1769332, 0 ],
                [ -3.311433, -0.450354, 108.4042, 1 ]
            ],
            "cuboid_centroid": [
                -3.3114326000213625,
                -0.4503539800643921,
                108.40418243408203
            ],
            "projected_cuboid_centroid": [
                283.5189514160156,
                235.03857421875
            ],
            "bounding_box": {
                "top_left": [
                    237.23876953125,
                    194.98876953125
                ],
                "bottom_right": [
                    328.0624084472656,
                    275.752197265625
                ]
            },
            "cuboid": [
                [ -0.609862, 0.9113846, 104.8814 ],
                [ -0.6081579, 3.218603, 107.5133 ],
                [ 0.7311893, -0.4042477, 110.6884 ],
                [ 0.7294875, -2.711467, 108.0565 ],
                [ -7.354049, -0.496446, 106.12 ],
                [ -7.352345, 1.810765, 108.7518 ],
                [ -6.012996, -1.812093, 111.9269 ],
                [ -6.0147, -4.119305, 109.295 ]
            ],
            "projected_cuboid": [
                [ 313.0557, 250.3777 ],
                [ 313.2446, 275.7522 ],
                [ 327.8891, 235.6384 ],
                [ 328.0624, 210.0325 ],
                [ 237.2388, 234.4131 ],
                [ 239.2604, 259.8849 ],
                [ 255.8415, 220.665 ],
                [ 254.278, 194.9888 ]
            ]
        },
        {
            "class": "big_spoon",
            "visibility": 0.9109290242195129,
            "location": [
                10.391871452331543,
                8.050680160522461,
                101.99436950683594
            ],
            "quaternion_xyzw": [
                0.5885179042816162,
                -0.727752149105072,
                0.27317845821380618,
                0.22225435078144074
            ],
            "pose_transform_permuted": [
                [ -0.2084994, -0.9780205, -0.001951337, 0 ],
                [ -0.7351601, 0.1580404, -0.6592138, 0 ],
                [ 0.645033, -0.1360111, -0.7519531, 0 ],
                [ 10.39187, 8.05068, 101.9944, 1 ]
            ],
            "cuboid_centroid": [
                10.391871452331543,
                8.050680160522461,
                101.99436950683594
            ],
            "projected_cuboid_centroid": [
                441.6788330078125,
                334.2657470703125
            ],
            "bounding_box": {
                "top_left": [
                    400.11468505859377,
                    258.673095703125
                ],
                "bottom_right": [
                    487.81121826171877,
                    416.5325927734375
                ]
            },
            "cuboid": [
                [ 10.30973, 14.43919, 97.68218 ],
                [ 7.198529, 3.469205, 107.3073 ],
                [ 10.47779, 2.939302, 107.7633 ],
                [ 13.58899, 13.90928, 98.13822 ],
                [ 10.30595, 13.16206, 96.2254 ],
                [ 7.194746, 2.192087, 105.8505 ],
                [ 10.47401, 1.662183, 106.3065 ],
                [ 13.58521, 12.63216, 96.68143 ]
            ],
            "projected_cuboid": [
                [ 446.0461, 416.5326 ],
                [ 400.1147, 278.6099 ],
                [ 436.1171, 272.574 ],
                [ 485.3661, 409.2638 ],
                [ 447.9074, 403.3547 ],
                [ 401.1746, 264.7322 ],
                [ 437.6659, 258.6731 ],
                [ 487.8112, 396.0386 ]
            ]
        },
        {
            "class": "small_plates",
            "visibility": 0.0,
            "location": [
                35.448333740234378,
                5.330023288726807,
                104.7108383178711
            ],
            "quaternion_xyzw": [
                -0.8346830606460571,
                -0.1623263657093048,
                0.36513763666152956,
                0.37898409366607668
            ],
            "pose_transform_permuted": [
                [ 0.6806493, -0.005780578, -0.7325866, 0 ],
                [ 0.5477449, -0.6600426, 0.5141203, 0 ],
                [ -0.4865102, -0.7512061, -0.4460913, 0 ],
                [ 35.44833, 5.330023, 104.7108, 1 ]
            ],
            "cuboid_centroid": [
                35.448333740234378,
                5.330023288726807,
                104.7108383178711
            ],
            "projected_cuboid_centroid": [
                724.298095703125,
                300.7904052734375
            ],
            "bounding_box": {
                "top_left": [
                    637.4151000976563,
                    231.9757080078125
                ],
                "bottom_right": [
                    812.4676513671875,
                    375.5533447265625
                ]
            },
            "cuboid": [
                [ 35.71602, -0.7327057, 109.0488 ],
                [ 42.8616, 5.017617, 103.9413 ],
                [ 42.87017, 5.996354, 105.0552 ],
                [ 35.72459, 0.246025, 110.1627 ],
                [ 28.0265, 4.663701, 104.3664 ],
                [ 35.17208, 10.41403, 99.25898 ],
                [ 35.18065, 11.39276, 100.3729 ],
                [ 28.03507, 5.642433, 105.4804 ]
            ],
            "projected_cuboid": [
                [ 711.1468, 231.9757 ],
                [ 812.4677, 297.651 ],
                [ 807.3434, 308.1659 ],
                [ 707.2845, 242.6671 ],
                [ 640.7048, 293.3663 ],
                [ 743.1806, 365.2987 ],
                [ 738.5863, 375.5533 ],
                [ 637.4151, 303.884 ]
            ]
        },
        {
            "class": "teacup",
            "visibility": 0.0,
            "location": [
                20.80068588256836,
                24.998279571533204,
                85.1446533203125
            ],
            "quaternion_xyzw": [
                0.22996456921100617,
                0.7571495175361633,
                0.3435578942298889,
                0.5057754516601563
            ],
            "pose_transform_permuted": [
                [ -0.3826148, 0.0007088184, 0.9239076, 0 ],
                [ 0.6957614, 0.6581686, 0.2876285, 0 ],
                [ -0.607883, 0.7528702, -0.2523182, 0 ],
                [ 20.80069, 24.99828, 85.14465, 1 ]
            ],
            "cuboid_centroid": [
                20.80068588256836,
                24.998279571533204,
                85.1446533203125
            ],
            "projected_cuboid_centroid": [
                611.754638671875,
                590.6309814453125
            ],
            "bounding_box": {
                "top_left": [
                    547.5201416015625,
                    507.9593505859375
                ],
                "bottom_right": [
                    676.1636962890625,
                    676.2293701171875
                ]
            },