{
    "camera_data": {
        "location_worldframe": [
            -43.85133361816406,
            55.55228042602539,
            28.295490264892579
        ],
        "quaternion_xyzw_worldframe": [
            0.14867573976516725,
            0.8298389911651611,
            -0.2629772424697876,
            0.46915435791015627
        ]
    },
    "objects": [
        {
            "class": "packet_cup",
            "visibility": 1.0,
            "location": [
                -2.856117010116577,
                0.17935435473918916,
                92.46842956542969
            ],
            "quaternion_xyzw": [
                0.056105002760887149,
                0.4507993459701538,
                -0.5451256036758423,
                -0.7046064138412476
            ],
            "pose_transform_permuted": [
                [ -0.0007639825, -0.7176138, -0.6964408, 0 ],
                [ 0.8187822, 0.3993806, -0.4124206, 0 ],
                [ 0.5741037, -0.5705484, 0.5872644, 0 ],
                [ -2.856117, 0.1793544, 92.46843, 1 ]
            ],
            "cuboid_centroid": [
                -2.856117010116577,
                0.17935435473918916,
                92.46842956542969
            ],
            "projected_cuboid_centroid": [
                283.1124267578125,
                242.31640625
            ],
            "bounding_box": {
                "top_left": [
                    228.1043701171875,
                    193.517578125
                ],
                "bottom_right": [
                    338.1015319824219,
                    293.8016357421875
                ]
            },
            "cuboid": [
                [ -2.211271, 1.188402, 87.98195 ],
                [ -2.213947, 4.054138, 89.99131 ],
                [ 1.374124, 2.057234, 92.84406 ],
                [ 1.376796, -0.8084955, 90.83469 ],
                [ -7.086358, -1.698541, 92.0928 ],
                [ -7.089032, 1.167199, 94.10217 ],
                [ -3.50096, -0.8297018, 96.9549 ],
                [ -3.498289, -3.695436, 94.94554 ]
            ],
            "projected_cuboid": [
                [ 289.9845, 256.1312 ],
                [ 290.6192, 293.8016 ],
                [ 337.6754, 266.4623 ],
                [ 338.1015, 229.3702 ],
                [ 228.1044, 217.9734 ],
                [ 230.0327, 254.813 ],
                [ 276.8764, 229.78 ],
                [ 275.9974, 193.5176 ]
            ]
        },
        {
            "class": "big_spoon",
            "visibility": 1.0,
            "location": [
                3.611607789993286,
                10.064169883728028,
                79.75653076171875
            ],
            "quaternion_xyzw": [
                0.7188183069229126,
                -0.519657552242279,
                0.27032724022865298,
                0.3744053542613983
            ],
            "pose_transform_permuted": [
                [ 0.3137584, -0.9495026, -0.0004928112, 0 ],
                [ -0.5446548, -0.1795531, -0.819214, 0 ],
                [ 0.7777575, 0.2573037, -0.5734874, 0 ],
                [ 3.611608, 10.06417, 79.75653, 1 ]
            ],
            "cuboid_centroid": [
                3.611607789993286,
                10.064169883728028,
                79.75653076171875
            ],
            "projected_cuboid_centroid": [
                374.07940673828127,
                390.6986083984375
            ],
            "bounding_box": {
                "top_left": [
                    314.79742431640627,
                    308.578125
                ],
                "bottom_right": [
                    426.52801513671877,
                    485.4095458984375
                ]
            },
            "cuboid": [
                [ -0.3206699, 14.62034, 74.94061 ],
                [ 4.361197, 6.493062, 86.54623 ],
                [ 7.54484, 7.0951, 85.6835 ],
                [ 2.862975, 15.22238, 74.07789 ],
                [ -0.3216263, 13.03325, 73.82958 ],
                [ 4.360242, 4.905969, 85.43519 ],
                [ 7.543888, 5.508001, 84.57245 ],
                [ 2.862017, 13.63528, 72.96684 ]
            ],
            "projected_cuboid": [
                [ 314.8898, 472.9903 ],
                [ 380.1804, 329.5981 ],
                [ 425.1599, 338.8915 ],
                [ 366.1558, 485.4095 ],
                [ 314.7974, 450.8239 ],
                [ 380.9497, 308.5781 ],
                [ 426.528, 317.7791 ],
                [ 366.843, 463.1702 ]
            ]
        },
        {
            "class": "small_plates",
            "visibility": 0.0,
            "location": [
                27.177263259887697,
                15.653670310974121,
                72.27155303955078
            ],
            "quaternion_xyzw": [
                -0.7442270517349243,
                -0.1859646737575531,
                0.597126305103302,
                0.23448538780212403
            ],
            "pose_transform_permuted": [
                [ 0.2177147, -0.003234893, -0.9760071, 0 ],
                [ 0.5568347, -0.8208674, 0.126932, 0 ],
                [ -0.8015831, -0.5711095, -0.1769135, 0 ],
                [ 27.17726, 15.65367, 72.27155, 1 ]
            ],
            "cuboid_centroid": [
                27.177263259887697,
                15.653670310974121,
                72.27155303955078
            ],
            "projected_cuboid_centroid": [
                769.092529296875,
                498.670166015625
            ],
            "bounding_box": {
                "top_left": [
                    648.7616577148438,
                    417.71746826171877
                ],
                "bottom_right": [
                    902.4185180664063,
                    590.9166870117188
                ]
            },
            "cuboid": [
                [ 31.15434, 11.45603, 76.98418 ],
                [ 33.43995, 17.30178, 68.56902 ],
                [ 33.44474, 18.51898, 69.41588 ],
                [ 31.15914, 12.67323, 77.83104 ],
                [ 20.90979, 12.78835, 75.12724 ],
                [ 23.19539, 18.63411, 66.71207 ],
                [ 23.20019, 19.85131, 67.55893 ],
                [ 20.91458, 14.00556, 75.97408 ]
            ],
            "projected_cuboid": [
                [ 803.2976, 417.7175 ],
                [ 902.4185, 541.3425 ],
                [ 895.3956, 558.6074 ],
                [ 798.1125, 434.4608 ],
                [ 652.3914, 443.2894 ],
                [ 735.2357, 573.5813 ],
                [ 730.1156, 590.9167 ],
                [ 648.7617, 460.157 ]
            ]
        },
        {
            "class": "teacup",
            "visibility": 0.12352194637060166,
            "location": [
                0.5574467778205872,
                23.676624298095704,
                57.737220764160159
            ],
            "quaternion_xyzw": [
                0.09618940949440003,
                0.9037063717842102,
                0.2857712209224701,
                0.3039691746234894
            ],
            "pose_transform_permuted": [
                [ -0.7967008, 0.0001226813, 0.6043741, 0 ],
                [ 0.3475853, 0.8181648, 0.4580293, 0 ],
                [ -0.4944214, 0.5749838, -0.6518752, 0 ],
                [ 0.5574468, 23.67662, 57.73722, 1 ]
            ],
            "cuboid_centroid": [
                0.5574467778205872,
                23.676624298095704,
                57.737220764160159
            ],
            "projected_cuboid_centroid": [
                331.5304260253906,
                729.7353515625
            ],
            "bounding_box": {
                "top_left": [
                    218.83584594726563,
                    608.5985107421875
                ],
                "bottom_right": [
                    444.6018981933594,
                    862.81640625
                ]
            },