{
    "camera_data": {
        "location_worldframe": [
            -24.69316291809082,
            215.43655395507813,
            -67.27412414550781
        ],
        "quaternion_xyzw_worldframe": [
            0.5760995149612427,
            0.0246211439371109,
            -0.017365094274282457,
            0.8168241381645203
        ]
    },
    "objects": [
        {
            "class": "mug",
            "visibility": 1.0,
            "location": [
                -0.45419803261756899,
                2.860229969024658,
                223.01165771484376
            ],
            "quaternion_xyzw": [
                0.39628124237060549,
                0.9021936058998108,
                -0.1559441089630127,
                0.06847784668207169
            ],
            "pose_transform_permuted": [
                [ -0.6765437, 0.7364022, -3.490597E-05, 0 ],
                [ 0.6936874, 0.6372852, -0.3356565, 0 ],
                [ -0.247156, -0.2271106, -0.9419842, 0 ],
                [ -0.454198, 2.86023, 223.0117, 1 ]
            ],
            "cuboid_centroid": [
                -0.45419803261756899,
                2.860229969024658,
                223.01165771484376
            ],
            "projected_cuboid_centroid": [
                317.5677185058594,
                255.31689453125
            ],
            "bounding_box": {
                "top_left": [
                    281.9691162109375,
                    214.565185546875
                ],
                "bottom_right": [
                    352.9135437011719,
                    295.507080078125
                ]
            },
            "cuboid": [
                [ 6.056882, 2.748221, 227.2977 ],
                [ -1.441979, 10.4371, 224.5582 ],
                [ -6.964998, 5.65747, 226.2615 ],
                [ 0.5338677, -2.03142, 229.001 ],
                [ 6.056607, 0.06296352, 219.7618 ],
                [ -1.442262, 7.751855, 217.0223 ],
                [ -6.965282, 2.972219, 218.7257 ],
                [ 0.5335883, -4.71668, 221.4652 ]
            ],
            "projected_cuboid": [
                [ 351.8238, 254.4396 ],
                [ 312.3312, 295.5071 ],
                [ 283.2373, 269.8613 ],
                [ 322.7841, 229.406 ],
                [ 352.9135, 240.3422 ],
                [ 312.0634, 282.6578 ],
                [ 281.9691, 256.2285 ],
                [ 322.8774, 214.5652 ]
            ]
        }
    ]
}