{
    "camera_data": {
        "location_worldframe": [
            49.5351448059082,
            132.50123596191407,
            -28.93868637084961
        ],
        "quaternion_xyzw_worldframe": [
            0.4094318747520447,
            -0.4656964838504791,
            0.25726252794265749,
            0.7411534190177918
        ]
    },
    "objects": [
        {
            "class": "mug",
            "visibility": 1.0,
            "location": [
                -0.14360079169273377,
                2.169919729232788,
                149.9630889892578
            ],
            "quaternion_xyzw": [
                0.16943691670894624,
                -0.9457992315292358,
                0.2727077305316925,
                0.04884035885334015
            ],
            "pose_transform_permuted": [
                [ -0.9378114, -0.3471449, 2.716482E-05, 0 ],
                [ -0.2938683, 0.7938433, -0.5324042, 0 ],
                [ 0.1847999, -0.4993028, -0.8464901, 0 ],
                [ -0.1436008, 2.16992, 149.9631, 1 ]
            ],
            "cuboid_centroid": [
                -0.14360079169273377,
                2.169919729232788,
                149.9630889892578
            ],
            "projected_cuboid_centroid": [
                318.8564147949219,
                257.280517578125
            ],
            "bounding_box": {
                "top_left": [
                    265.56292724609377,
                    203.5250244140625
                ],
                "bottom_right": [
                    371.4858703613281,
                    310.6865234375
                ]
            },
            "cuboid": [
                [ 3.751885, 8.905093, 150.4525 ],
                [ -6.642891, 5.647832, 152.5008 ],
                [ -4.039303, -0.3059948, 156.2456 ],
                [ 6.355471, 2.951253, 154.1973 ],
                [ 3.7521, 4.645845, 143.6806 ],
                [ -6.642674, 1.388598, 145.7289 ],
                [ -4.039088, -4.565226, 149.4737 ],
                [ 6.355689, -1.307973, 147.4253 ]
            ],
            "projected_cuboid": [
                [ 349.7816, 310.6865 ],
                [ 267.9785, 284.229 ],
                [ 289.1258, 237.6611 ],
                [ 369.2231, 262.8574 ],
                [ 351.187, 278.6157 ],
                [ 265.5629, 251.3796 ],
                [ 287.7287, 203.525 ],
                [ 371.4859, 229.4044 ]
            ]
        }
    ]
}