{
    "camera_data": {
        "location_worldframe": [
            1.5416324138641358,
            131.96389770507813,
            -60.87567138671875
        ],
        "quaternion_xyzw_worldframe": [
            0.46973365545272829,
            -0.03279101476073265,
            0.01746325008571148,
            0.8820261359214783
        ]
    },
    "objects": [
        {
            "class": "big_spoon",
            "visibility": 1.0,
            "location": [
                2.116239309310913,
                -0.08693675696849823,
                157.44451904296876
            ],
            "quaternion_xyzw": [
                0.2580077350139618,
                0.13703151047229768,
                0.45087671279907229,
                -0.8434242606163025
            ],
            "pose_transform_permuted": [
                [ 0.5558651, 0.8312711, 0.001507953, 0 ],
                [ -0.6898503, 0.4602844, 0.5587886, 0 ],
                [ 0.4638107, -0.3116513, 0.8293087, 0 ],
                [ 2.116239, -0.08693676, 157.4445, 1 ]
            ],
            "cuboid_centroid": [
                2.116239309310913,
                -0.08693675696849823,
                157.44451904296876
            ],
            "projected_cuboid_centroid": [
                336.0522155761719,
                239.340576171875
            ],
            "bounding_box": {
                "top_left": [
                    293.3795166015625,
                    191.32373046875
                ],
                "bottom_right": [
                    377.29339599609377,
                    289.336669921875
                ]
            },
            "cuboid": [
                [ -0.6388939, 5.290373, 152.6583 ],
                [ 7.655673, -5.003494, 159.5792 ],
                [ 4.868454, -6.546823, 160.6241 ],
                [ -3.426111, 3.74705, 153.7032 ],
                [ -0.6359723, 6.372934, 154.2649 ],
                [ 7.658595, -3.920931, 161.1859 ],
                [ 4.871374, -5.464248, 162.2308 ],
                [ -3.423194, 4.829611, 155.3099 ]
            ],
            "projected_cuboid": [
                [ 315.0019, 281.387 ],
                [ 377.2934, 202.5549 ],
                [ 356.1974, 191.3237 ],
                [ 293.3795, 269.1141 ],
                [ 315.0766, 289.3367 ],
                [ 376.744, 210.9491 ],
                [ 355.8604, 199.7751 ],
                [ 293.6773, 277.1373 ]
            ]
        }
    ]
}