{
    "camera_data": {
        "location_worldframe": [
            -30.386512756347658,
            36.79791259765625,
            -38.96516036987305
        ],
        "quaternion_xyzw_worldframe": [
            0.4248775243759155,
            0.08313579857349396,
            -0.0392223484814167,
            0.9005715847015381
        ]
    },
    "objects": [
        {
            "class": "small_fork",
            "visibility": 0.9977368116378784,
            "location": [
                1.1062716245651246,
                -1.6939070224761963,
                47.332584381103519
            ],
            "quaternion_xyzw": [
                0.4568427503108978,
                0.12632156908512116,
                -0.6956719756126404,
                0.5397943258285523
            ],
            "pose_transform_permuted": [
                [ 0.0001667291, 0.8664578, -0.4992501, 0 ],
                [ -0.6356214, -0.3853296, -0.668959, 0 ],
                [ -0.7720008, 0.3174455, 0.5506752, 0 ],
                [ 1.106272, -1.693907, 47.33258, 1 ]
            ],
            "cuboid_centroid": [
                1.1062716245651246,
                -1.6939070224761963,
                47.332584381103519
            ],
            "projected_cuboid_centroid": [
                347.91253662109377,
                197.2607421875
            ],
            "bounding_box": {
                "top_left": [
                    206.62158203125,
                    119.8377685546875
                ],
                "bottom_right": [
                    480.6201171875,
                    279.479736328125
                ]
            },
            "cuboid": [
                [ 6.48408, -3.047427, 49.67152 ],
                [ 6.484394, -4.248032, 48.21331 ],
                [ -3.780845, 0.3171124, 44.45242 ],
                [ -3.781156, 1.517714, 45.91063 ],
                [ 5.993388, -3.704921, 50.21275 ],
                [ 5.9937, -4.905525, 48.75455 ],
                [ -4.271536, -0.340382, 44.99365 ],
                [ -4.271847, 0.8602194, 46.45186 ]
            ],
            "projected_cuboid": [
                [ 475.8972, 166.7305 ],
                [ 480.6201, 134.7751 ],
                [ 218.424, 248.5195 ],
                [ 221.6422, 279.4797 ],
                [ 462.5463, 151.8824 ],
                [ 466.8174, 119.8378 ],
                [ 206.6216, 230.9653 ],
                [ 210.1728, 262.1158 ]
            ]
        },
        {
            "class": "small_plates",
            "visibility": 0.0,
            "location": [
                34.397518157958987,
                -3.681769371032715,
                49.234867095947269
            ],
            "quaternion_xyzw": [
                0.3252693712711334,
                -0.5854452252388,
                -0.2763696610927582,
                0.6892557740211487
            ],
            "pose_transform_permuted": [
                [ 0.1617474, 0.0001239479, -0.9868322, 0 ],
                [ -0.7618335, 0.6356393, -0.124789, 0 ],
                [ 0.6272538, 0.7719862, 0.1029074, 0 ],
                [ 34.39752, -3.681769, 49.23487, 1 ]
            ],
            "cuboid_centroid": [
                34.397518157958987,
                -3.681769371032715,
                49.234867095947269
            ],
            "projected_cuboid_centroid": [
                1154.35693359375,
                150.69384765625
            ],
            "bounding_box": {
                "top_left": [
                    989.4346923828125,
                    39.644287109375
                ],
                "bottom_right": [
                    1351.689453125,
                    277.4930419921875
                ]
            },
            "cuboid": [
                [ 38.72767, 1.443349, 45.97464 ],
                [ 40.42573, -6.554515, 52.55966 ],
                [ 40.42554, -7.497058, 51.41493 ],
                [ 38.72749, 0.5008051, 44.82991 ],
                [ 28.36949, 0.1335166, 47.0548 ],
                [ 30.06755, -7.86435, 53.63982 ],
                [ 30.06736, -8.806898, 52.4951 ],
                [ 28.3693, -0.8090311, 45.91007 ]
            ],
            "projected_cuboid": [
                [ 1326.006, 277.493 ],
                [ 1238.55, 91.06885 ],
                [ 1258.997, 65.85974 ],
                [ 1351.689, 253.3413 ],
                [ 1040.021, 243.3887 ],
                [ 989.4347, 64.90527 ],
                [ 1004.028, 39.64429 ],
                [ 1057.969, 218.9547 ]
            ]
        },
        {
            "class": "water_glass",
            "visibility": 0.0,
            "location": [
                39.740936279296878,
                -25.379390716552736,
                65.4835433959961
            ],
            "quaternion_xyzw": [
                0.696419358253479,
                0.34647440910339358,
                0.6162542104721069,
                0.12323258817195893
            ],
            "pose_transform_permuted": [
                [ 0.0003724396, 0.3306978, 0.9437366, 0 ],
                [ 0.6344681, -0.7295384, 0.2553895, 0 ],
                [ 0.7729489, 0.5986757, -0.2100889, 0 ],
                [ 39.74094, -25.37939, 65.48354, 1 ]
            ],
            "cuboid_centroid": [
                39.740936279296878,
                -25.379390716552736,
                65.4835433959961
            ],
            "projected_cuboid_centroid": [
                1044.775390625,
                -222.856689453125
            ],
            "bounding_box": {
                "top_left": [
                    990.0202026367188,
                    -285.5836181640625
                ],
                "bottom_right": [
                    1105.6434326171875,
                    -159.413818359375
                ]
            },
            "cuboid": [
                [ 38.67946, -28.9824, 65.8552 ],
                [ 38.68095, -26.44564, 68.94563 ],
                [ 37.02746, -22.79795, 65.95226 ],
                [ 37.02597, -25.33471, 62.86182 ],
                [ 42.4544, -27.96084, 65.01484 ],
                [ 42.45589, -25.42408, 68.10528 ],
                [ 40.80241, -21.77639, 65.1119 ],
                [ 40.80092, -24.31314, 62.02146 ]
            ],
            "projected_cuboid": [
                [ 1021.436, -285.5836 ],
                [ 990.0202, -218.0837 ],
                [ 990.4893, -172.8228 ],
                [ 1023.424, -241.3118 ],
                [ 1099.844, -273.6121 ],
                [ 1064.483, -205.8225 ],
                [ 1068.381, -159.4138 ],
                [ 1105.643, -228.1626 ]
            ]
        },
        {
            "class": "small_fork",
            "visibility": 0.0,
            "location": [
                47.35308074951172,
                -32.8734016418457,
                73.611572265625
            ],
            "quaternion_xyzw": [
                0.6800127625465393,
                -0.6510829925537109,
                0.23274794220924378,
                0.24393022060394288
            ],
            "pose_transform_permuted": [
                [ 0.04383866, -0.999038, -0.00109449, 0 ],
                [ -0.7719409, -0.03317793, -0.6348277, 0 ],
                [ 0.6341808, 0.02867487, -0.7726529, 0 ],
                [ 47.35308, -32.8734, 73.61157, 1 ]
            ],
            "cuboid_centroid": [
                47.35308074951172,
                -32.8734016418457,
                73.611572265625
            ],
            "projected_cuboid_centroid": [
                1088.244873046875,
                -293.330078125
            ],
            "bounding_box": {
                "top_left": [
                    982.5757446289063,
                    -310.498046875
                ],
                "bottom_right": [
                    1197.2635498046875,
                    -275.979736328125
                ]
            },