{
    "camera_data": {
        "location_worldframe": [
            48.935062408447269,
            34.23492431640625,
            -46.323974609375
        ],
        "quaternion_xyzw_worldframe": [
            0.17252117395401,
            -0.5832630395889282,
            0.1284654587507248,
            0.7832862138748169
        ]
    },
    "objects": [
        {
            "class": "knife",
            "visibility": 1.0,
            "location": [
                0.9607420563697815,
                -0.684018611907959,
                81.10906219482422
            ],
            "quaternion_xyzw": [
                0.8326619863510132,
                -0.13709861040115357,
                0.0870136171579361,
                0.5294397473335266
            ],
            "pose_transform_permuted": [
                [ 0.9472652, -0.3204505, -0.000265047, 0 ],
                [ -0.1361767, -0.4017947, -0.9055476, 0 ],
                [ 0.2900768, 0.8578298, -0.424244, 0 ],
                [ 0.9607421, -0.6840186, 81.10906, 1 ]
            ],
            "cuboid_centroid": [
                0.9607420563697815,
                -0.684018611907959,
                81.10906219482422
            ],
            "projected_cuboid_centroid": [
                334.14605712890627,
                229.928466796875
            ],
            "bounding_box": {
                "top_left": [
                    212.51329040527345,
                    203.231689453125
                ],
                "bottom_right": [
                    451.5197448730469,
                    258.76708984375
                ]
            },
            "cuboid": [
                [ -7.153051, 0.3652153, 79.81739 ],
                [ 8.38869, -1.869032, 84.57666 ],
                [ 9.074745, -1.008821, 82.74011 ],
                [ -6.466989, 1.225427, 77.98083 ],
                [ -7.153262, -0.3592175, 79.478 ],
                [ 8.388479, -2.593466, 84.23727 ],
                [ 9.074536, -1.733252, 82.40073 ],
                [ -6.467202, 0.5009971, 77.64145 ]
            ],
            "projected_cuboid": [
                [ 212.9735, 245.4645 ],
                [ 438.4517, 213.6085 ],
                [ 450.9833, 225.4388 ],
                [ 220.9597, 258.7671 ],
                [ 212.5133, 234.6023 ],
                [ 438.9259, 203.2317 ],
                [ 451.5197, 214.8795 ],
                [ 220.5235, 247.7062 ]
            ]
        }
    ]
}