{
    "camera_data": {
        "location_worldframe": [
            32.04670715332031,
            28.00946807861328,
            -23.74876594543457
        ],
        "quaternion_xyzw_worldframe": [
            0.15682700276374818,
            -0.6964466571807861,
            0.16022275388240815,
            0.6816861629486084
        ]
    },
    "objects": [
        {
            "class": "knife",
            "visibility": 0.9408875703811646,
            "location": [
                0.6712862849235535,
                1.0586516857147217,
                60.13352966308594
            ],
            "quaternion_xyzw": [
                0.8487392067909241,
                -0.006423537153750658,
                0.003031234722584486,
                0.528764009475708
            ],
            "pose_transform_permuted": [
                [ 0.9998991, -0.01410943, -0.001647615, 0 ],
                [ -0.0076982, -0.4407349, -0.8976044, 0 ],
                [ 0.01193853, 0.8975266, -0.440799, 0 ],
                [ 0.6712863, 1.058652, 60.13353, 1 ]
            ],
            "cuboid_centroid": [
                0.6712862849235535,
                1.0586516857147217,
                60.13352966308594
            ],
            "projected_cuboid_centroid": [
                333.331787109375,
                261.02490234375
            ],
            "bounding_box": {
                "top_left": [
                    167.58303833007813,
                    243.22314453125
                ],
                "bottom_right": [
                    499.62799072265627,
                    279.35693359375
                ]
            },
            "cuboid": [
                [ -7.545813, 1.009054, 61.17268 ],
                [ 8.859492, 0.8827459, 61.36855 ],
                [ 8.8897, 1.826325, 59.44701 ],
                [ -7.515605, 1.952632, 59.25114 ],
                [ -7.547129, 0.2909783, 60.82004 ],
                [ 8.858177, 0.164674, 61.01591 ],
                [ 8.888382, 1.108251, 59.09438 ],
                [ -7.516922, 1.234555, 58.89851 ]
            ],
            "projected_cuboid": [
                [ 172.6853, 259.6995 ],
                [ 492.4092, 257.1786 ],
                [ 498.5889, 276.6898 ],
                [ 168.5167, 279.3569 ],
                [ 171.8053, 245.7136 ],
                [ 493.3799, 243.2231 ],
                [ 499.628, 262.397 ],
                [ 167.583, 265.0325 ]
            ]
        }
    ]
}