{
    "camera_data": {
        "location_worldframe": [
            43.659942626953128,
            220.55072021484376,
            -12.108528137207032
        ],
        "quaternion_xyzw_worldframe": [
            0.4873752295970917,
            -0.3864801526069641,
            0.2543555796146393,
            0.7405415773391724
        ]
    },
    "objects": [
        {
            "class": "small_plates",
            "visibility": 1.0,
            "location": [
                -3.715977430343628,
                -1.1940168142318726,
                234.48733520507813
            ],
            "quaternion_xyzw": [
                0.9777208566665649,
                0.015206964686512947,
                -0.0032246368937194349,
                0.20933277904987336
            ],
            "pose_transform_permuted": [
                [ 0.9995167, 0.03108638, 6.104307E-05, 0 ],
                [ 0.02838629, -0.911897, -0.4094361, 0 ],
                [ -0.01267222, 0.40924, -0.9123387, 0 ],
                [ -3.715977, -1.194017, 234.4873, 1 ]
            ],
            "cuboid_centroid": [
                -3.715977430343628,
                -1.1940168142318726,
                234.48733520507813
            ],
            "projected_cuboid_centroid": [
                301.0743408203125,
                233.9188232421875
            ],
            "bounding_box": {
                "top_left": [
                    273.2354431152344,
                    218.364990234375
                ],
                "bottom_right": [
                    328.0709533691406,
                    248.8973388671875
                ]
            },
            "cuboid": [
                [ -8.939805, 0.1296764, 239.6454 ],
                [ 1.553299, 0.4276932, 239.5124 ],
                [ 1.507209, 1.779872, 238.9055 ],
                [ -8.985902, 1.481875, 239.0386 ],
                [ -8.93916, -4.167903, 230.0691 ],
                [ 1.553939, -3.869904, 229.9361 ],
                [ 1.50785, -2.517726, 229.3293 ],
                [ -8.985262, -2.815723, 229.4623 ]
            ],
            "projected_cuboid": [
                [ 275.4491, 240.6462 ],
                [ 327.7451, 242.1326 ],
                [ 327.5343, 248.8973 ],
                [ 275.1057, 247.4036 ],
                [ 273.5981, 218.365 ],
                [ 328.071, 219.9003 ],
                [ 327.8523, 226.8887 ],
                [ 273.2354, 225.3453 ]
            ]
        },
        {
            "class": "small_fork",
            "visibility": 1.0,
            "location": [
                -13.8677396774292,
                57.39628219604492,
                213.9517364501953
            ],
            "quaternion_xyzw": [
                0.6660491824150086,
                -0.045155949890613559,
                -0.7056052088737488,
                0.2376144826412201
            ],
            "pose_transform_permuted": [
                [ 0.0001644795, 0.2751718, -0.961395, 0 ],
                [ -0.3954762, -0.8830004, -0.2528013, 0 ],
                [ -0.9184762, 0.3802504, 0.1086788, 0 ],
                [ -13.86774, 57.39628, 213.9517, 1 ]
            ],
            "cuboid_centroid": [
                -13.8677396774292,
                57.39628219604492,
                213.9517364501953
            ],
            "projected_cuboid_centroid": [
                242.5917205810547,
                560.3800659179688
            ],
            "bounding_box": {
                "top_left": [
                    229.5604705810547,
                    526.4789428710938
                ],
                "bottom_right": [
                    255.25469970703126,
                    594.7401123046875
                ]
            },
            "cuboid": [
                [ -11.76541, 52.6634, 217.0182 ],
                [ -11.7651, 51.9164, 215.2834 ],
                [ -15.02516, 62.37764, 210.7784 ],
                [ -15.02547, 63.12463, 212.5133 ],
                [ -12.71032, 52.41494, 217.1251 ],
                [ -12.71001, 51.66793, 215.3902 ],
                [ -15.97007, 62.12917, 210.8852 ],
                [ -15.97038, 62.87616, 212.6201 ]
            ],
            "projected_cuboid": [
                [ 255.2547, 529.8079 ],
                [ 254.7347, 527.9995 ],
                [ 234.8685, 593.4275 ],
                [ 235.5617, 594.7401 ],
                [ 250.0892, 528.2987 ],
                [ 249.5279, 526.4789 ],
                [ 229.5605, 591.8414 ],
                [ 230.2967, 593.1663 ]
            ]
        },
        {
            "class": "small_spoon",
            "visibility": 1.0,
            "location": [
                -13.770793914794922,
                18.14052391052246,
                231.0415802001953
            ],
            "quaternion_xyzw": [
                -0.9759848117828369,
                0.08257157355546951,
                -0.01710527203977108,
                -0.2008557766675949
            ],
            "pose_transform_permuted": [
                [ 0.9857787, -0.1680486, 0.0002190173, 0 ],
                [ -0.1543058, -0.9056779, -0.3948892, 0 ],
                [ 0.06655893, 0.3892395, -0.9187288, 0 ],
                [ -13.77079, 18.14052, 231.0416, 1 ]
            ],
            "cuboid_centroid": [
                -13.770793914794922,
                18.14052391052246,
                231.0415802001953
            ],
            "projected_cuboid_centroid": [
                248.81863403320313,
                333.7685546875
            ],
            "bounding_box": {
                "top_left": [
                    216.97891235351563,
                    321.074462890625
                ],
                "bottom_right": [
                    280.4969177246094,
                    346.4853515625
                ]
            },
            "cuboid": [
                [ -19.88021, 18.15284, 231.8783 ],
                [ -8.112484, 16.31083, 232.6728 ],
                [ -7.661713, 18.74019, 231.6288 ],
                [ -19.42944, 20.58224, 230.8342 ],
                [ -19.87987, 17.54083, 230.4544 ],
                [ -8.112146, 15.69879, 231.2489 ],
                [ -7.661377, 18.12817, 230.2049 ],
                [ -19.4291, 19.97021, 229.4103 ]
            ],
            "projected_cuboid": [
                [ 217.6098, 333.4937 ],
                [ 278.3605, 323.7197 ],
                [ 280.4969, 336.6227 ],
                [ 219.4788, 346.4854 ],
                [ 216.9789, 330.8998 ],
                [ 278.1058, 321.0745 ],
                [ 280.2543, 334.0453 ],
                [ 218.8567, 343.9602 ]
            ]
        },
        {
            "class": "big_spoon",
            "visibility": 1.0,
            "location": [
                4.738399982452393,
                57.096683502197269,
                214.05494689941407
            ],
            "quaternion_xyzw": [
                0.20179910957813264,
                0.021550321951508523,
                0.10550622642040253,
                -0.9734891653060913
            ],
            "pose_transform_permuted": [
                [ 0.976808, 0.214116, 0.0006241128, 0 ],
                [ -0.1967207, 0.8962911, 0.3974459, 0 ],
                [ 0.08454014, -0.3883511, 0.9176254, 0 ],
                [ 4.7384, 57.09668, 214.0549, 1 ]
            ],
            "cuboid_centroid": [
                4.738399982452393,
                57.096683502197269,
                214.05494689941407
            ],
            "projected_cuboid_centroid": [
                346.4364929199219,
                558.5540771484375
            ],
            "bounding_box": {
                "top_left": [
                    303.70355224609377,
                    539.2846069335938
                ],
                "bottom_right": [
                    389.3913269042969,
                    577.8943481445313
                ]
            },