{
    "camera_data": {
        "location_worldframe": [
            -18.51191520690918,
            43.651954650878909,
            54.63462448120117
        ],
        "quaternion_xyzw_worldframe": [
            -0.012617863714694977,
            0.9569602012634277,
            -0.28687331080436709,
            -0.04209102690219879
        ]
    },
    "objects": [
        {
            "class": "big_spoon",
            "visibility": 1.0,
            "location": [
                0.38279488682746889,
                -1.231896162033081,
                77.46237182617188
            ],
            "quaternion_xyzw": [
                0.6449158191680908,
                0.2099311798810959,
                -0.708701491355896,
                -0.19430571794509889
            ],
            "pose_transform_permuted": [
                [ -0.09265785, -0.004633605, -0.9956872, 0 ],
                [ 0.5461854, -0.8363485, -0.04693541, 0 ],
                [ -0.8325239, -0.5481788, 0.08002497, 0 ],
                [ 0.3827949, -1.231896, 77.46237, 1 ]
            ],
            "cuboid_centroid": [
                0.38279488682746889,
                -1.231896162033081,
                77.46237182617188
            ],
            "projected_cuboid_centroid": [
                325.9016418457031,
                221.007568359375
            ],
            "bounding_box": {
                "top_left": [
                    298.2759094238281,
                    142.6146240234375
                ],
                "bottom_right": [
                    349.33502197265627,
                    311.0789794921875
                ]
            },
            "cuboid": [
                [ 2.030836, -6.66361, 82.67725 ],
                [ 0.6482061, 1.486508, 70.25443 ],
                [ 0.6637416, 4.290752, 72.09245 ],
                [ 2.046375, -3.859367, 84.51527 ],
                [ 0.1018486, -6.754542, 82.83229 ],
                [ -1.280782, 1.395574, 70.40946 ],
                [ -1.265246, 4.19982, 72.24748 ],
                [ 0.1173879, -3.950293, 84.67031 ]
            ],
            "projected_cuboid": [
                [ 349.335, 143.7455 ],
                [ 331.0189, 265.2692 ],
                [ 330.9953, 311.079 ],
                [ 348.9166, 185.4646 ],
                [ 321.4684, 142.6146 ],
                [ 298.2759, 263.6711 ],
                [ 299.0854, 309.4233 ],
                [ 321.6557, 184.282 ]
            ]
        },
        {
            "class": "knife",
            "visibility": 0.0,
            "location": [
                -46.27637481689453,
                -0.4376773238182068,
                78.59807586669922
            ],
            "quaternion_xyzw": [
                -0.40780073404312136,
                0.7800185084342957,
                -0.4216901659965515,
                -0.2178235799074173
            ],
            "pose_transform_permuted": [
                [ -0.572503, -0.8198923, 0.004118264, 0 ],
                [ -0.4524761, 0.3117519, -0.8355095, 0 ],
                [ 0.683744, -0.480195, -0.5494606, 0 ],
                [ -46.27637, -0.4376773, 78.59808, 1 ]
            ],
            "cuboid_centroid": [
                -46.27637481689453,
                -0.4376773238182068,
                78.59807586669922
            ],
            "projected_cuboid_centroid": [
                -383.14508056640627,
                233.3497314453125
            ],
            "bounding_box": {
                "top_left": [
                    -421.80419921875,
                    171.914794921875
                ],
                "bottom_right": [
                    -339.37286376953127,
                    304.7625732421875
                ]
            },
            "cuboid": [
                [ -42.45916, 3.942118, 72.69475 ],
                [ -51.8522, -3.481641, 83.91291 ],
                [ -50.09688, -4.149075, 84.94097 ],
                [ -40.70384, 3.274682, 73.72281 ],
                [ -42.45586, 3.273716, 72.25518 ],
                [ -51.8489, -4.150038, 83.47334 ],
                [ -50.09357, -4.817471, 84.5014 ],
                [ -40.70055, 2.606283, 73.28324 ]
            ],
            "projected_cuboid": [
                [ -377.5349, 304.7626 ],
                [ -417.9652, 190.449 ],
                [ -384.3539, 181.6647 ],
                [ -339.3729, 293.0475 ],
                [ -381.7238, 294.109 ],
                [ -421.8042, 180.6252 ],
                [ -387.9713, 171.9148 ],
                [ -343.2742, 282.4731 ]
            ]
        },
        {
            "class": "wine_glass",
            "visibility": 0.0,
            "location": [
                -37.485328674316409,
                -9.095547676086426,
                85.24683380126953
            ],
            "quaternion_xyzw": [
                0.5883963704109192,
                0.6548087000846863,
                -0.35284143686294558,
                0.3170459568500519
            ],
            "pose_transform_permuted": [
                [ -0.106543, 0.9943081, -1.233816E-05, 0 ],
                [ 0.5468403, 0.05858524, -0.8351847, 0 ],
                [ -0.8304302, -0.08898988, -0.5499695, 0 ],
                [ -37.48533, -9.095548, 85.24683, 1 ]
            ],
            "cuboid_centroid": [
                -37.485328674316409,
                -9.095547676086426,
                85.24683380126953
            ],
            "projected_cuboid_centroid": [
                -205.14663696289063,
                112.576904296875
            ],
            "bounding_box": {
                "top_left": [
                    -356.87689208984377,
                    34.020263671875
                ],
                "bottom_right": [
                    -69.49447631835938,
                    194.526123046875
                ]
            },
            "cuboid": [
                [ -29.35785, -7.50443, 90.01617 ],
                [ -30.20092, -3.17735, 83.44508 ],
                [ -45.61271, -4.085422, 84.82442 ],
                [ -44.76964, -8.412498, 91.39552 ],
                [ -29.35796, -14.10567, 85.66926 ],
                [ -30.20102, -9.778582, 79.09817 ],
                [ -45.61279, -10.68665, 80.4775 ],
                [ -44.76974, -15.01374, 87.0486 ]
            ],
            "projected_cuboid": [
                [ -69.49448, 140.4377 ],
                [ -112.2321, 194.5261 ],
                [ -322.1884, 182.4807 ],
                [ -265.0005, 130.0747 ],
                [ -89.25911, 43.36255 ],
                [ -135.9872, 92.35901 ],
                [ -356.8769, 81.41406 ],
                [ -294.2148, 34.02026 ]
            ]
        }
    ]
}