{
    "camera_data": {
        "location_worldframe": [
            64.31521606445313,
            168.609375,
            5.242901802062988
        ],
        "quaternion_xyzw_worldframe": [
            0.3226850926876068,
            -0.6673568487167358,
            0.39897510409355166,
            0.5397481918334961
        ]
    },
    "objects": [
        {
            "class": "big_spoon",
            "visibility": 1.0,
            "location": [
                3.2571330070495607,
                -0.6686744093894959,
                189.42779541015626
            ],
            "quaternion_xyzw": [
                -0.8408047556877136,
                -0.0985761433839798,
                0.167588472366333,
                0.5052168369293213
            ],
            "pose_transform_permuted": [
                [ 0.9243937, -0.003570452, -0.381423, 0 ],
                [ 0.3351036, -0.4700771, 0.816537, 0 ],
                [ -0.1822137, -0.8826179, -0.4333398, 0 ],
                [ 3.257133, -0.6686744, 189.4278, 1 ]
            ],
            "cuboid_centroid": [
                3.2571330070495607,
                -0.6686744093894959,
                189.42779541015626
            ],
            "projected_cuboid_centroid": [
                340.53472900390627,
                235.7843017578125
            ],
            "bounding_box": {
                "top_left": [
                    294.61376953125,
                    210.1138916015625
                ],
                "bottom_right": [
                    387.16571044921877,
                    261.5360107421875
                ]
            },
            "cuboid": [
                [ -3.276228, -4.747901, 189.7274 ],
                [ 10.51747, 0.2524901, 187.0084 ],
                [ 10.52944, 1.82864, 189.9678 ],
                [ -3.264254, -3.171744, 192.6867 ],
                [ -4.015178, -3.165992, 188.8878 ],
                [ 9.778525, 1.834392, 186.1689 ],
                [ 9.790496, 3.410547, 189.1282 ],
                [ -4.003204, -1.589827, 191.8472 ]
            ],
            "projected_cuboid": [
                [ 299.3775, 210.1139 ],
                [ 387.1657, 241.6124 ],
                [ 386.1946, 251.496 ],
                [ 299.7684, 220.3418 ],
                [ 294.6138, 219.9828 ],
                [ 382.7283, 251.7675 ],
                [ 381.8224, 261.536 ],
                [ 295.0799, 230.1033 ]
            ]
        },
        {
            "class": "knife",
            "visibility": 1.0,
            "location": [
                -10.956194877624512,
                39.09026336669922,
                169.52288818359376
            ],
            "quaternion_xyzw": [
                -0.1500554233789444,
                -0.9575600028038025,
                0.24308925867080689,
                -0.03833818808197975
            ],
            "pose_transform_permuted": [
                [ -0.9520271, 0.3060133, 0.0004685074, 0 ],
                [ 0.2687349, 0.836782, -0.4770508, 0 ],
                [ -0.146376, -0.4540394, -0.8788756, 0 ],
                [ -10.95619, 39.09026, 169.5229, 1 ]
            ],
            "cuboid_centroid": [
                -10.956194877624512,
                39.09026336669922,
                169.52288818359376
            ],
            "projected_cuboid_centroid": [
                242.81570434570313,
                515.3834228515625
            ],
            "bounding_box": {
                "top_left": [
                    184.63839721679688,
                    490.2271728515625
                ],
                "bottom_right": [
                    300.26568603515627,
                    540.9390869140625
                ]
            },
            "cuboid": [
                [ -2.818875, 37.97226, 170.5892 ],
                [ -18.43874, 42.38138, 168.1876 ],
                [ -19.09389, 40.5899, 169.1597 ],
                [ -3.474023, 36.18078, 171.5613 ],
                [ -2.818498, 37.59063, 169.8861 ],
                [ -18.43837, 41.99974, 167.4845 ],
                [ -19.09352, 40.20826, 168.4566 ],
                [ -3.473653, 35.79915, 170.8582 ]
            ],
            "projected_cuboid": [
                [ 300.2657, 505.8352 ],
                [ 189.0713, 540.9391 ],
                [ 185.1984, 526.562 ],
                [ 295.817, 491.8583 ],
                [ 300.1867, 504.2526 ],
                [ 188.5244, 539.4811 ],
                [ 184.6384, 525.0525 ],
                [ 295.72, 490.2272 ]
            ]
        },
        {
            "class": "wine_glass",
            "visibility": 1.0,
            "location": [
                -18.229175567626954,
                27.325408935546876,
                171.78981018066407
            ],
            "quaternion_xyzw": [
                0.9499109983444214,
                0.195159450173378,
                -0.04920888692140579,
                0.23908235132694245
            ],
            "pose_transform_permuted": [
                [ 0.9189826, 0.3942982, -0.0001697689, 0 ],
                [ 0.3472383, -0.8095048, -0.4734211, 0 ],
                [ -0.1868065, 0.4350068, -0.8808362, 0 ],
                [ -18.22918, 27.32541, 171.7898, 1 ]
            ],
            "cuboid_centroid": [
                -18.229175567626954,
                27.325408935546876,
                171.78981018066407
            ],
            "projected_cuboid_centroid": [
                193.27359008789063,
                429.9620361328125
            ],
            "bounding_box": {
                "top_left": [
                    140.3564453125,
                    363.3394775390625
                ],
                "bottom_right": [
                    242.55398559570313,
                    497.074462890625
                ]
            },
            "cuboid": [
                [ -18.80859, 21.54885, 179.3812 ],
                [ -11.53679, 24.29651, 177.903 ],
                [ -17.64841, 36.84383, 171.1604 ],
                [ -24.92021, 34.09618, 172.6386 ],
                [ -18.80993, 17.80697, 172.4192 ],
                [ -11.53813, 20.55463, 170.941 ],
                [ -17.64976, 33.10195, 164.1984 ],
                [ -24.92156, 30.3543, 165.6766 ]
            ],
            "projected_cuboid": [
                [ 194.7791, 383.4646 ],
                [ 242.554, 403.1016 ],
                [ 196.8598, 497.0745 ],
                [ 147.6103, 475.866 ],
                [ 189.7136, 363.3395 ],
                [ 239.3904, 383.6022 ],
                [ 191.6289, 480.7589 ],
                [ 140.3564, 458.8047 ]
            ]
        }
    ]
}