{
    "camera_data": {
        "location_worldframe": [
            -45.66586685180664,
            97.90770721435547,
            -44.772117614746097
        ],
        "quaternion_xyzw_worldframe": [
            0.44050097465515139,
            0.24590261280536652,
            -0.12683109939098359,
            0.854051947593689
        ]
    },
    "objects": [
        {
            "class": "big_spoon",
            "visibility": 1.0,
            "location": [
                1.5510377883911133,
                2.133002519607544,
                116.12248229980469
            ],
            "quaternion_xyzw": [
                -0.3275828957557678,
                -0.6093371510505676,
                -0.31753918528556826,
                -0.6485109329223633
            ],
            "pose_transform_permuted": [
                [ 0.05575421, -0.01263842, 0.9983644, 0 ],
                [ 0.8110721, 0.5837166, -0.03790534, 0 ],
                [ -0.5822828, 0.811859, 0.04279537, 0 ],
                [ 1.551038, 2.133003, 116.1225, 1 ]
            ],
            "cuboid_centroid": [
                1.5510377883911133,
                2.133002519607544,
                116.12248229980469
            ],
            "projected_cuboid_centroid": [
                335.9515686035156,
                261.936767578125
            ],
            "bounding_box": {
                "top_left": [
                    321.43939208984377,
                    190.5479736328125
                ],
                "bottom_right": [
                    351.9520568847656,
                    337.14404296875
                ]
            },
            "cuboid": [
                [ 0.1467854, -2.903066, 121.7865 ],
                [ 0.9787394, 9.199675, 113.0977 ],
                [ 1.021115, 7.242493, 110.3756 ],
                [ 0.1891614, -4.860241, 119.0644 ],
                [ 2.080959, -2.976496, 121.8694 ],
                [ 2.912913, 9.126236, 113.1806 ],
                [ 2.955292, 7.169059, 110.4585 ],
                [ 2.123335, -4.933677, 119.1473 ]
            ],
            "projected_cuboid": [
                [ 321.4394, 211.5321 ],
                [ 330.335, 337.144 ],
                [ 331.0484, 318.3633 ],
                [ 321.8973, 191.2501 ],
                [ 340.3923, 210.8319 ],
                [ 350.7364, 336.298 ],
                [ 351.9521, 317.5105 ],
                [ 341.283, 190.548 ]
            ]
        }
    ]
}