{
    "camera_data": {
        "location_worldframe": [
            -35.36545944213867,
            219.78741455078126,
            17.157245635986329
        ],
        "quaternion_xyzw_worldframe": [
            0.36868688464164736,
            0.6310356855392456,
            -0.4707079827785492,
            0.4942651689052582
        ]
    },
    "objects": [
        {
            "class": "bowl",
            "visibility": 1.0,
            "location": [
                -1.0804321765899659,
                1.5598336458206177,
                226.2004852294922
            ],
            "quaternion_xyzw": [
                0.49142372608184817,
                -0.4566676616668701,
                -0.3407546877861023,
                0.6586679816246033
            ],
            "pose_transform_permuted": [
                [ 0.3506818, 5.373359E-05, -0.9364946, 0 ],
                [ -0.8977231, 0.2847779, -0.3361469, 0 ],
                [ 0.2666748, 0.9585935, 0.09991473, 0 ],
                [ -1.080432, 1.559834, 226.2005, 1 ]
            ],
            "cuboid_centroid": [
                -1.0804321765899659,
                1.5598336458206177,
                226.2004852294922
            ],
            "projected_cuboid_centroid": [
                314.29571533203127,
                248.2353515625
            ],
            "bounding_box": {
                "top_left": [
                    271.1737365722656,
                    204.378662109375
                ],
                "bottom_right": [
                    356.91424560546877,
                    292.1905517578125
                ]
            },
            "cuboid": [
                [ 2.578997, 9.874181, 225.9471 ],
                [ 6.961296, -1.344222, 229.2796 ],
                [ 6.961064, -2.55454, 225.2055 ],
                [ 2.578774, 8.663876, 221.873 ],
                [ -9.121922, 5.674227, 227.1954 ],
                [ -4.739628, -5.544158, 230.5279 ],
                [ -4.739854, -6.754489, 226.4539 ],
                [ -9.122149, 4.463911, 223.1214 ]
            ],
            "projected_cuboid": [
                [ 333.6314, 292.1906 ],
                [ 356.2595, 232.9983 ],
                [ 356.9142, 226.4534 ],
                [ 333.8806, 286.6343 ],
                [ 272.0505, 269.8267 ],
                [ 295.4462, 211.2783 ],
                [ 295.0033, 204.3787 ],
                [ 271.1737, 263.8931 ]
            ]
        },
        {
            "class": "teacup",
            "visibility": 0.0,
            "location": [
                35.43220520019531,
                13.204535484313965,
                222.2989044189453
            ],
            "quaternion_xyzw": [
                -0.6928142309188843,
                -0.30060815811157229,
                0.4037456214427948,
                0.5163649320602417
            ],
            "pose_transform_permuted": [
                [ 0.4932484, -0.0004289448, -0.8698884, 0 ],
                [ 0.8334913, -0.2860042, 0.4727515, 0 ],
                [ -0.2489944, -0.9582283, -0.1407136, 0 ],
                [ 35.43221, 13.20454, 222.2989, 1 ]
            ],
            "cuboid_centroid": [
                35.43220520019531,
                13.204535484313965,
                222.2989044189453
            ],
            "projected_cuboid_centroid": [
                510.3524169921875,
                310.938720703125
            ],
            "bounding_box": {
                "top_left": [
                    482.0098571777344,
                    280.0069580078125
                ],
                "bottom_right": [
                    539.486083984375,
                    341.61279296875
                ]
            },
            "cuboid": [
                [ 36.07355, 7.41574, 221.3688 ],
                [ 40.29277, 14.5454, 219.239 ],
                [ 40.29497, 16.00208, 224.1194 ],
                [ 36.07572, 8.872412, 226.2492 ],
                [ 30.56945, 10.40701, 220.4785 ],
                [ 34.78868, 17.53668, 218.3486 ],
                [ 34.79086, 18.99334, 223.229 ],
                [ 30.57163, 11.86366, 225.3589 ]
            ],
            "projected_cuboid": [
                [ 514.6121, 280.007 ],
                [ 539.4861, 319.2329 ],
                [ 534.7183, 325.2697 ],
                [ 510.4257, 286.833 ],
                [ 485.5842, 296.3712 ],
                [ 510.2765, 335.9167 ],
                [ 506.1282, 341.6128 ],
                [ 482.0099, 302.8698 ]
            ]
        },
        {
            "class": "teacup",
            "visibility": 1.0,
            "location": [
                -15.547211647033692,
                52.86524200439453,
                209.8631591796875
            ],
            "quaternion_xyzw": [
                0.11184339970350266,
                0.09083416312932968,
                0.6305970549583435,
                -0.762618899345398
            ],
            "pose_transform_permuted": [
                [ 0.188193, 0.9821289, 0.002512544, 0 ],
                [ -0.9414921, 0.1796768, 0.2851473, 0 ],
                [ 0.2795999, -0.05602827, 0.9584804, 0 ],
                [ -15.54721, 52.86524, 209.8632, 1 ]
            ],
            "cuboid_centroid": [
                -15.547211647033692,
                52.86524200439453,
                209.8631591796875
            ],
            "projected_cuboid_centroid": [
                231.5263671875,
                540.8372192382813
            ],
            "bounding_box": {
                "top_left": [
                    210.53712463378907,
                    512.3833618164063
                ],
                "bottom_right": [
                    251.71401977539063,
                    568.83544921875
                ]
            },
            "cuboid": [
                [ -13.859, 56.44743, 205.4923 ],
                [ -12.2492, 48.39392, 207.884 ],
                [ -17.25131, 47.4788, 208.1693 ],
                [ -18.86112, 55.53232, 205.7776 ],
                [ -13.8431, 58.25167, 211.5569 ],
                [ -12.2333, 50.19816, 213.9486 ],
                [ -17.23541, 49.28304, 214.234 ],
                [ -18.84522, 57.33655, 211.8423 ]
            ],
            "projected_cuboid": [
                [ 239.4559, 568.0547 ],
                [ 249.6306, 518.0145 ],
                [ 221.0301, 512.3834 ],
                [ 210.5371, 562.2888 ],
                [ 241.8546, 568.8354 ],
                [ 251.714, 520.205 ],
                [ 223.9205, 514.7303 ],
                [ 213.7605, 563.2335 ]
            ]
        },
        {
            "class": "mug",
            "visibility": 1.0,
            "location": [
                -7.81400728225708,
                54.49392318725586,
                205.8601837158203
            ],
            "quaternion_xyzw": [
                -0.37357330322265627,
                0.7040383815765381,
                0.5934292674064636,
                0.11231528222560883
            ],
            "pose_transform_permuted": [
                [ -0.6956567, -0.6593222, -0.2852301, 0 ],
                [ -0.3927175, 0.01656935, 0.9195099, 0 ],
                [ -0.6015272, 0.751678, -0.2704541, 0 ],
                [ -7.814007, 54.49392, 205.8602, 1 ]
            ],
            "cuboid_centroid": [
                -7.81400728225708,
                54.49392318725586,
                205.8601837158203
            ],
            "projected_cuboid_centroid": [
                274.6686096191406,
                556.135498046875
            ],
            "bounding_box": {
                "top_left": [
                    230.64720153808595,
                    521.75634765625
                ],
                "bottom_right": [
                    318.0123596191406,
                    590.7045288085938
                ]
            },