{
    "camera_data": {
        "location_worldframe": [
            33.003807067871097,
            22.971715927124025,
            -3.397965431213379
        ],
        "quaternion_xyzw_worldframe": [
            0.20577044785022736,
            -0.057484954595565799,
            0.012109208852052689,
            0.9768354296684265
        ]
    },
    "objects": [
        {
            "class": "water_glass",
            "visibility": 1.0,
            "location": [
                -3.853524923324585,
                1.4309890270233155,
                47.768218994140628
            ],
            "quaternion_xyzw": [
                -0.7013546824455261,
                0.6798759698867798,
                0.18740525841712953,
                0.10368029028177262
            ],
            "pose_transform_permuted": [
                [ 0.005295865, -0.9925289, -0.1218956, 0 ],
                [ -0.914808, -0.05403823, 0.400258, 0 ],
                [ -0.4038546, 0.1093914, -0.9082595, 0 ],
                [ -3.853525, 1.430989, 47.76822, 1 ]
            ],
            "cuboid_centroid": [
                -3.853524923324585,
                1.4309890270233155,
                47.768218994140628
            ],
            "projected_cuboid_centroid": [
                223.65777587890626,
                275.7762451171875
            ],
            "bounding_box": {
                "top_left": [
                    147.2938690185547,
                    207.5345458984375
                ],
                "bottom_right": [
                    292.8592529296875,
                    347.783935546875
                ]
            },
            "cuboid": [
                [ -6.101646, 2.324189, 50.66557 ],
                [ -6.080472, -1.333431, 49.05086 ],
                [ -1.117827, -1.063241, 48.50391 ],
                [ -1.138999, 2.59438, 50.11861 ],
                [ -6.589225, 3.925219, 47.03253 ],
                [ -6.568051, 0.2675996, 45.41782 ],
                [ -1.60541, 0.5377895, 44.87087 ],
                [ -1.626581, 4.195413, 46.48557 ]
            ],
            "projected_cuboid": [
                [ 176.1759, 294.7843 ],
                [ 171.9569, 207.5345 ],
                [ 292.477, 213.821 ],
                [ 292.8593, 301.8204 ],
                [ 152.6855, 339.6697 ],
                [ 147.2939, 247.0365 ],
                [ 277.2714, 254.3135 ],
                [ 278.2117, 347.7839 ]
            ]
        },
        {
            "class": "mug",
            "visibility": 0.49125298857688906,
            "location": [
                -12.168478012084961,
                -0.7485660910606384,
                47.74018478393555
            ],
            "quaternion_xyzw": [
                -0.4792647361755371,
                -0.6870511174201965,
                0.44773340225219729,
                -0.3127312660217285
            ],
            "pose_transform_permuted": [
                [ -0.3450089, 0.9385992, 0.0005590618, 0 ],
                [ 0.3785183, 0.1396802, -0.9149936, 0 ],
                [ -0.8588904, -0.3154693, -0.4034679, 0 ],
                [ -12.16848, -0.7485661, 47.74018, 1 ]
            ],
            "cuboid_centroid": [
                -12.168478012084961,
                -0.7485660910606384,
                47.74018478393555
            ],
            "projected_cuboid_centroid": [
                15.596466064453125,
                221.2740478515625
            ],
            "bounding_box": {
                "top_left": [
                    -173.93429565429688,
                    78.75830078125
                ],
                "bottom_right": [
                    167.95330810546876,
                    392.2144775390625
                ]
            },
            "cuboid": [
                [ -6.738916, 1.337442, 52.93106 ],
                [ -10.56302, 5.532974, 43.41105 ],
                [ -17.60251, 4.485371, 45.77707 ],
                [ -13.77841, 0.2898427, 55.29708 ],
                [ -6.734439, -5.982506, 49.70331 ],
                [ -10.55854, -1.786974, 40.1833 ],
                [ -17.59804, -2.834576, 42.54932 ],
                [ -13.77394, -7.030105, 52.06933 ]
            ],
            "projected_cuboid": [
                [ 167.9533, 270.176 ],
                [ 29.40695, 392.2145 ],
                [ -139.2237, 357.0167 ],
                [ 22.42636, 246.2598 ],
                [ 158.1869, 96.25415 ],
                [ 6.197815, 186.8907 ],
                [ -173.9343, 160.4403 ],
                [ 4.082546, 78.7583 ]
            ]
        },
        {
            "class": "small_plates",
            "visibility": 0.0,
            "location": [
                -69.58098602294922,
                15.649782180786133,
                18.62167739868164
            ],
            "quaternion_xyzw": [
                -0.04074190557003021,
                0.9593314528465271,
                0.20124992728233338,
                -0.19370536506175996
            ],
            "pose_transform_permuted": [
                [ -0.9216367, -0.000203602, -0.3880539, 0 ],
                [ -0.1561364, 0.9156771, 0.3703469, 0 ],
                [ 0.3552567, 0.4019146, -0.8439534, 0 ],
                [ -69.58099, 15.64978, 18.62168, 1 ]
            ],
            "cuboid_centroid": [
                -69.58098602294922,
                15.649782180786133,
                18.62167739868164
            ],
            "projected_cuboid_centroid": [
                -4142.408203125,
                1243.6610107421875
            ],
            "bounding_box": {
                "top_left": [
                    -6309.60546875,
                    832.2191162109375
                ],
                "bottom_right": [
                    -3108.41796875,
                    2045.8973388671875
                ]
            },
            "cuboid": [
                [ -62.70679, 15.2046, 21.48413 ],
                [ -72.38231, 13.56546, 25.21368 ],
                [ -72.382, 12.20766, 24.6177 ],
                [ -62.7065, 13.84681, 20.88815 ],
                [ -66.77998, 19.09191, 12.62565 ],
                [ -76.45548, 17.45276, 16.35521 ],
                [ -76.45516, 16.09497, 15.75923 ],
                [ -66.77968, 17.73411, 12.02968 ]
            ],
            "projected_cuboid": [
                [ -3165.735, 1085.191 ],
                [ -3108.418, 882.5334 ],
                [ -3191.402, 832.2191 ],
                [ -3265.172, 1031.675 ],
                [ -5996.695, 2045.897 ],
                [ -5262.775, 1514.4 ],
                [ -5473.877, 1459.699 ],
                [ -6309.605, 2000.568 ]
            ]
        },
        {
            "class": "knife",
            "visibility": 0.0,
            "location": [
                -56.73066329956055,
                28.215072631835939,
                -9.031163215637207
            ],
            "quaternion_xyzw": [
                -0.4616711735725403,
                0.292310506105423,
                0.44894498586654665,
                0.7070096731185913
            ],
            "pose_transform_permuted": [
                [ 0.4260059, -0.9047196, -0.001197219, 0 ],
                [ 0.3649142, 0.1706162, 0.9152746, 0 ],
                [ -0.8278626, -0.3903493, 0.4028286, 0 ],
                [ -56.73066, 28.21507, -9.031163, 1 ]
            ],
            "cuboid_centroid": [
                -56.73066329956055,
                28.215072631835939,
                -9.031163215637207
            ],
            "projected_cuboid_centroid": [
                7821.9072265625,
                -3491.083984375
            ],
            "bounding_box": {
                "top_left": [
                    4266.7958984375,
                    -18028.072265625
                ],
                "bottom_right": [
                    42930.4921875,
                    -2019.062255859375
                ]
            },