{
    "camera_data": {
        "location_worldframe": [
            24.42266845703125,
            95.4067611694336,
            23.992435455322267
        ],
        "quaternion_xyzw_worldframe": [
            -0.21149703860282899,
            0.7486588358879089,
            -0.5614721179008484,
            -0.2820071280002594
        ]
    },
    "objects": [
        {
            "class": "packet_cup",
            "visibility": 1.0,
            "location": [
                0.40682166814804079,
                3.228140354156494,
                94.37893676757813
            ],
            "quaternion_xyzw": [
                0.06262166798114777,
                0.12679830193519593,
                0.8875350952148438,
                -0.43849992752075198
            ],
            "pose_transform_permuted": [
                [ -0.6075927, 0.7942488, -4.42341E-05, 0 ],
                [ -0.7624875, -0.58328, 0.2799951, 0 ],
                [ 0.22236, 0.1701567, 0.9600014, 0 ],
                [ 0.4068217, 3.22814, 94.37894, 1 ]
            ],
            "cuboid_centroid": [
                0.40682166814804079,
                3.228140354156494,
                94.37893676757813
            ],
            "projected_cuboid_centroid": [
                325.1478576660156,
                280.848388671875
            ],
            "bounding_box": {
                "top_left": [
                    285.3214416503906,
                    232.92041015625
                ],
                "bottom_right": [
                    365.3265075683594,
                    326.259033203125
                ]
            },
            "cuboid": [
                [ 3.455886, 2.124313, 91.05519 ],
                [ 1.329311, -0.5443926, 91.83346 ],
                [ -2.641935, 2.372004, 90.98267 ],
                [ -0.5153602, 5.04071, 90.20441 ],
                [ 3.455581, 4.084285, 97.7752 ],
                [ 1.329006, 1.415572, 98.55346 ],
                [ -2.642241, 4.331972, 97.70269 ],
                [ -0.5156667, 7.00068, 96.92442 ]
            ],
            "projected_cuboid": [
                [ 365.3265, 267.8619 ],
                [ 337.2871, 232.9204 ],
                [ 285.3214, 271.1354 ],
                [ 313.1769, 306.7362 ],
                [ 362.2075, 289.8867 ],
                [ 336.1047, 257.1537 ],
                [ 287.7029, 292.9513 ],
                [ 313.6462, 326.259 ]
            ]
        }
    ]
}