{
    "camera_data": {
        "location_worldframe": [
            36.78713607788086,
            41.23430633544922,
            -19.02037239074707
        ],
        "quaternion_xyzw_worldframe": [
            0.296247273683548,
            -0.26690855622291567,
            0.08660938590765,
            0.9129601716995239
        ]
    },
    "objects": [
        {
            "class": "big_spoon",
            "visibility": 1.0,
            "location": [
                -0.46930137276649477,
                2.5841457843780519,
                64.33402252197266
            ],
            "quaternion_xyzw": [
                -0.4467017352581024,
                0.08623255044221878,
                0.16924118995666505,
                0.8742876648902893
            ],
            "pose_transform_permuted": [
                [ 0.9278427, -0.3729714, -0.000416562, 0 ],
                [ 0.2188905, 0.54363, 0.8102798, 0 ],
                [ -0.3019848, -0.7519034, 0.586043, 0 ],
                [ -0.4693014, 2.584146, 64.33402, 1 ]
            ],
            "cuboid_centroid": [
                -0.46930137276649477,
                2.5841457843780519,
                64.33402252197266
            ],
            "projected_cuboid_centroid": [
                311.2881774902344,
                287.970458984375
            ],
            "bounding_box": {
                "top_left": [
                    172.1582794189453,
                    226.771240234375
                ],
                "bottom_right": [
                    454.675537109375,
                    355.0435791015625
                ]
            },
            "cuboid": [
                [ -8.016759, 1.077509, 64.75888 ],
                [ 5.828402, 4.343767, 60.25269 ],
                [ 7.078961, 2.521001, 62.77379 ],
                [ -6.7662, -0.7452599, 67.27998 ],
                [ -8.017566, 2.647302, 65.89425 ],
                [ 5.827596, 5.913557, 61.38806 ],
                [ 7.078153, 4.090786, 63.90916 ],
                [ -6.767006, 0.8245287, 68.41535 ]
            ],
            "projected_cuboid": [
                [ 172.1583, 259.871 ],
                [ 435.5236, 326.0969 ],
                [ 454.6755, 287.9614 ],
                [ 199.8963, 226.7712 ],
                [ 174.691, 287.9792 ],
                [ 433.3713, 355.0436 ],
                [ 452.2679, 316.4436 ],
                [ 201.8753, 254.3929 ]
            ]
        },
        {
            "class": "packet_cup",
            "visibility": 0.0,
            "location": [
                -6.70812463760376,
                40.22689437866211,
                11.10724925994873
            ],
            "quaternion_xyzw": [
                -0.2606150507926941,
                0.17496365308761598,
                -0.6852155923843384,
                -0.6572268605232239
            ],
            "pose_transform_permuted": [
                [ -0.0002654009, -0.9918805, 0.1271734, 0 ],
                [ 0.8094879, -0.07488126, -0.5823421, 0 ],
                [ 0.5871366, 0.1027908, 0.802935, 0 ],
                [ -6.708125, 40.22689, 11.10725, 1 ]
            ],
            "cuboid_centroid": [
                -6.70812463760376,
                40.22689437866211,
                11.10724925994873
            ],
            "projected_cuboid_centroid": [
                -401.26043701171877,
                4565.21337890625
            ],
            "bounding_box": {
                "top_left": [
                    -1208.424560546875,
                    3336.65576171875
                ],
                "bottom_right": [
                    12.347869873046875,
                    7228.5263671875
                ]
            },
            "cuboid": [
                [ -9.632466, 40.66129, 7.526465 ],
                [ -9.633393, 43.49448, 9.581441 ],
                [ -4.673994, 43.8689, 9.06749 ],
                [ -4.673063, 41.03569, 7.012513 ],
                [ -8.742255, 36.5849, 13.14701 ],
                [ -8.743187, 39.41811, 15.20199 ],
                [ -3.783782, 39.79252, 14.68804 ],
                [ -3.78285, 36.9593, 12.63306 ]
            ],
            "projected_cuboid": [
                [ -1208.425, 6691.901 ],
                [ -880.7318, 5661.268 ],
                [ -295.6, 6017.863 ],
                [ -475.8395, 7228.526 ],
                [ -474.1343, 3563.322 ],
                [ -366.8578, 3336.656 ],
                [ 12.34787, 3475.454 ],
                [ -37.60883, 3733.919 ]
            ]
        },
        {
            "class": "wine_glass",
            "visibility": 0.0,
            "location": [
                -34.86439514160156,
                9.822978019714356,
                49.282257080078128
            ],
            "quaternion_xyzw": [
                -0.19244563579559327,
                0.4113799035549164,
                0.8073164224624634,
                0.3767908215522766
            ],
            "pose_transform_permuted": [
                [ -0.6419865, -0.7667153, -0.0007207096, 0 ],
                [ 0.4500423, -0.3775902, 0.809251, 0 ],
                [ -0.6207374, 0.519204, 0.5874625, 0 ],
                [ -34.8644, 9.822978, 49.28226, 1 ]
            ],
            "cuboid_centroid": [
                -34.86439514160156,
                9.822978019714356,
                49.282257080078128
            ],
            "projected_cuboid_centroid": [
                -524.868408203125,
                478.04010009765627
            ],
            "bounding_box": {
                "top_left": [
                    -746.6573486328125,
                    282.861572265625
                ],
                "bottom_right": [
                    -309.7611999511719,
                    709.189453125
                ]
            },
            "cuboid": [
                [ -38.26361, 1.917962, 53.44037 ],
                [ -43.34357, 5.479092, 48.52855 ],
                [ -31.45948, 11.33174, 40.48089 ],
                [ -26.37952, 7.770612, 45.39271 ],
                [ -38.26931, 8.314219, 58.08363 ],
                [ -43.34927, 11.87535, 53.1718 ],
                [ -31.46518, 17.728, 45.12414 ],
                [ -26.38522, 14.16686, 50.03596 ]
            ],
            "projected_cuboid": [
                [ -535.0943, 282.8616 ],
                [ -746.6573, 374.8369 ],
                [ -608.1092, 574.306 ],
                [ -374.0302, 444.4404 ],
                [ -466.8545, 410.9485 ],
                [ -653.6389, 506.7242 ],
                [ -512.7579, 709.1895 ],
                [ -309.7612, 578.1341 ]
            ]
        },
        {
            "class": "teacup",
            "visibility": 0.0,
            "location": [
                -44.887237548828128,
                -7.743360996246338,
                75.8819580078125
            ],
            "quaternion_xyzw": [
                0.14929042756557465,
                0.30418580770492556,
                -0.9395878911018372,
                -0.04856003448367119
            ],
            "pose_transform_permuted": [
                [ -0.9507089, -0.0004287809, -0.3100855, 0 ],
                [ 0.1820769, -0.8102261, -0.5571195, 0 ],
                [ -0.2510004, -0.5861177, 0.7703667, 0 ],
                [ -44.88724, -7.743361, 75.88196, 1 ]
            ],
            "cuboid_centroid": [
                -44.887237548828128,
                -7.743360996246338,
                75.8819580078125
            ],
            "projected_cuboid_centroid": [
                -386.45074462890627,
                118.13232421875
            ],
            "bounding_box": {
                "top_left": [
                    -488.320068359375,
                    50.698486328125
                ],
                "bottom_right": [
                    -297.1838684082031,
                    189.251220703125
                ]
            },