{
    "camera_data": {
        "location_worldframe": [
            57.39633560180664,
            183.40472412109376,
            -19.175315856933595
        ],
        "quaternion_xyzw_worldframe": [
            0.5172719955444336,
            -0.35214778780937197,
            0.2460993230342865,
            0.7401734590530396
        ]
    },
    "objects": [
        {
            "class": "big_spoon",
            "visibility": 1.0,
            "location": [
                2.5432326793670656,
                2.2457120418548586,
                193.0258026123047
            ],
            "quaternion_xyzw": [
                -0.16460083425045014,
                0.05979002267122269,
                0.3383582830429077,
                0.9245784878730774
            ],
            "pose_transform_permuted": [
                [ 0.7638776, -0.6453606, -0.0008269697, 0 ],
                [ 0.6059946, 0.7168404, 0.3448337, 0 ],
                [ -0.2219492, -0.2639119, 0.9386634, 0 ],
                [ 2.543233, 2.245712, 193.0258, 1 ]
            ],
            "cuboid_centroid": [
                2.5432326793670656,
                2.2457120418548586,
                193.0258026123047
            ],
            "projected_cuboid_centroid": [
                335.73504638671877,
                253.894287109375
            ],
            "bounding_box": {
                "top_left": [
                    293.825927734375,
                    216.563232421875
                ],
                "bottom_right": [
                    378.3369445800781,
                    291.6881103515625
                ]
            },
            "cuboid": [
                [ -4.237143, -1.407842, 193.3301 ],
                [ 7.161348, 7.634737, 190.0182 ],
                [ 9.325219, 5.231199, 190.9031 ],
                [ -2.073281, -3.811383, 194.2149 ],
                [ -4.23875, -0.7397755, 195.1486 ],
                [ 7.159747, 8.302804, 191.8367 ],
                [ 9.323612, 5.899261, 192.7216 ],
                [ -2.074885, -3.143319, 196.0334 ]
            ],
            "projected_cuboid": [
                [ 293.8259, 231.3033 ],
                [ 365.0088, 287.984 ],
                [ 378.3369, 272.7255 ],
                [ 307.2511, 216.5632 ],
                [ 294.06, 235.4728 ],
                [ 364.5721, 291.6881 ],
                [ 377.7765, 276.5565 ],
                [ 307.3596, 220.8506 ]
            ]
        },
        {
            "class": "packet_cup",
            "visibility": 0.41699719429016116,
            "location": [
                -23.84200096130371,
                58.260040283203128,
                171.69032287597657
            ],
            "quaternion_xyzw": [
                -0.5233415365219116,
                0.2666319012641907,
                -0.6550094485282898,
                -0.4753774106502533
            ],
            "pose_transform_permuted": [
                [ -0.000259921, -0.9018325, 0.4320857, 0 ],
                [ 0.3436743, -0.4058475, -0.8468623, 0 ],
                [ 0.9390888, 0.1482767, 0.3100421, 0 ],
                [ -23.842, 58.26004, 171.6903, 1 ]
            ],
            "cuboid_centroid": [
                -23.84200096130371,
                58.260040283203128,
                171.69032287597657
            ],
            "projected_cuboid_centroid": [
                154.15805053710938,
                645.24951171875
            ],
            "bounding_box": {
                "top_left": [
                    125.28522491455078,
                    613.7994995117188
                ],
                "bottom_right": [
                    182.24856567382813,
                    676.630859375
                ]
            },
            "cuboid": [
                [ -27.60842, 59.60801, 169.3325 ],
                [ -27.60934, 60.81087, 172.6193 ],
                [ -23.10018, 62.8401, 171.8779 ],
                [ -23.09926, 61.63724, 168.5911 ],
                [ -24.58383, 53.67997, 171.5027 ],
                [ -24.58474, 54.88283, 174.7896 ],
                [ -20.07558, 56.91207, 174.0482 ],
                [ -20.07466, 55.70921, 170.7614 ]
            ],
            "projected_cuboid": [
                [ 125.2852, 660.3993 ],
                [ 128.9864, 660.7164 ],
                [ 159.4934, 676.6309 ],
                [ 156.3707, 676.6226 ],
                [ 148.811, 613.7995 ],
                [ 152.0238, 614.989 ],
                [ 182.2486, 630.5103 ],
                [ 179.6035, 629.6143 ]
            ]
        },
        {
            "class": "wine_glass",
            "visibility": 1.0,
            "location": [
                -35.272071838378909,
                5.73660945892334,
                188.57666015625
            ],
            "quaternion_xyzw": [
                -0.047957681119441989,
                0.16752764582633973,
                0.9471200704574585,
                0.26944032311439516
            ],
            "pose_transform_permuted": [
                [ -0.8502039, -0.5264531, -0.000565961, 0 ],
                [ 0.4943162, -0.7986727, 0.3431811, 0 ],
                [ -0.1811208, 0.2914941, 0.9392691, 0 ],
                [ -35.27207, 5.736609, 188.5767, 1 ]
            ],
            "cuboid_centroid": [
                -35.272071838378909,
                5.73660945892334,
                188.57666015625
            ],
            "projected_cuboid_centroid": [
                96.62191772460938,
                276.3299560546875
            ],
            "bounding_box": {
                "top_left": [
                    46.3463020324707,
                    216.0623779296875
                ],
                "bottom_right": [
                    145.75390625,
                    336.1287841796875
                ]
            },
            "cuboid": [
                [ -35.98607, -3.765067, 187.8404 ],
                [ -42.71363, 0.1464069, 186.4072 ],
                [ -34.5536, 12.52582, 181.889 ],
                [ -27.82605, 8.614358, 183.3222 ],
                [ -35.99054, -1.052587, 195.2643 ],
                [ -42.71811, 2.858883, 193.8311 ],
                [ -34.55808, 15.23829, 189.313 ],
                [ -27.83052, 11.32683, 190.7461 ]
            ],
            "projected_cuboid": [
                [ 91.20688, 216.0624 ],
                [ 46.3463, 240.938 ],
                [ 93.12621, 322.2427 ],
                [ 138.7267, 296.1184 ],
                [ 99.87817, 233.5623 ],
                [ 56.79991, 257.6145 ],
                [ 101.9948, 336.1288 ],
                [ 145.7539, 310.917 ]
            ]
        },
        {
            "class": "teacup",
            "visibility": 1.0,
            "location": [
                -34.79228210449219,
                -25.13104248046875,
                201.36473083496095
            ],
            "quaternion_xyzw": [
                -0.001642437418922782,
                0.572274923324585,
                -0.8200594782829285,
                0.001143609406426549
            ],
            "pose_transform_permuted": [
                [ -0.9999923, -4.195957E-06, 0.004002711, 0 ],
                [ -0.003755507, -0.3450005, -0.9385952, 0 ],
                [ 0.001384875, -0.9386027, 0.3449974, 0 ],
                [ -34.79228, -25.13104, 201.3647, 1 ]
            ],
            "cuboid_centroid": [
                -34.79228210449219,
                -25.13104248046875,
                201.36473083496095
            ],
            "projected_cuboid_centroid": [
                113.65354919433594,
                90.9525146484375
            ],
            "bounding_box": {
                "top_left": [
                    84.14138793945313,
                    66.92431640625
                ],
                "bottom_right": [
                    142.16415405273438,
                    114.674072265625
                ]
            },