{
    "camera_data": {
        "location_worldframe": [
            -35.45547103881836,
            115.39273071289063,
            -42.179317474365237
        ],
        "quaternion_xyzw_worldframe": [
            0.4497036039829254,
            0.5003983974456787,
            -0.3433873653411865,
            0.6553268432617188
        ]
    },
    "objects": [
        {
            "class": "big_fork",
            "visibility": 1.0,
            "location": [
                2.428346872329712,
                -2.2427775859832765,
                122.842529296875
            ],
            "quaternion_xyzw": [
                -0.22864659130573274,
                0.5417779684066773,
                -0.45416995882987978,
                -0.6692735552787781
            ],
            "pose_transform_permuted": [
                [ 0.0004125535, -0.8556792, -0.5175065, 0 ],
                [ 0.3601765, 0.4829008, -0.7981728, 0 ],
                [ 0.9328842, -0.1860643, 0.3083947, 0 ],
                [ 2.428347, -2.242778, 122.8425, 1 ]
            ],
            "cuboid_centroid": [
                2.428346872329712,
                -2.2427775859832765,
                122.842529296875
            ],
            "projected_cuboid_centroid": [
                343.6080322265625,
                218.196044921875
            ],
            "bounding_box": {
                "top_left": [
                    278.1353759765625,
                    174.7806396484375
                ],
                "bottom_right": [
                    408.228515625,
                    261.94189453125
                ]
            },
            "cuboid": [
                [ -3.590188, 1.398001, 120.174 ],
                [ -3.589211, 2.248409, 122.3767 ],
                [ 9.082685, -4.902963, 125.1321 ],
                [ 9.081711, -5.75337, 122.9295 ],
                [ -4.22598, 0.4173794, 120.5529 ],
                [ -4.22501, 1.267789, 122.7555 ],
                [ 8.446892, -5.883567, 125.511 ],
                [ 8.445912, -6.733977, 123.3084 ]
            ],
            "projected_cuboid": [
                [ 284.3217, 253.8929 ],
                [ 284.9734, 261.9419 ],
                [ 406.6848, 193.2063 ],
                [ 408.2285, 184.1062 ],
                [ 278.1354, 244.1348 ],
                [ 278.896, 252.334 ],
                [ 400.3735, 184.017 ],
                [ 401.7997, 174.7806 ]
            ]
        },
        {
            "class": "packet_cup",
            "visibility": 0.0,
            "location": [
                -50.64218521118164,
                18.6757755279541,
                114.16984558105469
            ],
            "quaternion_xyzw": [
                0.4408799409866333,
                0.357561320066452,
                -0.6103836894035339,
                0.552454948425293
            ],
            "pose_transform_permuted": [
                [ -0.0008367002, 0.9897022, -0.1431388, 0 ],
                [ -0.3591357, -0.1338868, -0.9236318, 0 ],
                [ -0.9332849, 0.0506334, 0.3555495, 0 ],
                [ -50.64219, 18.67578, 114.1698, 1 ]
            ],
            "cuboid_centroid": [
                -50.64218521118164,
                18.6757755279541,
                114.16984558105469
            ],
            "projected_cuboid_centroid": [
                -209.73483276367188,
                435.3551025390625
            ],
            "bounding_box": {
                "top_left": [
                    -245.2655792236328,
                    391.8131103515625
                ],
                "bottom_right": [
                    -176.0260772705078,
                    478.69757080078127
                ]
            },
            "cuboid": [
                [ -47.66548, 22.20226, 114.6853 ],
                [ -47.66841, 20.94528, 111.4188 ],
                [ -52.61692, 21.61472, 111.1656 ],
                [ -52.61399, 22.87169, 114.4321 ],
                [ -48.66745, 15.73683, 117.1741 ],
                [ -48.67038, 14.47986, 113.9076 ],
                [ -53.61889, 15.1493, 113.6544 ],
                [ -53.61597, 16.40627, 116.9209 ]
            ],
            "projected_cuboid": [
                [ -176.3567, 471.1996 ],
                [ -190.9399, 464.5047 ],
                [ -245.2656, 472.2078 ],
                [ -229.0993, 478.6976 ],
                [ -176.0261, 400.3922 ],
                [ -190.2811, 391.8131 ],
                [ -243.4157, 399.1855 ],
                [ -227.6453, 407.5773 ]
            ]
        },
        {
            "class": "wine_glass",
            "visibility": 0.0,
            "location": [
                -40.995784759521487,
                19.70830535888672,
                111.40928649902344
            ],
            "quaternion_xyzw": [
                0.018000207841396333,
                0.6660671234130859,
                -0.23799151182174684,
                -0.7066757678985596
            ],
            "pose_transform_permuted": [
                [ -0.0005707517, -0.312387, -0.9499548, 0 ],
                [ 0.3603444, 0.886072, -0.291596, 0 ],
                [ 0.9328192, -0.3424773, 0.1120612, 0 ],
                [ -40.99578, 19.70831, 111.4093, 1 ]
            ],
            "cuboid_centroid": [
                -40.995784759521487,
                19.70830535888672,
                111.40928649902344
            ],
            "projected_cuboid_centroid": [
                -119.45594787597656,
                451.26397705078127
            ],
            "bounding_box": {
                "top_left": [
                    -213.9111328125,
                    350.6060791015625
                ],
                "bottom_right": [
                    -34.504966735839847,
                    550.85498046875
                ]
            },
            "cuboid": [
                [ -39.66034, 26.30206, 104.6216 ],
                [ -39.66486, 29.15342, 112.0029 ],
                [ -34.82286, 15.41931, 117.3113 ],
                [ -34.81835, 12.56794, 109.93 ],
                [ -47.1687, 23.99731, 105.5073 ],
                [ -47.17323, 26.84867, 112.8886 ],
                [ -42.33123, 13.11455, 118.197 ],
                [ -42.32671, 10.2632, 110.8157 ]
            ],
            "projected_cuboid": [
                [ -132.7232, 540.2383 ],
                [ -102.9356, 550.855 ],
                [ -34.50497, 396.9722 ],
                [ -58.25924, 376.5355 ],
                [ -213.9111, 511.6299 ],
                [ -179.0488, 524.0339 ],
                [ -107.7126, 372.5088 ],
                [ -136.1532, 350.6061 ]
            ]
        }
    ]
}