{
    "camera_data": {
        "location_worldframe": [
            -27.272260665893556,
            41.76580810546875,
            -41.58437728881836
        ],
        "quaternion_xyzw_worldframe": [
            0.23528236150741578,
            -0.05354168638586998,
            0.012982150539755822,
            0.9703643321990967
        ]
    },
    "objects": [
        {
            "class": "big_plates",
            "visibility": 1.0,
            "location": [
                -0.3047367334365845,
                0.8180235028266907,
                87.1113510131836
            ],
            "quaternion_xyzw": [
                0.1456555724143982,
                0.7639430165290833,
                0.18523165583610536,
                0.6007201075553894
            ],
            "pose_transform_permuted": [
                [ -0.2358394, 3.576279E-07, 0.9717919, 0 ],
                [ 0.4450899, 0.8889474, 0.1080164, 0 ],
                [ -0.8638718, 0.4580093, -0.2096489, 0 ],
                [ -0.3047367, 0.8180235, 87.11135, 1 ]
            ],
            "cuboid_centroid": [
                -0.3047367334365845,
                0.8180235028266907,
                87.1113510131836
            ],
            "projected_cuboid_centroid": [
                315.82220458984377,
                251.2147216796875
            ],
            "bounding_box": {
                "top_left": [
                    159.8360595703125,
                    181.906982421875
                ],
                "bottom_right": [
                    452.4862060546875,
                    336.5906982421875
                ]
            },
            "cuboid": [
                [ -6.745701, -3.360516, 96.83891 ],
                [ -10.87012, 4.423347, 81.73125 ],
                [ -10.87012, 3.10627, 81.05266 ],
                [ -6.745702, -4.677591, 96.16031 ],
                [ 10.26065, -1.470232, 93.17006 ],
                [ 6.13622, 6.313638, 78.0624 ],
                [ 6.136221, 4.996563, 77.3838 ],
                [ 10.26065, -2.787304, 92.49146 ]
            ],
            "projected_cuboid": [
                [ 236.8093, 198.5568 ],
                [ 161.1658, 304.6339 ],
                [ 159.8361, 285.7688 ],
                [ 236.2222, 181.907 ],
                [ 451.5212, 221.1545 ],
                [ 413.8764, 336.5907 ],
                [ 414.6997, 317.1115 ],
                [ 452.4862, 204.0101 ]
            ]
        },
        {
            "class": "mug",
            "visibility": 0.6227118372917175,
            "location": [
                7.69624662399292,
                5.8044328689575199,
                70.86885070800781
            ],
            "quaternion_xyzw": [
                0.22034578025341035,
                -0.3495032489299774,
                -0.08455298095941544,
                0.9067227244377136
            ],
            "pose_transform_permuted": [
                [ 0.7413965, -0.0006909072, -0.6710669, 0 ],
                [ -0.3073553, 0.8885971, -0.340482, 0 ],
                [ 0.5965433, 0.4586881, 0.6585904, 0 ],
                [ 7.696247, 5.804433, 70.86885, 1 ]
            ],
            "cuboid_centroid": [
                7.69624662399292,
                5.8044328689575199,
                70.86885070800781
            ],
            "projected_cuboid_centroid": [
                449.6943664550781,
                337.814208984375
            ],
            "bounding_box": {
                "top_left": [
                    334.9543762207031,
                    230.56689453125
                ],
                "bottom_right": [
                    567.880126953125,
                    458.64373779296877
                ]
            },
            "cuboid": [
                [ 6.269074, 12.20197, 66.6485 ],
                [ 14.48677, 8.795226, 73.26064 ],
                [ 14.49196, 2.130745, 69.82048 ],
                [ 6.274258, 5.537495, 63.20834 ],
                [ 0.9005414, 9.478115, 71.91722 ],
                [ 9.118235, 6.071373, 78.52937 ],
                [ 9.123418, -0.5931093, 75.0892 ],
                [ 0.9057223, 2.81364, 68.47706 ]
            ],
            "projected_cuboid": [
                [ 432.3338, 458.6437 ],
                [ 556.1556, 383.3751 ],
                [ 567.8801, 276.4457 ],
                [ 438.5456, 344.6252 ],
                [ 334.9544, 397.3934 ],
                [ 458.668, 332.332 ],
                [ 465.1034, 230.5669 ],
                [ 335.796, 289.0706 ]
            ]
        },
        {
            "class": "wine_glass",
            "visibility": 0.0,
            "location": [
                32.0060920715332,
                10.2452392578125,
                61.80451583862305
            ],
            "quaternion_xyzw": [
                0.0809449702501297,
                0.39353516697883608,
                -0.5877707004547119,
                -0.7022134065628052
            ],
            "pose_transform_permuted": [
                [ -0.0006886423, -0.7617716, -0.6478455, 0 ],
                [ 0.8891903, 0.295947, -0.3489356, 0 ],
                [ 0.4575372, -0.5762982, 0.677156, 0 ],
                [ 32.00609, 10.24524, 61.80452, 1 ]
            ],
            "cuboid_centroid": [
                32.0060920715332,
                10.2452392578125,
                61.80451583862305
            ],
            "projected_cuboid_centroid": [
                938.4576416015625,
                437.97003173828127
            ],
            "bounding_box": {
                "top_left": [
                    774.7071533203125,
                    294.3372802734375
                ],
                "bottom_right": [
                    1102.314208984375,
                    608.7266845703125
                ]
            },
            "cuboid": [
                [ 28.66535, 10.39978, 52.85189 ],
                [ 28.65989, 17.43583, 56.47232 ],
                [ 40.46736, 12.84866, 65.40495 ],
                [ 40.47281, 5.812603, 61.78451 ],
                [ 23.54483, 7.641824, 58.20408 ],
                [ 23.53938, 14.67788, 61.82451 ],
                [ 35.34684, 10.0907, 70.75714 ],
                [ 35.35228, 3.054642, 67.1367 ]
            ],
            "projected_cuboid": [
                [ 967.7302, 474.9964 ],
                [ 926.089, 608.7267 ],
                [ 1058.91, 474.609 ],
                [ 1102.314, 352.354 ],
                [ 803.1029, 396.7982 ],
                [ 774.7072, 523.5307 ],
                [ 916.5925, 410.3132 ],
                [ 948.8615, 294.3373 ]
            ]
        },
        {
            "class": "small_spoon",
            "visibility": 0.0,
            "location": [
                38.27133560180664,
                34.55998229980469,
                21.54645538330078
            ],
            "quaternion_xyzw": [
                -0.13469745218753816,
                -0.8438569903373718,
                0.5128203630447388,
                -0.08232379704713822
            ],
            "pose_transform_permuted": [
                [ -0.9501587, 0.3117654, 0.0007878244, 0 ],
                [ 0.1428961, 0.4377438, -0.8876717, 0 ],
                [ -0.2770902, -0.8433164, -0.460476, 0 ],
                [ 38.27134, 34.55998, 21.54646, 1 ]
            ],
            "cuboid_centroid": [
                38.27133560180664,
                34.55998229980469,
                21.54645538330078
            ],
            "projected_cuboid_centroid": [
                2441.266845703125,
                2155.5576171875
            ],
            "bounding_box": {
                "top_left": [
                    2117.564453125,
                    1855.5560302734375
                ],
                "bottom_right": [
                    2760.01953125,
                    2531.76171875
                ]
            },