{
    "camera_data": {
        "location_worldframe": [
            19.093122482299806,
            135.29881286621095,
            38.162620544433597
        ],
        "quaternion_xyzw_worldframe": [
            0.14108572900295258,
            0.7733030319213867,
            -0.5898142457008362,
            0.18497692048549653
        ]
    },
    "objects": [
        {
            "class": "big_fork",
            "visibility": 1.0,
            "location": [
                3.9470183849334719,
                -1.1385711431503297,
                138.96694946289063
            ],
            "quaternion_xyzw": [
                0.2586657702922821,
                -0.7029283046722412,
                -0.07556460797786713,
                -0.6582354307174683
            ],
            "pose_transform_permuted": [
                [ 0.00036358, -0.4631256, 0.8862927, 0 ],
                [ -0.2641684, 0.854764, 0.446759, 0 ],
                [ -0.9644766, -0.234293, -0.1220324, 0 ],
                [ 3.947018, -1.138571, 138.9669, 1 ]
            ],
            "cuboid_centroid": [
                3.9470183849334719,
                -1.1385711431503297,
                138.96694946289063
            ],
            "projected_cuboid_centroid": [
                353.9199523925781,
                230.21533203125
            ],
            "bounding_box": {
                "top_left": [
                    319.7662353515625,
                    171.1177978515625
                ],
                "bottom_right": [
                    387.81842041015627,
                    289.8865966796875
                ]
            },
            "cuboid": [
                [ -0.02709946, 5.228032, 138.4457 ],
                [ -0.02624052, 4.604316, 136.1685 ],
                [ 6.832261, -8.054034, 139.6381 ],
                [ 6.831406, -7.430311, 141.9154 ],
                [ 1.061773, 5.776904, 138.2957 ],
                [ 1.062633, 5.153186, 136.0185 ],
                [ 7.921139, -7.505162, 139.4882 ],
                [ 7.920281, -6.881443, 141.7654 ]
            ],
            "projected_cuboid": [
                [ 319.7662, 285.0979 ],
                [ 319.7699, 280.3818 ],
                [ 378.433, 171.1178 ],
                [ 377.4881, 177.4719 ],
                [ 329.169, 289.8866 ],
                [ 329.33, 285.2455 ],
                [ 387.8184, 175.743 ],
                [ 386.7218, 182.0295 ]
            ]
        },
        {
            "class": "big_spoon",
            "visibility": 0.0,
            "location": [
                31.840675354003908,
                -21.236351013183595,
                144.70223999023438
            ],
            "quaternion_xyzw": [
                0.04551718384027481,
                0.12454809993505478,
                0.9305642247200012,
                -0.3412715196609497
            ],
            "pose_transform_permuted": [
                [ -0.762924, 0.6464883, -0.0002961159, 0 ],
                [ -0.623812, -0.7360432, 0.2628675, 0 ],
                [ 0.1697228, 0.2007326, 0.9648319, 0 ],
                [ 31.84068, -21.23635, 144.7022, 1 ]
            ],
            "cuboid_centroid": [
                31.840675354003908,
                -21.236351013183595,
                144.70223999023438
            ],
            "projected_cuboid_centroid": [
                582.7874145507813,
                64.732177734375
            ],
            "bounding_box": {
                "top_left": [
                    524.2303466796875,
                    15.072998046875
                ],
                "bottom_right": [
                    642.8729858398438,
                    114.852294921875
                ]
            },
            "cuboid": [
                [ 38.61692, -18.07072, 142.8379 ],
                [ 27.23264, -27.37917, 145.3705 ],
                [ 25.06499, -24.91124, 144.6974 ],
                [ 36.44926, -15.60279, 142.1648 ],
                [ 38.61633, -17.56146, 144.7071 ],
                [ 27.23207, -26.8699, 147.2397 ],
                [ 25.06443, -24.40199, 146.5666 ],
                [ 36.44869, -15.09352, 144.034 ]
            ],
            "projected_cuboid": [
                [ 642.873, 88.91211 ],
                [ 543.7233, 15.073 ],
                [ 526.8733, 34.39575 ],
                [ 626.1923, 108.9287 ],
                [ 638.6976, 95.06665 ],
                [ 540.8785, 22.05908 ],
                [ 524.2303, 41.16736 ],
                [ 622.2139, 114.8523 ]
            ]
        },
        {
            "class": "small_spoon",
            "visibility": 0.0,
            "location": [
                16.201250076293947,
                43.616859436035159,
                126.54501342773438
            ],
            "quaternion_xyzw": [
                0.6012109518051148,
                -0.01634606346487999,
                -0.015265271067619324,
                0.7987772822380066
            ],
            "pose_transform_permuted": [
                [ 0.9989995, 0.004732238, -0.04446902, 0 ],
                [ -0.04404197, 0.2766247, -0.9599682, 0 ],
                [ 0.007758431, 0.9609663, 0.2765564, 0 ],
                [ 16.20125, 43.61686, 126.545, 1 ]
            ],
            "cuboid_centroid": [
                16.201250076293947,
                43.616859436035159,
                126.54501342773438
            ],
            "projected_cuboid_centroid": [
                472.897705078125,
                651.6298828125
            ],
            "bounding_box": {
                "top_left": [
                    415.26251220703127,
                    640.7232055664063
                ],
                "bottom_right": [
                    531.8753662109375,
                    662.80712890625
                ]
            },
            "cuboid": [
                [ 10.27928, 44.99467, 127.5732 ],
                [ 22.20484, 44.46891, 127.6659 ],
                [ 22.19214, 43.7269, 125.0882 ],
                [ 10.26659, 44.25266, 124.9956 ],
                [ 10.21036, 43.50684, 128.0019 ],
                [ 22.13591, 42.98108, 128.0945 ],
                [ 22.12322, 42.23907, 125.5168 ],
                [ 10.19767, 42.76483, 125.4242 ]
            ],
            "projected_cuboid": [
                [ 416.2278, 661.2103 ],
                [ 527.7162, 655.9865 ],
                [ 531.8754, 657.4745 ],
                [ 418.091, 662.8071 ],
                [ 415.2625, 645.9185 ],
                [ 526.3785, 640.7232 ],
                [ 530.4961, 641.8926 ],
                [ 417.0995, 647.1955 ]
            ]
        },
        {
            "class": "small_spoon",
            "visibility": 1.0,
            "location": [
                -15.841928482055664,
                21.63836097717285,
                133.15231323242188
            ],
            "quaternion_xyzw": [
                0.1345963329076767,
                0.005825940519571304,
                0.05377475917339325,
                -0.9894230961799622
            ],
            "pose_transform_permuted": [
                [ 0.9941487, 0.1079803, 0.002947131, 0 ],
                [ -0.1048437, 0.9579842, 0.266972, 0 ],
                [ 0.02600441, -0.2657189, 0.9636998, 0 ],
                [ -15.84193, 21.63836, 133.1523, 1 ]
            ],
            "cuboid_centroid": [
                -15.841928482055664,
                21.63836097717285,
                133.15231323242188
            ],
            "projected_cuboid_centroid": [
                177.91217041015626,
                434.07659912109377
            ],
            "bounding_box": {
                "top_left": [
                    122.56263732910156,
                    415.394287109375
                ],
                "bottom_right": [
                    232.80990600585938,
                    452.6929931640625
                ]
            },