{
    "camera_data": {
        "location_worldframe": [
            -65.51306915283203,
            246.28237915039063,
            -42.841514587402347
        ],
        "quaternion_xyzw_worldframe": [
            0.5797224044799805,
            0.21176965534687043,
            -0.1593324989080429,
            0.770512044429779
        ]
    },
    "objects": [
        {
            "class": "packet_cup",
            "visibility": 1.0,
            "location": [
                0.6474206447601318,
                0.21264788508415223,
                254.01809692382813
            ],
            "quaternion_xyzw": [
                -0.48874422907829287,
                -0.6263995170593262,
                -0.32671016454696658,
                0.5118722319602966
            ],
            "pose_transform_permuted": [
                [ 0.001768216, 0.946766, -0.3219176, 0 ],
                [ 0.2778306, 0.3087791, 0.9096514, 0 ],
                [ 0.9606284, -0.09104705, -0.2624946, 0 ],
                [ 0.6474206, 0.2126479, 254.0181, 1 ]
            ],
            "cuboid_centroid": [
                0.6474206447601318,
                0.21264788508415223,
                254.01809692382813
            ],
            "projected_cuboid_centroid": [
                323.0438232421875,
                240.999755859375
            ],
            "bounding_box": {
                "top_left": [
                    306.4778137207031,
                    220.07421875
                ],
                "bottom_right": [
                    339.530517578125,
                    261.83740234375
                ]
            },
            "cuboid": [
                [ 4.137949, -2.68537, 253.0281 ],
                [ 4.14414, -1.712979, 256.3903 ],
                [ -0.589691, -3.256856, 256.8455 ],
                [ -0.595882, -4.22929, 253.4833 ],
                [ 1.884521, 3.682175, 251.1906 ],
                [ 1.890711, 4.654589, 254.5528 ],
                [ -2.843117, 3.110687, 255.0081 ],
                [ -2.849307, 2.138285, 251.6459 ]
            ],
            "projected_cuboid": [
                [ 339.5305, 227.3254 ],
                [ 339.3033, 232.021 ],
                [ 317.2581, 224.8566 ],
                [ 317.1926, 220.0742 ],
                [ 328.9597, 257.5065 ],
                [ 328.8704, 261.8374 ],
                [ 306.6851, 254.568 ],
                [ 306.4778, 250.1478 ]
            ]
        },
        {
            "class": "water_glass",
            "visibility": 1.0,
            "location": [
                0.28877609968185427,
                -1.726698398590088,
                250.71075439453126
            ],
            "quaternion_xyzw": [
                0.3564435839653015,
                0.48320287466049197,
                -0.5218476057052612,
                0.6059190630912781
            ],
            "pose_transform_permuted": [
                [ -0.01161987, 0.976864, 0.2135452, 0 ],
                [ -0.2879257, 0.2012461, -0.9362684, 0 ],
                [ -0.9575821, -0.0723646, 0.2789259, 0 ],
                [ 0.2887761, -1.726698, 250.7108, 1 ]
            ],
            "cuboid_centroid": [
                0.28877609968185427,
                -1.726698398590088,
                250.71075439453126
            ],
            "projected_cuboid_centroid": [
                321.3755798339844,
                231.77490234375
            ],
            "bounding_box": {
                "top_left": [
                    307.4828796386719,
                    217.6116943359375
                ],
                "bottom_right": [
                    335.0246887207031,
                    245.805908203125
                ]
            },
            "cuboid": [
                [ 2.327075, 1.224551, 251.8863 ],
                [ 2.280619, 0.07335247, 248.0576 ],
                [ -2.603711, -0.932879, 248.4195 ],
                [ -2.557244, 0.218309, 252.2481 ],
                [ 3.181259, -2.520517, 253.002 ],
                [ 3.134796, -3.671733, 249.1734 ],
                [ -1.74952, -4.677949, 249.5352 ],
                [ -1.703061, -3.526766, 253.3638 ]
            ],
            "projected_cuboid": [
                [ 331.0333, 245.8059 ],
                [ 330.9799, 240.3531 ],
                [ 307.4829, 235.5153 ],
                [ 307.8929, 241.0336 ],
                [ 335.0166, 228.1023 ],
                [ 335.0247, 222.4019 ],
                [ 311.6269, 217.6117 ],
                [ 311.9724, 223.3762 ]
            ]
        },
        {
            "class": "big_fork",
            "visibility": 0.0,
            "location": [
                42.23318862915039,
                17.123550415039064,
                250.32484436035157
            ],
            "quaternion_xyzw": [
                0.11684520542621613,
                0.9832510948181152,
                -0.13891614973545075,
                0.016335956752300264
            ],
            "pose_transform_permuted": [
                [ -0.9721608, 0.234315, -0.0003386773, 0 ],
                [ 0.2252377, 0.934099, -0.2769965, 0 ],
                [ -0.06458807, -0.2693613, -0.960871, 0 ],
                [ 42.23319, 17.12355, 250.3248, 1 ]
            ],
            "cuboid_centroid": [
                42.23318862915039,
                17.123550415039064,
                250.32484436035157
            ],
            "projected_cuboid_centroid": [
                521.4871826171875,
                321.6934814453125
            ],
            "bounding_box": {
                "top_left": [
                    505.872802734375,
                    286.341064453125
                ],
                "bottom_right": [
                    537.417724609375,
                    357.466552734375
                ]
            },
            "cuboid": [
                [ 45.11607, 23.94441, 248.9968 ],
                [ 42.82073, 24.47622, 248.8443 ],
                [ 39.35072, 10.64299, 252.8333 ],
                [ 41.64607, 10.11119, 252.9858 ],
                [ 45.11566, 23.6041, 247.8163 ],
                [ 42.82032, 24.1359, 247.6638 ],
                [ 39.35031, 10.30266, 251.6529 ],
                [ 41.64565, 9.770874, 251.8054 ]
            ],
            "projected_cuboid": [
                [ 536.3889, 354.8439 ],
                [ 525.5057, 357.4666 ],
                [ 505.8728, 290.2721 ],
                [ 516.5963, 287.7313 ],
                [ 537.4177, 353.751 ],
                [ 526.4832, 356.3854 ],
                [ 506.7428, 288.8928 ],
                [ 517.516, 286.3411 ]
            ]
        }
    ]
}