{
    "camera_data": {
        "location_worldframe": [
            8.125442504882813,
            215.62623596191407,
            15.067410469055176
        ],
        "quaternion_xyzw_worldframe": [
            0.4672364890575409,
            -0.5278148055076599,
            0.44940024614334109,
            0.5487632155418396
        ]
    },
    "objects": [
        {
            "class": "packet_cup",
            "visibility": 1.0,
            "location": [
                0.6298990249633789,
                -2.7514519691467287,
                216.68736267089845
            ],
            "quaternion_xyzw": [
                -0.23028075695037843,
                0.6232812404632568,
                -0.33509746193885805,
                -0.667982816696167
            ],
            "pose_transform_permuted": [
                [ -0.001539618, -0.734738, -0.6783493, 0 ],
                [ 0.1606193, 0.6693609, -0.7253671, 0 ],
                [ 0.9870153, -0.1100728, 0.1169825, 0 ],
                [ 0.629899, -2.751452, 216.6874, 1 ]
            ],
            "cuboid_centroid": [
                0.6298990249633789,
                -2.7514519691467287,
                216.68736267089845
            ],
            "projected_cuboid_centroid": [
                323.4716491699219,
                224.8355712890625
            ],
            "bounding_box": {
                "top_left": [
                    300.1314697265625,
                    199.878173828125
                ],
                "bottom_right": [
                    346.92681884765627,
                    249.553955078125
                ]
            },
            "cuboid": [
                [ 1.169974, 1.179644, 214.2755 ],
                [ 1.164585, 1.741823, 217.73 ],
                [ 4.838274, -1.604974, 218.2804 ],
                [ 4.843662, -2.167152, 214.8259 ],
                [ -3.578468, -3.8979, 215.0943 ],
                [ -3.583859, -3.335751, 218.5489 ],
                [ 0.08983243, -6.682545, 219.0993 ],
                [ 0.09522152, -7.244724, 215.6447 ]
            ],
            "projected_cuboid": [
                [ 326.5208, 246.5747 ],
                [ 326.3878, 249.554 ],
                [ 346.4712, 231.2189 ],
                [ 346.9268, 227.9524 ],
                [ 300.1315, 218.3579 ],
                [ 300.4161, 221.7719 ],
                [ 320.4897, 203.5751 ],
                [ 320.5273, 199.8782 ]
            ]
        },
        {
            "class": "water_glass",
            "visibility": 1.0,
            "location": [
                1.6333097219467164,
                -3.2087905406951906,
                212.99790954589845
            ],
            "quaternion_xyzw": [
                0.3027329444885254,
                -0.6754587888717651,
                -0.18974068760871888,
                -0.6450632810592651
            ],
            "pose_transform_permuted": [
                [ 0.01550777, -0.6537567, 0.7565458, 0 ],
                [ -0.1641778, 0.7447025, 0.6468878, 0 ],
                [ -0.9863088, -0.1342398, -0.09578365, 0 ],
                [ 1.63331, -3.208791, 212.9979, 1 ]
            ],
            "cuboid_centroid": [
                1.6333097219467164,
                -3.2087905406951906,
                212.99790954589845
            ],
            "projected_cuboid_centroid": [
                329.15777587890627,
                222.0086669921875
            ],
            "bounding_box": {
                "top_left": [
                    311.41009521484377,
                    202.219482421875
                ],
                "bottom_right": [
                    347.21270751953127,
                    241.53125
                ]
            },
            "cuboid": [
                [ -1.545171, -2.312605, 214.8256 ],
                [ -1.48317, -2.969016, 210.8821 ],
                [ 1.785614, -6.69253, 211.5533 ],
                [ 1.723612, -6.036121, 215.4968 ],
                [ 1.481007, 0.2749532, 214.4424 ],
                [ 1.54301, -0.3814594, 210.499 ],
                [ 4.811793, -4.104971, 211.1702 ],
                [ 4.749792, -3.448557, 215.1137 ]
            ],
            "projected_cuboid": [
                [ 311.4101, 227.1438 ],
                [ 311.6006, 223.186 ],
                [ 330.0801, 202.2195 ],
                [ 329.552, 206.5486 ],
                [ 328.2479, 241.5313 ],
                [ 328.7542, 237.8358 ],
                [ 347.2127, 216.7847 ],
                [ 346.3696, 220.8545 ]
            ]
        },
        {
            "class": "big_fork",
            "visibility": 1.0,
            "location": [
                -34.3952522277832,
                25.368648529052736,
                213.29685974121095
            ],
            "quaternion_xyzw": [
                0.7905648946762085,
                -0.6071101427078247,
                0.048855818808078769,
                0.0635414645075798
            ],
            "pose_transform_permuted": [
                [ 0.2580608, -0.9661286, 9.405613E-05, 0 ],
                [ -0.9537112, -0.2547595, -0.159789, 0 ],
                [ 0.1544007, 0.04114557, -0.9871511, 0 ],
                [ -34.39525, 25.36865, 213.2969, 1 ]
            ],
            "cuboid_centroid": [
                -34.3952522277832,
                25.368648529052736,
                213.29685974121095
            ],
            "projected_cuboid_centroid": [
                127.41983032226563,
                382.0399169921875
            ],
            "bounding_box": {
                "top_left": [
                    85.12714385986328,
                    364.6942138671875
                ],
                "bottom_right": [
                    169.52099609375,
                    399.3660888671875
                ]
            },
            "cuboid": [
                [ -41.85373, 24.70629, 214.0256 ],
                [ -41.24444, 22.45451, 214.3902 ],
                [ -26.93687, 26.22729, 213.7809 ],
                [ -27.54617, 28.47907, 213.4163 ],
                [ -41.85362, 24.51, 212.8128 ],
                [ -41.24432, 22.25819, 213.1774 ],
                [ -26.93675, 26.03098, 212.568 ],
                [ -27.54606, 28.28277, 212.2035 ]
            ],
            "projected_cuboid": [
                [ 86.45744, 377.8604 ],
                [ 90.24866, 365.0824 ],
                [ 169.521, 386.515 ],
                [ 165.8544, 399.3661 ],
                [ 85.12714, 377.5444 ],
                [ 88.94225, 364.6942 ],
                [ 168.6631, 386.248 ],
                [ 164.974, 399.1721 ]
            ]
        }
    ]
}