{
    "camera_data": {
        "location_worldframe": [
            36.98698806762695,
            113.301513671875,
            -9.884315490722657
        ],
        "quaternion_xyzw_worldframe": [
            0.5502835512161255,
            0.015387332998216153,
            -0.010143333114683628,
            0.8347744345664978
        ]
    },
    "objects": [
        {
            "class": "small_fork",
            "visibility": 1.0,
            "location": [
                -3.090456247329712,
                2.5617408752441408,
                121.21556091308594
            ],
            "quaternion_xyzw": [
                0.18806882202625276,
                0.06722667068243027,
                0.33675381541252139,
                -0.9201671481132507
            ],
            "pose_transform_permuted": [
                [ 0.7641549, 0.6450261, 0.002946235, 0 ],
                [ -0.5944531, 0.702454, 0.3913872, 0 ],
                [ 0.2503853, -0.3008318, 0.9202214, 0 ],
                [ -3.090456, 2.561741, 121.2156, 1 ]
            ],
            "cuboid_centroid": [
                -3.090456247329712,
                2.5617408752441408,
                121.21556091308594
            ],
            "projected_cuboid_centroid": [
                289.5517883300781,
                265.2391357421875
            ],
            "bounding_box": {
                "top_left": [
                    245.45452880859376,
                    217.11181640625
                ],
                "bottom_right": [
                    334.532470703125,
                    314.6263427734375
                ]
            },
            "cuboid": [
                [ 0.007331775, 7.091933, 118.7448 ],
                [ 1.450718, 5.969085, 119.2178 ],
                [ -6.191138, -2.353141, 122.7818 ],
                [ -7.634521, -1.230297, 122.3089 ],
                [ 0.01022725, 7.476609, 119.6493 ],
                [ 1.453616, 6.353776, 120.1222 ],
                [ -6.188241, -1.968454, 123.6863 ],
                [ -7.631627, -0.8456123, 123.2133 ]
            ],
            "projected_cuboid": [
                [ 320.0737, 311.3259 ],
                [ 334.5325, 299.7949 ],
                [ 259.7809, 217.1118 ],
                [ 245.4545, 227.9871 ],
                [ 320.1021, 314.6263 ],
                [ 334.4519, 303.1693 ],
                [ 260.2493, 220.9935 ],
                [ 246.0298, 231.8038 ]
            ]
        }
    ]
}