{
    "camera_data": {
        "location_worldframe": [
            52.42240905761719,
            249.27914428710938,
            60.56486892700195
        ],
        "quaternion_xyzw_worldframe": [
            -0.30175626277923586,
            0.6812475323677063,
            -0.5543903112411499,
            -0.370805025100708
        ]
    },
    "objects": [
        {
            "class": "wine_glass",
            "visibility": 1.0,
            "location": [
                2.3062262535095217,
                3.3395533561706545,
                249.4579315185547
            ],
            "quaternion_xyzw": [
                -0.10078611224889755,
                0.018769964575767518,
                0.18286068737506867,
                0.9777790904045105
            ],
            "pose_transform_permuted": [
                [ 0.9324193, -0.3613782, -0.0001538768, 0 ],
                [ 0.3538112, 0.9128082, 0.2039577, 0 ],
                [ -0.07356539, -0.1902285, 0.9789797, 0 ],
                [ 2.306226, 3.339553, 249.4579, 1 ]
            ],
            "cuboid_centroid": [
                2.3062262535095217,
                3.3395533561706545,
                249.4579315185547
            ],
            "projected_cuboid_centroid": [
                331.04083251953127,
                255.98779296875
            ],
            "bounding_box": {
                "top_left": [
                    299.560791015625,
                    211.3182373046875
                ],
                "bottom_right": [
                    362.5710754394531,
                    299.910400390625
                ]
            },
            "cuboid": [
                [ -4.182906, 8.207951, 244.4058 ],
                [ 3.195213, 11.00764, 243.8237 ],
                [ 8.79657, -3.140907, 246.7723 ],
                [ 1.418451, -5.940566, 247.3544 ],
                [ -4.184119, 9.82003, 252.1436 ],
                [ 3.193993, 12.6197, 251.5615 ],
                [ 8.795363, -1.528824, 254.51 ],
                [ 1.417242, -4.328513, 255.0921 ]
            ],
            "projected_cuboid": [
                [ 299.5608, 280.1071 ],
                [ 335.6503, 293.9158 ],
                [ 362.5711, 224.7996 ],
                [ 326.8484, 211.3182 ],
                [ 300.1823, 286.5117 ],
                [ 335.1631, 299.9104 ],
                [ 361.2711, 232.8262 ],
                [ 326.6351, 219.7354 ]
            ]
        }
    ]
}