{
    "camera_data": {
        "location_worldframe": [
            55.33903121948242,
            64.8703842163086,
            -44.53499984741211
        ],
        "quaternion_xyzw_worldframe": [
            0.2524377703666687,
            -0.3754543960094452,
            0.10705213993787766,
            0.8853524923324585
        ]
    },
    "objects": [
        {
            "class": "mug",
            "visibility": 1.0,
            "location": [
                1.726497769355774,
                -1.4315119981765748,
                116.96836853027344
            ],
            "quaternion_xyzw": [
                0.4695284962654114,
                0.125799298286438,
                0.22619512677192689,
                -0.8441287279129028
            ],
            "pose_transform_permuted": [
                [ 0.8660206, 0.5000083, 2.852082E-05, 0 ],
                [ -0.2637429, 0.4567575, 0.8495954, 0 ],
                [ 0.4247917, -0.7357746, 0.5274351, 0 ],
                [ 1.726498, -1.431512, 116.9684, 1 ]
            ],
            "cuboid_centroid": [
                1.726497769355774,
                -1.4315119981765748,
                116.96836853027344
            ],
            "projected_cuboid_centroid": [
                337.627685546875,
                225.3841552734375
            ],
            "bounding_box": {
                "top_left": [
                    268.7315979003906,
                    160.320556640625
                ],
                "bottom_right": [
                    407.65875244140627,
                    293.87744140625
                ]
            },
            "cuboid": [
                [ -1.198109, -1.655375, 109.7453 ],
                [ 8.400934, -4.578722, 114.4537 ],
                [ 4.650873, -8.004396, 119.972 ],
                [ -4.948167, -5.081054, 115.2636 ],
                [ -1.197877, 5.141383, 113.9648 ],
                [ 8.401166, 2.218041, 118.6732 ],
                [ 4.651104, -1.207647, 124.1915 ],
                [ -4.947939, 1.715705, 119.4831 ]
            ],
            "projected_cuboid": [
                [ 306.9621, 221.9861 ],
                [ 407.6588, 192.2238 ],
                [ 366.2969, 160.3206 ],
                [ 268.7316, 187.3547 ],
                [ 307.4472, 293.8774 ],
                [ 404.5443, 262.321 ],
                [ 364.7262, 228.387 ],
                [ 270.5444, 257.1488 ]
            ]
        },
        {
            "class": "mug",
            "visibility": 0.0,
            "location": [
                -48.06660461425781,
                5.667969703674316,
                106.00899505615235
            ],
            "quaternion_xyzw": [
                -0.019853150472044946,
                0.9593217968940735,
                0.2730987071990967,
                -0.0687355324625969
            ],
            "pose_transform_permuted": [
                [ -0.9897625, -0.0005479492, -0.1427227, 0 ],
                [ -0.07563429, 0.8500459, 0.5212498, 0 ],
                [ 0.1210352, 0.5267083, -0.8413849, 0 ],
                [ -48.0666, 5.66797, 106.009, 1 ]
            ],
            "cuboid_centroid": [
                -48.06660461425781,
                5.667969703674316,
                106.00899505615235
            ],
            "projected_cuboid_centroid": [
                -221.499755859375,
                303.8531494140625
            ],
            "bounding_box": {
                "top_left": [
                    -317.7998046875,
                    239.7362060546875
                ],
                "bottom_right": [
                    -133.32626342773438,
                    370.5128173828125
                ]
            },
            "cuboid": [
                [ -42.01248, 7.189814, 110.6789 ],
                [ -52.98307, 6.351471, 112.0205 ],
                [ -52.97897, -0.02387045, 108.0702 ],
                [ -42.00836, 0.8144706, 106.7286 ],
                [ -43.15425, 11.35981, 103.9478 ],
                [ -54.12486, 10.52147, 105.2894 ],
                [ -54.12075, 4.146126, 101.3391 ],
                [ -43.15014, 4.984468, 99.99752 ]
            ],
            "projected_cuboid": [
                [ -133.3263, 317.5801 ],
                [ -244.8553, 307.7134 ],
                [ -265.4573, 239.7362 ],
                [ -150.0591, 249.1136 ],
                [ -175.799, 370.5128 ],
                [ -293.917, 359.3409 ],
                [ -317.7998, 288.8611 ],
                [ -195.336, 299.5288 ]
            ]
        },
        {
            "class": "teacup",
            "visibility": 0.0,
            "location": [
                29.98900032043457,
                9.275647163391114,
                99.19339752197266
            ],
            "quaternion_xyzw": [
                -0.10075145959854126,
                0.454720139503479,
                -0.5414943695068359,
                0.699901819229126
            ],
            "pose_transform_permuted": [
                [ 2.69115E-05, 0.6663584, 0.7456316, 0 ],
                [ -0.8496132, 0.393266, -0.3514245, 0 ],
                [ -0.5274062, -0.6334891, 0.5661575, 0 ],
                [ 29.989, 9.275647, 99.1934, 1 ]
            ],
            "cuboid_centroid": [
                29.98900032043457,
                9.275647163391114,
                99.19339752197266
            ],
            "projected_cuboid_centroid": [
                681.0578002929688,
                351.67578125
            ],
            "bounding_box": {
                "top_left": [
                    625.8191528320313,
                    281.9967041015625
                ],
                "bottom_right": [
                    738.66015625,
                    422.987548828125
                ]
            },
            "cuboid": [
                [ 29.32687, 15.02271, 98.04475 ],
                [ 29.3271, 7.755141, 93.53333 ],
                [ 25.93325, 5.75218, 96.75977 ],
                [ 25.93302, 13.01975, 101.2712 ],
                [ 34.04476, 12.79912, 101.627 ],
                [ 34.04498, 5.531552, 97.11562 ],
                [ 30.65113, 3.528585, 100.3421 ],
                [ 30.6509, 10.79616, 104.8535 ]
            ],
            "projected_cuboid": [
                [ 677.2226, 422.9875 ],
                [ 694.4556, 339.0195 ],
                [ 640.0809, 310.9962 ],
                [ 625.8192, 393.5375 ],
                [ 720.0723, 390.4071 ],
                [ 738.6602, 308.0229 ],
                [ 684.8052, 281.9967 ],
                [ 669.1064, 362.9657 ]
            ]
        }
    ]
}