{
    "camera_data": {
        "location_worldframe": [
            10.377198219299317,
            22.40550422668457,
            54.45122528076172
        ],
        "quaternion_xyzw_worldframe": [
            -0.008602632209658623,
            0.9911221265792847,
            -0.1048114076256752,
            -0.08134859055280686
        ]
    },
    "objects": [
        {
            "class": "small_plates",
            "visibility": 1.0,
            "location": [
                1.95933198928833,
                0.6050554513931274,
                77.236328125
            ],
            "quaternion_xyzw": [
                -0.38059714436531069,
                0.5060380697250366,
                -0.49095526337623598,
                0.5983595848083496
            ],
            "pose_transform_permuted": [
                [ 0.005776823, 0.2023423, 0.9792978, 0 ],
                [ -0.9727288, 0.2282175, -0.0414162, 0 ],
                [ -0.2318731, -0.952352, 0.1981426, 0 ],
                [ 1.959332, 0.6050555, 77.23633, 1 ]
            ],
            "cuboid_centroid": [
                1.95933198928833,
                0.6050554513931274,
                77.236328125
            ],
            "projected_cuboid_centroid": [
                350.2958984375,
                249.3555908203125
            ],
            "bounding_box": {
                "top_left": [
                    267.9299621582031,
                    164.9425048828125
                ],
                "bottom_right": [
                    433.8561706542969,
                    334.9327392578125
                ]
            },
            "cuboid": [
                [ -3.060522, 6.09756, 76.70747 ],
                [ -2.999874, -4.114316, 74.27322 ],
                [ -3.299914, -4.452724, 75.68541 ],
                [ -3.360558, 5.759153, 78.11964 ],
                [ 7.218582, 5.662841, 78.78725 ],
                [ 7.279225, -4.549035, 76.353 ],
                [ 6.979183, -4.887444, 77.76518 ],
                [ 6.918539, 5.324437, 80.19943 ]
            ],
            "projected_cuboid": [
                [ 272.3508, 334.9327 ],
                [ 271.7643, 173.845 ],
                [ 267.93, 169.7395 ],
                [ 268.6254, 328.0432 ],
                [ 429.4192, 325.8373 ],
                [ 433.8562, 168.8474 ],
                [ 427.1808, 164.9425 ],
                [ 423.0245, 319.2866 ]
            ]
        },
        {
            "class": "big_fork",
            "visibility": 0.0,
            "location": [
                -17.64482307434082,
                17.471712112426759,
                20.262510299682618
            ],
            "quaternion_xyzw": [
                0.5285031199455261,
                0.3272424042224884,
                0.4246872365474701,
                -0.6582079529762268
            ],
            "pose_transform_permuted": [
                [ 0.4251063, 0.9049623, 0.01810995, 0 ],
                [ -0.2131678, 0.08065039, 0.9736812, 0 ],
                [ 0.8796842, -0.4177786, 0.2271937, 0 ],
                [ -17.64482, 17.47171, 20.26251, 1 ]
            ],
            "cuboid_centroid": [
                -17.64482307434082,
                17.471712112426759,
                20.262510299682618
            ],
            "projected_cuboid_centroid": [
                -719.9718627929688,
                1269.7689208984375
            ],
            "bounding_box": {
                "top_left": [
                    -1018.611572265625,
                    1029.0218505859375
                ],
                "bottom_right": [
                    -358.9768981933594,
                    1628.667236328125
                ]
            },
            "cuboid": [
                [ -11.45693, 17.72243, 15.99097 ],
                [ -10.45322, 17.21912, 18.06797 ],
                [ -23.85496, 16.02476, 24.25493 ],
                [ -24.85867, 16.52806, 22.17792 ],
                [ -11.43469, 18.91867, 16.27009 ],
                [ -10.43097, 18.41536, 18.3471 ],
                [ -23.83271, 17.22099, 24.53405 ],
                [ -24.83642, 17.7243, 22.45705 ]
            ],
            "projected_cuboid": [
                [ -535.6402, 1563.568 ],
                [ -370.9366, 1378.149 ],
                [ -854.5629, 1029.022 ],
                [ -1018.612, 1130.018 ],
                [ -519.328, 1628.667 ],
                [ -358.9769, 1438.7 ],
                [ -840.1167, 1078.275 ],
                [ -1000.79, 1182.571 ]
            ]
        },
        {
            "class": "big_spoon",
            "visibility": 0.0,
            "location": [
                -16.010217666625978,
                15.402771949768067,
                24.791522979736329
            ],
            "quaternion_xyzw": [
                -0.537137508392334,
                0.513803243637085,
                -0.47128933668136599,
                -0.47473758459091189
            ],
            "pose_transform_permuted": [
                [ 0.02778518, -0.9994435, 0.01845095, 0 ],
                [ -0.1044885, -0.02126068, -0.9942987, 0 ],
                [ 0.9941378, 0.02569875, -0.1050209, 0 ],
                [ -16.01022, 15.40277, 24.79152, 1 ]
            ],
            "cuboid_centroid": [
                -16.010217666625978,
                15.402771949768067,
                24.791522979736329
            ],
            "projected_cuboid_centroid": [
                -451.24359130859377,
                981.9817504882813
            ],
            "bounding_box": {
                "top_left": [
                    -912.8466796875,
                    746.095947265625
                ],
                "bottom_right": [
                    -203.5332489013672,
                    1417.005615234375
                ]
            },
            "cuboid": [
                [ -17.91095, 17.10986, 17.51913 ],
                [ -17.49634, 15.5507, 32.35355 ],
                [ -14.14524, 15.62199, 32.26738 ],
                [ -14.55985, 17.18115, 17.43297 ],
                [ -17.8752, 15.18357, 17.31567 ],
                [ -17.46059, 13.6244, 32.15009 ],
                [ -14.1095, 13.69569, 32.06392 ],
                [ -14.52411, 15.25485, 17.22951 ]
            ],
            "projected_cuboid": [
                [ -900.9658, 1406.357 ],
                [ -325.8368, 814.018 ],
                [ -203.5332, 818.1894 ],
                [ -677.4319, 1417.006 ],
                [ -912.8467, 1287.205 ],
                [ -328.5961, 746.0959 ],
                [ -205.5239, 750.1111 ],
                [ -686.7327, 1297.384 ]
            ]
        },
        {
            "class": "big_fork",
            "visibility": 0.0,
            "location": [
                31.08917808532715,
                2.6365256309509279,
                89.94493865966797
            ],
            "quaternion_xyzw": [
                0.6565375924110413,
                0.41655054688453677,
                -0.3369060158729553,
                0.5309786200523377
            ],
            "pose_transform_permuted": [
                [ 0.42596, 0.904742, -2.405047E-05, 0 ],
                [ 0.1891824, -0.08909452, -0.9778916, 0 ],
                [ -0.8847418, 0.4165381, -0.2091119, 0 ],
                [ 31.08918, 2.636526, 89.94494, 1 ]
            ],
            "cuboid_centroid": [
                31.08917808532715,
                2.6365256309509279,
                89.94493865966797
            ],
            "projected_cuboid_centroid": [
                732.7908325195313,
                275.0068359375
            ],
            "bounding_box": {
                "top_left": [
                    644.0503540039063,
                    254.654296875
                ],
                "bottom_right": [
                    817.8382568359375,
                    297.25390625
                ]
            },