{
    "camera_data": {
        "location_worldframe": [
            -19.00438117980957,
            33.47886657714844,
            46.656925201416019
        ],
        "quaternion_xyzw_worldframe": [
            -0.01854049228131771,
            0.978074312210083,
            -0.18190336227416993,
            -0.09969018399715424
        ]
    },
    "objects": [
        {
            "class": "small_fork",
            "visibility": 1.0,
            "location": [
                -1.9284456968307496,
                -0.12853358685970307,
                90.97713470458985
            ],
            "quaternion_xyzw": [
                0.2943822741508484,
                0.48157942295074465,
                0.7032647132873535,
                -0.4322488605976105
            ],
            "pose_transform_permuted": [
                [ -0.453, 0.8915076, -0.002266973, 0 ],
                [ -0.3244338, -0.1624843, 0.9318485, 0 ],
                [ 0.8303816, 0.4228628, 0.3628407, 0 ],
                [ -1.928446, -0.1285336, 90.97713, 1 ]
            ],
            "cuboid_centroid": [
                -1.9284456968307496,
                -0.12853358685970307,
                90.97713470458985
            ],
            "projected_cuboid_centroid": [
                294.685302734375,
                238.312744140625
            ],
            "bounding_box": {
                "top_left": [
                    217.6232147216797,
                    216.44970703125
                ],
                "bottom_right": [
                    368.812255859375,
                    261.723876953125
                ]
            },
            "cuboid": [
                [ 3.781504, -1.24257, 92.51949 ],
                [ 2.925848, -1.855379, 94.08797 ],
                [ -7.636164, 0.06962612, 89.07816 ],
                [ -6.780509, 0.6824408, 87.50969 ],
                [ 3.779277, -0.3267018, 92.87611 ],
                [ 2.923619, -0.9395093, 94.44459 ],
                [ -7.638393, 0.9854933, 89.43479 ],
                [ -6.782737, 1.598314, 87.86631 ]
            ],
            "projected_cuboid": [
                [ 368.8123, 223.9607 ],
                [ 357.1377, 216.4497 ],
                [ 217.6232, 240.9335 ],
                [ 227.4655, 249.3134 ],
                [ 368.5962, 235.7991 ],
                [ 356.9693, 228.1199 ],
                [ 218.0017, 253.1597 ],
                [ 227.8108, 261.7239 ]
            ]
        }
    ]
}