{
    "camera_data": {
        "location_worldframe": [
            -40.41901397705078,
            37.62986373901367,
            68.27374267578125
        ],
        "quaternion_xyzw_worldframe": [
            0.004808491561561823,
            0.9853664636611939,
            -0.1680316925048828,
            0.028197815641760827
        ]
    },
    "objects": [
        {
            "class": "small_fork",
            "visibility": 1.0,
            "location": [
                -0.14035645127296449,
                -0.2612467110157013,
                111.60041046142578
            ],
            "quaternion_xyzw": [
                0.3623499870300293,
                0.44844117760658266,
                0.6348344087600708,
                -0.5143814086914063
            ],
            "pose_transform_permuted": [
                [ -0.2082284, 0.9780793, -0.001275152, 0 ],
                [ -0.3281088, -0.06862447, 0.9421439, 0 ],
                [ 0.9214041, 0.1965996, 0.335206, 0 ],
                [ -0.1403565, -0.2612467, 111.6004, 1 ]
            ],
            "cuboid_centroid": [
                -0.14035645127296449,
                -0.2612467110157013,
                111.60041046142578
            ],
            "projected_cuboid_centroid": [
                318.4980163574219,
                237.204345703125
            ],
            "bounding_box": {
                "top_left": [
                    254.12844848632813,
                    224.837646484375
                ],
                "bottom_right": [
                    382.537353515625,
                    249.9925537109375
                ]
            },
            "cuboid": [
                [ 5.850756, -0.8208767, 111.7301 ],
                [ 5.457441, -1.440629, 113.4705 ],
                [ -6.130216, -0.6276211, 111.1413 ],
                [ -5.736899, -0.007859974, 109.4009 ],
                [ 5.849503, 0.1051138, 112.0595 ],
                [ 5.456185, -0.5146454, 113.8 ],
                [ -6.131471, 0.2983722, 111.4707 ],
                [ -5.738154, 0.918133, 109.7303 ]
            ],
            "projected_cuboid": [
                [ 382.5374, 231.2258 ],
                [ 377.4386, 224.8376 ],
                [ 254.1284, 233.256 ],
                [ 257.3741, 239.9142 ],
                [ 382.3401, 241.1202 ],
                [ 377.2591, 234.5991 ],
                [ 254.3097, 243.1967 ],
                [ 257.5485, 249.9926 ]
            ]
        }
    ]
}