{
    "camera_data": {
        "location_worldframe": [
            67.66100311279297,
            45.86605453491211,
            13.813394546508789
        ],
        "quaternion_xyzw_worldframe": [
            0.12087446451187134,
            -0.7637069225311279,
            0.14981046319007874,
            0.6161963939666748
        ]
    },
    "objects": [
        {
            "class": "small_spoon",
            "visibility": 1.0,
            "location": [
                1.2985103130340577,
                0.27632543444633486,
                117.67149353027344
            ],
            "quaternion_xyzw": [
                -0.5402923226356506,
                0.15157313644886018,
                0.22169716656208039,
                0.7974711656570435
            ],
            "pose_transform_permuted": [
                [ 0.8557519, -0.5173818, 0.002187848, 0 ],
                [ 0.1898066, 0.3178691, 0.9289418, 0 ],
                [ -0.481313, -0.7945284, 0.3702196, 0 ],
                [ 1.29851, 0.2763254, 117.6715, 1 ]
            ],
            "cuboid_centroid": [
                1.2985103130340577,
                0.27632543444633486,
                117.67149353027344
            ],
            "projected_cuboid_centroid": [
                333.1786804199219,
                242.804443359375
            ],
            "bounding_box": {
                "top_left": [
                    274.8630065917969,
                    220.2855224609375
                ],
                "bottom_right": [
                    393.3484191894531,
                    266.765869140625
                ]
            },
            "cuboid": [
                [ -4.504861, -1.150124, 119.1918 ],
                [ 5.710676, 1.115694, 113.4461 ],
                [ 7.098491, 0.2630432, 115.5774 ],
                [ -3.117043, -2.00277, 121.323 ],
                [ -4.501467, 0.2896166, 119.7656 ],
                [ 5.714069, 2.555434, 114.0199 ],
                [ 7.10188, 1.702777, 116.1511 ],
                [ -3.113654, -0.5630367, 121.8968 ]
            ],
            "projected_cuboid": [
                [ 274.863, 228.4762 ],
                [ 380.1167, 251.745 ],
                [ 393.3484, 242.718 ],
                [ 289.317, 220.2855 ],
                [ 275.1131, 242.8879 ],
                [ 379.8497, 266.7659 ],
                [ 393.0209, 257.5078 ],
                [ 289.4947, 234.4838 ]
            ]
        },
        {
            "class": "big_spoon",
            "visibility": 0.0,
            "location": [
                24.42877960205078,
                27.900463104248048,
                47.54021453857422
            ],
            "quaternion_xyzw": [
                0.18219076097011567,
                -0.2010027915239334,
                -0.04084555432200432,
                0.9616320133209229
            ],
            "pose_transform_permuted": [
                [ 0.915859, 0.00531508, -0.4014648, 0 ],
                [ -0.1517985, 0.9302763, -0.3339808, 0 ],
                [ 0.3716981, 0.3668211, 0.8528088, 0 ],
                [ 24.42878, 27.90046, 47.54021, 1 ]
            ],
            "cuboid_centroid": [
                24.42877960205078,
                27.900463104248048,
                47.54021453857422
            ],
            "projected_cuboid_centroid": [
                933.6746215820313,
                940.88671875
            ],
            "bounding_box": {
                "top_left": [
                    764.9414672851563,
                    828.20556640625
                ],
                "bottom_right": [
                    1093.2093505859375,
                    1068.66259765625
                ]
            },
            "cuboid": [
                [ 17.99341, 30.91613, 44.55587 ],
                [ 31.65975, 28.65101, 50.10231 ],
                [ 31.64194, 25.53183, 48.87238 ],
                [ 17.97559, 27.79695, 43.32594 ],
                [ 17.21564, 30.2691, 46.20806 ],
                [ 30.88198, 28.00398, 51.7545 ],
                [ 30.86416, 24.8848, 50.52456 ],
                [ 17.19782, 27.14992, 44.97812 ]
            ],
            "projected_cuboid": [
                [ 802.2876, 1068.663 ],
                [ 1074.653, 922.9355 ],
                [ 1093.209, 863.9016 ],
                [ 815.4874, 1006.208 ],
                [ 764.9415, 1022.311 ],
                [ 1032.614, 886.2032 ],
                [ 1049.541, 828.2056 ],
                [ 776.6354, 960.8829 ]
            ]
        }
    ]
}