{
    "camera_data": {
        "location_worldframe": [
            30.088001251220704,
            169.9876708984375,
            3.0784189701080324
        ],
        "quaternion_xyzw_worldframe": [
            -0.36563125252723696,
            0.6338580250740051,
            -0.46569883823394778,
            -0.49765700101852419
        ]
    },
    "objects": [
        {
            "class": "mug",
            "visibility": 1.0,
            "location": [
                -2.3641741275787355,
                2.987297773361206,
                172.5833282470703
            ],
            "quaternion_xyzw": [
                -0.147877499461174,
                0.031409844756126407,
                0.20543093979358674,
                0.9669249057769775
            ],
            "pose_transform_permuted": [
                [ 0.9136231, -0.4065622, -1.530349E-05, 0 ],
                [ 0.387983, 0.8718607, 0.298878, 0 ],
                [ -0.1214992, -0.2730677, 0.9542913, 0 ],
                [ -2.364174, 2.987298, 172.5833, 1 ]
            ],
            "cuboid_centroid": [
                -2.3641741275787355,
                2.987297773361206,
                172.5833282470703
            ],
            "projected_cuboid_centroid": [
                303.64019775390627,
                260.6717529296875
            ],
            "bounding_box": {
                "top_left": [
                    256.5198059082031,
                    214.5831298828125
                ],
                "bottom_right": [
                    349.8275451660156,
                    305.6419677734375
                ]
            },
            "cuboid": [
                [ -8.952055, 2.911042, 168.4155 ],
                [ 1.174616, 7.211489, 167.0688 ],
                [ 4.223832, 0.6725186, 169.1168 ],
                [ -5.902842, -3.627906, 170.4635 ],
                [ -8.952175, 5.302073, 176.0498 ],
                [ 1.174496, 9.602509, 174.7031 ],
                [ 4.223712, 3.06354, 176.7511 ],
                [ -5.902956, -1.236885, 178.0978 ]
            ],
            "projected_cuboid": [
                [ 256.5198, 260.6426 ],
                [ 328.3965, 291.5498 ],
                [ 349.8275, 244.7491 ],
                [ 278.6451, 214.5831 ],
                [ 259.2718, 275.9673 ],
                [ 328.0287, 305.642 ],
                [ 348.5384, 260.6995 ],
                [ 280.417, 231.7059 ]
            ]
        }
    ]
}