{
    "camera_data": {
        "location_worldframe": [
            66.53314208984375,
            58.5283203125,
            -60.946624755859378
        ],
        "quaternion_xyzw_worldframe": [
            0.3631432354450226,
            -0.2038819044828415,
            0.0817679911851883,
            0.9054684638977051
        ]
    },
    "objects": [
        {
            "class": "mug",
            "visibility": 1.0,
            "location": [
                -4.337750434875488,
                -0.017355727031826974,
                78.3547134399414
            ],
            "quaternion_xyzw": [
                -0.34001049399375918,
                0.19708338379859925,
                0.4620424509048462,
                0.7950268387794495
            ],
            "pose_transform_permuted": [
                [ 0.4953498, -0.8686931, -0.0008254051, 0 ],
                [ 0.6006515, 0.3418193, 0.7227567, 0 ],
                [ -0.6275717, -0.3585131, 0.691102, 0 ],
                [ -4.33775, -0.01735573, 78.35471, 1 ]
            ],
            "cuboid_centroid": [
                -4.337750434875488,
                -0.017355727031826974,
                78.3547134399414
            ],
            "projected_cuboid_centroid": [
                253.88546752929688,
                239.7354736328125
            ],
            "bounding_box": {
                "top_left": [
                    161.16366577148438,
                    128.330322265625
                ],
                "bottom_right": [
                    347.1246643066406,
                    357.150634765625
                ]
            },
            "cuboid": [
                [ -10.3373, -4.955398, 77.72392 ],
                [ -4.846807, 1.702274, 70.76785 ],
                [ 1.668393, -0.8613726, 73.4567 ],
                [ -3.822098, -7.519045, 80.41276 ],
                [ -10.3439, 0.82666, 83.25273 ],
                [ -4.853407, 7.484326, 76.29667 ],
                [ 1.661794, 4.92068, 78.98552 ],
                [ -3.828696, -1.736989, 85.94157 ]
            ],
            "projected_cuboid": [
                [ 161.1637, 163.8585 ],
                [ 238.2068, 268.7271 ],
                [ 347.1247, 225.9958 ],
                [ 263.2358, 128.3303 ],
                [ 171.6173, 251.8584 ],
                [ 244.0306, 357.1506 ],
                [ 345.1262, 314.4004 ],
                [ 266.7959, 215.8625 ]
            ]
        }
    ]
}