{
    "camera_data": {
        "location_worldframe": [
            -37.72050857543945,
            159.11802673339845,
            -68.43828582763672
        ],
        "quaternion_xyzw_worldframe": [
            0.5532238483428955,
            0.23621267080307008,
            -0.16729478538036347,
            0.7811270356178284
        ]
    },
    "objects": [
        {
            "class": "bowl",
            "visibility": 1.0,
            "location": [
                0.6931489109992981,
                -0.7847087979316711,
                161.9092559814453
            ],
            "quaternion_xyzw": [
                0.028937069699168206,
                0.16543737053871156,
                0.9711325168609619,
                -0.16939496994018556
            ],
            "pose_transform_permuted": [
                [ -0.9409358, 0.3385845, 0.0001549423, 0 ],
                [ -0.3194354, -0.8878714, 0.3311268, 0 ],
                [ 0.112252, 0.3115196, 0.9435862, 0 ],
                [ 0.6931489, -0.7847088, 161.9093, 1 ]
            ],
            "cuboid_centroid": [
                0.6931489109992981,
                -0.7847087979316711,
                161.9092559814453
            ],
            "projected_cuboid_centroid": [
                325.11273193359377,
                234.2119140625
            ],
            "bounding_box": {
                "top_left": [
                    274.79833984375,
                    188.8843994140625
                ],
                "bottom_right": [
                    375.8241271972656,
                    277.0712890625
                ]
            },
            "cuboid": [
                [ 7.290875, -2.744126, 155.9751 ],
                [ -4.467532, -6.735962, 157.3779 ],
                [ -5.906518, -2.96251, 156.0539 ],
                [ 5.851891, 1.029328, 154.6511 ],
                [ 7.292816, 1.393084, 167.7646 ],
                [ -4.465588, -2.598737, 169.1674 ],
                [ -5.904576, 1.174707, 167.8434 ],
                [ 5.853829, 5.166537, 166.4407 ]
            ],
            "projected_cuboid": [
                [ 375.8241, 218.989 ],
                [ 286.0983, 188.8844 ],
                [ 274.7983, 217.3284 ],
                [ 365.1898, 247.9487 ],
                [ 371.9149, 249.9169 ],
                [ 288.4747, 221.6539 ],
                [ 277.9872, 248.3584 ],
                [ 362.0028, 277.0713 ]
            ]
        }
    ]
}