{
    "camera_data": {
        "location_worldframe": [
            36.335575103759769,
            230.77850341796876,
            -17.477142333984376
        ],
        "quaternion_xyzw_worldframe": [
            0.421135276556015,
            -0.5783824920654297,
            0.47825318574905398,
            0.5093060731887817
        ]
    },
    "objects": [
        {
            "class": "bowl",
            "visibility": 1.0,
            "location": [
                -0.4699133634567261,
                -0.822758674621582,
                228.3498992919922
            ],
            "quaternion_xyzw": [
                0.09165998548269272,
                0.023682311177253724,
                0.25172683596611025,
                -0.9631568193435669
            ],
            "pose_transform_permuted": [
                [ 0.8721455, 0.4892463, 0.0005269982, 0 ],
                [ -0.4805634, 0.8564641, 0.1884888, 0 ],
                [ 0.09176612, -0.1646429, 0.9820752, 0 ],
                [ -0.4699134, -0.8227587, 228.3499, 1 ]
            ],
            "cuboid_centroid": [
                -0.4699133634567261,
                -0.822758674621582,
                228.3498992919922
            ],
            "projected_cuboid_centroid": [
                317.5423889160156,
                235.697021484375
            ],
            "bounding_box": {
                "top_left": [
                    282.544921875,
                    203.48291015625
                ],
                "bottom_right": [
                    352.298583984375,
                    266.473388671875
                ]
            },
            "cuboid": [
                [ -4.88294, 2.822377, 221.2914 ],
                [ 6.015827, -3.182962, 222.4382 ],
                [ 3.936535, -6.822948, 223.1379 ],
                [ -6.962238, -0.8175943, 221.9911 ],
                [ -4.87636, 5.177426, 233.5618 ],
                [ 6.022411, -0.8279182, 234.7086 ],
                [ 3.943117, -4.467906, 235.4084 ],
                [ -6.95565, 1.537455, 234.2616 ]
            ],
            "projected_cuboid": [
                [ 293.6479, 255.2317 ],
                [ 352.2986, 222.9109 ],
                [ 341.0687, 203.4829 ],
                [ 282.5449, 235.6016 ],
                [ 295.066, 266.4734 ],
                [ 350.6436, 235.7874 ],
                [ 340.0039, 217.3337 ],
                [ 284.5404, 247.8379 ]
            ]
        }
    ]
}