{
    "camera_data": {
        "location_worldframe": [
            -14.087099075317383,
            20.364744186401368,
            41.29096221923828
        ],
        "quaternion_xyzw_worldframe": [
            0.029725752770900728,
            0.9671025276184082,
            -0.13436728715896607,
            0.21394981443881989
        ]
    },
    "objects": [
        {
            "class": "small_spoon",
            "visibility": 1.0,
            "location": [
                -2.184354066848755,
                0.35952988266944888,
                69.1218490600586
            ],
            "quaternion_xyzw": [
                0.6196582913398743,
                -0.5020160675048828,
                0.378606379032135,
                0.46974533796310427
            ],
            "pose_transform_permuted": [
                [ 0.2092742, -0.977854, -0.002426267, 0 ],
                [ -0.2664597, -0.05463839, -0.9622962, 0 ],
                [ 0.9408526, 0.2020302, -0.271993, 0 ],
                [ -2.184354, 0.3595299, 69.12185, 1 ]
            ],
            "cuboid_centroid": [
                -2.184354066848755,
                0.35952988266944888,
                69.1218490600586
            ],
            "projected_cuboid_centroid": [
                282.25970458984377,
                246.2117919921875
            ],
            "bounding_box": {
                "top_left": [
                    230.81875610351563,
                    207.2703857421875
                ],
                "bottom_right": [
                    326.0469055175781,
                    292.1207275390625
                ]
            },
            "cuboid": [
                [ -4.743065, 2.622402, 63.98787 ],
                [ -2.244858, -0.5584627, 75.21928 ],
                [ 0.3781157, -0.4119053, 74.67737 ],
                [ -2.120089, 2.768961, 63.44594 ],
                [ -4.746823, 1.13097, 63.56631 ],
                [ -2.248621, -2.049896, 74.79774 ],
                [ 0.3743564, -1.903334, 74.25581 ],
                [ -2.123851, 1.277527, 63.02439 ]
            ],
            "projected_cuboid": [
                [ 231.4764, 288.944 ],
                [ 284.3584, 231.1333 ],
                [ 326.0469, 233.4127 ],
                [ 280.0931, 292.1207 ],
                [ 230.8188, 261.2482 ],
                [ 284.0974, 207.2704 ],
                [ 326.0208, 209.3887 ],
                [ 279.7549, 264.208 ]
            ]
        },
        {
            "class": "big_fork",
            "visibility": 0.0,
            "location": [
                36.248008728027347,
                8.407289505004883,
                41.02295684814453
            ],
            "quaternion_xyzw": [
                -0.3147569000720978,
                0.5104760527610779,
                0.6822065711021423,
                0.4182541072368622
            ],
            "pose_transform_permuted": [
                [ -0.4519832, -0.8920231, -0.002441019, 0 ],
                [ 0.2493197, -0.1289554, 0.959797, 0 ],
                [ -0.8564758, 0.4332035, 0.2806846, 0 ],
                [ 36.24801, 8.40729, 41.02296, 1 ]
            ],
            "cuboid_centroid": [
                36.248008728027347,
                8.407289505004883,
                41.02295684814453
            ],
            "projected_cuboid_centroid": [
                1375.2484130859375,
                484.752197265625
            ],
            "bounding_box": {
                "top_left": [
                    1113.5126953125,
                    414.0535888671875
                ],
                "bottom_right": [
                    1699.735107421875,
                    570.9239501953125
                ]
            },
            "cuboid": [
                [ 30.17803, 6.568505, 45.06933 ],
                [ 29.11086, 7.157169, 43.04712 ],
                [ 42.32098, 9.066893, 36.63174 ],
                [ 43.38815, 8.47823, 38.65395 ],
                [ 30.17503, 7.747684, 45.41417 ],
                [ 29.10786, 8.336349, 43.39196 ],
                [ 42.31798, 10.24607, 36.97659 ],
                [ 43.38515, 9.657411, 38.99879 ]
            ],
            "projected_cuboid": [
                [ 1119.664, 414.0536 ],
                [ 1127.623, 438.5613 ],
                [ 1699.735, 535.5959 ],
                [ 1660.525, 501.9443 ],
                [ 1113.513, 443.7408 ],
                [ 1121.122, 469.4374 ],
                [ 1686.771, 570.924 ],
                [ 1648.579, 535.738 ]
            ]
        }
    ]
}