{
    "camera_data": {
        "location_worldframe": [
            30.301158905029298,
            187.9308624267578,
            23.01884651184082
        ],
        "quaternion_xyzw_worldframe": [
            -0.34548419713974,
            0.6538221836090088,
            -0.4942578971385956,
            -0.45701900124549868
        ]
    },
    "objects": [
        {
            "class": "big_fork",
            "visibility": 1.0,
            "location": [
                -1.223991870880127,
                3.144113063812256,
                192.80032348632813
            ],
            "quaternion_xyzw": [
                0.31027302145957949,
                -0.6960646510124207,
                -0.12512552738189698,
                -0.6352702379226685
            ],
            "pose_transform_permuted": [
                [ -0.0003248155, -0.5909172, 0.8067322, 0 ],
                [ -0.2729631, 0.7761485, 0.5684053, 0 ],
                [ -0.9620245, -0.2200235, -0.1615507, 0 ],
                [ -1.223992, 3.144113, 192.8003, 1 ]
            ],
            "cuboid_centroid": [
                -1.223991870880127,
                3.144113063812256,
                192.80032348632813
            ],
            "projected_cuboid_centroid": [
                312.41827392578127,
                259.4754638671875
            ],
            "bounding_box": {
                "top_left": [
                    281.71392822265627,
                    219.7799072265625
                ],
                "bottom_right": [
                    342.5424499511719,
                    299.415771484375
                ]
            },
            "cuboid": [
                [ -6.094668, 8.86425, 192.4061 ],
                [ -6.095434, 8.219752, 190.1347 ],
                [ 2.655557, -3.274358, 193.393 ],
                [ 2.656322, -2.629865, 195.6644 ],
                [ -5.103537, 9.562572, 192.2076 ],
                [ -5.104303, 8.918084, 189.9362 ],
                [ 3.646688, -2.576035, 193.1945 ],
                [ 3.64745, -1.931533, 195.466 ]
            ],
            "projected_cuboid": [
                [ 282.1707, 295.02 ],
                [ 281.7139, 291.6292 ],
                [ 336.3988, 219.7799 ],
                [ 336.2131, 223.9484 ],
                [ 288.2899, 299.4158 ],
                [ 287.9058, 296.074 ],
                [ 342.5424, 224.0759 ],
                [ 342.2852, 228.1987 ]
            ]
        },
        {
            "class": "wine_glass",
            "visibility": 1.0,
            "location": [
                -6.609137535095215,
                28.683521270751954,
                182.68641662597657
            ],
            "quaternion_xyzw": [
                0.13567550480365754,
                0.02520446479320526,
                0.18241459131240846,
                -0.9734894633293152
            ],
            "pose_transform_permuted": [
                [ 0.9321793, 0.3619966, 0.0004258193, 0 ],
                [ -0.3483181, 0.8966342, 0.2733527, 0 ],
                [ 0.09857094, -0.254962, 0.9619138, 0 ],
                [ -6.609138, 28.68352, 182.6864, 1 ]
            ],
            "cuboid_centroid": [
                -6.609137535095215,
                28.683521270751954,
                182.68641662597657
            ],
            "projected_cuboid_centroid": [
                276.7947998046875,
                427.50970458984377
            ],
            "bounding_box": {
                "top_left": [
                    233.28231811523438,
                    367.010498046875
                ],
                "bottom_right": [
                    319.2645568847656,
                    487.06561279296877
                ]
            },
            "cuboid": [
                [ -7.493456, 35.93025, 176.519 ],
                [ -0.1172358, 33.17405, 177.299 ],
                [ -5.728182, 19.27624, 181.2509 ],
                [ -13.10441, 22.03242, 180.4709 ],
                [ -7.490091, 38.09081, 184.1219 ],
                [ -0.1138645, 35.33461, 184.9019 ],
                [ -5.724814, 21.43678, 188.8538 ],
                [ -13.10104, 24.19297, 188.0738 ]
            ],
            "projected_cuboid": [
                [ 269.3023, 483.0895 ],
                [ 319.2103, 463.4548 ],
                [ 282.2572, 367.0105 ],
                [ 233.2823, 385.7983 ],
                [ 271.4176, 487.0656 ],
                [ 319.2646, 468.2215 ],
                [ 283.7979, 375.5599 ],
                [ 236.8093, 393.6238 ]
            ]
        }
    ]
}