{
    "camera_data": {
        "location_worldframe": [
            -18.276697158813478,
            223.05438232421876,
            44.568294525146487
        ],
        "quaternion_xyzw_worldframe": [
            -0.08204519003629685,
            0.8019139170646668,
            -0.5808372497558594,
            -0.1132730171084404
        ]
    },
    "objects": [
        {
            "class": "packet_cup",
            "visibility": 1.0,
            "location": [
                -3.905883550643921,
                -1.9521597623825074,
                233.13479614257813
            ],
            "quaternion_xyzw": [
                -0.4909379184246063,
                0.33057352900505068,
                -0.6251283884048462,
                -0.5088374614715576
            ],
            "pose_transform_permuted": [
                [ -0.000128746, -0.9607596, 0.277382, 0 ],
                [ 0.3115953, -0.2636111, -0.912917, 0 ],
                [ 0.9502149, 0.08631343, 0.2994022, 0 ],
                [ -3.905884, -1.95216, 233.1348, 1 ]
            ],
            "cuboid_centroid": [
                -3.905883550643921,
                -1.9521597623825074,
                233.13479614257813
            ],
            "projected_cuboid_centroid": [
                299.9917297363281,
                229.9998779296875
            ],
            "bounding_box": {
                "top_left": [
                    282.3123474121094,
                    207.406982421875
                ],
                "bottom_right": [
                    317.29669189453127,
                    252.515380859375
                ]
            },
            "cuboid": [
                [ -7.278397, 0.03873255, 230.6398 ],
                [ -7.27885, 1.129299, 233.9656 ],
                [ -2.475049, 2.447355, 233.534 ],
                [ -2.474598, 1.356776, 230.2082 ],
                [ -5.336718, -6.351701, 232.7356 ],
                [ -5.337173, -5.261116, 236.0614 ],
                [ -0.5333689, -3.943067, 235.6298 ],
                [ -0.5329159, -5.033644, 232.3041 ]
            ],
            "projected_cuboid": [
                [ 282.3123, 240.2006 ],
                [ 282.8458, 245.7644 ],
                [ 307.343, 252.5154 ],
                [ 307.1625, 247.0386 ],
                [ 292.6152, 207.407 ],
                [ 292.9987, 213.3835 ],
                [ 317.2967, 220.0151 ],
                [ 317.2603, 214.1224 ]
            ]
        },
        {
            "class": "big_spoon",
            "visibility": 1.0,
            "location": [
                -42.89405822753906,
                28.030921936035158,
                223.38345336914063
            ],
            "quaternion_xyzw": [
                -0.33178430795669558,
                0.5324667692184448,
                -0.7401083111763,
                0.24215291440486909
            ],
            "pose_transform_permuted": [
                [ -0.6625623, 0.005110532, 0.7489894, 0 ],
                [ -0.711767, -0.3156823, -0.6274811, 0 ],
                [ 0.2332359, -0.9488512, 0.2127967, 0 ],
                [ -42.89406, 28.03092, 223.3835, 1 ]
            ],
            "cuboid_centroid": [
                -42.89405822753906,
                28.030921936035158,
                223.38345336914063
            ],
            "projected_cuboid_centroid": [
                90.67909240722656,
                389.859375
            ],
            "bounding_box": {
                "top_left": [
                    60.3520393371582,
                    355.2061767578125
                ],
                "bottom_right": [
                    120.99079132080078,
                    424.623046875
                ]
            },
            "cuboid": [
                [ -38.66767, 33.41996, 219.8464 ],
                [ -48.55435, 22.79906, 223.3268 ],
                [ -48.57148, 23.85753, 226.5082 ],
                [ -38.6848, 34.47844, 223.0279 ],
                [ -37.21662, 32.20431, 220.2587 ],
                [ -47.10329, 21.5834, 223.739 ],
                [ -47.12044, 22.64188, 226.9205 ],
                [ -37.23376, 33.26279, 223.4401 ]
            ],
            "projected_cuboid": [
                [ 109.9483, 421.5449 ],
                [ 60.35204, 361.9197 ],
                [ 63.90863, 365.788 ],
                [ 112.853, 424.623 ],
                [ 118.2092, 414.6138 ],
                [ 68.57578, 355.2062 ],
                [ 72.01057, 359.1616 ],
                [ 120.9908, 417.785 ]
            ]
        },
        {
            "class": "packet_cup",
            "visibility": 0.1471443623304367,
            "location": [
                -58.45109558105469,
                61.152015686035159,
                211.6377410888672
            ],
            "quaternion_xyzw": [
                0.5857574939727783,
                -0.04396849870681763,
                -0.03187344968318939,
                0.8086649179458618
            ],
            "pose_transform_permuted": [
                [ 0.9941017, 4.01251E-05, -0.1084518, 0 ],
                [ -0.1030596, 0.3117445, -0.9445602, 0 ],
                [ 0.03377134, 0.9501659, 0.3099099, 0 ],
                [ -58.4511, 61.15202, 211.6377, 1 ]
            ],
            "cuboid_centroid": [
                -58.45109558105469,
                61.152015686035159,
                211.6377410888672
            ],
            "projected_cuboid_centroid": [
                -9.835243225097657,
                585.0763549804688
            ],
            "bounding_box": {
                "top_left": [
                    -23.98853302001953,
                    562.884521484375
                ],
                "bottom_right": [
                    4.138774871826172,
                    607.0114135742188
                ]
            },
            "cuboid": [
                [ -59.81109, 65.4177, 212.8694 ],
                [ -56.33172, 65.05698, 212.9876 ],
                [ -56.33193, 63.49826, 208.2367 ],
                [ -59.81129, 63.85897, 208.1186 ],
                [ -60.57025, 58.80576, 215.0387 ],
                [ -57.0909, 58.44506, 215.157 ],
                [ -57.0911, 56.88634, 210.4061 ],
                [ -60.57045, 57.24706, 210.2879 ]
            ],
            "projected_cuboid": [
                [ -15.55679, 607.0114 ],
                [ 4.138775, 604.7852 ],
                [ -3.068657, 604.1682 ],
                [ -23.21789, 606.4449 ],
                [ -16.38779, 566.5884 ],
                [ 3.109684, 564.4068 ],
                [ -4.046707, 562.8845 ],
                [ -23.98853, 565.1145 ]
            ]
        }
    ]
}