{
    "camera_data": {
        "location_worldframe": [
            -57.19508361816406,
            113.41584777832031,
            -33.85346603393555
        ],
        "quaternion_xyzw_worldframe": [
            0.4480946362018585,
            0.2928159534931183,
            -0.15813350677490235,
            0.8297371864318848
        ]
    },
    "objects": [
        {
            "class": "small_plates",
            "visibility": 1.0,
            "location": [
                1.481062889099121,
                -1.3517405986785889,
                135.1691436767578
            ],
            "quaternion_xyzw": [
                0.26925891637802126,
                0.45221957564353945,
                -0.8381966352462769,
                -0.1429104506969452
            ],
            "pose_transform_permuted": [
                [ -0.8141522, 0.003954187, -0.5806376, 0 ],
                [ 0.4831024, -0.5501479, -0.681138, 0 ],
                [ -0.32213, -0.8350577, 0.4459942, 0 ],
                [ 1.481063, -1.351741, 135.1691, 1 ]
            ],
            "cuboid_centroid": [
                1.481062889099121,
                -1.3517405986785889,
                135.1691436767578
            ],
            "projected_cuboid_centroid": [
                333.0856018066406,
                228.0570068359375
            ],
            "bounding_box": {
                "top_left": [
                    268.4413757324219,
                    172.1766357421875
                ],
                "bottom_right": [
                    398.5305480957031,
                    286.8319091796875
                ]
            },
            "cuboid": [
                [ 8.804859, -0.7207186, 133.9002 ],
                [ 0.2577375, 4.350967, 130.5185 ],
                [ 0.2518749, 5.166745, 131.7567 ],
                [ 8.798997, 0.09504825, 135.1385 ],
                [ 2.710252, -7.870226, 138.5816 ],
                [ -5.836867, -2.798521, 135.1998 ],
                [ -5.842731, -1.982751, 136.438 ],
                [ 2.704388, -7.054441, 139.8198 ]
            ],
            "projected_cuboid": [
                [ 398.5305, 233.5719 ],
                [ 322.3583, 279.8118 ],
                [ 322.283, 286.8319 ],
                [ 397.7592, 240.84 ],
                [ 343.3562, 172.1766 ],
                [ 268.4414, 215.2799 ],
                [ 268.858, 222.6448 ],
                [ 343.0992, 179.7452 ]
            ]
        },
        {
            "class": "packet_cup",
            "visibility": 1.0,
            "location": [
                -19.039979934692384,
                13.180837631225586,
                123.51851654052735
            ],
            "quaternion_xyzw": [
                0.09545378386974335,
                0.8619484305381775,
                0.4654958248138428,
                0.17676842212677003
            ],
            "pose_transform_permuted": [
                [ -0.9192829, -1.744926E-05, 0.3935972, 0 ],
                [ 0.3291224, 0.5484044, 0.7687204, 0 ],
                [ -0.2158639, 0.8362132, -0.504133, 0 ],
                [ -19.03998, 13.18084, 123.5185, 1 ]
            ],
            "cuboid_centroid": [
                -19.039979934692384,
                13.180837631225586,
                123.51851654052735
            ],
            "projected_cuboid_centroid": [
                135.9092559814453,
                367.4407958984375
            ],
            "bounding_box": {
                "top_left": [
                    105.81541442871094,
                    322.5679931640625
                ],
                "bottom_right": [
                    165.66207885742188,
                    412.351318359375
                ]
            },
            "cuboid": [
                [ -18.80887, 11.28537, 127.7513 ],
                [ -22.02636, 12.4373, 126.9958 ],
                [ -22.02627, 9.695274, 122.8147 ],
                [ -18.80878, 8.543345, 123.5702 ],
                [ -16.05369, 16.66641, 124.2224 ],
                [ -19.27118, 17.81834, 123.4668 ],
                [ -19.27109, 15.07631, 119.2858 ],
                [ -16.0536, 13.92438, 120.0413 ]
            ],
            "projected_cuboid": [
                [ 144.1692, 345.4989 ],
                [ 112.8662, 356.9592 ],
                [ 105.8154, 334.2773 ],
                [ 138.2207, 322.568 ],
                [ 165.6621, 400.2285 ],
                [ 133.5959, 412.3513 ],
                [ 127.0631, 390.9399 ],
                [ 160.2873, 378.5297 ]
            ]
        },
        {
            "class": "mug",
            "visibility": 0.0,
            "location": [
                36.70450973510742,
                33.69240951538086,
                108.27259826660156
            ],
            "quaternion_xyzw": [
                0.07850690931081772,
                0.27522334456443789,
                0.9213936924934387,
                -0.2629116475582123
            ],
            "pose_transform_permuted": [
                [ -0.8494285, 0.5277041, -4.729629E-05, 0 ],
                [ -0.4412764, -0.7102594, 0.5484589, 0 ],
                [ 0.2893904, 0.4658974, 0.8361775, 0 ],
                [ 36.70451, 33.69241, 108.2726, 1 ]
            ],
            "cuboid_centroid": [
                36.70450973510742,
                33.69240951538086,
                108.27259826660156
            ],
            "projected_cuboid_centroid": [
                724.85400390625,
                611.6302490234375
            ],
            "bounding_box": {
                "top_left": [
                    641.5908813476563,
                    531.0620727539063
                ],
                "bottom_right": [
                    813.19091796875,
                    692.2075805664063
                ]
            },
            "cuboid": [
                [ 43.39115, 31.28066, 105.0712 ],
                [ 33.97602, 26.38953, 108.2788 ],
                [ 30.01824, 31.71648, 104.7846 ],
                [ 39.43336, 36.60762, 101.577 ],
                [ 43.39077, 35.66834, 111.7606 ],
                [ 33.97565, 30.7772, 114.9682 ],
                [ 30.01787, 36.10414, 111.474 ],
                [ 39.43299, 40.99529, 108.2664 ]
            ],
            "projected_cuboid": [
                [ 813.1909, 595.5412 ],
                [ 694.7369, 531.0621 ],
                [ 662.1254, 601.4807 ],
                [ 783.6243, 670.4016 ],
                [ 783.667, 621.1463 ],
                [ 672.9291, 559.7045 ],
                [ 641.5909, 626.795 ],
                [ 754.9744, 692.2076 ]
            ]
        }
    ]
}