{
    "camera_data": {
        "location_worldframe": [
            -48.006385803222659,
            189.96473693847657,
            17.368680953979493
        ],
        "quaternion_xyzw_worldframe": [
            0.06366940587759018,
            0.7869176864624023,
            -0.6082112789154053,
            0.08237693458795548
        ]
    },
    "objects": [
        {
            "class": "knife",
            "visibility": 1.0,
            "location": [
                -1.2510223388671876,
                2.3179781436920168,
                194.87307739257813
            ],
            "quaternion_xyzw": [
                0.1271268129348755,
                0.0015412293141707779,
                0.012616501189768315,
                -0.9918050765991211
            ],
            "pose_transform_permuted": [
                [ 0.9996769, 0.02541808, 0.000150593, 0 ],
                [ -0.02463436, 0.9673592, 0.2522089, 0 ],
                [ 0.006264989, -0.2521311, 0.9676728, 0 ],
                [ -1.251022, 2.317978, 194.8731, 1 ]
            ],
            "cuboid_centroid": [
                -1.2510223388671876,
                2.3179781436920168,
                194.87307739257813
            ],
            "projected_cuboid_centroid": [
                312.333251953125,
                254.2054443359375
            ],
            "bounding_box": {
                "top_left": [
                    261.8580627441406,
                    246.0047607421875
                ],
                "bottom_right": [
                    362.89068603515627,
                    262.400634765625
                ]
            },
            "cuboid": [
                [ -9.424701, 3.45471, 194.1647 ],
                [ 6.976953, 3.050524, 194.2675 ],
                [ 6.92254, 0.9794973, 194.8073 ],
                [ -9.479119, 1.38366, 194.7045 ],
                [ -9.424581, 3.656463, 194.9388 ],
                [ 6.977075, 3.252293, 195.0416 ],
                [ 6.922654, 1.181263, 195.5814 ],
                [ -9.479, 1.585433, 195.4786 ]
            ],
            "projected_cuboid": [
                [ 262.0311, 261.249 ],
                [ 362.8907, 258.7531 ],
                [ 362.4383, 246.0048 ],
                [ 261.8581, 248.4869 ],
                [ 262.2621, 262.4006 ],
                [ 362.7212, 259.9141 ],
                [ 362.271, 247.213 ],
                [ 262.0891, 249.686 ]
            ]
        },
        {
            "class": "big_spoon",
            "visibility": 1.0,
            "location": [
                -37.014678955078128,
                26.145923614501954,
                188.0787811279297
            ],
            "quaternion_xyzw": [
                -0.02771899662911892,
                0.12316647917032242,
                0.9685991406440735,
                0.21419011056423188
            ],
            "pose_transform_permuted": [
                [ -0.9067086, -0.4217568, -0.0009351075, 0 ],
                [ 0.4081006, -0.8779053, 0.2504722, 0 ],
                [ -0.1064593, 0.2267236, 0.9681234, 0 ],
                [ -37.01468, 26.14592, 188.0788, 1 ]
            ],
            "cuboid_centroid": [
                -37.014678955078128,
                26.145923614501954,
                188.0787811279297
            ],
            "projected_cuboid_centroid": [
                84.96543884277344,
                406.0205078125
            ],
            "bounding_box": {
                "top_left": [
                    35.480690002441409,
                    375.6298828125
                ],
                "bottom_right": [
                    133.74380493164063,
                    436.4876708984375
                ]
            },
            "cuboid": [
                [ -30.95594, 21.38669, 188.3154 ],
                [ -44.48575, 27.47632, 186.7268 ],
                [ -43.07162, 30.4199, 185.9666 ],
                [ -29.54181, 24.33027, 187.5552 ],
                [ -30.95775, 21.87194, 190.191 ],
                [ -44.48756, 27.96157, 188.6024 ],
                [ -43.07343, 30.90516, 187.8422 ],
                [ -29.54362, 24.81554, 189.4308 ]
            ],
            "projected_cuboid": [
                [ 123.684, 375.6299 ],
                [ 35.48069, 415.7314 ],
                [ 43.39903, 435.3531 ],
                [ 131.8928, 394.9229 ],
                [ 125.6086, 377.3394 ],
                [ 38.29868, 417.0565 ],
                [ 46.14935, 436.4877 ],
                [ 133.7438, 396.4482 ]
            ]
        },
        {
            "class": "wine_glass",
            "visibility": 0.0,
            "location": [
                -67.05323028564453,
                20.067869186401368,
                186.57919311523438
            ],
            "quaternion_xyzw": [
                -0.4624011516571045,
                0.40136152505874636,
                -0.5824929475784302,
                -0.5345990061759949
            ],
            "pose_transform_permuted": [
                [ -0.000778228, -0.9939803, 0.1095559, 0 ],
                [ 0.2516202, -0.1062257, -0.9619789, 0 ],
                [ 0.9678258, 0.02681786, 0.2501882, 0 ],
                [ -67.05323, 20.06787, 186.5792, 1 ]
            ],
            "cuboid_centroid": [
                -67.05323028564453,
                20.067869186401368,
                186.57919311523438
            ],
            "projected_cuboid_centroid": [
                -109.19437408447266,
                368.450439453125
            ],
            "bounding_box": {
                "top_left": [
                    -173.44573974609376,
                    333.79833984375
                ],
                "bottom_right": [
                    -48.041534423828128,
                    402.1383056640625
                ]
            },
            "cuboid": [
                [ -75.18647, 22.0508, 181.9692 ],
                [ -75.19262, 24.04184, 189.6274 ],
                [ -59.78593, 25.68835, 189.2118 ],
                [ -59.77976, 23.6973, 181.5535 ],
                [ -74.32053, 14.44739, 183.9466 ],
                [ -74.32669, 16.43844, 191.6049 ],
                [ -58.92, 18.08495, 191.1892 ],
                [ -58.91384, 16.09391, 183.5309 ]
            ],
            "projected_cuboid": [
                [ -173.4457, 384.7185 ],
                [ -153.5562, 391.4133 ],
                [ -57.35348, 402.1383 ],
                [ -73.23044, 395.8805 ],
                [ -162.5191, 333.7983 ],
                [ -143.2716, 342.4594 ],
                [ -48.04153, 352.9669 ],
                [ -63.35888, 344.7249 ]
            ]
        },
        {
            "class": "big_plates",
            "visibility": 1.0,
            "location": [
                -9.448187828063965,
                37.96193313598633,
                185.23611450195313
            ],
            "quaternion_xyzw": [
                -0.39003893733024599,
                0.6093931198120117,
                0.4710020124912262,
                -0.5046452879905701
            ],
            "pose_transform_permuted": [
                [ -0.1864057, 3.784895E-06, -0.982473, 0 ],
                [ -0.950752, 0.2520535, 0.1803882, 0 ],
                [ 0.2476365, 0.9677134, -0.04698068, 0 ],
                [ -9.448188, 37.96193, 185.2361, 1 ]
            ],
            "cuboid_centroid": [
                -9.448187828063965,
                37.96193313598633,
                185.23611450195313
            ],
            "projected_cuboid_centroid": [
                259.0855407714844,
                484.74859619140627
            ],
            "bounding_box": {
                "top_left": [
                    193.85897827148438,
                    417.9827880859375
                ],
                "bottom_right": [
                    325.08636474609377,
                    552.8828125
                ]
            },