{
    "camera_data": {
        "location_worldframe": [
            -5.424463748931885,
            64.11321258544922,
            -31.10110092163086
        ],
        "quaternion_xyzw_worldframe": [
            0.41031309962272646,
            -0.19506259262561799,
            0.09030948579311371,
            0.8862493634223938
        ]
    },
    "objects": [
        {
            "class": "water_glass",
            "visibility": 1.0,
            "location": [
                -3.193197011947632,
                1.213622808456421,
                79.90748596191406
            ],
            "quaternion_xyzw": [
                0.7050043940544128,
                0.49761220812797549,
                0.5022367835044861,
                -0.0557592511177063
            ],
            "pose_transform_permuted": [
                [ 0.0002805889, 0.7576463, 0.6526653, 0 ],
                [ 0.6456289, -0.4985459, 0.5784594, 0 ],
                [ 0.7636513, 0.4212173, -0.4892982, 0 ],
                [ -3.193197, 1.213623, 79.90749, 1 ]
            ],
            "cuboid_centroid": [
                -3.193197011947632,
                1.213622808456421,
                79.90748596191406
            ],
            "projected_cuboid_centroid": [
                272.276123046875,
                258.13818359375
            ],
            "bounding_box": {
                "top_left": [
                    222.4968719482422,
                    203.1627197265625
                ],
                "bottom_right": [
                    320.09979248046877,
                    313.81298828125
                ]
            },
            "cuboid": [
                [ -2.604973, -2.480353, 80.4125 ],
                [ -2.603851, 0.1010292, 83.46576 ],
                [ -6.39208, 2.593762, 81.35966 ],
                [ -6.3932, 0.0123822, 78.3064 ],
                [ 0.005691176, -0.166512, 78.45531 ],
                [ 0.006810885, 2.414869, 81.50857 ],
                [ -3.78142, 4.907602, 79.40248 ],
                [ -3.782542, 2.326216, 76.34922 ]
            ],
            "projected_cuboid": [
                [ 281.3119, 203.1627 ],
                [ 282.7432, 241.4456 ],
                [ 226.1724, 278.0731 ],
                [ 222.4969, 240.1888 ],
                [ 320.0866, 237.4653 ],
                [ 320.0998, 275.3824 ],
                [ 263.1254, 313.813 ],
                [ 260.8334, 276.3867 ]
            ]
        },
        {
            "class": "big_spoon",
            "visibility": 0.3849774897098541,
            "location": [
                -11.671130180358887,
                22.44293785095215,
                63.24488067626953
            ],
            "quaternion_xyzw": [
                -0.30462801456451418,
                0.16201245784759522,
                0.44215893745422366,
                0.827918529510498
            ],
            "pose_transform_permuted": [
                [ 0.5564949, -0.8308502, -0.001121759, 0 ],
                [ 0.6334361, 0.4233945, 0.6476849, 0 ],
                [ -0.5376542, -0.3611439, 0.7619075, 0 ],
                [ -11.67113, 22.44294, 63.24488, 1 ]
            ],
            "cuboid_centroid": [
                -11.671130180358887,
                22.44293785095215,
                63.24488067626953
            ],
            "projected_cuboid_centroid": [
                99.61345672607422,
                663.7911376953125
            ],
            "bounding_box": {
                "top_left": [
                    8.087348937988282,
                    531.425537109375
                ],
                "bottom_right": [
                    199.20147705078126,
                    813.45361328125
                ]
            },
            "cuboid": [
                [ -17.21493, 17.79932, 65.9128 ],
                [ -8.910967, 27.25139, 57.88998 ],
                [ -6.125163, 25.83176, 59.10088 ],
                [ -14.42912, 16.3797, 67.1237 ],
                [ -17.2171, 19.05411, 67.38888 ],
                [ -8.913142, 28.50618, 59.36606 ],
                [ -6.127335, 27.08655, 60.57697 ],
                [ -14.43129, 17.63449, 68.59977 ]
            ],
            "projected_cuboid": [
                [ 8.087349, 562.5012 ],
                [ 136.1689, 802.1895 ],
                [ 196.2283, 761.9845 ],
                [ 63.279, 531.4255 ],
                [ 14.88098, 577.6743 ],
                [ 140.6959, 813.4536 ],
                [ 199.2015, 774.0031 ],
                [ 68.76499, 546.9995 ]
            ]
        },
        {
            "class": "small_plates",
            "visibility": 0.0,
            "location": [
                36.0609245300293,
                21.180805206298829,
                64.61534118652344
            ],
            "quaternion_xyzw": [
                0.36697518825531008,
                -0.44400644302368166,
                -0.20492488145828248,
                0.7913237810134888
            ],
            "pose_transform_permuted": [
                [ 0.5217282, -0.001554847, -0.8531104, 0 ],
                [ -0.6502026, 0.64667, -0.3988164, 0 ],
                [ 0.552301, 0.7627683, 0.336375, 0 ],
                [ 36.06092, 21.18081, 64.61534, 1 ]
            ],
            "cuboid_centroid": [
                36.0609245300293,
                21.180805206298829,
                64.61534118652344
            ],
            "projected_cuboid_centroid": [
                986.497802734375,
                631.4752807617188
            ],
            "bounding_box": {
                "top_left": [
                    857.8377685546875,
                    504.09515380859377
                ],
                "bottom_right": [
                    1112.914794921875,
                    776.1109619140625
                ]
            },
            "cuboid": [
                [ 37.79846, 27.1663, 60.51643 ],
                [ 43.27567, 20.34035, 66.31459 ],
                [ 43.27797, 19.38145, 65.18353 ],
                [ 37.80077, 26.20739, 59.38537 ],
                [ 28.84388, 22.98016, 64.04716 ],
                [ 34.32108, 16.15422, 69.84532 ],
                [ 34.32338, 15.19532, 68.71426 ],
                [ 28.84619, 22.02126, 62.91611 ]
            ],
            "projected_cuboid": [
                [ 1065.93, 776.111 ],
                [ 1099.349, 606.3085 ],
                [ 1112.915, 595.0962 ],
                [ 1080.184, 767.0379 ],
                [ 857.8378, 668.4999 ],
                [ 906.8419, 516.2143 ],
                [ 916.5416, 504.0952 ],
                [ 867.5504, 658.0015 ]
            ]
        },
        {
            "class": "teacup",
            "visibility": 0.0,
            "location": [
                11.08927059173584,
                34.61341094970703,
                50.853580474853519
            ],
            "quaternion_xyzw": [
                0.4042437970638275,
                -0.25110524892807009,
                -0.1164296343922615,
                0.8717667460441589
            ],
            "pose_transform_permuted": [
                [ 0.8467806, -1.651049E-05, -0.5319424, 0 ],
                [ -0.4060144, 0.6460622, -0.6463404, 0 ],
                [ 0.3436785, 0.7632848, 0.5470662, 0 ],
                [ 11.08927, 34.61341, 50.85358, 1 ]
            ],
            "cuboid_centroid": [
                11.08927059173584,
                34.61341094970703,
                50.853580474853519
            ],
            "projected_cuboid_centroid": [
                580.4227905273438,
                1052.86865234375
            ],
            "bounding_box": {
                "top_left": [
                    450.20361328125,
                    908.8973388671875
                ],
                "bottom_right": [
                    722.4439697265625,
                    1204.136962890625
                ]
            },