{
    "camera_data": {
        "location_worldframe": [
            -68.68141174316406,
            185.7985076904297,
            32.36196517944336
        ],
        "quaternion_xyzw_worldframe": [
            0.19552293419837953,
            0.7884377837181091,
            -0.49182531237602236,
            0.31343987584114077
        ]
    },
    "objects": [
        {
            "class": "big_plates",
            "visibility": 1.0,
            "location": [
                -1.470906138420105,
                0.4425292909145355,
                196.44361877441407
            ],
            "quaternion_xyzw": [
                0.6432271599769592,
                0.013142578303813935,
                -0.7204632759094238,
                0.2588798999786377
            ],
            "pose_transform_permuted": [
                [ -0.03848015, 0.3899342, -0.9200384, 0 ],
                [ -0.3561196, -0.865617, -0.3519747, 0 ],
                [ -0.9336478, 0.3140997, 0.1721722, 0 ],
                [ -1.470906, 0.4425293, 196.4436, 1 ]
            ],
            "cuboid_centroid": [
                -1.470906138420105,
                0.4425292909145355,
                196.44361877441407
            ],
            "projected_cuboid_centroid": [
                311.05780029296877,
                242.6903076171875
            ],
            "bounding_box": {
                "top_left": [
                    256.0728759765625,
                    199.82373046875
                ],
                "bottom_right": [
                    362.3162841796875,
                    282.8416748046875
                ]
            },
            "cuboid": [
                [ 7.20476, 5.995005, 203.3338 ],
                [ 6.531814, -0.2329113, 187.0059 ],
                [ 5.954078, 1.049588, 186.5405 ],
                [ 6.627028, 7.277518, 202.8684 ],
                [ -8.89589, -0.1645345, 206.3468 ],
                [ -9.568837, -6.392469, 190.0189 ],
                [ -10.14657, -5.109953, 189.5535 ],
                [ -9.473624, 1.117965, 205.8814 ]
            ],
            "projected_cuboid": [
                [ 362.3163, 275.2109 ],
                [ 361.7134, 238.5126 ],
                [ 358.1188, 246.7196 ],
                [ 359.0123, 282.8417 ],
                [ 268.514, 239.0477 ],
                [ 259.8605, 199.8237 ],
                [ 256.0729, 207.8054 ],
                [ 265.0464, 246.485 ]
            ]
        },
        {
            "class": "mug",
            "visibility": 0.3731890916824341,
            "location": [
                -53.254432678222659,
                14.99685001373291,
                192.91629028320313
            ],
            "quaternion_xyzw": [
                -0.10744564235210419,
                0.5804175138473511,
                -0.4038761854171753,
                -0.6988955140113831
            ],
            "pose_transform_permuted": [
                [ -9.536743E-07, -0.6892611, -0.7245129, 0 ],
                [ 0.4398078, 0.6506789, -0.6190202, 0 ],
                [ 0.8980919, -0.3186471, 0.3031419, 0 ],
                [ -53.25443, 14.99685, 192.9163, 1 ]
            ],
            "cuboid_centroid": [
                -53.254432678222659,
                14.99685001373291,
                192.91629028320313
            ],
            "projected_cuboid_centroid": [
                -9.67376708984375,
                332.838623046875
            ],
            "bounding_box": {
                "top_left": [
                    -53.209800720214847,
                    287.954833984375
                ],
                "bottom_right": [
                    31.679916381835939,
                    376.542236328125
                ]
            },
            "cuboid": [
                [ -52.9411, 17.47553, 185.5315 ],
                [ -52.94111, 22.3504, 195.4861 ],
                [ -47.77165, 17.47031, 197.8759 ],
                [ -47.77164, 12.59545, 187.9214 ],
                [ -58.73721, 12.52337, 187.9567 ],
                [ -58.73722, 17.39825, 197.9112 ],
                [ -53.56776, 12.51814, 200.3011 ],
                [ -53.56775, 7.643281, 190.3465 ]
            ],
            "projected_cuboid": [
                [ -20.77896, 352.489 ],
                [ -3.425903, 376.5422 ],
                [ 31.67992, 345.4399 ],
                [ 16.40717, 320.0452 ],
                [ -53.2098, 319.5721 ],
                [ -34.43825, 344.9863 ],
                [ 0.6126022, 314.637 ],
                [ -16.09028, 287.9548 ]
            ]
        }
    ]
}