{
    "camera_data": {
        "location_worldframe": [
            17.268394470214845,
            175.5013885498047,
            -69.45594024658203
        ],
        "quaternion_xyzw_worldframe": [
            0.5434552431106567,
            0.0858648419380188,
            -0.056008435785770419,
            0.8331547379493713
        ]
    },
    "objects": [
        {
            "class": "water_glass",
            "visibility": 1.0,
            "location": [
                -1.6821198463439942,
                -0.4621933698654175,
                189.3476104736328
            ],
            "quaternion_xyzw": [
                0.4369160830974579,
                0.8756123781204224,
                -0.18426558375358582,
                0.091942697763443
            ],
            "pose_transform_permuted": [
                [ -0.6013017, 0.799022, -4.87268E-06, 0 ],
                [ 0.7312545, 0.5503011, -0.403033, 0 ],
                [ -0.3220295, -0.242348, -0.9151855, 0 ],
                [ -1.68212, -0.4621934, 189.3476, 1 ]
            ],
            "cuboid_centroid": [
                -1.6821198463439942,
                -0.4621933698654175,
                189.3476104736328
            ],
            "projected_cuboid_centroid": [
                309.3905029296875,
                237.0848388671875
            ],
            "bounding_box": {
                "top_left": [
                    288.9028625488281,
                    214.023681640625
                ],
                "bottom_right": [
                    329.66265869140627,
                    260.0050048828125
                ]
            },
            "cuboid": [
                [ 1.517519, 0.2577608, 191.2159 ],
                [ -0.8866296, 3.181492, 189.9283 ],
                [ -4.881742, 0.4299958, 191.1401 ],
                [ -2.477592, -2.493742, 192.4276 ],
                [ 1.517499, -1.354362, 187.5551 ],
                [ -0.886649, 1.569368, 186.2676 ],
                [ -4.88176, -1.182133, 187.4793 ],
                [ -2.477616, -4.105875, 188.7669 ]
            ],
            "projected_cuboid": [
                [ 329.4778, 241.6099 ],
                [ 314.4249, 260.005 ],
                [ 289.4985, 242.6866 ],
                [ 304.6234, 224.5232 ],
                [ 329.6627, 231.3761 ],
                [ 314.3152, 250.062 ],
                [ 288.9029, 232.4697 ],
                [ 304.3251, 214.0237 ]
            ]
        },
        {
            "class": "knife",
            "visibility": 0.0,
            "location": [
                -58.767601013183597,
                47.72395324707031,
                169.8972930908203
            ],
            "quaternion_xyzw": [
                -0.317212849855423,
                0.9254726767539978,
                -0.19652298092842103,
                -0.0652301162481308
            ],
            "pose_transform_permuted": [
                [ -0.7902419, -0.6127821, 0.003941849, 0 ],
                [ -0.5615052, 0.7215095, -0.4051369, 0 ],
                [ 0.2454166, -0.3223696, -0.9142473, 0 ],
                [ -58.7676, 47.72395, 169.8973, 1 ]
            ],
            "cuboid_centroid": [
                -58.767601013183597,
                47.72395324707031,
                169.8972930908203
            ],
            "projected_cuboid_centroid": [
                -93.0941390991211,
                575.4652099609375
            ],
            "bounding_box": {
                "top_left": [
                    -139.73843383789063,
                    533.0806884765625
                ],
                "bottom_right": [
                    -45.729103088378909,
                    618.8558349609375
                ]
            },
            "cuboid": [
                [ -52.94241, 53.26466, 167.9046 ],
                [ -65.90788, 44.05206, 171.9312 ],
                [ -64.59597, 42.50737, 172.6214 ],
                [ -51.63049, 51.71996, 168.5948 ],
                [ -52.93925, 52.94055, 167.1733 ],
                [ -65.90472, 43.72795, 171.1998 ],
                [ -64.59281, 42.18327, 171.89 ],
                [ -51.62734, 51.39585, 167.8634 ]
            ],
            "projected_cuboid": [
                [ -56.56376, 618.8558 ],
                [ -137.8046, 545.9913 ],
                [ -126.898, 534.0812 ],
                [ -45.7291, 606.3629 ],
                [ -58.18867, 618.1979 ],
                [ -139.7384, 545.0376 ],
                [ -128.7776, 533.0807 ],
                [ -47.30022, 605.6533 ]
            ]
        },
        {
            "class": "knife",
            "visibility": 1.0,
            "location": [
                -39.60175323486328,
                -13.788408279418946,
                196.96559143066407
            ],
            "quaternion_xyzw": [
                -0.11246970295906067,
                0.17282633483409882,
                0.8187198042869568,
                0.5358913540840149
            ],
            "pose_transform_permuted": [
                [ -0.4003421, -0.9163652, 0.001069933, 0 ],
                [ 0.8386143, -0.365903, 0.4035358, 0 ],
                [ -0.3693946, 0.1624496, 0.9149632, 0 ],
                [ -39.60175, -13.78841, 196.9656, 1 ]
            ],
            "cuboid_centroid": [
                -39.60175323486328,
                -13.788408279418946,
                196.96559143066407
            ],
            "projected_cuboid_centroid": [
                79.88372802734375,
                156.3970947265625
            ],
            "bounding_box": {
                "top_left": [
                    49.596595764160159,
                    113.15869140625
                ],
                "bottom_right": [
                    109.19580078125,
                    200.89990234375
                ]
            },
            "cuboid": [
                [ -37.29892, -21.22105, 199.8038 ],
                [ -43.86731, -7.461948, 193.7432 ],
                [ -41.90544, -6.678577, 193.3954 ],
                [ -35.33705, -20.43768, 199.456 ],
                [ -37.29806, -20.89823, 200.5358 ],
                [ -43.86646, -7.13913, 194.4751 ],
                [ -41.90459, -6.355751, 194.1273 ],
                [ -35.33619, -20.11485, 200.188 ]
            ],
            "projected_cuboid": [
                [ 97.05901, 113.1587 ],
                [ 49.5966, 194.0037 ],
                [ 61.22528, 198.7584 ],
                [ 108.4171, 117.6281 ],
                [ 97.87785, 115.5442 ],
                [ 50.6196, 196.1592 ],
                [ 62.20627, 200.8999 ],
                [ 109.1958, 120.0013 ]
            ]
        }
    ]
}