{
    "camera_data": {
        "location_worldframe": [
            11.154502868652344,
            43.050540924072269,
            67.65478515625
        ],
        "quaternion_xyzw_worldframe": [
            0.01606416143476963,
            0.9384256601333618,
            -0.3422859311103821,
            0.044042184948921207
        ]
    },
    "objects": [
        {
            "class": "big_fork",
            "visibility": 1.0,
            "location": [
                -1.2256637811660767,
                0.5183478593826294,
                64.56153106689453
            ],
            "quaternion_xyzw": [
                0.24680177867412568,
                0.3341694176197052,
                0.732719361782074,
                -0.5390194654464722
            ],
            "pose_transform_permuted": [
                [ -0.2970938, 0.9548472, 0.001425236, 0 ],
                [ -0.6249528, -0.1955776, 0.7557667, 0 ],
                [ 0.7219205, 0.2236429, 0.6548394, 0 ],
                [ -1.225664, 0.5183479, 64.56153, 1 ]
            ],
            "cuboid_centroid": [
                -1.2256637811660767,
                0.5183478593826294,
                64.56153106689453
            ],
            "projected_cuboid_centroid": [
                297.3277282714844,
                249.58837890625
            ],
            "bounding_box": {
                "top_left": [
                    156.9936981201172,
                    201.810546875
                ],
                "bottom_right": [
                    433.8763427734375,
                    300.5882568359375
                ]
            },
            "cuboid": [
                [ 6.19444, -0.6563005, 64.963 ],
                [ 5.492979, -2.131867, 66.66751 ],
                [ -8.647518, 0.7644815, 63.35554 ],
                [ -7.946054, 2.240047, 61.65103 ],
                [ 6.19619, 0.2722097, 65.76752 ],
                [ 5.494729, -1.20335, 67.47203 ],
                [ -8.645768, 1.692997, 64.16006 ],
                [ -7.944305, 3.16856, 62.45555 ]
            ],
            "projected_cuboid": [
                [ 433.8763, 227.9348 ],
                [ 418.3991, 201.8105 ],
                [ 156.9937, 254.4105 ],
                [ 166.0752, 283.3925 ],
                [ 432.5151, 244.943 ],
                [ 417.2568, 218.7007 ],
                [ 159.0703, 271.5129 ],
                [ 168.0914, 300.5883 ]
            ]
        },
        {
            "class": "big_spoon",
            "visibility": 0.0,
            "location": [
                35.66520690917969,
                -12.53892707824707,
                79.61105346679688
            ],
            "quaternion_xyzw": [
                0.4764934480190277,
                0.7719753384590149,
                -0.358115553855896,
                0.22081957757472993
            ],
            "pose_transform_permuted": [
                [ -0.4483853, 0.8938402, -0.0003448725, 0 ],
                [ 0.5775245, 0.2894145, -0.763351, 0 ],
                [ -0.682214, -0.3424746, -0.6459838, 0 ],
                [ 35.66521, -12.53893, 79.61105, 1 ]
            ],
            "cuboid_centroid": [
                35.66520690917969,
                -12.53892707824707,
                79.61105346679688
            ],
            "projected_cuboid_centroid": [
                855.0186157226563,
                51.90185546875
            ],
            "bounding_box": {
                "top_left": [
                    806.1129150390625,
                    -14.970703125
                ],
                "bottom_right": [
                    899.3675537109375,
                    127.810546875
                ]
            },
            "cuboid": [
                [ 40.50942, -15.62317, 84.75261 ],
                [ 33.81866, -7.005423, 74.57269 ],
                [ 30.82165, -7.975816, 75.72099 ],
                [ 37.51241, -16.59356, 85.90092 ],
                [ 40.50876, -17.10204, 83.50112 ],
                [ 33.818, -8.484286, 73.3212 ],
                [ 30.82098, -9.454686, 74.4695 ],
                [ 37.51174, -18.07244, 84.64942 ]
            ],
            "projected_cuboid": [
                [ 890.8217, 19.85254 ],
                [ 861.5944, 127.8105 ],
                [ 806.1129, 114.207 ],
                [ 841.5245, 9.304321 ],
                [ 899.3676, -4.598145 ],
                [ 870.8278, 101.8079 ],
                [ 814.2715, 88.37659 ],
                [ 849.2255, -14.9707 ]
            ]
        },
        {
            "class": "small_spoon",
            "visibility": 0.0,
            "location": [
                35.13682556152344,
                -22.58572769165039,
                91.91339874267578
            ],
            "quaternion_xyzw": [
                -0.29821208119392397,
                0.3021540641784668,
                0.651430606842041,
                0.6288168430328369
            ],
            "pose_transform_permuted": [
                [ -0.0313178, -0.9994731, -0.008529812, 0 ],
                [ 0.6390491, -0.02658454, 0.7687063, 0 ],
                [ -0.7685281, 0.01862326, 0.639545, 0 ],
                [ 35.13683, -22.58573, 91.9134, 1 ]
            ],
            "cuboid_centroid": [
                35.13682556152344,
                -22.58572769165039,
                91.91339874267578
            ],
            "projected_cuboid_centroid": [
                776.54248046875,
                -53.462646484375
            ],
            "bounding_box": {
                "top_left": [
                    738.2268676757813,
                    -96.17041015625
                ],
                "bottom_right": [
                    819.3673706054688,
                    -6.7498779296875
                ]
            },
            "cuboid": [
                [ 33.98988, -27.0314, 96.02991 ],
                [ 33.61603, -19.40274, 86.85561 ],
                [ 36.29699, -19.33144, 86.80566 ],
                [ 36.67085, -26.96009, 95.97996 ],
                [ 33.97666, -25.84, 97.02113 ],
                [ 33.60281, -18.21136, 87.84682 ],
                [ 36.28378, -18.14005, 87.79688 ],
                [ 36.65763, -25.76869, 96.97117 ]
            ],
            "projected_cuboid": [
                [ 742.7082, -96.17041 ],
                [ 782.2171, -26.78589 ],
                [ 819.3674, -25.95837 ],
                [ 776.2867, -95.45813 ],
                [ 738.2269, -78.0708 ],
                [ 776.822, -7.578979 ],
                [ 813.5498, -6.749878 ],
                [ 771.46, -77.35645 ]
            ]
        },
        {
            "class": "packet_cup",
            "visibility": 0.18822625279426576,
            "location": [
                9.42990779876709,
                11.242198944091797,
                50.170494079589847
            ],
            "quaternion_xyzw": [
                -0.7037402987480164,
                0.4912702739238739,
                0.5081148147583008,
                -0.07226696610450745
            ],
            "pose_transform_permuted": [
                [ 0.0009456873, -0.6180136, -0.786167, 0 ],
                [ -0.7648932, -0.5068622, 0.3975291, 0 ],
                [ -0.6441565, 0.6009578, -0.4731938, 0 ],
                [ 9.429908, 11.2422, 50.17049, 1 ]
            ],
            "cuboid_centroid": [
                9.42990779876709,
                11.242198944091797,
                50.170494079589847
            ],
            "projected_cuboid_centroid": [
                544.4691162109375,
                507.60882568359377
            ],
            "bounding_box": {
                "top_left": [
                    439.8281555175781,
                    405.7518310546875
                ],
                "bottom_right": [
                    653.2513427734375,
                    618.0618286132813
                ]
            },