{
    "camera_data": {
        "location_worldframe": [
            59.38600158691406,
            239.94920349121095,
            -61.971073150634769
        ],
        "quaternion_xyzw_worldframe": [
            0.5188384652137756,
            -0.36841243505477908,
            0.2636670172214508,
            0.7249542474746704
        ]
    },
    "objects": [
        {
            "class": "big_fork",
            "visibility": 1.0,
            "location": [
                2.882669687271118,
                -1.5928207635879517,
                252.8944549560547
            ],
            "quaternion_xyzw": [
                -0.0554020032286644,
                0.15552787482738496,
                0.9428184032440186,
                0.28954318165779116
            ],
            "pose_transform_permuted": [
                [ -0.8261909, -0.5632064, -0.01440398, 0 ],
                [ 0.5287402, -0.7839518, 0.3253517, 0 ],
                [ -0.1945321, 0.2611865, 0.9454834, 0 ],
                [ 2.88267, -1.592821, 252.8945, 1 ]
            ],
            "cuboid_centroid": [
                2.882669687271118,
                -1.5928207635879517,
                252.8944549560547
            ],
            "projected_cuboid_centroid": [
                333.61297607421877,
                232.4781494140625
            ],
            "bounding_box": {
                "top_left": [
                    309.3676452636719,
                    201.415771484375
                ],
                "bottom_right": [
                    358.3004455566406,
                    263.931884765625
                ]
            },
            "cuboid": [
                [ -0.3034418, -8.221697, 254.4773 ],
                [ -2.254145, -6.973313, 254.018 ],
                [ 6.086467, 4.636367, 250.15 ],
                [ 8.037174, 3.38796, 250.6093 ],
                [ -0.3211377, -7.821986, 255.6389 ],
                [ -2.271842, -6.573608, 255.1796 ],
                [ 6.068773, 5.036071, 251.3116 ],
                [ 8.019476, 3.787675, 251.7709 ]
            ],
            "projected_cuboid": [
                [ 318.576, 201.4158 ],
                [ 309.4022, 207.2152 ],
                [ 349.0578, 262.1348 ],
                [ 358.3004, 256.145 ],
                [ 318.4998, 203.4584 ],
                [ 309.3676, 209.2351 ],
                [ 348.8394, 263.9319 ],
                [ 358.0398, 257.9666 ]
            ]
        }
    ]
}