{
    "camera_data": {
        "location_worldframe": [
            44.06642150878906,
            114.49311065673828,
            -53.63625717163086
        ],
        "quaternion_xyzw_worldframe": [
            0.4618929326534271,
            -0.3352992534637451,
            0.19411449134349824,
            0.7978401780128479
        ]
    },
    "objects": [
        {
            "class": "big_fork",
            "visibility": 1.0,
            "location": [
                -4.3577704429626469,
                -0.6404586434364319,
                131.13938903808595
            ],
            "quaternion_xyzw": [
                -0.10063676536083222,
                0.23992764949798585,
                0.9003446102142334,
                0.34883591532707217
            ],
            "pose_transform_permuted": [
                [ -0.7363714, -0.6764362, -0.01382478, 0 ],
                [ 0.579854, -0.6414964, 0.5022466, 0 ],
                [ -0.3486063, 0.3618237, 0.864614, 0 ],
                [ -4.35777, -0.6404586, 131.1394, 1 ]
            ],
            "cuboid_centroid": [
                -4.3577704429626469,
                -0.6404586434364319,
                131.13938903808595
            ],
            "projected_cuboid_centroid": [
                280.3147888183594,
                234.16748046875
            ],
            "bounding_box": {
                "top_left": [
                    228.0792999267578,
                    182.9794921875
                ],
                "bottom_right": [
                    334.2257385253906,
                    287.3934326171875
                ]
            },
            "cuboid": [
                [ -8.488691, -6.383539, 133.699 ],
                [ -10.22732, -5.014457, 132.8759 ],
                [ -0.209862, 4.48557, 127.5176 ],
                [ 1.528767, 3.116495, 128.3407 ],
                [ -8.505675, -5.766496, 134.7612 ],
                [ -10.24431, -4.397416, 133.9381 ],
                [ -0.2268495, 5.102622, 128.5798 ],
                [ 1.511784, 3.733544, 129.4029 ]
            ],
            "projected_cuboid": [
                [ 244.1754, 182.9795 ],
                [ 228.0793, 194.9313 ],
                [ 318.0345, 282.0093 ],
                [ 334.2257, 269.0001 ],
                [ 244.6226, 188.8972 ],
                [ 228.6569, 200.7905 ],
                [ 317.893, 287.3934 ],
                [ 333.9522, 274.4568 ]
            ]
        }
    ]
}