{
    "camera_data": {
        "location_worldframe": [
            7.303982734680176,
            245.34022521972657,
            68.09822082519531
        ],
        "quaternion_xyzw_worldframe": [
            -0.12992319464683534,
            0.7890843749046326,
            -0.5731207728385925,
            -0.17888090014457704
        ]
    },
    "objects": [
        {
            "class": "knife",
            "visibility": 1.0,
            "location": [
                -2.9451510906219484,
                2.547253131866455,
                256.32733154296877
            ],
            "quaternion_xyzw": [
                0.7773827910423279,
                0.6091623902320862,
                -0.09733252227306366,
                0.12297797203063965
            ],
            "pose_transform_permuted": [
                [ 0.2388951, 0.9710442, -0.001502141, 0 ],
                [ 0.9231652, -0.2275952, -0.3097845, 0 ],
                [ -0.3011563, 0.0726193, -0.9508056, 0 ],
                [ -2.945151, 2.547253, 256.3273, 1 ]
            ],
            "cuboid_centroid": [
                -2.9451510906219484,
                2.547253131866455,
                256.32733154296877
            ],
            "projected_cuboid_centroid": [
                306.2782287597656,
                251.867919921875
            ],
            "bounding_box": {
                "top_left": [
                    292.5174560546875,
                    215.08203125
                ],
                "bottom_right": [
                    320.2568054199219,
                    289.2813720703125
                ]
            },
            "cuboid": [
                [ -3.864859, -5.145638, 259.2559 ],
                [ 0.05468628, 10.0007, 254.3148 ],
                [ -2.024242, 10.48797, 254.1594 ],
                [ -5.943786, -4.65837, 259.1005 ],
                [ -3.866054, -5.393463, 258.4953 ],
                [ 0.05348604, 9.752872, 253.5542 ],
                [ -2.025448, 10.24013, 253.3988 ],
                [ -5.944986, -4.906196, 258.3398 ]
            ],
            "projected_cuboid": [
                [ 302.1966, 216.2968 ],
                [ 320.2568, 286.963 ],
                [ 310.4884, 289.2814 ],
                [ 292.6037, 218.5284 ],
                [ 302.1387, 215.082 ],
                [ 320.2519, 285.9366 ],
                [ 310.4542, 288.2612 ],
                [ 292.5175, 217.3196 ]
            ]
        },
        {
            "class": "small_fork",
            "visibility": 1.0,
            "location": [
                21.019840240478517,
                24.17758560180664,
                248.71377563476563
            ],
            "quaternion_xyzw": [
                0.6265119314193726,
                0.11822061240673065,
                -0.6970854997634888,
                0.3279917538166046
            ],
            "pose_transform_permuted": [
                [ 0.0001913588, 0.6054099, -0.795914, 0 ],
                [ -0.3091433, -0.7568908, -0.5758013, 0 ],
                [ -0.9510155, 0.2461618, 0.1870134, 0 ],
                [ 21.01984, 24.17759, 248.7138, 1 ]
            ],
            "cuboid_centroid": [
                21.019840240478517,
                24.17758560180664,
                248.71377563476563
            ],
            "projected_cuboid_centroid": [
                420.93157958984377,
                356.09423828125
            ],
            "bounding_box": {
                "top_left": [
                    401.9866943359375,
                    331.564697265625
                ],
                "bottom_right": [
                    439.8052978515625,
                    380.7528076171875
                ]
            },
            "cuboid": [
                [ 24.99704, 20.26897, 250.9782 ],
                [ 24.99741, 19.68503, 249.1819 ],
                [ 17.8249, 28.65217, 246.2655 ],
                [ 17.82454, 29.2361, 248.0618 ],
                [ 24.21478, 19.70303, 251.162 ],
                [ 24.21514, 19.11909, 249.3657 ],
                [ 17.04263, 28.08627, 246.4494 ],
                [ 17.04227, 28.67018, 248.2457 ]
            ],
            "projected_cuboid": [
                [ 438.9461, 336.448 ],
                [ 439.8053, 334.3446 ],
                [ 406.4413, 378.9478 ],
                [ 405.8136, 380.7528 ],
                [ 435.1394, 333.6864 ],
                [ 435.9706, 331.5647 ],
                [ 402.586, 376.1018 ],
                [ 401.9867, 377.926 ]
            ]
        }
    ]
}