{
    "camera_data": {
        "location_worldframe": [
            31.49345588684082,
            163.71734619140626,
            51.1246337890625
        ],
        "quaternion_xyzw_worldframe": [
            -0.29464709758758547,
            0.7050722241401672,
            -0.46779298782348635,
            -0.4441013038158417
        ]
    },
    "objects": [
        {
            "class": "teacup",
            "visibility": 1.0,
            "location": [
                3.6088624000549318,
                -1.0497485399246216,
                174.26693725585938
            ],
            "quaternion_xyzw": [
                0.9803488850593567,
                -0.0076792677864432339,
                0.0011229094816371799,
                0.19711866974830628
            ],
            "pose_transform_permuted": [
                [ 0.9998795, -0.01549942, -0.0008257679, 0 ],
                [ -0.01461403, -0.9221704, -0.3865074, 0 ],
                [ 0.00522914, 0.3864729, -0.9222859, 0 ],
                [ 3.608862, -1.049749, 174.2669, 1 ]
            ],
            "cuboid_centroid": [
                3.6088624000549318,
                -1.0497485399246216,
                174.26693725585938
            ],
            "projected_cuboid_centroid": [
                344.73162841796877,
                232.8060302734375
            ],
            "bounding_box": {
                "top_left": [
                    315.08123779296877,
                    207.5484619140625
                ],
                "bottom_right": [
                    375.5271911621094,
                    257.5155029296875
                ]
            },
            "cuboid": [
                [ -0.7044727, -2.112846, 178.1466 ],
                [ 7.84848, -2.237847, 178.1913 ],
                [ 7.927421, 2.458891, 176.2229 ],
                [ -0.6255293, 2.583908, 176.1782 ],
                [ -0.7096946, -4.558407, 172.3109 ],
                [ 7.843255, -4.68342, 172.3557 ],
                [ 7.922193, 0.01332328, 170.3873 ],
                [ -0.6307526, 0.1383335, 170.3426 ]
            ],
            "projected_cuboid": [
                [ 315.2774, 225.8359 ],
                [ 372.6013, 225.0017 ],
                [ 373.7238, 256.6638 ],
                [ 315.7597, 257.5155 ],
                [ 315.0812, 208.4065 ],
                [ 374.3461, 207.5485 ],
                [ 375.5272, 240.0934 ],
                [ 315.5779, 240.9698 ]
            ]
        },
        {
            "class": "water_glass",
            "visibility": 1.0,
            "location": [
                14.401577949523926,
                -3.9639620780944826,
                176.7593994140625
            ],
            "quaternion_xyzw": [
                0.04624874144792557,
                0.1923823207616806,
                0.9532111883163452,
                -0.22855772078037263
            ],
            "pose_transform_permuted": [
                [ -0.8912451, 0.4535224, 0.000228703, 0 ],
                [ -0.4179327, -0.8215011, 0.387903, 0 ],
                [ 0.1761106, 0.3456209, 0.9217002, 0 ],
                [ 14.40158, -3.963962, 176.7594, 1 ]
            ],
            "cuboid_centroid": [
                14.401577949523926,
                -3.9639620780944826,
                176.7593994140625
            ],
            "projected_cuboid_centroid": [
                417.302734375,
                213.2178955078125
            ],
            "bounding_box": {
                "top_left": [
                    397.02728271484377,
                    188.271728515625
                ],
                "bottom_right": [
                    437.885986328125,
                    237.987548828125
                ]
            },
            "cuboid": [
                [ 17.31663, -5.958026, 175.428 ],
                [ 13.75322, -7.629024, 176.1321 ],
                [ 11.48561, -3.521507, 174.404 ],
                [ 15.04902, -1.850514, 173.6999 ],
                [ 17.31755, -4.406399, 179.1148 ],
                [ 13.75413, -6.0774, 179.8189 ],
                [ 11.48652, -1.969908, 178.0908 ],
                [ 15.04993, -0.2989146, 177.3867 ]
            ],
            "projected_cuboid": [
                [ 437.886, 199.4397 ],
                [ 413.2531, 188.2717 ],
                [ 398.6493, 215.886 ],
                [ 423.468, 227.277 ],
                [ 435.4656, 210.6201 ],
                [ 411.3472, 199.6373 ],
                [ 397.0273, 226.79 ],
                [ 421.3237, 237.9875 ]
            ]
        },
        {
            "class": "wine_glass",
            "visibility": 0.9764108657836914,
            "location": [
                15.120546340942383,
                -12.629935264587403,
                178.29779052734376
            ],
            "quaternion_xyzw": [
                0.8633710145950317,
                -0.4644494354724884,
                0.09272768348455429,
                0.17400796711444856
            ],
            "pose_transform_permuted": [
                [ 0.5513766, -0.8342551, -0.001519009, 0 ],
                [ -0.7697136, -0.5080158, -0.3866015, 0 ],
                [ 0.3217526, 0.2143322, -0.9222455, 0 ],
                [ 15.12055, -12.62994, 178.2978, 1 ]
            ],
            "cuboid_centroid": [
                15.120546340942383,
                -12.629935264587403,
                178.29779052734376
            ],
            "projected_cuboid_centroid": [
                421.2789306640625,
                155.4034423828125
            ],
            "bounding_box": {
                "top_left": [
                    362.44097900390627,
                    97.834228515625
                ],
                "bottom_right": [
                    482.8401184082031,
                    212.515625
                ]
            },
            "cuboid": [
                [ 6.479589, -11.9939, 182.3306 ],
                [ 10.84256, -18.08455, 184.8765 ],
                [ 23.77352, -10.21029, 181.5544 ],
                [ 19.41055, -4.119666, 179.0084 ],
                [ 6.467582, -15.04957, 175.0412 ],
                [ 10.83056, -21.14021, 177.5872 ],
                [ 23.76152, -13.26597, 174.265 ],
                [ 19.39854, -7.175329, 171.7191 ]
            ],
            "projected_cuboid": [
                [ 362.441, 161.4406 ],
                [ 390.0403, 123.1783 ],
                [ 476.3811, 172.8372 ],
                [ 449.4977, 212.5156 ],
                [ 364.1265, 137.321 ],
                [ 392.8344, 97.83423 ],
                [ 482.8401, 149.0869 ],
                [ 454.9112, 190.0977 ]
            ]
        },
        {
            "class": "big_plates",
            "visibility": 1.0,
            "location": [
                -34.6030158996582,
                0.9272633194923401,
                176.0612030029297
            ],
            "quaternion_xyzw": [
                0.5527538061141968,
                -0.010493973270058632,
                -0.006895704194903374,
                0.8332500457763672
            ],
            "pose_transform_permuted": [
                [ 0.9996846, -0.000109476, -0.02511146, 0 ],
                [ -0.02309286, 0.3888313, -0.9210196, 0 ],
                [ 0.009864954, 0.921309, 0.3887062, 0 ],
                [ -34.60302, 0.9272633, 176.0612, 1 ]
            ],
            "cuboid_centroid": [
                -34.6030158996582,
                0.9272633194923401,
                176.0612030029297
            ],
            "projected_cuboid_centroid": [
                85.28123474121094,
                246.289794921875
            ],
            "bounding_box": {
                "top_left": [
                    20.38137435913086,
                    189.11181640625
                ],
                "bottom_right": [
                    147.177978515625,
                    305.3192138671875
                ]
            },