{
    "camera_data": {
        "location_worldframe": [
            1.779407262802124,
            194.84059143066407,
            -9.999221801757813
        ],
        "quaternion_xyzw_worldframe": [
            0.6154866218566895,
            0.18466073274612428,
            -0.15131577849388123,
            0.7511193156242371
        ]
    },
    "objects": [
        {
            "class": "water_glass",
            "visibility": 1.0,
            "location": [
                2.339521646499634,
                -2.257324457168579,
                196.72193908691407
            ],
            "quaternion_xyzw": [
                0.9883081316947937,
                0.11616070568561554,
                -0.01152469590306282,
                0.09808622300624848
            ],
            "pose_transform_permuted": [
                [ 0.9727477, 0.231866, 7.629395E-06, 0 ],
                [ 0.2273443, -0.9537715, -0.1965563, 0 ],
                [ -0.04556743, 0.1912014, -0.9804925, 0 ],
                [ 2.339522, -2.257324, 196.7219, 1 ]
            ],
            "cuboid_centroid": [
                2.339521646499634,
                -2.257324457168579,
                196.72193908691407
            ],
            "projected_cuboid_centroid": [
                334.2027282714844,
                226.2962646484375
            ],
            "bounding_box": {
                "top_left": [
                    318.8647766113281,
                    206.437744140625
                ],
                "bottom_right": [
                    349.7655029296875,
                    245.8756103515625
                ]
            },
            "cuboid": [
                [ 0.9745345, -4.70314, 199.252 ],
                [ 4.863811, -3.794157, 199.0698 ],
                [ 3.704479, 0.9746985, 198.1138 ],
                [ -0.1847938, 0.06571107, 198.296 ],
                [ 0.9745629, -5.489373, 195.3301 ],
                [ 4.863843, -4.580376, 195.1479 ],
                [ 3.704511, 0.1884684, 194.1919 ],
                [ -0.1847648, -0.7205091, 194.3741 ]
            ],
            "projected_cuboid": [
                [ 325.8411, 211.8108 ],
                [ 349.1789, 217.2382 ],
                [ 342.3311, 245.8756 ],
                [ 318.8871, 240.3958 ],
                [ 325.9585, 206.4377 ],
                [ 349.7655, 211.9692 ],
                [ 342.7823, 241.1591 ],
                [ 318.8648, 235.5731 ]
            ]
        },
        {
            "class": "big_spoon",
            "visibility": 0.0,
            "location": [
                33.75253677368164,
                32.50400924682617,
                190.79624938964845
            ],
            "quaternion_xyzw": [
                -0.9160109162330627,
                0.3883441686630249,
                -0.04033254459500313,
                -0.09212003648281098
            ],
            "pose_transform_permuted": [
                [ 0.6951242, -0.7188858, 0.002341546, 0 ],
                [ -0.7040241, -0.6814054, -0.2000917, 0 ],
                [ 0.1454387, 0.1374401, -0.9797744, 0 ],
                [ 33.75254, 32.50401, 190.7962, 1 ]
            ],
            "cuboid_centroid": [
                33.75253677368164,
                32.50400924682617,
                190.79624938964845
            ],
            "projected_cuboid_centroid": [
                531.2681884765625,
                443.4532470703125
            ],
            "bounding_box": {
                "top_left": [
                    491.1628723144531,
                    401.900390625
                ],
                "bottom_right": [
                    571.4130249023438,
                    485.1788330078125
                ]
            },
            "cuboid": [
                [ 27.35878, 36.80816, 190.8906 ],
                [ 37.73135, 26.30278, 193.0609 ],
                [ 40.14173, 28.58751, 192.6 ],
                [ 29.76917, 39.09288, 190.4298 ],
                [ 27.36331, 36.42051, 188.9925 ],
                [ 37.73587, 25.91514, 191.1627 ],
                [ 40.14627, 28.19986, 190.7019 ],
                [ 29.7737, 38.70524, 188.5317 ]
            ],
            "projected_cuboid": [
                [ 491.1629, 470.2804 ],
                [ 553.4026, 402.7065 ],
                [ 568.9071, 417.2628 ],
                [ 506.6936, 485.166 ],
                [ 492.9106, 470.1437 ],
                [ 555.7484, 401.9004 ],
                [ 571.413, 416.5995 ],
                [ 508.6019, 485.1788 ]
            ]
        },
        {
            "class": "big_fork",
            "visibility": 1.0,
            "location": [
                15.738497734069825,
                17.88313865661621,
                193.5201873779297
            ],
            "quaternion_xyzw": [
                0.24741098284721375,
                -0.6971659064292908,
                -0.11301146447658539,
                -0.6633068323135376
            ],
            "pose_transform_permuted": [
                [ 0.002376229, -0.4948955, 0.8689493, 0 ],
                [ -0.1950504, 0.8520324, 0.4857942, 0 ],
                [ -0.9807904, -0.1706433, -0.09450497, 0 ],
                [ 15.7385, 17.88314, 193.5202, 1 ]
            ],
            "cuboid_centroid": [
                15.738497734069825,
                17.88313865661621,
                193.5201873779297
            ],
            "projected_cuboid_centroid": [
                417.12579345703127,
                350.36083984375
            ],
            "bounding_box": {
                "top_left": [
                    391.2174987792969,
                    308.106689453125
                ],
                "bottom_right": [
                    443.0213623046875,
                    392.6865234375
                ]
            },
            "cuboid": [
                [ 11.53742, 24.12394, 193.4726 ],
                [ 11.54303, 23.66341, 191.1568 ],
                [ 18.87202, 11.04551, 193.6839 ],
                [ 18.86641, 11.50605, 195.9996 ],
                [ 12.60498, 24.72076, 193.3565 ],
                [ 12.61059, 24.26024, 191.0407 ],
                [ 19.93959, 11.64235, 193.5678 ],
                [ 19.93397, 12.10288, 195.8835 ]
            ],
            "projected_cuboid": [
                [ 391.2175, 388.9109 ],
                [ 392.1153, 387.8376 ],
                [ 436.365, 308.1067 ],
                [ 434.9559, 310.1082 ],
                [ 397.854, 392.6865 ],
                [ 398.8328, 391.6584 ],
                [ 443.0214, 311.8298 ],
                [ 441.5328, 313.7885 ]
            ]
        }
    ]
}