{
    "camera_data": {
        "location_worldframe": [
            -49.11597442626953,
            166.16763305664063,
            32.68170166015625
        ],
        "quaternion_xyzw_worldframe": [
            0.15353600680828095,
            0.8176553845405579,
            -0.4929638206958771,
            0.25466281175613406
        ]
    },
    "objects": [
        {
            "class": "small_fork",
            "visibility": 1.0,
            "location": [
                0.1320112943649292,
                -0.07174519449472428,
                186.93017578125
            ],
            "quaternion_xyzw": [
                0.8238462805747986,
                0.512225866317749,
                -0.12862996757030488,
                0.2058064490556717
            ],
            "pose_transform_permuted": [
                [ 0.442158, 0.8969365, -0.001103863, 0 ],
                [ 0.791045, -0.3905367, -0.470881, 0 ],
                [ -0.4227814, 0.2073306, -0.882196, 0 ],
                [ 0.1320113, -0.07174519, 186.9302, 1 ]
            ],
            "cuboid_centroid": [
                0.1320112943649292,
                -0.07174519449472428,
                186.93017578125
            ],
            "projected_cuboid_centroid": [
                320.8433837890625,
                239.5416259765625
            ],
            "bounding_box": {
                "top_left": [
                    283.984130859375,
                    218.646728515625
                ],
                "bottom_right": [
                    357.3733825683594,
                    260.7052001953125
                ]
            },
            "cuboid": [
                [ 5.028127, -2.900851, 188.9911 ],
                [ 5.863305, -1.406674, 188.1926 ],
                [ -4.763028, 3.220167, 185.7363 ],
                [ -5.5982, 1.725981, 186.5348 ],
                [ 5.027046, -3.363654, 188.1241 ],
                [ 5.862217, -1.869473, 187.3255 ],
                [ -4.764106, 2.75735, 184.8692 ],
                [ -5.59929, 1.263172, 185.6678 ]
            ],
            "projected_cuboid": [
                [ 351.7733, 221.6692 ],
                [ 357.2081, 231.0734 ],
                [ 289.3745, 260.7052 ],
                [ 284.1585, 251.0503 ],
                [ 351.9129, 218.6467 ],
                [ 357.3734, 228.0815 ],
                [ 289.2238, 257.8125 ],
                [ 283.9841, 248.125 ]
            ]
        },
        {
            "class": "knife",
            "visibility": 1.0,
            "location": [
                -27.18766975402832,
                15.120951652526856,
                179.01783752441407
            ],
            "quaternion_xyzw": [
                0.9221036434173584,
                0.30334481596946719,
                -0.07576940953731537,
                0.22795958817005158
            ],
            "pose_transform_permuted": [
                [ 0.8044819, 0.5939754, -0.001433775, 0 ],
                [ 0.524886, -0.7120323, -0.4663732, 0 ],
                [ -0.2780352, 0.3744362, -0.8845865, 0 ],
                [ -27.18767, 15.12095, 179.0178, 1 ]
            ],
            "cuboid_centroid": [
                -27.18766975402832,
                15.120951652526856,
                179.01783752441407
            ],
            "projected_cuboid_centroid": [
                138.62677001953126,
                340.874267578125
            ],
            "bounding_box": {
                "top_left": [
                    92.2958755493164,
                    304.974853515625
                ],
                "bottom_right": [
                    185.75442504882813,
                    377.7196044921875
                ]
            },
            "cuboid": [
                [ -33.15082, 10.23942, 182.0533 ],
                [ -19.95172, 18.85118, 177.4916 ],
                [ -21.22337, 20.37559, 176.69 ],
                [ -34.42248, 11.76381, 181.2517 ],
                [ -33.15197, 9.866315, 181.3457 ],
                [ -19.95287, 18.47811, 176.784 ],
                [ -21.22452, 20.00251, 175.9824 ],
                [ -34.42362, 11.39072, 180.5441 ]
            ],
            "projected_cuboid": [
                [ 102.5331, 307.1698 ],
                [ 185.7544, 366.8406 ],
                [ 176.5502, 377.7196 ],
                [ 93.19244, 317.511 ],
                [ 101.6769, 304.9749 ],
                [ 185.2093, 364.828 ],
                [ 175.9656, 375.7416 ],
                [ 92.29588, 315.3469 ]
            ]
        },
        {
            "class": "mug",
            "visibility": 1.0,
            "location": [
                -18.59284210205078,
                43.316776275634769,
                160.34378051757813
            ],
            "quaternion_xyzw": [
                0.4750344157218933,
                -0.336907297372818,
                -0.20286160707473756,
                0.7871994972229004
            ],
            "pose_transform_permuted": [
                [ 0.6906813, -0.0006999969, -0.723159, 0 ],
                [ -0.6394702, 0.4663789, -0.6112026, 0 ],
                [ 0.337694, 0.8845848, 0.3216715, 0 ],
                [ -18.59284, 43.31678, 160.3438, 1 ]
            ],
            "cuboid_centroid": [
                -18.59284210205078,
                43.316776275634769,
                160.34378051757813
            ],
            "projected_cuboid_centroid": [
                181.51869201660157,
                562.6276245117188
            ],
            "bounding_box": {
                "top_left": [
                    126.7818832397461,
                    505.25946044921877
                ],
                "bottom_right": [
                    233.65472412109376,
                    619.882080078125
                ]
            },
            "cuboid": [
                [ -19.53061, 51.05447, 160.5028 ],
                [ -11.87505, 43.96653, 164.2458 ],
                [ -11.8698, 40.46869, 157.6114 ],
                [ -19.52537, 47.55663, 153.8684 ],
                [ -25.31589, 46.16485, 163.0761 ],
                [ -17.66032, 39.07692, 166.8192 ],
                [ -17.65507, 35.57907, 160.1848 ],
                [ -25.31063, 42.66701, 156.4417 ]
            ],
            "projected_cuboid": [
                [ 174.6782, 619.8821 ],
                [ 233.6547, 559.6874 ],
                [ 230.0599, 546.6401 ],
                [ 168.453, 609.1129 ],
                [ 134.6041, 578.0793 ],
                [ 193.57, 519.7512 ],
                [ 188.3728, 505.2595 ],
                [ 126.7819, 565.7145 ]
            ]
        },
        {
            "class": "big_fork",
            "visibility": 1.0,
            "location": [
                -2.8346900939941408,
                21.92593002319336,
                174.53562927246095
            ],
            "quaternion_xyzw": [
                -0.14587609469890595,
                0.5409089922904968,
                -0.45327192544937136,
                -0.6933124661445618
            ],
            "pose_transform_permuted": [
                [ 0.003924042, -0.7863296, -0.6177948, 0 ],
                [ 0.4707068, 0.5465295, -0.6926332, 0 ],
                [ 0.882281, -0.2880823, 0.3722752, 0 ],
                [ -2.83469, 21.92593, 174.5356, 1 ]
            ],
            "cuboid_centroid": [
                -2.8346900939941408,
                21.92593002319336,
                174.53562927246095
            ],
            "projected_cuboid_centroid": [
                300.60369873046877,
                390.0277099609375
            ],
            "bounding_box": {
                "top_left": [
                    257.0731506347656,
                    354.7557373046875
                ],
                "bottom_right": [
                    342.8955078125,
                    425.8372802734375
                ]
            },