{
    "camera_data": {
        "location_worldframe": [
            -63.355224609375,
            115.79788970947266,
            -25.88117790222168
        ],
        "quaternion_xyzw_worldframe": [
            0.5109145641326904,
            0.4320669174194336,
            -0.33202069997787478,
            0.6648659706115723
        ]
    },
    "objects": [
        {
            "class": "knife",
            "visibility": 1.0,
            "location": [
                -0.6091787219047546,
                -2.2299599647521974,
                119.62491607666016
            ],
            "quaternion_xyzw": [
                -0.46797531843185427,
                0.8740818500518799,
                -0.11592522263526917,
                -0.05950826406478882
            ],
            "pose_transform_permuted": [
                [ -0.5549154, -0.8318945, 0.004470102, 0 ],
                [ -0.8043004, 0.5351208, -0.2583531, 0 ],
                [ 0.2125305, -0.1469595, -0.96604, 0 ],
                [ -0.6091787, -2.22996, 119.6249, 1 ]
            ],
            "cuboid_centroid": [
                -0.6091787219047546,
                -2.2299599647521974,
                119.62491607666016
            ],
            "projected_cuboid_centroid": [
                313.9183654785156,
                217.737548828125
            ],
            "bounding_box": {
                "top_left": [
                    260.1991271972656,
                    146.302734375
                ],
                "bottom_right": [
                    369.0823974609375,
                    291.00439453125
                ]
            },
            "cuboid": [
                [ 3.050767, 5.044274, 118.1105 ],
                [ -6.053719, -8.15185, 121.5975 ],
                [ -4.272701, -9.297503, 121.9121 ],
                [ 4.83178, 3.898618, 118.4251 ],
                [ 3.054343, 4.837588, 117.3377 ],
                [ -6.050142, -8.358528, 120.8247 ],
                [ -4.269127, -9.504175, 121.1393 ],
                [ 4.835361, 3.691936, 117.6523 ]
            ],
            "projected_cuboid": [
                [ 350.8474, 291.0044 ],
                [ 260.5441, 159.9375 ],
                [ 278.1444, 148.9213 ],
                [ 368.726, 279.3156 ],
                [ 351.0869, 289.2367 ],
                [ 260.1991, 157.3826 ],
                [ 277.9127, 146.3027 ],
                [ 369.0824, 277.4758 ]
            ]
        }
    ]
}