{
    "camera_data": {
        "location_worldframe": [
            -18.66564178466797,
            125.6376724243164,
            4.8374176025390629
        ],
        "quaternion_xyzw_worldframe": [
            -0.2194327414035797,
            0.7209113240242004,
            -0.6026976704597473,
            -0.2624724805355072
        ]
    },
    "objects": [
        {
            "class": "knife",
            "visibility": 1.0,
            "location": [
                0.5671892762184143,
                0.09873341023921967,
                126.84809112548828
            ],
            "quaternion_xyzw": [
                0.7499833106994629,
                0.6553676724433899,
                -0.06057663634419441,
                0.065945565700531
            ],
            "pose_transform_permuted": [
                [ 0.1336474, 0.9910191, -0.004425749, 0 ],
                [ 0.9750401, -0.132289, -0.1783161, 0 ],
                [ -0.1773001, 0.01951621, -0.9839635, 0 ],
                [ 0.5671893, 0.09873341, 126.8481, 1 ]
            ],
            "cuboid_centroid": [
                0.5671892762184143,
                0.09873341023921967,
                126.84809112548828
            ],
            "projected_cuboid_centroid": [
                325.3399963378906,
                240.9295654296875
            ],
            "bounding_box": {
                "top_left": [
                    305.1352844238281,
                    164.263916015625
                ],
                "bottom_right": [
                    346.00787353515627,
                    318.9140625
                ]
            },
            "cuboid": [
                [ 0.5334321, -7.970279, 128.717 ],
                [ 2.726179, 8.027165, 125.8081 ],
                [ 0.6044889, 8.310386, 125.7663 ],
                [ -1.588256, -7.687057, 128.6753 ],
                [ 0.5298921, -8.112922, 127.9299 ],
                [ 2.72264, 7.884511, 125.0209 ],
                [ 0.600945, 8.167736, 124.9791 ],
                [ -1.591802, -7.82971, 127.8881 ]
            ],
            "projected_cuboid": [
                [ 324.9493, 166.0505 ],
                [ 345.8788, 316.1993 ],
                [ 325.7401, 318.9141 ],
                [ 305.2591, 168.6552 ],
                [ 324.9467, 164.2639 ],
                [ 346.0079, 315.3164 ],
                [ 325.7424, 318.048 ],
                [ 305.1353, 166.8839 ]
            ]
        }
    ]
}