{
    "camera_data": {
        "location_worldframe": [
            42.4720458984375,
            221.0469970703125,
            -48.16305160522461
        ],
        "quaternion_xyzw_worldframe": [
            0.5283448696136475,
            -0.40090683102607729,
            0.3111995458602905,
            0.6806470155715942
        ]
    },
    "objects": [
        {
            "class": "knife",
            "visibility": 1.0,
            "location": [
                2.3314032554626467,
                3.094428300857544,
                226.56350708007813
            ],
            "quaternion_xyzw": [
                0.9330325126647949,
                0.33747878670692446,
                -0.043151501566171649,
                0.11703135073184967
            ],
            "pose_transform_permuted": [
                [ 0.768492, 0.6398575, -0.001532309, 0 ],
                [ 0.6196572, -0.7448235, -0.2475135, 0 ],
                [ -0.1595147, 0.1892627, -0.9688832, 0 ],
                [ 2.331403, 3.094428, 226.5635, 1 ]
            ],
            "cuboid_centroid": [
                2.3314032554626467,
                3.094428300857544,
                226.56350708007813
            ],
            "projected_cuboid_centroid": [
                332.28924560546877,
                256.311279296875
            ],
            "bounding_box": {
                "top_left": [
                    295.5220642089844,
                    224.866455078125
                ],
                "bottom_right": [
                    369.4535827636719,
                    288.0694580078125
                ]
            },
            "cuboid": [
                [ -3.287351, -2.687223, 228.4622 ],
                [ 9.321261, 7.47947, 225.8451 ],
                [ 7.951382, 9.074078, 225.4399 ],
                [ -4.657234, -1.09262, 228.057 ],
                [ -3.288574, -2.885239, 227.6871 ],
                [ 9.320041, 7.281467, 225.07 ],
                [ 7.950158, 8.876069, 224.6648 ],
                [ -4.658458, -1.290628, 227.2819 ]
            ],
            "projected_cuboid": [
                [ 302.8158, 225.9529 ],
                [ 369.2903, 279.551 ],
                [ 362.122, 288.0695 ],
                [ 295.6117, 234.2783 ],
                [ 302.7509, 224.8665 ],
                [ 369.4536, 278.6366 ],
                [ 362.2609, 287.1827 ],
                [ 295.5221, 233.2184 ]
            ]
        }
    ]
}