{
    "camera_data": {
        "location_worldframe": [
            -47.8824348449707,
            217.3327178955078,
            58.164794921875
        ],
        "quaternion_xyzw_worldframe": [
            0.13590852916240693,
            0.8043797016143799,
            -0.5420587062835693,
            0.20167937874794007
        ]
    },
    "objects": [
        {
            "class": "knife",
            "visibility": 1.0,
            "location": [
                -2.609114170074463,
                -2.5228381156921388,
                234.64682006835938
            ],
            "quaternion_xyzw": [
                -0.059456758201122287,
                0.9796213507652283,
                -0.19152939319610597,
                -0.011110115796327591
            ],
            "pose_transform_permuted": [
                [ -0.9926829, -0.120746, 0.001008021, 0 ],
                [ -0.1122344, 0.9195628, -0.3765737, 0 ],
                [ 0.04454285, -0.3739314, -0.9263861, 0 ],
                [ -2.609114, -2.522838, 234.6468, 1 ]
            ],
            "cuboid_centroid": [
                -2.609114170074463,
                -2.5228381156921388,
                234.64682006835938
            ],
            "projected_cuboid_centroid": [
                306.7206726074219,
                227.1597900390625
            ],
            "bounding_box": {
                "top_left": [
                    264.52215576171877,
                    216.736328125
                ],
                "bottom_right": [
                    348.86871337890627,
                    237.618408203125
                ]
            },
            "cuboid": [
                [ 5.404682, -0.4671478, 234.2517 ],
                [ -10.88223, -2.308574, 234.9825 ],
                [ -10.62372, -4.277275, 235.7831 ],
                [ 5.663193, -2.435851, 235.0523 ],
                [ 5.405491, -0.768389, 233.5106 ],
                [ -10.88142, -2.609819, 234.2414 ],
                [ -10.62292, -4.578529, 235.042 ],
                [ 5.663996, -2.737103, 234.3112 ]
            ],
            "projected_cuboid": [
                [ 347.554, 237.6184 ],
                [ 264.693, 228.2671 ],
                [ 266.1902, 218.3353 ],
                [ 348.7736, 227.6239 ],
                [ 347.6456, 236.0702 ],
                [ 264.5222, 226.6941 ],
                [ 266.0246, 216.7363 ],
                [ 348.8687, 226.0493 ]
            ]
        }
    ]
}