{
    "camera_data": {
        "location_worldframe": [
            6.220346450805664,
            131.19482421875,
            -49.525634765625
        ],
        "quaternion_xyzw_worldframe": [
            0.4493505656719208,
            -0.20003049075603486,
            0.10397897660732269,
            0.8644421696662903
        ]
    },
    "objects": [
        {
            "class": "big_spoon",
            "visibility": 1.0,
            "location": [
                -4.205111503601074,
                -0.3579536974430084,
                158.01734924316407
            ],
            "quaternion_xyzw": [
                0.36219727993011477,
                0.418643057346344,
                -0.8111914396286011,
                -0.18846657872200013
            ],
            "pose_transform_permuted": [
                [ -0.6665871, -0.002502203, -0.7454231, 0 ],
                [ 0.6090277, -0.5784368, -0.5426751, 0 ],
                [ -0.4298222, -0.8157235, 0.3871022, 0 ],
                [ -4.205112, -0.3579537, 158.0173, 1 ]
            ],
            "cuboid_centroid": [
                -4.205111503601074,
                -0.3579536974430084,
                158.01734924316407
            ],
            "projected_cuboid_centroid": [
                288.21881103515627,
                237.294677734375
            ],
            "bounding_box": {
                "top_left": [
                    243.0986785888672,
                    192.319091796875
                ],
                "bottom_right": [
                    331.1286926269531,
                    283.548828125
                ]
            },
            "cuboid": [
                [ 1.486132, -5.345929, 159.4817 ],
                [ -8.460606, 3.741903, 153.0679 ],
                [ -8.452215, 5.681394, 155.803 ],
                [ 1.49452, -3.406448, 162.2168 ],
                [ 0.04199421, -6.39728, 160.2316 ],
                [ -9.904741, 2.690562, 153.8179 ],
                [ -9.896353, 4.630047, 156.553 ],
                [ 0.05038393, -4.457798, 162.9667 ]
            ],
            "projected_cuboid": [
                [ 331.1287, 199.9678 ],
                [ 253.9892, 269.1948 ],
                [ 255.2124, 283.5488 ],
                [ 331.0028, 214.9214 ],
                [ 320.313, 192.3191 ],
                [ 243.0987, 260.8898 ],
                [ 244.5062, 275.3201 ],
                [ 320.3692, 207.3323 ]
            ]
        }
    ]
}