{
    "camera_data": {
        "location_worldframe": [
            20.81062126159668,
            33.23202133178711,
            6.6114068031311039
        ],
        "quaternion_xyzw_worldframe": [
            0.234405979514122,
            0.7353074550628662,
            -0.5548748970031738,
            0.3106294870376587
        ]
    },
    "objects": [
        {
            "class": "small_spoon",
            "visibility": 0.9867832660675049,
            "location": [
                -1.0527034997940064,
                -1.8451945781707764,
                33.29087448120117
            ],
            "quaternion_xyzw": [
                0.23044948279857636,
                0.7324039936065674,
                0.5591605305671692,
                0.3127570152282715
            ],
            "pose_transform_permuted": [
                [ -0.6981522, -0.01219854, 0.7158455, 0 ],
                [ 0.687327, 0.2684651, 0.6749135, 0 ],
                [ -0.2004125, 0.9632122, -0.1790452, 0 ],
                [ -1.052703, -1.845195, 33.29087, 1 ]
            ],
            "cuboid_centroid": [
                -1.0527034997940064,
                -1.8451945781707764,
                33.29087448120117
            ],
            "projected_cuboid_centroid": [
                282.2359619140625,
                173.806640625
            ],
            "bounding_box": {
                "top_left": [
                    97.75094604492188,
                    -4.725341796875
                ],
                "bottom_right": [
                    453.14825439453127,
                    352.8016357421875
                ]
            },
            "cuboid": [
                [ 2.543292, -6.110625, 35.91769 ],
                [ -5.790893, 2.094337, 33.52526 ],
                [ -5.758172, 1.374215, 30.94156 ],
                [ 2.576018, -6.830754, 33.33399 ],
                [ 3.652764, -5.064596, 35.64019 ],
                [ -4.681425, 3.140366, 33.24776 ],
                [ -4.648703, 2.420241, 30.66407 ],
                [ 3.685486, -5.784725, 33.0565 ]
            ],
            "projected_cuboid": [
                [ 404.564, 36.82288 ],
                [ 113.7135, 314.6057 ],
                [ 97.75095, 293.0408 ],
                [ 412.291, -4.725342 ],
                [ 442.3994, 70.29199 ],
                [ 151.8437, 352.8016 ],
                [ 138.9496, 334.2598 ],
                [ 453.1483, 31.01099 ]
            ]
        },
        {
            "class": "packet_cup",
            "visibility": 0.0,
            "location": [
                39.126277923583987,
                3.1034862995147707,
                31.437196731567384
            ],
            "quaternion_xyzw": [
                -0.7000895738601685,
                0.28777948021888735,
                0.6458691358566284,
                0.09955213963985443
            ],
            "pose_transform_permuted": [
                [ 7.203221E-05, -0.5315381, -0.8470344, 0 ],
                [ -0.2743475, -0.8145447, 0.5111266, 0 ],
                [ -0.9616306, 0.232345, -0.1458849, 0 ],
                [ 39.12628, 3.103486, 31.4372, 1 ]
            ],
            "cuboid_centroid": [
                39.126277923583987,
                3.1034862995147707,
                31.437196731567384
            ],
            "projected_cuboid_centroid": [
                1806.3538818359375,
                357.897216796875
            ],
            "bounding_box": {
                "top_left": [
                    1573.35205078125,
                    193.465087890625
                ],
                "bottom_right": [
                    2066.87744140625,
                    516.257080078125
                ]
            },
            "cuboid": [
                [ 40.76193, -0.2417066, 34.21151 ],
                [ 40.76218, -1.201925, 30.8458 ],
                [ 43.41986, 2.8708, 29.68407 ],
                [ 43.41962, 3.831017, 33.04978 ],
                [ 34.83268, 3.336175, 33.19032 ],
                [ 34.83294, 2.375958, 29.82461 ],
                [ 37.49063, 6.448682, 28.66288 ],
                [ 37.49037, 7.408899, 32.02859 ]
            ],
            "projected_cuboid": [
                [ 1742.918, 231.5625 ],
                [ 1898.188, 193.4651 ],
                [ 2066.877, 355.4987 ],
                [ 1888.971, 378.4341 ],
                [ 1573.352, 360.0425 ],
                [ 1714.803, 335.1396 ],
                [ 1882.07, 508.6882 ],
                [ 1717.911, 516.2571 ]
            ]
        }
    ]
}