{
    "camera_data": {
        "location_worldframe": [
            -39.65750503540039,
            122.15919494628906,
            38.88885498046875
        ],
        "quaternion_xyzw_worldframe": [
            0.30012279748916628,
            0.6994767189025879,
            -0.4442492723464966,
            0.47254759073257449
        ]
    },
    "objects": [
        {
            "class": "wine_glass",
            "visibility": 1.0,
            "location": [
                -0.4761764109134674,
                -2.180011749267578,
                131.1802215576172
            ],
            "quaternion_xyzw": [
                -0.09900165349245072,
                0.19722765684127809,
                0.8725095987319946,
                0.43592068552970889
            ],
            "pose_transform_permuted": [
                [ -0.6003435, -0.7997417, -0.0008085519, 0 ],
                [ 0.7216383, -0.5421487, 0.4304798, 0 ],
                [ -0.344711, 0.2578523, 0.9025999, 0 ],
                [ -0.4761764, -2.180012, 131.1802, 1 ]
            ],
            "cuboid_centroid": [
                -0.4761764109134674,
                -2.180011749267578,
                131.1802215576172
            ],
            "projected_cuboid_centroid": [
                315.6649169921875,
                220.1533203125
            ],
            "bounding_box": {
                "top_left": [
                    235.76083374023438,
                    140.26513671875
                ],
                "bottom_right": [
                    396.18414306640627,
                    299.792236328125
                ]
            },
            "cuboid": [
                [ -4.295757, -10.93803, 130.9754 ],
                [ -9.046198, -5.227793, 128.2477 ],
                [ 3.349795, 3.175508, 124.251 ],
                [ 8.100239, -2.534731, 126.9786 ],
                [ -4.302155, -7.535556, 138.1095 ],
                [ -9.052598, -1.825313, 135.3818 ],
                [ 3.343403, 6.577991, 131.3851 ],
                [ 8.093849, 0.8677477, 134.1127 ]
            ],
            "projected_cuboid": [
                [ 280.8305, 140.2651 ],
                [ 235.7608, 191.3182 ],
                [ 352.197, 270.5219 ],
                [ 396.1841, 216.1604 ],
                [ 282.7985, 174.8387 ],
                [ 240.1434, 223.8982 ],
                [ 350.3907, 299.7922 ],
                [ 392.0746, 247.7272 ]
            ]
        },
        {
            "class": "small_fork",
            "visibility": 0.6903163194656372,
            "location": [
                17.205276489257814,
                -26.498315811157228,
                145.92430114746095
            ],
            "quaternion_xyzw": [
                0.6023846864700317,
                0.5913670659065247,
                0.38765329122543337,
                -0.3703276813030243
            ],
            "pose_transform_permuted": [
                [ 1.984835E-05, 0.9995784, 0.02903363, 0 ],
                [ 0.4253435, -0.02628475, 0.9046502, 0 ],
                [ 0.905032, 0.01233134, -0.4251646, 0 ],
                [ 17.20528, -26.49832, 145.9243, 1 ]
            ],
            "cuboid_centroid": [
                17.205276489257814,
                -26.498315811157228,
                145.92430114746095
            ],
            "projected_cuboid_centroid": [
                460.8093566894531,
                23.1356201171875
            ],
            "bounding_box": {
                "top_left": [
                    411.61138916015627,
                    14.0484619140625
                ],
                "bottom_right": [
                    510.6799011230469,
                    32.1517333984375
                ]
            },
            "cuboid": [
                [ 23.11217, -27.5003, 145.3515 ],
                [ 23.11221, -26.69689, 147.061 ],
                [ 11.26985, -26.38548, 146.9149 ],
                [ 11.2698, -27.18891, 145.2054 ],
                [ 23.14071, -26.61116, 144.9337 ],
                [ 23.14075, -25.80774, 146.6432 ],
                [ 11.29838, -25.49633, 146.4971 ],
                [ 11.29835, -26.29976, 144.7876 ]
            ],
            "projected_cuboid": [
                [ 509.8972, 14.04846 ],
                [ 507.6901, 23.19934 ],
                [ 411.6114, 25.51514 ],
                [ 412.6896, 16.3822 ],
                [ 510.6799, 20.72351 ],
                [ 508.4573, 29.82275 ],
                [ 412.1053, 32.15173 ],
                [ 413.1925, 23.0708 ]
            ]
        },
        {
            "class": "teacup",
            "visibility": 1.0,
            "location": [
                -16.37024688720703,
                2.350106954574585,
                129.92715454101563
            ],
            "quaternion_xyzw": [
                0.15310941636562348,
                0.15368016064167024,
                0.6947934627532959,
                -0.6857127547264099
            ],
            "pose_transform_permuted": [
                [ -0.0127111, 0.9999173, 0.001997948, 0 ],
                [ -0.9057977, -0.0123609, 0.4235301, 0 ],
                [ 0.4235197, 0.003573775, 0.9058799, 0 ],
                [ -16.37025, 2.350107, 129.9272, 1 ]
            ],
            "cuboid_centroid": [
                -16.37024688720703,
                2.350106954574585,
                129.92715454101563
            ],
            "projected_cuboid_centroid": [
                169.52899169921876,
                261.6015625
            ],
            "bounding_box": {
                "top_left": [
                    140.07537841796876,
                    213.170654296875
                ],
                "bottom_right": [
                    196.931884765625,
                    309.2593994140625
                ]
            },
            "cuboid": [
                [ -13.77584, 4.852815, 125.2589 ],
                [ -13.88457, -2.89537, 128.8817 ],
                [ -18.97729, -2.832407, 128.8635 ],
                [ -18.86856, 4.915771, 125.2407 ],
                [ -13.7632, 7.532632, 130.9908 ],
                [ -13.87193, -0.2155408, 134.6135 ],
                [ -18.96465, -0.1525868, 134.5954 ],
                [ -18.85592, 7.595591, 130.9726 ]
            ],
            "projected_cuboid": [
                [ 188.657, 286.2682 ],
                [ 191.3415, 213.1707 ],
                [ 144.126, 213.7504 ],
                [ 140.0754, 286.8752 ],
                [ 194.5195, 308.6758 ],
                [ 196.9319, 238.0878 ],
                [ 151.7279, 238.6461 ],
                [ 148.0648, 309.2594 ]
            ]
        },
        {
            "class": "small_plates",
            "visibility": 1.0,
            "location": [
                4.990930557250977,
                7.856851577758789,
                126.4637451171875
            ],
            "quaternion_xyzw": [
                0.7826558351516724,
                -0.17221763730049134,
                -0.036555930972099307,
                0.5970382690429688
            ],
            "pose_transform_permuted": [
                [ 0.9380095, -0.2259237, -0.2628625, 0 ],
                [ -0.3132249, -0.227773, -0.9219598, 0 ],
                [ 0.1484196, 0.9471421, -0.2844181, 0 ],
                [ 4.990931, 7.856852, 126.4637, 1 ]
            ],
            "cuboid_centroid": [
                4.990930557250977,
                7.856851577758789,
                126.4637451171875
            ],
            "projected_cuboid_centroid": [
                367.1316833496094,
                314.1959228515625
            ],
            "bounding_box": {
                "top_left": [
                    305.8497314453125,
                    251.38232421875
                ],
                "bottom_right": [
                    426.91119384765627,
                    376.9981689453125
                ]
            },