{
    "camera_data": {
        "location_worldframe": [
            43.91435623168945,
            61.90777587890625,
            33.42709732055664
        ],
        "quaternion_xyzw_worldframe": [
            0.2570231854915619,
            -0.6451050639152527,
            0.2450784295797348,
            0.6765465140342712
        ]
    },
    "objects": [
        {
            "class": "small_spoon",
            "visibility": 1.0,
            "location": [
                2.2010812759399416,
                1.0082100629806519,
                90.36223602294922
            ],
            "quaternion_xyzw": [
                -0.36975815892219546,
                0.18579797446727754,
                0.4108971357345581,
                0.8123555779457092
            ],
            "pose_transform_permuted": [
                [ 0.5932853, -0.8049898, -0.001997083, 0 ],
                [ 0.5301886, 0.3888849, 0.7534379, 0 ],
                [ -0.6057332, -0.4480625, 0.6575161, 0 ],
                [ 2.201081, 1.00821, 90.36224, 1 ]
            ],
            "cuboid_centroid": [
                2.2010812759399416,
                1.0082100629806519,
                90.36223602294922
            ],
            "projected_cuboid_centroid": [
                349.0902099609375,
                253.3248291015625
            ],
            "bounding_box": {
                "top_left": [
                    288.90252685546877,
                    198.58984375
                ],
                "bottom_right": [
                    413.8404846191406,
                    312.7425537109375
                ]
            },
            "cuboid": [
                [ -2.418188, -2.218653, 92.86723 ],
                [ 4.66415, 4.110475, 85.63629 ],
                [ 6.82344, 3.067338, 86.83817 ],
                [ -0.2588945, -3.261793, 94.06911 ],
                [ -2.421283, -1.050918, 93.8863 ],
                [ 4.661059, 5.278207, 86.65536 ],
                [ 6.820346, 4.235066, 87.85723 ],
                [ -0.2619907, -2.094062, 95.08817 ]
            ],
            "projected_cuboid": [
                [ 288.9025, 211.4685 ],
                [ 385.0447, 297.3234 ],
                [ 413.8405, 282.1841 ],
                [ 316.7132, 198.5898 ],
                [ 289.2007, 226.6321 ],
                [ 384.2372, 312.7426 ],
                [ 412.71, 297.5679 ],
                [ 316.7095, 213.6997 ]
            ]
        }
    ]
}