{
    "camera_data": {
        "location_worldframe": [
            18.772741317749025,
            28.094465255737306,
            11.305606842041016
        ],
        "quaternion_xyzw_worldframe": [
            -0.04349181428551674,
            0.9553507566452026,
            -0.1812017410993576,
            -0.22930209338665009
        ]
    },
    "objects": [
        {
            "class": "packet_cup",
            "visibility": 1.0,
            "location": [
                3.9715113639831545,
                0.6367113590240479,
                64.45341491699219
            ],
            "quaternion_xyzw": [
                -0.8259130120277405,
                -0.03216524422168732,
                0.02166276052594185,
                -0.5624622702598572
            ],
            "pose_transform_permuted": [
                [ 0.9969922, 0.07750036, 0.0004003607, 0 ],
                [ 0.02876242, -0.3652032, -0.9304834, 0 ],
                [ -0.07196659, 0.9276963, -0.3663338, 0 ],
                [ 3.971511, 0.6367114, 64.45341, 1 ]
            ],
            "cuboid_centroid": [
                3.9715113639831545,
                0.6367113590240479,
                64.45341491699219
            ],
            "projected_cuboid_centroid": [
                393.58807373046877,
                251.797607421875
            ],
            "bounding_box": {
                "top_left": [
                    358.1837158203125,
                    174.781494140625
                ],
                "bottom_right": [
                    428.63458251953127,
                    331.6441650390625
                ]
            },
            "cuboid": [
                [ 2.419127, 2.930052, 68.18076 ],
                [ 5.908598, 3.030723, 67.92889 ],
                [ 5.521096, 4.856743, 63.29041 ],
                [ 2.031624, 4.756072, 63.54228 ],
                [ 2.421926, -3.583323, 65.61643 ],
                [ 5.911398, -3.482658, 65.36455 ],
                [ 5.523898, -1.656634, 60.72606 ],
                [ 2.034425, -1.757309, 60.97795 ]
            ],
            "projected_cuboid": [
                [ 362.3735, 291.3229 ],
                [ 423.8789, 293.2831 ],
                [ 424.1801, 331.6442 ],
                [ 358.1837, 329.3888 ],
                [ 364.0804, 174.7815 ],
                [ 428.0054, 176.3694 ],
                [ 428.6346, 207.4202 ],
                [ 359.8443, 205.583 ]
            ]
        }
    ]
}