{
    "camera_data": {
        "location_worldframe": [
            -6.034392356872559,
            59.28462600708008,
            -0.33180713653564455
        ],
        "quaternion_xyzw_worldframe": [
            0.3841451406478882,
            -0.4573993682861328,
            0.22856272757053376,
            0.7687505483627319
        ]
    },
    "objects": [
        {
            "class": "mug",
            "visibility": 0.8687907457351685,
            "location": [
                3.8079328536987306,
                1.7971843481063843,
                67.28126525878906
            ],
            "quaternion_xyzw": [
                0.09470085799694061,
                0.9438756108283997,
                -0.31485262513160708,
                0.031598418951034549
            ],
            "pose_transform_permuted": [
                [ -0.9800667, 0.1986693, 1.632795E-05, 0 ],
                [ 0.158874, 0.7837992, -0.6003482, 0 ],
                [ -0.1192836, -0.5883787, -0.7997388, 0 ],
                [ 3.807933, 1.797184, 67.28127, 1 ]
            ],
            "cuboid_centroid": [
                3.8079328536987306,
                1.7971843481063843,
                67.28126525878906
            ],
            "projected_cuboid_centroid": [
                387.5915832519531,
                271.900390625
            ],
            "bounding_box": {
                "top_left": [
                    276.8978576660156,
                    161.0853271484375
                ],
                "bottom_right": [
                    510.67352294921877,
                    381.62890625
                ]
            },
            "cuboid": [
                [ 9.984445, 6.257342, 68.93487 ],
                [ -0.8786883, 8.018308, 67.61272 ],
                [ -2.368711, 2.139819, 72.02556 ],
                [ 8.494424, 0.3788411, 73.34771 ],
                [ 9.984577, 1.454554, 62.53697 ],
                [ -0.8785591, 3.215525, 61.21482 ],
                [ -2.368581, -2.662968, 65.62766 ],
                [ 8.494556, -4.423944, 66.94981 ]
            ],
            "projected_cuboid": [
                [ 492.9747, 348.4048 ],
                [ 304.4796, 381.6289 ],
                [ 280.7244, 275.4803 ],
                [ 458.3072, 246.1683 ],
                [ 510.6735, 267.7773 ],
                [ 302.86, 302.7325 ],
                [ 276.8979, 191.5408 ],
                [ 471.5266, 161.0853 ]
            ]
        },
        {
            "class": "big_spoon",
            "visibility": 0.0,
            "location": [
                8.456689834594727,
                32.15388107299805,
                48.28213882446289
            ],
            "quaternion_xyzw": [
                -0.31567975878715517,
                0.036605942994356158,
                0.10990548133850098,
                0.9417680501937866
            ],
            "pose_transform_permuted": [
                [ 0.9731616, -0.2301224, -0.0004412606, 0 ],
                [ 0.1838994, 0.7765341, 0.6026406, 0 ],
                [ -0.1383385, -0.5865479, 0.7980126, 0 ],
                [ 8.45669, 32.15388, 48.28214, 1 ]
            ],
            "cuboid_centroid": [
                8.456689834594727,
                32.15388107299805,
                48.28213882446289
            ],
            "projected_cuboid_centroid": [
                529.17578125,
                1035.32470703125
            ],
            "bounding_box": {
                "top_left": [
                    339.6941833496094,
                    936.8150634765625
                ],
                "bottom_right": [
                    725.2194213867188,
                    1139.0382080078125
                ]
            },
            "cuboid": [
                [ 0.8106144, 31.4999, 47.55793 ],
                [ 15.33202, 34.24403, 45.49365 ],
                [ 16.10362, 31.64034, 47.46033 ],
                [ 1.582208, 28.89622, 49.5246 ],
                [ 0.8097607, 32.66742, 49.10395 ],
                [ 15.33117, 35.41155, 47.03968 ],
                [ 16.10276, 32.80787, 49.00635 ],
                [ 1.581352, 30.06374, 51.07063 ]
            ],
            "projected_cuboid": [
                [ 340.3558, 1031.013 ],
                [ 722.4818, 1138.942 ],
                [ 725.2194, 1036.174 ],
                [ 358.154, 936.8151 ],
                [ 339.6942, 1034.504 ],
                [ 709.2321, 1139.038 ],
                [ 712.415, 1039.509 ],
                [ 356.979, 943.0227 ]
            ]
        },
        {
            "class": "big_spoon",
            "visibility": 0.0,
            "location": [
                -26.03046417236328,
                51.13394546508789,
                34.02089309692383
            ],
            "quaternion_xyzw": [
                0.07571465522050858,
                0.9456501007080078,
                -0.3154103457927704,
                0.023011572659015657
            ],
            "pose_transform_permuted": [
                [ -0.9874755, 0.1577153, -0.00424058, 0 ],
                [ 0.128683, 0.7895672, -0.6000202, 0 ],
                [ -0.09128416, -0.593051, -0.7999736, 0 ],
                [ -26.03046, 51.13395, 34.02089, 1 ]
            ],
            "cuboid_centroid": [
                -26.03046417236328,
                51.13394546508789,
                34.02089309692383
            ],
            "projected_cuboid_centroid": [
                -593.7633056640625,
                2034.9862060546875
            ],
            "bounding_box": {
                "top_left": [
                    -933.5321044921875,
                    1858.6436767578125
                ],
                "bottom_right": [
                    -299.64715576171877,
                    2238.70068359375
                ]
            },
            "cuboid": [
                [ -18.39445, 52.07877, 34.48264 ],
                [ -33.12944, 53.99895, 33.12049 ],
                [ -33.65826, 51.35157, 35.10897 ],
                [ -18.92326, 49.43138, 36.47111 ],
                [ -18.40266, 50.91632, 32.93281 ],
                [ -33.13766, 52.83651, 31.57067 ],
                [ -33.66647, 50.18912, 33.55915 ],
                [ -18.93147, 48.26892, 34.92128 ]
            ],
            "projected_cuboid": [
                [ -317.0652, 2043.673 ],
                [ -874.5788, 2187.09 ],
                [ -824.9091, 1986.759 ],
                [ -299.6472, 1858.644 ],
                [ -347.3434, 2086.4 ],
                [ -933.5321, 2238.701 ],
                [ -878.0754, 2026.061 ],
                [ -327.4283, 1890.726 ]
            ]
        },
        {
            "class": "water_glass",
            "visibility": 0.006553025916218758,
            "location": [
                3.297874927520752,
                22.02440643310547,
                54.60047149658203
            ],
            "quaternion_xyzw": [
                0.07069297134876251,
                0.6046198606491089,
                -0.3670327663421631,
                -0.7033663988113403
            ],
            "pose_transform_permuted": [
                [ -0.000556469, -0.4308323, -0.9024319, 0 ],
                [ 0.6018018, 0.7205789, -0.3443845, 0 ],
                [ 0.7986453, -0.5432767, 0.2588747, 0 ],
                [ 3.297875, 22.02441, 54.60047, 1 ]
            ],
            "cuboid_centroid": [
                3.297874927520752,
                22.02440643310547,
                54.60047149658203
            ],
            "projected_cuboid_centroid": [
                392.1332092285156,
                721.7318725585938
            ],
            "bounding_box": {
                "top_left": [
                    328.94921875,
                    638.908935546875
                ],
                "bottom_right": [
                    457.0918273925781,
                    805.40673828125
                ]
            },