{
    "camera_data": {
        "location_worldframe": [
            -0.8873462677001953,
            41.96480941772461,
            45.37865447998047
        ],
        "quaternion_xyzw_worldframe": [
            -0.008255456574261189,
            0.9132100939750671,
            -0.4069841802120209,
            -0.01852397620677948
        ]
    },
    "objects": [
        {
            "class": "knife",
            "visibility": 1.0,
            "location": [
                -2.0637099742889406,
                -0.25420868396759035,
                55.592960357666019
            ],
            "quaternion_xyzw": [
                0.5448644161224365,
                -0.7584852576255798,
                0.29031041264533999,
                0.20866912603378297
            ],
            "pose_transform_permuted": [
                [ -0.31916, -0.9477009, -0.000185281, 0 ],
                [ -0.7053856, 0.2376853, -0.6677851, 0 ],
                [ 0.6329045, -0.2129996, -0.7443542, 0 ],
                [ -2.06371, -0.2542087, 55.59296, 1 ]
            ],
            "cuboid_centroid": [
                -2.0637099742889406,
                -0.25420868396759035,
                55.592960357666019
            ],
            "projected_cuboid_centroid": [
                275.6670837402344,
                234.5390625
            ],
            "bounding_box": {
                "top_left": [
                    207.10342407226563,
                    110.9195556640625
                ],
                "bottom_right": [
                    357.2271423339844,
                    383.250732421875
                ]
            },
            "cuboid": [
                [ -0.4598868, 6.053944, 50.47067 ],
                [ -5.696335, -5.519281, 60.85471 ],
                [ -3.667383, -6.028148, 61.31073 ],
                [ 1.569065, 5.54508, 50.92669 ],
                [ -0.4600359, 5.519723, 49.87519 ],
                [ -5.696484, -6.053506, 60.25924 ],
                [ -3.667532, -6.562371, 60.71525 ],
                [ 1.568915, 5.010856, 50.33121 ]
            ],
            "projected_cuboid": [
                [ 309.118, 383.2507 ],
                [ 208.2111, 131.6857 ],
                [ 248.564, 122.5792 ],
                [ 356.7953, 370.0349 ],
                [ 308.9845, 372.1692 ],
                [ 207.1034, 120.0277 ],
                [ 247.8604, 110.9196 ],
                [ 357.2271, 358.8973 ]
            ]
        }
    ]
}