{
    "camera_data": {
        "location_worldframe": [
            4.271215438842773,
            212.23202514648438,
            28.832483291625978
        ],
        "quaternion_xyzw_worldframe": [
            -0.0032053873874247076,
            0.7896239161491394,
            -0.6135689616203308,
            -0.004125128034502268
        ]
    },
    "objects": [
        {
            "class": "mug",
            "visibility": 1.0,
            "location": [
                1.0391805171966553,
                3.5035884380340578,
                213.58677673339845
            ],
            "quaternion_xyzw": [
                0.1126261055469513,
                0.05299530550837517,
                0.4222675561904907,
                -0.8978847861289978
            ],
            "pose_transform_permuted": [
                [ 0.6377632, 0.7702326, -5.06565E-05, 0 ],
                [ -0.7463579, 0.6180109, 0.2470069, 0 ],
                [ 0.190284, -0.1574941, 0.9690137, 0 ],
                [ 1.039181, 3.503588, 213.5868, 1 ]
            ],
            "cuboid_centroid": [
                1.0391805171966553,
                3.5035884380340578,
                213.58677673339845
            ],
            "projected_cuboid_centroid": [
                325.8105163574219,
                259.590087890625
            ],
            "bounding_box": {
                "top_left": [
                    289.2742004394531,
                    217.7467041015625
                ],
                "bottom_right": [
                    362.402099609375,
                    300.568359375
                ]
            },
            "cuboid": [
                [ 0.3932394, 8.969449, 208.0656 ],
                [ 7.462261, 0.6967559, 210.1747 ],
                [ 1.685523, -3.938321, 211.3559 ],
                [ -5.383498, 4.334375, 209.2468 ],
                [ 0.392835, 10.94549, 215.8177 ],
                [ 7.461857, 2.672812, 217.9268 ],
                [ 1.685118, -1.962274, 219.108 ],
                [ -5.383906, 6.310421, 216.9989 ]
            ],
            "projected_cuboid": [
                [ 322.2571, 291.4829 ],
                [ 362.4021, 243.9591 ],
                [ 329.524, 217.7467 ],
                [ 289.2742, 264.738 ],
                [ 322.1738, 300.5684 ],
                [ 360.8916, 254.6472 ],
                [ 329.1848, 229.3046 ],
                [ 290.3696, 274.7295 ]
            ]
        },
        {
            "class": "teacup",
            "visibility": 1.0,
            "location": [
                -28.4096622467041,
                0.47458016872406008,
                215.8628692626953
            ],
            "quaternion_xyzw": [
                0.3332417607307434,
                0.6634225845336914,
                0.5146976709365845,
                0.42884331941604617
            ],
            "pose_transform_permuted": [
                [ -0.4100864, 0.0007109046, 0.9120462, 0 ],
                [ 0.8836095, 0.2480725, 0.3971071, 0 ],
                [ -0.2259712, 0.9687411, -0.1023592, 0 ],
                [ -28.40966, 0.4745802, 215.8629, 1 ]
            ],
            "cuboid_centroid": [
                -28.4096622467041,
                0.47458016872406008,
                215.8628692626953
            ],
            "projected_cuboid_centroid": [
                162.82421875,
                242.6256103515625
            ],
            "bounding_box": {
                "top_left": [
                    134.47451782226563,
                    211.1142578125
                ],
                "bottom_right": [
                    190.36880493164063,
                    273.7952880859375
                ]
            },
            "cuboid": [
                [ -29.53933, -3.929202, 219.6201 ],
                [ -33.04721, 3.629193, 217.6872 ],
                [ -33.05082, 2.365711, 212.7533 ],
                [ -29.54295, -5.192665, 214.6862 ],
                [ -23.76849, -1.416565, 218.9725 ],
                [ -27.27636, 6.141826, 217.0395 ],
                [ -27.27998, 4.878363, 212.1056 ],
                [ -23.7721, -2.680012, 214.0385 ]
            ],
            "projected_cuboid": [
                [ 159.3703, 218.6337 ],
                [ 138.6993, 259.9102 ],
                [ 134.4745, 253.2795 ],
                [ 155.6585, 211.1143 ],
                [ 190.3688, 232.2742 ],
                [ 169.9123, 273.7953 ],
                [ 166.4006, 267.4675 ],
                [ 187.3604, 225.0465 ]
            ]
        },
        {
            "class": "bowl",
            "visibility": 1.0,
            "location": [
                13.323848724365235,
                9.587281227111817,
                209.7249298095703
            ],
            "quaternion_xyzw": [
                -0.6921111345291138,
                0.7110599279403687,
                -0.09060970693826676,
                -0.08465073257684708
            ],
            "pose_transform_permuted": [
                [ -0.02763271, -0.9996053, 0.005040482, 0 ],
                [ -0.9689246, 0.02554411, -0.2460333, 0 ],
                [ 0.2458075, -0.01168244, -0.9692481, 0 ],
                [ 13.32385, 9.587281, 209.7249, 1 ]
            ],
            "cuboid_centroid": [
                13.323848724365235,
                9.587281227111817,
                209.7249298095703
            ],
            "projected_cuboid_centroid": [
                395.8712463378906,
                294.59375
            ],
            "bounding_box": {
                "top_left": [
                    380.4327392578125,
                    251.3001708984375
                ],
                "bottom_right": [
                    412.4653625488281,
                    336.07080078125
                ]
            },
            "cuboid": [
                [ 11.34086, 17.23267, 214.2193 ],
                [ 10.99554, 5.124493, 217.291 ],
                [ 15.24387, 5.015943, 217.3407 ],
                [ 15.58918, 17.12411, 214.269 ],
                [ 11.40383, 14.15862, 202.1091 ],
                [ 11.05852, 2.050477, 205.1809 ],
                [ 15.30684, 1.941911, 205.2305 ],
                [ 15.65216, 14.05006, 202.1588 ]
            ],
            "projected_cuboid": [
                [ 383.2244, 336.0708 ],
                [ 380.4327, 268.1648 ],
                [ 403.7629, 267.5619 ],
                [ 406.8884, 335.4435 ],
                [ 387.3849, 323.6628 ],
                [ 384.3661, 251.9348 ],
                [ 409.072, 251.3002 ],
                [ 412.4654, 323.001 ]
            ]
        },
        {
            "class": "packet_cup",
            "visibility": 1.0,
            "location": [
                12.564813613891602,
                39.22694778442383,
                206.02719116210938
            ],
            "quaternion_xyzw": [
                0.638028085231781,
                -0.3615018129348755,
                0.4652377665042877,
                -0.49577242136001589
            ],
            "pose_transform_permuted": [
                [ 0.3057405, 7.480383E-06, 0.9521148, 0 ],
                [ -0.9226007, -0.247052, 0.2962649, 0 ],
                [ 0.2352243, -0.969002, -0.0755268, 0 ],
                [ 12.56481, 39.22695, 206.0272, 1 ]
            ],
            "cuboid_centroid": [
                12.564813613891602,
                39.22694778442383,
                206.02719116210938
            ],
            "projected_cuboid_centroid": [
                392.8331298828125,
                467.38275146484377
            ],
            "bounding_box": {
                "top_left": [
                    369.8643493652344,
                    450.215087890625
                ],
                "bottom_right": [
                    416.31488037109377,
                    484.2618408203125
                ]
            },