{
    "camera_data": {
        "location_worldframe": [
            20.694664001464845,
            217.87203979492188,
            -28.402645111083986
        ],
        "quaternion_xyzw_worldframe": [
            0.5905556678771973,
            -0.014371460303664208,
            0.010519512929022313,
            0.806800365447998
        ]
    },
    "objects": [
        {
            "class": "teacup",
            "visibility": 1.0,
            "location": [
                3.97214937210083,
                -0.5719200968742371,
                223.8383026123047
            ],
            "quaternion_xyzw": [
                -0.6699278950691223,
                0.013217516243457795,
                -0.7069790363311768,
                -0.22628018260002137
            ],
            "pose_transform_permuted": [
                [ 1.185827E-05, -0.3376603, 0.9412682, 0 ],
                [ 0.3022411, -0.8972455, -0.3218718, 0 ],
                [ 0.9532317, 0.2844938, 0.1020438, 0 ],
                [ 3.972149, -0.5719201, 223.8383, 1 ]
            ],
            "cuboid_centroid": [
                3.97214937210083,
                -0.5719200968742371,
                223.8383026123047
            ],
            "projected_cuboid_centroid": [
                341.19281005859377,
                236.9486083984375
            ],
            "bounding_box": {
                "top_left": [
                    320.70330810546877,
                    212.0496826171875
                ],
                "bottom_right": [
                    362.51904296875,
                    261.1826171875
                ]
            },
            "cuboid": [
                [ 0.134355, -3.131186, 220.163 ],
                [ 0.1344593, -0.5458357, 228.3169 ],
                [ 1.854208, 4.023974, 226.868 ],
                [ 1.854109, 1.438592, 218.7141 ],
                [ 6.090101, -5.167794, 220.8087 ],
                [ 6.090196, -2.582435, 228.9626 ],
                [ 7.809951, 1.987365, 227.5136 ],
                [ 7.809851, -0.5979879, 219.3597 ]
            ],
            "projected_cuboid": [
                [ 320.7288, 223.0151 ],
                [ 320.7033, 237.1449 ],
                [ 329.7607, 261.1826 ],
                [ 330.1241, 247.8552 ],
                [ 352.9387, 212.0497 ],
                [ 351.7661, 226.5302 ],
                [ 360.9957, 250.432 ],
                [ 362.519, 236.7444 ]
            ]
        },
        {
            "class": "water_glass",
            "visibility": 1.0,
            "location": [
                -39.06803512573242,
                58.0472412109375,
                207.64186096191407
            ],
            "quaternion_xyzw": [
                -0.2840883135795593,
                0.5317152142524719,
                -0.4671429395675659,
                -0.6468000411987305
            ],
            "pose_transform_permuted": [
                [ -0.001887202, -0.9064043, -0.4224072, 0 ],
                [ 0.302188, 0.4021426, -0.8642707, 0 ],
                [ 0.9532466, -0.1292773, 0.2731455, 0 ],
                [ -39.06804, 58.04724, 207.6419, 1 ]
            ],
            "cuboid_centroid": [
                -39.06803512573242,
                58.0472412109375,
                207.64186096191407
            ],
            "projected_cuboid_centroid": [
                95.2994155883789,
                573.85986328125
            ],
            "bounding_box": {
                "top_left": [
                    75.44747924804688,
                    556.2393798828125
                ],
                "bottom_right": [
                    114.83221435546875,
                    591.305419921875
                ]
            },
            "cuboid": [
                [ -40.48546, 60.17704, 204.8667 ],
                [ -40.493, 61.38525, 208.678 ],
                [ -35.96098, 59.37453, 209.3244 ],
                [ -35.95343, 58.16631, 205.5131 ],
                [ -42.17509, 56.71994, 205.9593 ],
                [ -42.18264, 57.92818, 209.7706 ],
                [ -37.65061, 55.91745, 210.417 ],
                [ -37.64306, 54.70923, 206.6057 ]
            ],
            "projected_cuboid": [
                [ 83.99284, 590.7979 ],
                [ 88.2601, 591.3054 ],
                [ 114.8322, 578.7489 ],
                [ 111.0712, 578.01 ],
                [ 75.44748, 568.891 ],
                [ 79.84779, 569.794 ],
                [ 106.3078, 557.3687 ],
                [ 102.4093, 556.2394 ]
            ]
        },
        {
            "class": "water_glass",
            "visibility": 1.0,
            "location": [
                -17.46448516845703,
                7.319110870361328,
                223.73123168945313
            ],
            "quaternion_xyzw": [
                0.33500564098358157,
                -0.6945492029190064,
                -0.12779325246810914,
                -0.6237318515777588
            ],
            "pose_transform_permuted": [
                [ 0.00254057, -0.6247733, 0.780802, 0 ],
                [ -0.3059384, 0.7428802, 0.5954248, 0 ],
                [ -0.9520478, -0.24039, -0.1892548, 0 ],
                [ -17.46449, 7.319111, 223.7312, 1 ]
            ],
            "cuboid_centroid": [
                -17.46448516845703,
                7.319110870361328,
                223.73123168945313
            ],
            "projected_cuboid_centroid": [
                226.77621459960938,
                279.0687255859375
            ],
            "bounding_box": {
                "top_left": [
                    209.07626342773438,
                    259.61474609375
                ],
                "bottom_right": [
                    244.1429901123047,
                    298.3626708984375
                ]
            },
            "cuboid": [
                [ -20.5931, 8.597056, 225.412 ],
                [ -20.58294, 7.373857, 221.6055 ],
                [ -17.45908, 3.659441, 222.8074 ],
                [ -17.46923, 4.882669, 226.614 ],
                [ -17.46989, 10.97877, 224.655 ],
                [ -17.45973, 9.755543, 220.8485 ],
                [ -14.33587, 6.041154, 222.0504 ],
                [ -14.34603, 7.264356, 225.8569 ]
            ],
            "projected_cuboid": [
                [ 210.8956, 285.5481 ],
                [ 209.0763, 279.7385 ],
                [ 226.4187, 259.6147 ],
                [ 227.9371, 265.7317 ],
                [ 227.1308, 298.3627 ],
                [ 225.5851, 292.7539 ],
                [ 242.8973, 272.4912 ],
                [ 244.143, 278.4115 ]
            ]
        },
        {
            "class": "knife",
            "visibility": 1.0,
            "location": [
                -4.044196605682373,
                22.111352920532228,
                220.7184295654297
            ],
            "quaternion_xyzw": [
                0.6433573365211487,
                0.750029444694519,
                -0.11687679588794708,
                0.09943365305662155
            ],
            "pose_transform_permuted": [
                [ -0.1524087, 0.9883168, -0.001230761, 0 ],
                [ 0.9418309, 0.1448623, -0.3032648, 0 ],
                [ -0.2995434, -0.04737933, -0.9529057, 0 ],
                [ -4.044197, 22.11135, 220.7184, 1 ]
            ],
            "cuboid_centroid": [
                -4.044196605682373,
                22.111352920532228,
                220.7184295654297
            ],
            "projected_cuboid_centroid": [
                298.1177978515625,
                359.639404296875
            ],
            "bounding_box": {
                "top_left": [
                    285.1861267089844,
                    315.6102294921875
                ],
                "bottom_right": [
                    310.7268981933594,
                    404.525390625
                ]
            },