{
    "camera_data": {
        "location_worldframe": [
            18.46442222595215,
            120.68212127685547,
            15.42174243927002
        ],
        "quaternion_xyzw_worldframe": [
            -0.008092966862022877,
            0.8228657245635986,
            -0.5680573582649231,
            -0.011723157949745655
        ]
    },
    "objects": [
        {
            "class": "wine_glass",
            "visibility": 1.0,
            "location": [
                2.609860897064209,
                -2.9793474674224855,
                125.54476165771485
            ],
            "quaternion_xyzw": [
                0.048562075942754748,
                0.173134446144104,
                0.9473377466201782,
                -0.2649857699871063
            ],
            "pose_transform_permuted": [
                [ -0.8548486, 0.5188776, 0.0002530441, 0 ],
                [ -0.4852465, -0.7996141, 0.3537701, 0 ],
                [ 0.1837657, 0.3022971, 0.9353324, 0 ],
                [ 2.609861, -2.979347, 125.5448, 1 ]
            ],
            "cuboid_centroid": [
                2.609860897064209,
                -2.9793474674224855,
                125.54476165771485
            ],
            "projected_cuboid_centroid": [
                344.8265380859375,
                211.65869140625
            ],
            "bounding_box": {
                "top_left": [
                    272.3758544921875,
                    120.55078125
                ],
                "bottom_right": [
                    416.8481750488281,
                    301.8616943359375
                ]
            },
            "cuboid": [
                [ 10.01232, -8.654598, 123.4641 ],
                [ 3.248008, -12.49429, 124.9182 ],
                [ -4.794596, -0.1002825, 120.2326 ],
                [ 1.969719, 3.739418, 118.7785 ],
                [ 10.01432, -5.858429, 130.8569 ],
                [ 3.250007, -9.698121, 132.311 ],
                [ -4.792593, 2.695889, 127.6254 ],
                [ 1.971715, 6.535591, 126.1713 ]
            ],
            "projected_cuboid": [
                [ 416.8482, 156.2849 ],
                [ 351.0519, 120.5508 ],
                [ 272.3759, 239.0039 ],
                [ 339.8045, 277.5979 ],
                [ 411.395, 186.5334 ],
                [ 349.335, 152.4635 ],
                [ 275.1533, 265.2268 ],
                [ 338.663, 301.8617 ]
            ]
        }
    ]
}