{
    "camera_data": {
        "location_worldframe": [
            -66.93205261230469,
            73.23234558105469,
            -54.23004150390625
        ],
        "quaternion_xyzw_worldframe": [
            0.3565894663333893,
            0.43335971236228945,
            -0.19193822145462037,
            0.8051105737686157
        ]
    },
    "objects": [
        {
            "class": "packet_cup",
            "visibility": 1.0,
            "location": [
                -1.6700576543807984,
                -0.47723281383514407,
                96.42387390136719
            ],
            "quaternion_xyzw": [
                -0.7071059346199036,
                0.4909031093120575,
                0.5084563493728638,
                0.0220777690410614
            ],
            "pose_transform_permuted": [
                [ 0.0009725988, -0.7166921, -0.6973889, 0 ],
                [ -0.6717898, -0.5170533, 0.5304283, 0 ],
                [ -0.7407411, 0.467983, -0.4819693, 0 ],
                [ -1.670058, -0.4772328, 96.42387, 1 ]
            ],
            "cuboid_centroid": [
                -1.6700576543807984,
                -0.47723281383514407,
                96.42387390136719
            ],
            "projected_cuboid_centroid": [
                299.3155212402344,
                234.0892333984375
            ],
            "bounding_box": {
                "top_left": [
                    245.51316833496095,
                    181.47216796875
                ],
                "bottom_right": [
                    352.01806640625,
                    288.4375
                ]
            },
            "cuboid": [
                [ -1.022633, -2.450731, 100.577 ],
                [ -1.019225, -4.801998, 97.98442 ],
                [ 2.564233, -2.216728, 95.64451 ],
                [ 2.560831, 0.1345426, 98.2371 ],
                [ -5.904355, 1.262265, 97.20323 ],
                [ -5.900949, -1.089003, 94.61063 ],
                [ -2.317488, 1.496273, 92.27072 ],
                [ -2.320893, 3.847534, 94.86331 ]
            ],
            "projected_cuboid": [
                [ 307.8572, 210.8999 ],
                [ 307.5775, 181.4722 ],
                [ 352.0181, 212.321 ],
                [ 351.1317, 241.6356 ],
                [ 247.458, 255.5084 ],
                [ 245.5132, 226.2537 ],
                [ 290.0049, 259.3662 ],
                [ 290.7817, 288.4375 ]
            ]
        },
        {
            "class": "packet_cup",
            "visibility": 0.0,
            "location": [
                -39.873680114746097,
                -31.481792449951173,
                124.55477905273438
            ],
            "quaternion_xyzw": [
                0.687163770198822,
                0.3383578956127167,
                0.6209120750427246,
                0.16669759154319764
            ],
            "pose_transform_permuted": [
                [ -3.576279E-05, 0.2580055, 0.9661435, 0 ],
                [ 0.6720237, -0.7154517, 0.1910839, 0 ],
                [ 0.7405297, 0.6492781, -0.1733602, 0 ],
                [ -39.87368, -31.48179, 124.5548, 1 ]
            ],
            "cuboid_centroid": [
                -39.873680114746097,
                -31.481792449951173,
                124.55477905273438
            ],
            "projected_cuboid_centroid": [
                -62.316856384277347,
                -61.853759765625
            ],
            "bounding_box": {
                "top_left": [
                    -108.88557434082031,
                    -94.186279296875
                ],
                "bottom_right": [
                    -17.445755004882814,
                    -29.032958984375
                ]
            },
            "cuboid": [
                [ -42.6101, -35.11528, 125.4888 ],
                [ -42.61023, -32.76319, 128.0807 ],
                [ -43.90025, -29.18592, 124.8343 ],
                [ -43.90014, -31.53801, 122.2424 ],
                [ -35.8471, -33.77767, 124.2753 ],
                [ -35.84723, -31.4256, 126.8671 ],
                [ -37.13725, -27.84834, 123.6208 ],
                [ -37.13712, -30.20041, 121.0289 ]
            ],
            "projected_cuboid": [
                [ -85.51331, -94.18628 ],
                [ -77.30846, -65.49219 ],
                [ -99.98207, -39.21399 ],
                [ -108.8856, -68.11292 ],
                [ -24.48219, -84.59546 ],
                [ -17.44576, -55.823 ],
                [ -38.76984, -29.03296 ],
                [ -46.45172, -58.00354 ]
            ]
        }
    ]
}