{
    "camera_data": {
        "location_worldframe": [
            -10.20333194732666,
            194.08416748046876,
            23.666893005371095
        ],
        "quaternion_xyzw_worldframe": [
            -0.14500932395458222,
            0.759981632232666,
            -0.6069898009300232,
            -0.18155893683433534
        ]
    },
    "objects": [
        {
            "class": "small_plates",
            "visibility": 1.0,
            "location": [
                -1.9454610347747803,
                4.010648727416992,
                196.9302215576172
            ],
            "quaternion_xyzw": [
                -0.42097699642181399,
                0.577569305896759,
                0.4603823721408844,
                -0.5265358686447144
            ],
            "pose_transform_permuted": [
                [ -0.09107646, -0.001471132, -0.9958427, 0 ],
                [ -0.9711025, 0.2216529, 0.08848649, 0 ],
                [ 0.2206011, 0.9751244, -0.02161586, 0 ],
                [ -1.945461, 4.010649, 196.9302, 1 ]
            ],
            "cuboid_centroid": [
                -1.9454610347747803,
                4.010648727416992,
                196.9302215576172
            ],
            "projected_cuboid_centroid": [
                308.2020263671875,
                264.322021484375
            ],
            "bounding_box": {
                "top_left": [
                    273.6903991699219,
                    229.6256103515625
                ],
                "bottom_right": [
                    343.0090026855469,
                    299.2122802734375
                ]
            },
            "cuboid": [
                [ 3.7579, 8.80799, 196.6087 ],
                [ 2.801764, -1.386811, 198.9246 ],
                [ 2.803942, -1.715477, 197.4786 ],
                [ 3.760079, 8.479313, 195.1627 ],
                [ -6.694864, 9.736781, 196.3818 ],
                [ -7.651002, -0.4580269, 198.6977 ],
                [ -7.64882, -0.7867004, 197.2518 ],
                [ -6.692684, 9.408115, 194.9359 ]
            ],
            "projected_cuboid": [
                [ 342.8265, 293.5022 ],
                [ 336.8206, 231.6742 ],
                [ 336.9569, 229.6256 ],
                [ 343.009, 291.8873 ],
                [ 279.2865, 299.2123 ],
                [ 274.0143, 237.2471 ],
                [ 273.6904, 235.2369 ],
                [ 278.9979, 297.6379 ]
            ]
        },
        {
            "class": "big_plates",
            "visibility": 1.0,
            "location": [
                -26.269311904907228,
                33.66134262084961,
                190.21250915527345
            ],
            "quaternion_xyzw": [
                0.6471625566482544,
                -0.3488115668296814,
                0.43629831075668337,
                -0.5188013911247253
            ],
            "pose_transform_permuted": [
                [ 0.3759485, 0.00122878, 0.9266397, 0 ],
                [ -0.9041799, -0.2183512, 0.3671258, 0 ],
                [ 0.202784, -0.9758694, -0.08097775, 0 ],
                [ -26.26931, 33.66134, 190.2125, 1 ]
            ],
            "cuboid_centroid": [
                -26.269311904907228,
                33.66134262084961,
                190.21250915527345
            ],
            "projected_cuboid_centroid": [
                155.06715393066407,
                451.343994140625
            ],
            "bounding_box": {
                "top_left": [
                    81.28279113769531,
                    379.2322998046875
                ],
                "bottom_right": [
                    227.47764587402345,
                    524.937744140625
                ]
            },
            "cuboid": [
                [ -37.66385, 38.19352, 188.425 ],
                [ -31.08914, 22.38096, 191.9713 ],
                [ -31.09096, 22.70447, 193.4172 ],
                [ -37.66567, 38.51704, 189.8708 ],
                [ -21.44767, 44.61823, 187.0079 ],
                [ -14.87296, 28.80566, 190.5542 ],
                [ -14.87478, 29.12917, 192.0001 ],
                [ -21.44949, 44.94173, 188.4537 ]
            ],
            "projected_cuboid": [
                [ 81.28279, 482.0743 ],
                [ 126.594, 379.2323 ],
                [ 128.0286, 380.189 ],
                [ 83.08918, 482.2658 ],
                [ 183.0324, 524.9377 ],
                [ 226.787, 420.5331 ],
                [ 227.4776, 421.1859 ],
                [ 184.0717, 524.8018 ]
            ]
        },
        {
            "class": "small_fork",
            "visibility": 1.0,
            "location": [
                -15.828302383422852,
                49.53064727783203,
                186.86669921875
            ],
            "quaternion_xyzw": [
                -0.10715382546186447,
                0.027560176327824594,
                0.2563736140727997,
                0.960224449634552
            ],
            "pose_transform_permuted": [
                [ 0.867026, -0.4982588, -0.002014916, 0 ],
                [ 0.4864461, 0.8455812, 0.2199149, 0 ],
                [ -0.1078707, -0.191652, 0.975517, 0 ],
                [ -15.8283, 49.53065, 186.8667, 1 ]
            ],
            "cuboid_centroid": [
                -15.828302383422852,
                49.53064727783203,
                186.86669921875
            ],
            "projected_cuboid_centroid": [
                218.84207153320313,
                556.5480346679688
            ],
            "bounding_box": {
                "top_left": [
                    193.7298583984375,
                    519.7211303710938
                ],
                "bottom_right": [
                    243.5509033203125,
                    594.057861328125
                ]
            },
            "cuboid": [
                [ -19.59769, 53.97211, 185.3539 ],
                [ -17.95999, 54.89095, 185.1501 ],
                [ -12.05694, 44.87304, 187.4207 ],
                [ -13.69463, 43.95421, 187.6245 ],
                [ -19.59967, 54.18826, 186.3127 ],
                [ -17.96197, 55.10709, 186.1089 ],
                [ -12.05892, 45.08919, 188.3795 ],
                [ -13.69662, 44.17035, 188.5833 ]
            ],
            "projected_cuboid": [
                [ 193.7299, 587.7485 ],
                [ 204.1544, 594.0579 ],
                [ 243.1724, 525.9338 ],
                [ 232.8317, 519.7748 ],
                [ 194.367, 587.3444 ],
                [ 204.7385, 593.6208 ],
                [ 243.5509, 525.8488 ],
                [ 233.2623, 519.7211 ]
            ]
        },
        {
            "class": "bowl",
            "visibility": 0.8827252388000488,
            "location": [
                -45.322837829589847,
                -2.3765830993652345,
                192.72979736328126
            ],
            "quaternion_xyzw": [
                -0.009176701307296753,
                0.6915897130966187,
                -0.14723968505859376,
                0.7070642709732056
            ],
            "pose_transform_permuted": [
                [ 4.827231E-05, 0.1955228, 0.9806991, 0 ],
                [ -0.2209089, 0.9564725, -0.1906819, 0 ],
                [ -0.9752944, -0.2166359, 0.0432389, 0 ],
                [ -45.32284, -2.376583, 192.7298, 1 ]
            ],
            "cuboid_centroid": [
                -45.322837829589847,
                -2.3765830993652345,
                192.72979736328126
            ],
            "projected_cuboid_centroid": [
                39.155616760253909,
                225.2734375
            ],
            "bounding_box": {
                "top_left": [
                    -11.536407470703125,
                    195.506103515625
                ],
                "bottom_right": [
                    86.8343505859375,
                    253.4285888671875
                ]
            },