{
    "camera_data": {
        "location_worldframe": [
            1.3233840465545655,
            93.13111114501953,
            1.59415602684021
        ],
        "quaternion_xyzw_worldframe": [
            0.45241793990135195,
            -0.37522372603416445,
            0.21787957847118379,
            0.7791365385055542
        ]
    },
    "objects": [
        {
            "class": "small_spoon",
            "visibility": 1.0,
            "location": [
                3.9480037689208986,
                1.180430293083191,
                105.20587158203125
            ],
            "quaternion_xyzw": [
                0.32014521956443789,
                -0.9119978547096252,
                0.24198248982429505,
                0.08492038398981095
            ],
            "pose_transform_permuted": [
                [ -0.7805912, -0.625042, 4.465878E-05, 0 ],
                [ -0.542845, 0.6779031, -0.4957487, 0 ],
                [ 0.3098335, -0.3870013, -0.8684661, 0 ],
                [ 3.948004, 1.18043, 105.2059, 1 ]
            ],
            "cuboid_centroid": [
                3.9480037689208986,
                1.180430293083191,
                105.20587158203125
            ],
            "projected_cuboid_centroid": [
                364.81622314453127,
                253.3997802734375
            ],
            "bounding_box": {
                "top_left": [
                    302.5208435058594,
                    202.541259765625
                ],
                "bottom_right": [
                    429.3028564453125,
                    305.9244384765625
                ]
            },
            "cuboid": [
                [ 7.768822, 5.713909, 103.5105 ],
                [ -1.549484, -0.7663056, 107.2091 ],
                [ 0.1271165, -2.584696, 108.2472 ],
                [ 9.445419, 3.895518, 104.5486 ],
                [ 7.768888, 4.945566, 102.1645 ],
                [ -1.549414, -1.534652, 105.8631 ],
                [ 0.1271852, -3.353037, 106.9012 ],
                [ 9.445492, 3.127171, 103.2026 ]
            ],
            "projected_cuboid": [
                [ 409.6331, 305.9244 ],
                [ 302.7395, 231.4637 ],
                [ 321.4024, 211.4839 ],
                [ 427.8948, 284.4984 ],
                [ 410.8148, 297.8114 ],
                [ 302.5208, 222.6874 ],
                [ 321.4209, 202.5413 ],
                [ 429.3029, 276.1875 ]
            ]
        }
    ]
}