{
    "camera_data": {
        "location_worldframe": [
            34.82004928588867,
            21.215967178344728,
            -1.2714147567749024
        ],
        "quaternion_xyzw_worldframe": [
            0.09932735562324524,
            -0.5065163969993591,
            0.05888012796640396,
            0.8544637560844421
        ]
    },
    "objects": [
        {
            "class": "small_spoon",
            "visibility": 1.0,
            "location": [
                -0.8940761685371399,
                1.0523895025253297,
                82.90104675292969
            ],
            "quaternion_xyzw": [
                -0.3224797248840332,
                0.7146154642105103,
                -0.5658226609230042,
                -0.25529661774635317
            ],
            "pose_transform_permuted": [
                [ -0.6616611, -0.7498032, 5.486608E-05, 0 ],
                [ -0.1719927, 0.1517031, -0.9733472, 0 ],
                [ 0.7298105, -0.6440353, -0.2293368, 0 ],
                [ -0.8940762, 1.05239, 82.90105, 1 ]
            ],
            "cuboid_centroid": [
                -0.8940761685371399,
                1.0523895025253297,
                82.90104675292969
            ],
            "projected_cuboid_centroid": [
                307.1201171875,
                255.1605224609375
            ],
            "bounding_box": {
                "top_left": [
                    238.98046875,
                    227.3443603515625
                ],
                "bottom_right": [
                    381.2100830078125,
                    286.5792236328125
                ]
            },
            "cuboid": [
                [ 2.049544, 3.036709, 77.85894 ],
                [ -5.849038, 0.983546, 86.57105 ],
                [ -3.837782, 0.5766234, 88.2986 ],
                [ 4.060802, 2.629783, 79.58649 ],
                [ 2.049627, 1.52815, 77.5035 ],
                [ -5.848953, -0.5250128, 86.21561 ],
                [ -3.837698, -0.9319422, 87.94316 ],
                [ 4.060887, 1.121221, 79.23105 ]
            ],
            "projected_cuboid": [
                [ 351.4374, 286.5792 ],
                [ 239.312, 253.5681 ],
                [ 268.0932, 247.799 ],
                [ 380.9354, 279.4619 ],
                [ 351.5828, 263.5474 ],
                [ 238.9805, 232.7275 ],
                [ 267.8846, 227.3444 ],
                [ 381.2101, 256.9003 ]
            ]
        }
    ]
}