{
    "camera_data": {
        "location_worldframe": [
            17.02619743347168,
            70.91060638427735,
            30.812698364257814
        ],
        "quaternion_xyzw_worldframe": [
            0.3408006429672241,
            -0.5834411978721619,
            0.2941543161869049,
            0.675961971282959
        ]
    },
    "objects": [
        {
            "class": "small_spoon",
            "visibility": 1.0,
            "location": [
                -2.0952396392822267,
                -1.5288070440292359,
                87.86885070800781
            ],
            "quaternion_xyzw": [
                0.5369294285774231,
                -0.7833817601203919,
                0.2582661211490631,
                0.17697025835514069
            ],
            "pose_transform_permuted": [
                [ -0.3607767, -0.9326522, 7.081032E-05, 0 ],
                [ -0.7498306, 0.2900108, -0.594683, 0 ],
                [ 0.5546119, -0.2146008, -0.8039604, 0 ],
                [ -2.09524, -1.528807, 87.86885, 1 ]
            ],
            "cuboid_centroid": [
                -2.0952396392822267,
                -1.5288070440292359,
                87.86885070800781
            ],
            "projected_cuboid_centroid": [
                291.5228576660156,
                219.221435546875
            ],
            "bounding_box": {
                "top_left": [
                    247.24212646484376,
                    149.8936767578125
                ],
                "bottom_right": [
                    338.56207275390627,
                    293.40869140625
                ]
            },
            "cuboid": [
                [ -1.192773, 3.796556, 84.8937 ],
                [ -5.499546, -5.154556, 91.51438 ],
                [ -2.997813, -5.932466, 92.09002 ],
                [ 1.308957, 3.01863, 85.46935 ],
                [ -1.192664, 2.874871, 83.64767 ],
                [ -5.499434, -6.076229, 90.26835 ],
                [ -2.997705, -6.854154, 90.84399 ],
                [ 1.309066, 2.096951, 84.2233 ]
            ],
            "projected_cuboid": [
                [ 303.2205, 293.4087 ],
                [ 248.2313, 172.7334 ],
                [ 281.1233, 163.0657 ],
                [ 338.2899, 282.1791 ],
                [ 302.9721, 281.0452 ],
                [ 247.2421, 159.6111 ],
                [ 280.5915, 149.8937 ],
                [ 338.5621, 269.734 ]
            ]
        }
    ]
}