{
    "camera_data": {
        "location_worldframe": [
            -2.2050976753234865,
            200.98793029785157,
            33.25289535522461
        ],
        "quaternion_xyzw_worldframe": [
            -0.15350612998008729,
            0.7728670239448547,
            -0.5808567404747009,
            -0.20424970984458924
        ]
    },
    "objects": [
        {
            "class": "knife",
            "visibility": 1.0,
            "location": [
                -0.8938523530960083,
                4.422706604003906,
                207.14306640625
            ],
            "quaternion_xyzw": [
                0.8583009243011475,
                0.4943562150001526,
                -0.07429594546556473,
                0.11580862104892731
            ],
            "pose_transform_permuted": [
                [ 0.5001841, 0.865821, -0.01303513, 0 ],
                [ 0.8314046, -0.4844007, -0.2722546, 0 ],
                [ -0.242038, 0.12534, -0.962137, 0 ],
                [ -0.8938524, 4.422707, 207.1431, 1 ]
            ],
            "cuboid_centroid": [
                -0.8938523530960083,
                4.422706604003906,
                207.14306640625
            ],
            "projected_cuboid_centroid": [
                314.84661865234377,
                265.49853515625
            ],
            "bounding_box": {
                "top_left": [
                    286.056640625,
                    222.703857421875
                ],
                "bottom_right": [
                    344.0766906738281,
                    309.01611328125
                ]
            },
            "cuboid": [
                [ -4.065067, -2.807332, 209.6477 ],
                [ 4.141431, 10.83349, 205.6765 ],
                [ 2.287783, 11.87055, 205.4082 ],
                [ -5.918713, -1.770277, 209.3793 ],
                [ -4.07549, -3.025132, 208.8779 ],
                [ 4.131004, 10.61569, 204.9068 ],
                [ 2.277354, 11.65275, 204.6385 ],
                [ -5.92914, -1.988065, 208.6096 ]
            ],
            "projected_cuboid": [
                [ 296.8434, 224.0081 ],
                [ 344.0471, 302.9044 ],
                [ 333.3013, 309.0161 ],
                [ 286.2409, 229.9027 ],
                [ 296.6985, 222.7039 ],
                [ 344.0767, 301.8713 ],
                [ 333.2905, 308.0046 ],
                [ 286.0566, 228.6187 ]
            ]
        }
    ]
}