{
    "camera_data": {
        "location_worldframe": [
            -30.528228759765626,
            155.7294158935547,
            -67.61701965332031
        ],
        "quaternion_xyzw_worldframe": [
            0.5854269862174988,
            0.053922295570373538,
            -0.03906945884227753,
            0.8079859018325806
        ]
    },
    "objects": [
        {
            "class": "wine_glass",
            "visibility": 1.0,
            "location": [
                2.4504313468933107,
                -3.9526734352111818,
                160.6205596923828
            ],
            "quaternion_xyzw": [
                -0.15125763416290284,
                0.9753475189208984,
                -0.15919652581214906,
                -0.02179098129272461
            ],
            "pose_transform_permuted": [
                [ -0.9532926, -0.3019956, 0.00565182, 0 ],
                [ -0.2881194, 0.9035552, -0.317136, 0 ],
                [ 0.09066693, -0.3039518, -0.9483633, 0 ],
                [ 2.450431, -3.952673, 160.6206, 1 ]
            ],
            "cuboid_centroid": [
                2.4504313468933107,
                -3.9526734352111818,
                160.6205596923828
            ],
            "projected_cuboid_centroid": [
                338.2196044921875,
                210.61083984375
            ],
            "bounding_box": {
                "top_left": [
                    291.93682861328127,
                    140.10791015625
                ],
                "bottom_right": [
                    384.5343322753906,
                    280.2122802734375
                ]
            },
            "cuboid": [
                [ 3.859282, 5.44312, 161.6541 ],
                [ -3.684009, 3.16327, 162.3716 ],
                [ 0.9969182, -10.84184, 167.0828 ],
                [ 8.540212, -8.561995, 166.3654 ],
                [ 3.903944, 2.936515, 154.1583 ],
                [ -3.639339, 0.6566518, 154.8758 ],
                [ 1.041584, -13.34846, 159.587 ],
                [ 8.584878, -11.06861, 158.8696 ]
            ],
            "projected_cuboid": [
                [ 348.5113, 280.2123 ],
                [ 292.9038, 263.2661 ],
                [ 327.1257, 162.5059 ],
                [ 381.306, 178.5376 ],
                [ 350.2437, 262.749 ],
                [ 291.9368, 245.0635 ],
                [ 327.7946, 140.1079 ],
                [ 384.5343, 156.7949 ]
            ]
        },
        {
            "class": "big_plates",
            "visibility": 1.0,
            "location": [
                -10.573939323425293,
                -0.15383313596248628,
                158.42266845703126
            ],
            "quaternion_xyzw": [
                -0.41443932056427,
                -0.28379541635513308,
                0.703109860420227,
                0.5033256411552429
            ],
            "pose_transform_permuted": [
                [ -0.1498066, -0.4725545, -0.8684758, 0 ],
                [ 0.9430184, -0.3322469, 0.01811719, 0 ],
                [ -0.2971098, -0.8162746, 0.4954004, 0 ],
                [ -10.57394, -0.1538331, 158.4227, 1 ]
            ],
            "cuboid_centroid": [
                -10.573939323425293,
                -0.15383313596248628,
                158.42266845703126
            ],
            "projected_cuboid_centroid": [
                240.2892303466797,
                238.84033203125
            ],
            "bounding_box": {
                "top_left": [
                    171.55062866210938,
                    172.63330078125
                ],
                "bottom_right": [
                    310.0173034667969,
                    304.227294921875
                ]
            },
            "cuboid": [
                [ -2.014925, -8.804371, 156.0812 ],
                [ -4.634787, 7.687409, 150.8853 ],
                [ -3.934642, 8.179673, 152.0946 ],
                [ -1.314781, -8.31212, 157.2906 ],
                [ -17.21324, -8.48733, 164.7507 ],
                [ -19.8331, 8.004461, 159.5547 ],
                [ -19.13296, 8.496716, 160.7642 ],
                [ -16.51309, -7.995061, 165.9601 ]
            ],
            "projected_cuboid": [
                [ 304.5828, 172.6333 ],
                [ 283.3157, 300.8458 ],
                [ 289.1049, 304.2273 ],
                [ 310.0173, 176.8888 ],
                [ 195.2235, 178.4764 ],
                [ 171.5506, 299.9128 ],
                [ 177.8685, 303.1189 ],
                [ 201.171, 182.4672 ]
            ]
        }
    ]
}