{
    "camera_data": {
        "location_worldframe": [
            -63.86349868774414,
            116.66251373291016,
            66.14806365966797
        ],
        "quaternion_xyzw_worldframe": [
            0.1309964656829834,
            0.8666451573371887,
            -0.3043626844882965,
            0.3730005919933319
        ]
    },
    "objects": [
        {
            "class": "big_fork",
            "visibility": 1.0,
            "location": [
                3.5417916774749758,
                0.6977784037590027,
                183.97579956054688
            ],
            "quaternion_xyzw": [
                0.02283397875726223,
                0.4281429350376129,
                0.9022735357284546,
                -0.04554954543709755
            ],
            "pose_transform_permuted": [
                [ -0.9948078, 0.1017487, 0.002201557, 0 ],
                [ -0.06264389, -0.6292378, 0.7746843, 0 ],
                [ 0.08020842, 0.770524, 0.6323445, 0 ],
                [ 3.541792, 0.6977784, 183.9758, 1 ]
            ],
            "cuboid_centroid": [
                3.5417916774749758,
                0.6977784037590027,
                183.97579956054688
            ],
            "projected_cuboid_centroid": [
                342.9910888671875,
                244.529541015625
            ],
            "bounding_box": {
                "top_left": [
                    330.7919921875,
                    211.55224609375
                ],
                "bottom_right": [
                    354.5167541503906,
                    279.505615234375
                ]
            },
            "cuboid": [
                [ 5.46826, -4.363393, 189.1981 ],
                [ 3.119438, -4.511299, 189.3875 ],
                [ 1.612623, 4.807181, 177.9766 ],
                [ 3.961438, 4.955097, 177.7873 ],
                [ 5.470961, -3.411639, 189.9749 ],
                [ 3.122139, -3.559542, 190.1644 ],
                [ 1.615323, 5.758936, 178.7535 ],
                [ 3.964141, 5.906846, 178.5641 ]
            ],
            "projected_cuboid": [
                [ 354.5168, 212.4574 ],
                [ 339.6708, 211.5522 ],
                [ 330.821, 272.2571 ],
                [ 346.6103, 273.285 ],
                [ 354.3926, 218.5531 ],
                [ 339.6074, 217.6456 ],
                [ 330.792, 278.4756 ],
                [ 346.5126, 279.5056 ]
            ]
        },
        {
            "class": "water_glass",
            "visibility": 0.0,
            "location": [
                36.70692825317383,
                30.704710006713868,
                144.41990661621095
            ],
            "quaternion_xyzw": [
                -0.31807321310043337,
                0.2957829236984253,
                0.6138967275619507,
                0.6591454744338989
            ],
            "pose_transform_permuted": [
                [ 0.07128651, -0.9974558, -0.0006002486, 0 ],
                [ 0.6211333, 0.04392046, 0.7824734, 0 ],
                [ -0.7804562, -0.0561527, 0.6226838, 0 ],
                [ 36.70693, 30.70471, 144.4199, 1 ]
            ],
            "cuboid_centroid": [
                36.70692825317383,
                30.704710006713868,
                144.41990661621095
            ],
            "projected_cuboid_centroid": [
                623.5418090820313,
                493.907470703125
            ],
            "bounding_box": {
                "top_left": [
                    596.6275634765625,
                    469.06817626953127
                ],
                "bottom_right": [
                    651.468017578125,
                    518.9038696289063
                ]
            },
            "cuboid": [
                [ 34.07198, 28.00785, 144.5944 ],
                [ 34.35699, 30.49129, 141.4739 ],
                [ 39.34428, 30.27168, 141.7547 ],
                [ 39.05926, 27.78825, 144.8752 ],
                [ 34.06957, 31.13774, 147.0851 ],
                [ 34.35459, 33.62118, 143.9647 ],
                [ 39.34187, 33.40157, 144.2454 ],
                [ 39.05685, 30.91813, 147.3659 ]
            ],
            "projected_cuboid": [
                [ 601.4125, 471.3267 ],
                [ 610.0256, 497.3931 ],
                [ 651.468, 495.0331 ],
                [ 641.9791, 469.0682 ],
                [ 596.6276, 492.8226 ],
                [ 604.9879, 518.9039 ],
                [ 645.7245, 516.5428 ],
                [ 636.5176, 490.5612 ]
            ]
        }
    ]
}