{
    "camera_data": {
        "location_worldframe": [
            -0.9783506393432617,
            214.95729064941407,
            -35.637847900390628
        ],
        "quaternion_xyzw_worldframe": [
            0.5935010313987732,
            0.14691297709941865,
            -0.11129429191350937,
            0.783445417881012
        ]
    },
    "objects": [
        {
            "class": "big_fork",
            "visibility": 1.0,
            "location": [
                -1.70151686668396,
                4.286463260650635,
                220.96217346191407
            ],
            "quaternion_xyzw": [
                0.1358170360326767,
                0.018181148916482927,
                0.18415383994579316,
                -0.9732988476753235
            ],
            "pose_transform_permuted": [
                [ 0.9315136, 0.3634121, 0.01463107, 0 ],
                [ -0.3535348, 0.8952822, 0.2710774, 0 ],
                [ 0.08541384, -0.2576849, 0.9624463, 0 ],
                [ -1.701517, 4.286463, 220.9622, 1 ]
            ],
            "cuboid_centroid": [
                -1.70151686668396,
                4.286463260650635,
                220.96217346191407
            ],
            "projected_cuboid_centroid": [
                310.80364990234377,
                263.16748046875
            ],
            "bounding_box": {
                "top_left": [
                    290.4303283691406,
                    224.283203125
                ],
                "bottom_right": [
                    331.4024353027344,
                    302.5540771484375
                ]
            },
            "cuboid": [
                [ -0.1192783, 11.16651, 218.3621 ],
                [ 2.080106, 10.33178, 218.5637 ],
                [ -3.301728, -2.926591, 222.3798 ],
                [ -5.501109, -2.091868, 222.1782 ],
                [ -0.1012984, 11.49955, 219.5445 ],
                [ 2.098077, 10.66482, 219.7462 ],
                [ -3.283754, -2.593577, 223.5623 ],
                [ -5.483133, -1.758828, 223.3606 ]
            ],
            "projected_cuboid": [
                [ 319.3477, 301.0714 ],
                [ 331.3659, 296.454 ],
                [ 302.2686, 224.2832 ],
                [ 290.4303, 228.7557 ],
                [ 319.449, 302.5541 ],
                [ 331.4024, 297.9602 ],
                [ 302.4584, 226.1453 ],
                [ 290.683, 230.5959 ]
            ]
        }
    ]
}