{
    "camera_data": {
        "location_worldframe": [
            -29.867231369018556,
            175.45697021484376,
            -2.603369951248169
        ],
        "quaternion_xyzw_worldframe": [
            0.5183791518211365,
            0.3776535391807556,
            -0.27303025126457217,
            0.7170184254646301
        ]
    },
    "objects": [
        {
            "class": "small_plates",
            "visibility": 1.0,
            "location": [
                2.549639940261841,
                -0.466981440782547,
                183.72341918945313
            ],
            "quaternion_xyzw": [
                -0.5667564272880554,
                -0.20548364520072938,
                -0.14845311641693116,
                -0.783916711807251
            ],
            "pose_transform_permuted": [
                [ 0.8714763, 0.0001685917, 0.4904376, 0 ],
                [ 0.4656681, 0.3134976, -0.8275703, 0 ],
                [ -0.1538906, 0.949589, 0.2731272, 0 ],
                [ 2.54964, -0.4669814, 183.7234, 1 ]
            ],
            "cuboid_centroid": [
                2.549639940261841,
                -0.466981440782547,
                183.72341918945313
            ],
            "projected_cuboid_centroid": [
                336.57342529296877,
                236.9644775390625
            ],
            "bounding_box": {
                "top_left": [
                    289.88818359375,
                    191.736083984375
                ],
                "bottom_right": [
                    383.0660400390625,
                    282.9560546875
                ]
            },
            "cuboid": [
                [ -4.598602, 1.664359, 183.8018 ],
                [ 4.550311, 6.553035, 182.1862 ],
                [ 4.55006, 6.088163, 180.7782 ],
                [ -4.59885, 1.19951, 182.3937 ],
                [ 0.5492249, -7.022141, 186.6687 ],
                [ 9.698139, -2.133474, 185.0531 ],
                [ 9.697887, -2.598347, 183.645 ],
                [ 0.5489758, -7.487005, 185.2606 ]
            ],
            "projected_cuboid": [
                [ 290.1205, 250.8142 ],
                [ 349.8279, 282.9561 ],
                [ 350.0586, 280.2196 ],
                [ 289.8882, 247.854 ],
                [ 323.5138, 195.0742 ],
                [ 382.5878, 226.2314 ],
                [ 383.066, 223.1028 ],
                [ 323.5389, 191.7361 ]
            ]
        },
        {
            "class": "knife",
            "visibility": 0.0,
            "location": [
                50.80901336669922,
                47.51567077636719,
                168.2633819580078
            ],
            "quaternion_xyzw": [
                0.46943211555480959,
                0.8682386875152588,
                -0.1419047862291336,
                0.07522024214267731
            ],
            "pose_transform_permuted": [
                [ -0.5479508, 0.8365065, -0.002611086, 0 ],
                [ 0.79381, 0.518993, -0.317036, 0 ],
                [ -0.2638476, -0.1757929, -0.9484099, 0 ],
                [ 50.80901, 47.51567, 168.2634, 1 ]
            ],
            "cuboid_centroid": [
                50.80901336669922,
                47.51567077636719,
                168.2633819580078
            ],
            "projected_cuboid_centroid": [
                680.6190185546875,
                577.2444458007813
            ],
            "bounding_box": {
                "top_left": [
                    645.4556274414063,
                    522.8646850585938
                ],
                "bottom_right": [
                    715.121337890625,
                    632.9146118164063
                ]
            },
            "cuboid": [
                [ 56.2006, 41.68603, 170.619 ],
                [ 47.2104, 54.71004, 166.2901 ],
                [ 45.41951, 53.59892, 166.6665 ],
                [ 54.40971, 40.57491, 170.9954 ],
                [ 56.19852, 41.43242, 169.8603 ],
                [ 47.20831, 54.45641, 165.5314 ],
                [ 45.41742, 53.34529, 165.9077 ],
                [ 54.40762, 40.32128, 170.2367 ]
            ],
            "projected_cuboid": [
                [ 713.3789, 531.7834 ],
                [ 659.054, 632.9146 ],
                [ 645.4556, 624.0656 ],
                [ 700.0052, 523.381 ],
                [ 715.1213, 531.3036 ],
                [ 660.593, 632.8857 ],
                [ 646.929, 623.9963 ],
                [ 701.6842, 522.8647 ]
            ]
        }
    ]
}