{
    "camera_data": {
        "location_worldframe": [
            68.06612396240235,
            153.06382751464845,
            -33.43221664428711
        ],
        "quaternion_xyzw_worldframe": [
            0.5511770844459534,
            -0.24816220998764039,
            0.17605295777320863,
            0.7769328951835632
        ]
    },
    "objects": [
        {
            "class": "teacup",
            "visibility": 1.0,
            "location": [
                0.3499160706996918,
                -4.2925286293029789,
                160.5557861328125
            ],
            "quaternion_xyzw": [
                -0.6546651124954224,
                -0.34514957666397097,
                0.4869603216648102,
                0.4638480544090271
            ],
            "pose_transform_permuted": [
                [ 0.2874828, 0.0001635849, -0.9577857, 0 ],
                [ 0.903666, -0.3314336, 0.271182, 0 ],
                [ -0.3173979, -0.9434786, -0.0954293, 0 ],
                [ 0.3499161, -4.292529, 160.5558, 1 ]
            ],
            "cuboid_centroid": [
                0.3499160706996918,
                -4.2925286293029789,
                160.5557861328125
            ],
            "projected_cuboid_centroid": [
                322.602783203125,
                208.071044921875
            ],
            "bounding_box": {
                "top_left": [
                    290.6751708984375,
                    166.32177734375
                ],
                "bottom_right": [
                    355.0454406738281,
                    249.4356689453125
                ]
            },
            "cuboid": [
                [ 2.150897, -9.859448, 159.8126 ],
                [ 4.610025, -2.1295, 157.0975 ],
                [ 4.609192, -0.4414733, 161.9028 ],
                [ 2.150063, -8.171405, 164.6178 ],
                [ -3.909354, -8.143575, 159.2088 ],
                [ -1.450226, -0.4136398, 156.4937 ],
                [ -1.451063, 1.274403, 161.299 ],
                [ -3.910191, -6.455548, 164.014 ]
            ],
            "projected_cuboid": [
                [ 336.0733, 166.3218 ],
                [ 355.0454, 223.8115 ],
                [ 353.9991, 236.7435 ],
                [ 335.5981, 180.7188 ],
                [ 290.6752, 178.9135 ],
                [ 308.9328, 236.8434 ],
                [ 309.2563, 249.4357 ],
                [ 291.5282, 192.9944 ]
            ]
        },
        {
            "class": "water_glass",
            "visibility": 0.0,
            "location": [
                -62.51307678222656,
                -32.64321517944336,
                170.52755737304688
            ],
            "quaternion_xyzw": [
                0.2666657567024231,
                0.7239546775817871,
                0.5133371353149414,
                0.37585097551345827
            ],
            "pose_transform_permuted": [
                [ -0.5752508, 0.0002312958, 0.8179771, 0 ],
                [ 0.7719843, 0.3307487, 0.5428125, 0 ],
                [ -0.2704193, 0.9437188, -0.190442, 0 ],
                [ -62.51308, -32.64322, 170.5276, 1 ]
            ],
            "cuboid_centroid": [
                -62.51307678222656,
                -32.64321517944336,
                170.52755737304688
            ],
            "projected_cuboid_centroid": [
                -117.79804229736328,
                11.3896484375
            ],
            "bounding_box": {
                "top_left": [
                    -144.16964721679688,
                    -14.9620361328125
                ],
                "bottom_right": [
                    -92.19432830810547,
                    37.3006591796875
                ]
            },
            "cuboid": [
                [ -62.99846, -34.44527, 173.8083 ],
                [ -65.29845, -31.35867, 172.7271 ],
                [ -65.29961, -33.01241, 168.0085 ],
                [ -62.99962, -36.09901, 169.0898 ],
                [ -59.72656, -32.27401, 173.0466 ],
                [ -62.02654, -29.18742, 171.9654 ],
                [ -62.02769, -30.84117, 167.2468 ],
                [ -59.7277, -33.92775, 168.328 ]
            ],
            "projected_cuboid": [
                [ -112.8693, 3.322754 ],
                [ -131.4814, 23.18237 ],
                [ -144.1696, 5.337646 ],
                [ -124.9571, -14.96204 ],
                [ -92.19433, 17.2655 ],
                [ -110.7587, 37.30066 ],
                [ -122.9202, 19.77295 ],
                [ -103.7571, -0.7111816 ]
            ]
        },
        {
            "class": "small_plates",
            "visibility": 0.3715612292289734,
            "location": [
                -6.863620281219482,
                -36.33511734008789,
                173.68487548828126
            ],
            "quaternion_xyzw": [
                0.42958304286003115,
                -0.5472553372383118,
                -0.38739240169525149,
                0.6048941612243652
            ],
            "pose_transform_permuted": [
                [ 0.1008775, -0.001520425, -0.9948975, 0 ],
                [ -0.938846, 0.3307711, -0.0956994, 0 ],
                [ 0.3292287, 0.9437096, 0.03194001, 0 ],
                [ -6.86362, -36.33512, 173.6849, 1 ]
            ],
            "cuboid_centroid": [
                -6.863620281219482,
                -36.33511734008789,
                173.68487548828126
            ],
            "projected_cuboid_centroid": [
                272.8057861328125,
                -9.840087890625
            ],
            "bounding_box": {
                "top_left": [
                    232.12661743164063,
                    -46.8896484375
                ],
                "bottom_right": [
                    312.4398193359375,
                    27.7232666015625
                ]
            },
            "cuboid": [
                [ -2.172835, -30.65954, 172.4888 ],
                [ -1.113811, -40.51571, 175.9451 ],
                [ -1.111554, -41.00621, 174.5457 ],
                [ -2.170583, -31.15002, 171.0894 ],
                [ -12.61568, -31.66404, 172.824 ],
                [ -11.55665, -41.52021, 176.2803 ],
                [ -11.5544, -42.0107, 174.881 ],
                [ -12.61343, -32.15452, 171.4247 ]
            ],
            "projected_cuboid": [
                [ 304.956, 27.72327 ],
                [ 312.4398, -35.00708 ],
                [ 312.3947, -40.56787 ],
                [ 304.8487, 22.56335 ],
                [ 232.8225, 21.19373 ],
                [ 241.7065, -41.28931 ],
                [ 241.0954, -46.88965 ],
                [ 232.1266, 15.9906 ]
            ]
        },
        {
            "class": "water_glass",
            "visibility": 1.0,
            "location": [
                -38.961639404296878,
                -9.869728088378907,
                163.08493041992188
            ],
            "quaternion_xyzw": [
                -0.6515002846717835,
                0.4743671417236328,
                0.5246635675430298,
                0.27431973814964297
            ],
            "pose_transform_permuted": [
                [ -0.0005920827, -0.9059518, -0.4233804, 0 ],
                [ -0.3302495, -0.399449, 0.8552051, 0 ],
                [ -0.9438934, 0.1403275, -0.2989536, 0 ],
                [ -38.96164, -9.869728, 163.0849, 1 ]
            ],
            "cuboid_centroid": [
                -38.961639404296878,
                -9.869728088378907,
                163.08493041992188
            ],
            "projected_cuboid_centroid": [
                34.68742370605469,
                167.724853515625
            ],
            "bounding_box": {
                "top_left": [
                    7.807292938232422,
                    142.4912109375
                ],
                "bottom_right": [
                    60.873165130615237,
                    192.6697998046875
                ]
            },