{
    "camera_data": {
        "location_worldframe": [
            -53.11940383911133,
            96.12906646728516,
            -22.254037857055665
        ],
        "quaternion_xyzw_worldframe": [
            0.3210248351097107,
            0.5214304327964783,
            -0.22047336399555207,
            0.759239673614502
        ]
    },
    "objects": [
        {
            "class": "teacup",
            "visibility": 1.0,
            "location": [
                -1.4586296081542969,
                -3.407107353210449,
                133.20274353027345
            ],
            "quaternion_xyzw": [
                0.887380838394165,
                -0.1048840880393982,
                0.24667930603027345,
                -0.3751053214073181
            ],
            "pose_transform_permuted": [
                [ 0.8562973, -0.001082823, 0.5164821, 0 ],
                [ -0.3712057, -0.6965909, 0.6139771, 0 ],
                [ 0.3591118, -0.717468, -0.5968909, 0 ],
                [ -1.45863, -3.407107, 133.2027, 1 ]
            ],
            "cuboid_centroid": [
                -1.4586296081542969,
                -3.407107353210449,
                133.20274353027345
            ],
            "projected_cuboid_centroid": [
                306.92236328125,
                209.452880859375
            ],
            "bounding_box": {
                "top_left": [
                    258.73382568359377,
                    162.8243408203125
                ],
                "bottom_right": [
                    354.9552001953125,
                    257.21337890625
                ]
            },
            "cuboid": [
                [ -6.757744, -5.535803, 131.7281 ],
                [ 0.5670072, -8.711091, 134.7999 ],
                [ 0.57252, -5.16325, 138.4541 ],
                [ -6.752229, -1.987971, 135.3823 ],
                [ -3.489772, -1.650949, 127.9514 ],
                [ 3.834977, -4.826247, 131.0232 ],
                [ 3.840489, -1.278407, 134.6774 ],
                [ -3.484262, 1.896892, 131.6055 ]
            ],
            "projected_cuboid": [
                [ 258.7338, 189.812 ],
                [ 325.0234, 162.8243 ],
                [ 324.9384, 195.4636 ],
                [ 260.4361, 222.4634 ],
                [ 287.4276, 224.5906 ],
                [ 354.9552, 196.0095 ],
                [ 354.0557, 228.6637 ],
                [ 288.382, 257.2134 ]
            ]
        },
        {
            "class": "water_glass",
            "visibility": 0.0,
            "location": [
                -14.947080612182618,
                45.66419219970703,
                85.6104736328125
            ],
            "quaternion_xyzw": [
                -0.38325291872024538,
                -0.16574054956436158,
                -0.06995905190706253,
                -0.905954122543335
            ],
            "pose_transform_permuted": [
                [ 0.9352716, 0.0002817214, 0.3539307, 0 ],
                [ 0.2538005, 0.6964459, -0.6712291, 0 ],
                [ -0.2466827, 0.7176092, 0.6512945, 0 ],
                [ -14.94708, 45.66419, 85.61047, 1 ]
            ],
            "cuboid_centroid": [
                -14.947080612182618,
                45.66419219970703,
                85.6104736328125
            ],
            "projected_cuboid_centroid": [
                111.48994445800781,
                877.01025390625
            ],
            "bounding_box": {
                "top_left": [
                    67.855224609375,
                    826.9051513671875
                ],
                "bottom_right": [
                    152.54901123046876,
                    927.1173095703125
                ]
            },
            "cuboid": [
                [ -17.52396, 48.24039, 86.59505 ],
                [ -13.78452, 49.25514, 85.60876 ],
                [ -13.78593, 45.77292, 82.02071 ],
                [ -17.52537, 44.75816, 83.00701 ],
                [ -16.10824, 45.55546, 89.20023 ],
                [ -12.3688, 46.57022, 88.21394 ],
                [ -12.3702, 43.08799, 84.62589 ],
                [ -16.10965, 42.07324, 85.61218 ]
            ],
            "projected_cuboid": [
                [ 78.32222, 905.2965 ],
                [ 127.7037, 927.1173 ],
                [ 119.2711, 906.473 ],
                [ 67.85522, 883.9542 ],
                [ 104.3351, 849.9188 ],
                [ 152.549, 870.4762 ],
                [ 145.4294, 848.0658 ],
                [ 95.27678, 826.9052 ]
            ]
        },
        {
            "class": "small_plates",
            "visibility": 0.47815820574760439,
            "location": [
                -33.162193298339847,
                9.027478218078614,
                123.64234924316406
            ],
            "quaternion_xyzw": [
                0.029490504413843156,
                0.9187366962432861,
                0.3876872956752777,
                0.06893245875835419
            ],
            "pose_transform_permuted": [
                [ -0.9887571, 0.0007395409, 0.1495277, 0 ],
                [ 0.1076365, 0.6976578, 0.7082994, 0 ],
                [ -0.1037954, 0.7164308, -0.6898936, 0 ],
                [ -33.16219, 9.027478, 123.6423, 1 ]
            ],
            "cuboid_centroid": [
                -33.162193298339847,
                9.027478218078614,
                123.64234924316406
            ],
            "projected_cuboid_centroid": [
                -0.31223297119140627,
                327.196044921875
            ],
            "bounding_box": {
                "top_left": [
                    -57.196693420410159,
                    279.6712646484375
                ],
                "bottom_right": [
                    52.40873336791992,
                    377.5992431640625
                ]
            },
            "cuboid": [
                [ -28.75631, 5.262435, 128.339 ],
                [ -39.13647, 6.392432, 127.2494 ],
                [ -39.13757, 5.357916, 126.187 ],
                [ -28.75741, 4.227926, 127.2767 ],
                [ -27.18682, 12.69704, 121.0976 ],
                [ -37.56697, 13.82702, 120.008 ],
                [ -37.56807, 12.79251, 118.9456 ],
                [ -27.18792, 11.66253, 120.0353 ]
            ],
            "projected_cuboid": [
                [ 52.40873, 288.9695 ],
                [ -47.30213, 299.994 ],
                [ -50.40482, 290.7083 ],
                [ 50.16489, 279.6713 ],
                [ 51.88551, 365.2173 ],
                [ -53.84674, 377.5992 ],
                [ -57.19669, 368.4413 ],
                [ 49.50171, 356.033 ]
            ]
        },
        {
            "class": "water_glass",
            "visibility": 1.0,
            "location": [
                2.402350425720215,
                25.376619338989259,
                106.00917053222656
            ],
            "quaternion_xyzw": [
                0.32540223002433779,
                -0.6770481467247009,
                0.20358219742774964,
                -0.6279120445251465
            ],
            "pose_transform_permuted": [
                [ 0.0003201813, -0.1849625, 0.9827455, 0 ],
                [ -0.6962894, 0.7053354, 0.1329781, 0 ],
                [ -0.7177612, -0.6843178, -0.1285616, 0 ],
                [ 2.40235, 25.37662, 106.0092, 1 ]
            ],
            "cuboid_centroid": [
                2.402350425720215,
                25.376619338989259,
                106.00917053222656
            ],
            "projected_cuboid_centroid": [
                347.06390380859377,
                525.8826904296875
            ],
            "bounding_box": {
                "top_left": [
                    319.7049255371094,
                    486.10272216796877
                ],
                "bottom_right": [
                    374.4131774902344,
                    566.0647583007813
                ]
            },