{
    "camera_data": {
        "location_worldframe": [
            60.931365966796878,
            85.67507934570313,
            -68.41577911376953
        ],
        "quaternion_xyzw_worldframe": [
            0.2744542062282562,
            -0.405551940202713,
            0.12908151745796204,
            0.8622879981994629
        ]
    },
    "objects": [
        {
            "class": "knife",
            "visibility": 1.0,
            "location": [
                1.7200558185577393,
                1.3954496383666993,
                144.8690948486328
            ],
            "quaternion_xyzw": [
                -0.196234792470932,
                0.4153537154197693,
                0.803152859210968,
                0.3793662190437317
            ],
            "pose_transform_permuted": [
                [ -0.6351465, -0.7723918, -7.072091E-05, 0 ],
                [ 0.4463644, -0.3671252, 0.8160748, 0 ],
                [ -0.6303554, 0.5182953, 0.5779464, 0 ],
                [ 1.720056, 1.39545, 144.8691, 1 ]
            ],
            "cuboid_centroid": [
                1.7200558185577393,
                1.3954496383666993,
                144.8690948486328
            ],
            "projected_cuboid_centroid": [
                334.17962646484377,
                251.503662109375
            ],
            "bounding_box": {
                "top_left": [
                    283.1787414550781,
                    216.2861328125
                ],
                "bottom_right": [
                    382.0700378417969,
                    289.498046875
                ]
            },
            "cuboid": [
                [ 6.103675, -2.985715, 150.3638 ],
                [ -4.31714, 4.337768, 140.0216 ],
                [ -2.663515, 5.123759, 138.912 ],
                [ 7.75731, -2.199724, 149.2542 ],
                [ 6.10362, -2.332858, 150.8262 ],
                [ -4.317197, 4.990629, 140.484 ],
                [ -2.663568, 5.776614, 139.3744 ],
                [ 7.757251, -1.546878, 149.7166 ]
            ],
            "projected_cuboid": [
                [ 368.4781, 216.2861 ],
                [ 283.1787, 276.9972 ],
                [ 297.1012, 284.05 ],
                [ 382.07, 222.3989 ],
                [ 368.329, 221.5282 ],
                [ 283.2994, 282.4254 ],
                [ 297.1767, 289.498 ],
                [ 381.8779, 227.6609 ]
            ]
        }
    ]
}