{
    "camera_data": {
        "location_worldframe": [
            -54.29988479614258,
            235.58010864257813,
            -59.384674072265628
        ],
        "quaternion_xyzw_worldframe": [
            0.5809839367866516,
            0.14291580021381379,
            -0.10451825708150864,
            0.7944235801696777
        ]
    },
    "objects": [
        {
            "class": "knife",
            "visibility": 1.0,
            "location": [
                0.8584700226783752,
                2.557253360748291,
                245.55389404296876
            ],
            "quaternion_xyzw": [
                -0.13371925055980683,
                0.0751592293381691,
                0.4840153157711029,
                0.8615099787712097
            ],
            "pose_transform_permuted": [
                [ 0.5201606, -0.8540685, 5.65201E-05, 0 ],
                [ 0.8138676, 0.4956967, 0.3031574, 0 ],
                [ -0.2589452, -0.1576445, 0.9529405, 0 ],
                [ 0.85847, 2.557253, 245.5539, 1 ]
            ],
            "cuboid_centroid": [
                0.8584700226783752,
                2.557253360748291,
                245.55389404296876
            ],
            "projected_cuboid_centroid": [
                324.1751708984375,
                252.437255859375
            ],
            "bounding_box": {
                "top_left": [
                    299.10931396484377,
                    216.974609375
                ],
                "bottom_right": [
                    349.656982421875,
                    288.45654296875
                ]
            },
            "cuboid": [
                [ -4.322925, -3.709924, 247.1282 ],
                [ 4.211329, 9.64317, 242.8797 ],
                [ 6.039815, 8.581906, 243.2172 ],
                [ -2.494434, -4.771168, 247.4657 ],
                [ -4.322875, -3.467404, 247.8906 ],
                [ 4.211372, 9.885694, 243.642 ],
                [ 6.039865, 8.824449, 243.9796 ],
                [ -2.494383, -4.528636, 248.2281 ]
            ],
            "projected_cuboid": [
                [ 299.1093, 222.0717 ],
                [ 340.7074, 287.4161 ],
                [ 349.657, 282.1393 ],
                [ 307.962, 216.9746 ],
                [ 299.1738, 223.2952 ],
                [ 340.6428, 288.4565 ],
                [ 349.5645, 283.1948 ],
                [ 307.9992, 218.2122 ]
            ]
        }
    ]
}