{
    "camera_data": {
        "location_worldframe": [
            -1.5902996063232422,
            181.02403259277345,
            18.504058837890626
        ],
        "quaternion_xyzw_worldframe": [
            0.12418613582849503,
            0.7950752973556519,
            -0.5676026940345764,
            0.1739550083875656
        ]
    },
    "objects": [
        {
            "class": "water_glass",
            "visibility": 1.0,
            "location": [
                -0.3922659158706665,
                3.3675901889801027,
                187.71006774902345
            ],
            "quaternion_xyzw": [
                0.1383223831653595,
                0.09122446924448013,
                0.5419377088546753,
                -0.8239226341247559
            ],
            "pose_transform_permuted": [
                [ 0.3959632, 0.9182663, -0.0003995746, 0 ],
                [ -0.8677927, 0.3743409, 0.3268099, 0 ],
                [ 0.300248, -0.1290579, 0.9450901, 0 ],
                [ -0.3922659, 3.36759, 187.7101, 1 ]
            ],
            "cuboid_centroid": [
                -0.3922659158706665,
                3.3675901889801027,
                187.71006774902345
            ],
            "projected_cuboid_centroid": [
                317.5043029785156,
                261.4254150390625
            ],
            "bounding_box": {
                "top_left": [
                    297.6090087890625,
                    240.27685546875
                ],
                "bottom_right": [
                    337.2997741699219,
                    282.3570556640625
                ]
            },
            "cuboid": [
                [ 1.112617, 5.384634, 184.897 ],
                [ 2.695772, 1.915007, 186.0975 ],
                [ -1.895558, 0.04329207, 186.7428 ],
                [ -3.478715, 3.512928, 185.5423 ],
                [ 1.111017, 6.691879, 188.6774 ],
                [ 2.694177, 3.222238, 189.8778 ],
                [ -1.897155, 1.350538, 190.5231 ],
                [ -3.480314, 4.820173, 189.3227 ]
            ],
            "projected_cuboid": [
                [ 327.1864, 274.7795 ],
                [ 337.2998, 252.2893 ],
                [ 307.8775, 240.2769 ],
                [ 297.609, 262.6112 ],
                [ 327.0323, 282.3571 ],
                [ 336.9453, 260.2666 ],
                [ 308.1081, 248.4656 ],
                [ 298.046, 270.4059 ]
            ]
        },
        {
            "class": "big_spoon",
            "visibility": 0.0,
            "location": [
                52.74177551269531,
                22.192230224609376,
                181.5948944091797
            ],
            "quaternion_xyzw": [
                -0.6681762933731079,
                -0.3287646472454071,
                0.4640861749649048,
                0.47966477274894717
            ],
            "pose_transform_permuted": [
                [ 0.3530757, -0.00586611, -0.9355764, 0 ],
                [ 0.8845571, -0.3236711, 0.335851, 0 ],
                [ -0.3047891, -0.9461515, -0.1090915, 0 ],
                [ 52.74178, 22.19223, 181.5949, 1 ]
            ],
            "cuboid_centroid": [
                52.74177551269531,
                22.192230224609376,
                181.5948944091797
            ],
            "projected_cuboid_centroid": [
                666.8555297851563,
                385.9468994140625
            ],
            "bounding_box": {
                "top_left": [
                    637.0801391601563,
                    336.4150390625
                ],
                "bottom_right": [
                    697.88818359375,
                    435.91339111328127
                ]
            },
            "cuboid": [
                [ 51.00393, 14.72463, 182.3884 ],
                [ 56.27249, 27.9239, 177.8404 ],
                [ 56.29215, 29.00916, 181.0128 ],
                [ 51.0236, 15.80989, 185.5608 ],
                [ 49.19141, 15.37531, 182.177 ],
                [ 54.45996, 28.57456, 177.629 ],
                [ 54.47963, 29.65981, 180.8014 ],
                [ 49.21107, 16.46056, 185.3494 ]
            ],
            "projected_cuboid": [
                [ 653.9673, 336.415 ],
                [ 697.8882, 427.5181 ],
                [ 691.3951, 431.3918 ],
                [ 648.3843, 341.7513 ],
                [ 642.4728, 340.7924 ],
                [ 686.1516, 432.1158 ],
                [ 679.8569, 435.9134 ],
                [ 637.0801, 346.0598 ]
            ]
        },
        {
            "class": "small_fork",
            "visibility": 1.0,
            "location": [
                -17.757722854614259,
                13.907846450805664,
                185.68496704101563
            ],
            "quaternion_xyzw": [
                0.8958425521850586,
                -0.4132900834083557,
                0.06665372103452683,
                0.14904595911502839
            ],
            "pose_transform_permuted": [
                [ 0.6494972, -0.7603546, -0.003775954, 0 ],
                [ -0.7206168, -0.6139532, -0.3221381, 0 ],
                [ 0.2426209, 0.2119488, -0.9466851, 0 ],
                [ -17.75772, 13.90785, 185.685, 1 ]
            ],
            "cuboid_centroid": [
                -17.757722854614259,
                13.907846450805664,
                185.68496704101563
            ],
            "projected_cuboid_centroid": [
                205.78897094726563,
                329.4500732421875
            ],
            "bounding_box": {
                "top_left": [
                    173.30650329589845,
                    300.33251953125
                ],
                "bottom_right": [
                    238.46839904785157,
                    358.88916015625
                ]
            },
            "cuboid": [
                [ -22.87337, 11.10985, 187.1766 ],
                [ -21.64656, 9.748725, 187.6349 ],
                [ -12.63836, 17.02244, 185.1238 ],
                [ -13.86517, 18.3836, 184.6655 ],
                [ -22.87708, 10.79325, 186.2461 ],
                [ -21.65027, 9.432101, 186.7044 ],
                [ -12.64208, 16.70584, 184.1934 ],
                [ -13.86888, 18.06698, 183.7351 ]
            ],
            "projected_cuboid": [
                [ 174.0594, 310.885 ],
                [ 182.2242, 302.0486 ],
                [ 238.4684, 349.8138 ],
                [ 230.3321, 358.8892 ],
                [ 173.3065, 309.209 ],
                [ 181.5139, 300.3325 ],
                [ 238.0325, 348.3158 ],
                [ 229.8539, 357.4332 ]
            ]
        },
        {
            "class": "big_spoon",
            "visibility": 0.0,
            "location": [
                22.416353225708009,
                83.88172149658203,
                161.15362548828126
            ],
            "quaternion_xyzw": [
                -0.16437473893165589,
                0.019118668511509897,
                0.1114485040307045,
                0.9798951745033264
            ],
            "pose_transform_permuted": [
                [ 0.9744274, -0.224701, 0.0008299462, 0 ],
                [ 0.2121305, 0.9211203, 0.3264015, 0 ],
                [ -0.07410721, -0.3178785, 0.9452308, 0 ],
                [ 22.41635, 83.88172, 161.1536, 1 ]
            ],
            "cuboid_centroid": [
                22.416353225708009,
                83.88172149658203,
                161.15362548828126
            ],
            "projected_cuboid_centroid": [
                486.12017822265627,
                861.6197509765625
            ],
            "bounding_box": {
                "top_left": [
                    428.8260192871094,
                    833.4202270507813
                ],
                "bottom_right": [
                    544.08349609375,
                    890.528564453125
                ]
            },