{
    "camera_data": {
        "location_worldframe": [
            -13.172489166259766,
            158.595458984375,
            6.771808624267578
        ],
        "quaternion_xyzw_worldframe": [
            0.24666248261928559,
            0.7260523438453674,
            -0.554803192615509,
            0.3227989077568054
        ]
    },
    "objects": [
        {
            "class": "big_fork",
            "visibility": 1.0,
            "location": [
                0.6432235836982727,
                -0.44296467304229739,
                163.36257934570313
            ],
            "quaternion_xyzw": [
                0.10039163380861283,
                0.07713014632463455,
                0.6296390891075134,
                -0.766503095626831
            ],
            "pose_transform_permuted": [
                [ 0.1952111, 0.980727, 0.00818, 0 ],
                [ -0.9497542, 0.1869522, 0.2510293, 0 ],
                [ 0.244662, -0.05677269, 0.9679449, 0 ],
                [ 0.6432236, -0.4429647, 163.3626, 1 ]
            ],
            "cuboid_centroid": [
                0.6432235836982727,
                -0.44296467304229739,
                163.36257934570313
            ],
            "projected_cuboid_centroid": [
                324.7022705078125,
                236.76171875
            ],
            "bounding_box": {
                "top_left": [
                    269.75067138671877,
                    217.333740234375
                ],
                "bottom_right": [
                    379.7033386230469,
                    256.2169189453125
                ]
            },
            "cuboid": [
                [ 7.669622, 1.908359, 162.0588 ],
                [ 8.130531, -0.3340878, 162.6364 ],
                [ -6.393222, -3.102697, 163.4772 ],
                [ -6.854134, -0.8602569, 162.8995 ],
                [ 7.679672, 2.21676, 163.248 ],
                [ 8.140582, -0.02568712, 163.8256 ],
                [ -6.383176, -2.794296, 164.6664 ],
                [ -6.844084, -0.551841, 164.0887 ]
            ],
            "projected_cuboid": [
                [ 376.5196, 254.0632 ],
                [ 379.7033, 237.5468 ],
                [ 273.2953, 217.3337 ],
                [ 269.7507, 233.6932 ],
                [ 376.1814, 256.2169 ],
                [ 379.3432, 239.8127 ],
                [ 273.7055, 219.7341 ],
                [ 270.188, 235.9836 ]
            ]
        },
        {
            "class": "teacup",
            "visibility": 0.7472893595695496,
            "location": [
                -35.213134765625,
                45.96805953979492,
                148.8031463623047
            ],
            "quaternion_xyzw": [
                -0.5750687718391419,
                -0.2563855051994324,
                -0.19533152878284455,
                -0.7519361972808838
            ],
            "pose_transform_permuted": [
                [ 0.7922241, 0.001124918, 0.6102293, 0 ],
                [ 0.5886323, 0.262283, -0.7646697, 0 ],
                [ -0.160913, 0.9649904, 0.2071248, 0 ],
                [ -35.21313, 45.96806, 148.8031, 1 ]
            ],
            "cuboid_centroid": [
                -35.213134765625,
                45.96805953979492,
                148.8031463623047
            ],
            "projected_cuboid_centroid": [
                37.38832473754883,
                608.927978515625
            ],
            "bounding_box": {
                "top_left": [
                    -10.711174011230469,
                    566.3319091796875
                ],
                "bottom_right": [
                    83.94554138183594,
                    653.7571411132813
                ]
            },
            "cuboid": [
                [ -40.52919, 46.53759, 151.2935 ],
                [ -33.75251, 51.57273, 149.9171 ],
                [ -33.75824, 50.23689, 145.0022 ],
                [ -40.5349, 45.20174, 146.3787 ],
                [ -36.66804, 41.69924, 152.6041 ],
                [ -29.89137, 46.73439, 151.2276 ],
                [ -29.8971, 45.39854, 146.3128 ],
                [ -36.67377, 40.3634, 147.6892 ]
            ],
            "projected_cuboid": [
                [ 0.07730484, 607.3508 ],
                [ 51.12375, 650.8341 ],
                [ 41.96301, 653.7571 ],
                [ -10.71117, 608.7864 ],
                [ 33.0415, 566.3319 ],
                [ 83.94554, 609.0651 ],
                [ 75.96941, 610.5588 ],
                [ 23.44568, 566.3896 ]
            ]
        }
    ]
}