{
    "camera_data": {
        "location_worldframe": [
            -35.6234130859375,
            59.22296142578125,
            34.21623229980469
        ],
        "quaternion_xyzw_worldframe": [
            0.042959362268447879,
            0.9119396805763245,
            -0.39588865637779238,
            0.09895798563957215
        ]
    },
    "objects": [
        {
            "class": "small_plates",
            "visibility": 1.0,
            "location": [
                2.6893184185028078,
                2.3183445930480959,
                77.3554916381836
            ],
            "quaternion_xyzw": [
                0.6630958914756775,
                -0.2760681211948395,
                0.6324332356452942,
                -0.2900318503379822
            ],
            "pose_transform_permuted": [
                [ 0.04762922, 0.0007323027, 0.9988649, 0 ],
                [ -0.7329708, -0.6793359, 0.03544855, 0 ],
                [ 0.6785907, -0.7338272, -0.03181954, 0 ],
                [ 2.689318, 2.318345, 77.35549, 1 ]
            ],
            "cuboid_centroid": [
                2.6893184185028078,
                2.3183445930480959,
                77.3554916381836
            ],
            "projected_cuboid_centroid": [
                361.5191650390625,
                275.7918701171875
            ],
            "bounding_box": {
                "top_left": [
                    274.41387939453127,
                    207.099609375
                ],
                "bottom_right": [
                    445.53485107421877,
                    350.3834228515625
                ]
            },
            "cuboid": [
                [ -2.802389, 5.476065, 73.41643 ],
                [ -2.302369, -2.218796, 80.5404 ],
                [ -2.303455, -1.211453, 81.62854 ],
                [ -2.803478, 6.483405, 74.50458 ],
                [ 7.682098, 5.848143, 73.08244 ],
                [ 8.182116, -1.846716, 80.20641 ],
                [ 8.181027, -0.8393739, 81.29455 ],
                [ 7.681008, 6.855482, 74.17058 ]
            ],
            "projected_cuboid": [
                [ 274.4139, 329.0785 ],
                [ 285.8604, 207.0996 ],
                [ 286.2996, 222.276 ],
                [ 275.0622, 343.9244 ],
                [ 445.5349, 335.5658 ],
                [ 441.83, 212.5028 ],
                [ 440.1833, 227.6692 ],
                [ 443.6756, 350.3834 ]
            ]
        },
        {
            "class": "teacup",
            "visibility": 0.0,
            "location": [
                -9.987608909606934,
                30.171051025390626,
                46.454124450683597
            ],
            "quaternion_xyzw": [
                -0.374644011259079,
                0.18411311507225038,
                -0.681662380695343,
                -0.600899875164032
            ],
            "pose_transform_permuted": [
                [ 0.002877533, -0.9571754, 0.2894943, 0 ],
                [ 0.6812679, -0.2100435, -0.7012531, 0 ],
                [ 0.7320285, 0.1992411, 0.6514884, 0 ],
                [ -9.987609, 30.17105, 46.45412, 1 ]
            ],
            "cuboid_centroid": [
                -9.987608909606934,
                30.171051025390626,
                46.454124450683597
            ],
            "projected_cuboid_centroid": [
                63.235626220703128,
                1015.646240234375
            ],
            "bounding_box": {
                "top_left": [
                    -61.79176330566406,
                    877.6719970703125
                ],
                "bottom_right": [
                    165.3565216064453,
                    1150.319580078125
                ]
            },
            "cuboid": [
                [ -13.3533, 28.94092, 41.76952 ],
                [ -13.32868, 34.76847, 48.03128 ],
                [ -8.453655, 35.83825, 47.01653 ],
                [ -8.478268, 30.0107, 40.75476 ],
                [ -11.52156, 24.50384, 45.89173 ],
                [ -11.49695, 30.3314, 52.15349 ],
                [ -6.621922, 31.40118, 51.13873 ],
                [ -6.646533, 25.57363, 44.87697 ]
            ],
            "projected_cuboid": [
                [ -61.79176, 1067.467 ],
                [ -11.40617, 1104.488 ],
                [ 105.2706, 1150.32 ],
                [ 71.55727, 1119.418 ],
                [ 20.1704, 877.672 ],
                [ 56.73275, 934.555 ],
                [ 165.3565, 973.3202 ],
                [ 143.1239, 920.5599 ]
            ]
        },
        {
            "class": "wine_glass",
            "visibility": 0.22732998430728913,
            "location": [
                15.620514869689942,
                -10.702713012695313,
                85.11241912841797
            ],
            "quaternion_xyzw": [
                0.687306821346283,
                -0.626853346824646,
                0.24729567766189576,
                0.2711256742477417
            ],
            "pose_transform_permuted": [
                [ 0.09179948, -0.9957776, 2.393126E-05, 0 ],
                [ -0.7275847, -0.06709167, -0.6827293, 0 ],
                [ 0.6798481, 0.06265682, -0.7306716, 0 ],
                [ 15.62051, -10.70271, 85.11242, 1 ]
            ],
            "cuboid_centroid": [
                15.620514869689942,
                -10.702713012695313,
                85.11241912841797
            ],
            "projected_cuboid_centroid": [
                539.1795043945313,
                89.82470703125
            ],
            "bounding_box": {
                "top_left": [
                    424.95416259765627,
                    5.07275390625
                ],
                "bottom_right": [
                    667.0948486328125,
                    175.1517333984375
                ]
            },
            "cuboid": [
                [ 7.539944, -5.645906, 85.79581 ],
                [ 8.266339, -11.4032, 91.17537 ],
                [ 23.7009, -10.36328, 90.2042 ],
                [ 22.9745, -4.605988, 84.82464 ],
                [ 7.540132, -11.04214, 80.02064 ],
                [ 8.266533, -16.79944, 85.4002 ],
                [ 23.70108, -15.75952, 84.42902 ],
                [ 22.97469, -10.00224, 79.04947 ]
            ],
            "projected_cuboid": [
                [ 424.9542, 161.4104 ],
                [ 428.2762, 90.63574 ],
                [ 633.7875, 102.7957 ],
                [ 643.4607, 175.1517 ],
                [ 432.5316, 75.20313 ],
                [ 435.6011, 5.072754 ],
                [ 655.254, 17.08008 ],
                [ 667.0948, 88.88916 ]
            ]
        }
    ]
}