{
    "camera_data": {
        "location_worldframe": [
            -69.1846923828125,
            72.75028228759766,
            -29.414600372314454
        ],
        "quaternion_xyzw_worldframe": [
            0.30386489629745486,
            0.5527545809745789,
            -0.22629161179065705,
            0.7422402501106262
        ]
    },
    "objects": [
        {
            "class": "teacup",
            "visibility": 1.0,
            "location": [
                4.0307745933532719,
                -0.4315895438194275,
                99.10297393798828
            ],
            "quaternion_xyzw": [
                0.3086724877357483,
                0.23183447122573853,
                0.5547490119934082,
                -0.7370397448539734
            ],
            "pose_transform_permuted": [
                [ 0.2770126, 0.960866, 0.000729084, 0 ],
                [ -0.6746223, 0.1939497, 0.7122277, 0 ],
                [ 0.6842139, -0.1977879, 0.7019482, 0 ],
                [ 4.030775, -0.4315895, 99.10297, 1 ]
            ],
            "cuboid_centroid": [
                4.0307745933532719,
                -0.4315895438194275,
                99.10297393798828
            ],
            "projected_cuboid_centroid": [
                368.573486328125,
                234.799072265625
            ],
            "bounding_box": {
                "top_left": [
                    324.8468322753906,
                    167.804443359375
                ],
                "bottom_right": [
                    412.12225341796877,
                    303.4488525390625
                ]
            },
            "cuboid": [
                [ 5.2906, 0.6944143, 93.45218 ],
                [ 7.660161, -5.076298, 99.30492 ],
                [ 2.766337, -6.064111, 100.3123 ],
                [ 0.3967748, -0.2933992, 94.45954 ],
                [ 5.295212, 5.200927, 97.89365 ],
                [ 7.664771, -0.5697737, 103.7464 ],
                [ 2.770946, -1.557589, 104.7538 ],
                [ 0.4013857, 4.213116, 98.90101 ]
            ],
            "projected_cuboid": [
                [ 387.6103, 248.8741 ],
                [ 412.1223, 178.9517 ],
                [ 352.9343, 167.8044 ],
                [ 325.0164, 236.2905 ],
                [ 384.5991, 303.4489 ],
                [ 408.2315, 233.4412 ],
                [ 351.5905, 222.2426 ],
                [ 324.8468, 290.8745 ]
            ]
        },
        {
            "class": "wine_glass",
            "visibility": 0.3719806671142578,
            "location": [
                -3.0878241062164308,
                -27.52277946472168,
                125.51708221435547
            ],
            "quaternion_xyzw": [
                -0.5987474322319031,
                -0.16314959526062013,
                -0.6881948709487915,
                -0.3758610188961029
            ],
            "pose_transform_permuted": [
                [ -0.0004599579, -0.3219604, 0.946753, 0 ],
                [ 0.712702, -0.6642213, -0.2255342, 0 ],
                [ 0.7014667, 0.6746491, 0.2297675, 0 ],
                [ -3.087824, -27.52278, 125.5171, 1 ]
            ],
            "cuboid_centroid": [
                -3.0878241062164308,
                -27.52277946472168,
                125.51708221435547
            ],
            "projected_cuboid_centroid": [
                290.62030029296877,
                -21.8707275390625
            ],
            "bounding_box": {
                "top_left": [
                    232.3758087158203,
                    -97.131103515625
                ],
                "bottom_right": [
                    351.7744140625,
                    57.531494140625
                ]
            },
            "cuboid": [
                [ -9.32273, -34.59895, 127.0623 ],
                [ -9.326367, -28.95942, 132.6129 ],
                [ -4.335981, -18.664, 122.1558 ],
                [ -4.33234, -24.30352, 116.6052 ],
                [ -1.839669, -36.38155, 128.8783 ],
                [ -1.843306, -30.74204, 134.429 ],
                [ 3.147079, -20.4466, 123.9719 ],
                [ 3.150719, -26.08613, 118.4213 ]
            ],
            "projected_cuboid": [
                [ 232.3758, -85.19495 ],
                [ 236.0106, -20.79651 ],
                [ 277.6093, 57.53149 ],
                [ 275.6287, -8.913696 ],
                [ 302.9526, -97.1311 ],
                [ 303.6242, -33.10986 ],
                [ 350.3167, 43.0321 ],
                [ 351.7744, -23.07373 ]
            ]
        }
    ]
}