{
    "camera_data": {
        "location_worldframe": [
            9.271383285522461,
            124.61742401123047,
            42.423465728759769
        ],
        "quaternion_xyzw_worldframe": [
            0.33133643865585329,
            -0.6662532687187195,
            0.4364294707775116,
            0.5058183073997498
        ]
    },
    "objects": [
        {
            "class": "big_spoon",
            "visibility": 1.0,
            "location": [
                -3.5494589805603029,
                1.4547038078308106,
                133.04672241210938
            ],
            "quaternion_xyzw": [
                -0.0022179693914949896,
                0.5457282066345215,
                -0.8379558324813843,
                0.0024237637408077718
            ],
            "pose_transform_permuted": [
                [ -0.9999785, 0.001641197, 0.006362553, 0 ],
                [ -0.00648283, -0.4043497, -0.9145815, 0 ],
                [ 0.001071688, -0.914603, 0.4043516, 0 ],
                [ -3.549459, 1.454704, 133.0467, 1 ]
            ],
            "cuboid_centroid": [
                -3.5494589805603029,
                1.4547038078308106,
                133.04672241210938
            ],
            "projected_cuboid_centroid": [
                288.1392822265625,
                253.0577392578125
            ],
            "bounding_box": {
                "top_left": [
                    219.69375610351563,
                    238.5743408203125
                ],
                "bottom_right": [
                    355.5953674316406,
                    267.2965087890625
                ]
            },
            "cuboid": [
                [ 3.907906, 1.711118, 131.1137 ],
                [ -11.01366, 1.614381, 131.1297 ],
                [ -11.01916, 2.970157, 134.1964 ],
                [ 3.902406, 3.066892, 134.1804 ],
                [ 3.920237, -0.06073444, 131.8971 ],
                [ -11.00133, -0.1574717, 131.9131 ],
                [ -11.00683, 1.198287, 134.9797 ],
                [ 3.91473, 1.29503, 134.9637 ]
            ],
            "projected_cuboid": [
                [ 355.5954, 255.5858 ],
                [ 219.6938, 254.7029 ],
                [ 221.937, 266.4324 ],
                [ 354.7329, 267.2965 ],
                [ 355.4956, 239.4501 ],
                [ 220.401, 238.5743 ],
                [ 222.6151, 250.6021 ],
                [ 354.6404, 251.4594 ]
            ]
        },
        {
            "class": "big_spoon",
            "visibility": 0.0,
            "location": [
                -47.28168487548828,
                31.897375106811525,
                119.79440307617188
            ],
            "quaternion_xyzw": [
                -0.009850846603512764,
                0.8329687118530273,
                0.5531162023544312,
                -0.011339621618390084
            ],
            "pose_transform_permuted": [
                [ -0.9995488, -0.003866638, -0.02978843, 0 ],
                [ -0.02895515, 0.3879309, 0.9212336, 0 ],
                [ 0.007993774, 0.9216804, -0.3878678, 0 ],
                [ -47.28168, 31.89738, 119.7944, 1 ]
            ],
            "cuboid_centroid": [
                -47.28168487548828,
                31.897375106811525,
                119.79440307617188
            ],
            "projected_cuboid_centroid": [
                -151.36131286621095,
                557.9918212890625
            ],
            "bounding_box": {
                "top_left": [
                    -234.546630859375,
                    543.2678833007813
                ],
                "bottom_right": [
                    -70.721435546875,
                    572.4454345703125
                ]
            },
            "cuboid": [
                [ -39.80173, 31.8714, 121.6557 ],
                [ -54.71689, 31.43933, 121.7749 ],
                [ -54.70392, 30.13861, 118.6846 ],
                [ -39.78877, 30.57068, 118.5653 ],
                [ -39.85944, 33.65614, 120.9042 ],
                [ -54.7746, 33.22407, 121.0235 ],
                [ -54.76164, 31.92336, 117.9332 ],
                [ -39.84647, 32.35542, 117.8139 ]
            ],
            "projected_cuboid": [
                [ -70.72144, 552.8718 ],
                [ -216.6128, 548.3279 ],
                [ -230.4548, 543.2679 ],
                [ -80.77484, 547.925 ],
                [ -73.71983, 572.4454 ],
                [ -220.5141, 567.8541 ],
                [ -234.5466, 563.2736 ],
                [ -83.91598, 567.9806 ]
            ]
        },
        {
            "class": "teacup",
            "visibility": 0.0,
            "location": [
                -44.04091262817383,
                46.846046447753909,
                112.31155395507813
            ],
            "quaternion_xyzw": [
                0.5482109785079956,
                -0.021917134523391725,
                -0.014724645763635636,
                0.8359231352806091
            ],
            "pose_transform_permuted": [
                [ 0.9986057, 0.0005869158, -0.0527865, 0 ],
                [ -0.04864777, 0.3984958, -0.915879, 0 ],
                [ 0.02049765, 0.9171699, 0.3979687, 0 ],
                [ -44.04091, 46.84605, 112.3116, 1 ]
            ],
            "cuboid_centroid": [
                -44.04091262817383,
                46.846046447753909,
                112.31155395507813
            ],
            "projected_cuboid_centroid": [
                -148.30563354492188,
                738.1338500976563
            ],
            "bounding_box": {
                "top_left": [
                    -209.31602478027345,
                    698.355712890625
                ],
                "bottom_right": [
                    -91.16889953613281,
                    778.0059204101563
                ]
            },
            "cuboid": [
                [ -48.14345, 50.96646, 113.3005 ],
                [ -39.60139, 50.55033, 113.4758 ],
                [ -39.60437, 48.52073, 108.8045 ],
                [ -48.14643, 48.93686, 108.6292 ],
                [ -48.47745, 45.17137, 115.8186 ],
                [ -39.93539, 44.75523, 115.9939 ],
                [ -39.93838, 42.72564, 111.3226 ],
                [ -48.48043, 43.14177, 111.1473 ]
            ],
            "projected_cuboid": [
                [ -187.4614, 777.2177 ],
                [ -96.77788, 772.0081 ],
                [ -114.7041, 772.5715 ],
                [ -209.316, 778.0059 ],
                [ -179.8723, 705.7819 ],
                [ -91.1689, 700.7933 ],
                [ -108.4543, 698.3557 ],
                [ -200.9129, 703.55 ]
            ]
        }
    ]
}