{
    "camera_data": {
        "location_worldframe": [
            26.228853225708009,
            35.881134033203128,
            24.60558319091797
        ],
        "quaternion_xyzw_worldframe": [
            0.0082002654671669,
            0.9204320311546326,
            -0.3903380334377289,
            0.019336538389325143
        ]
    },
    "objects": [
        {
            "class": "water_glass",
            "visibility": 1.0,
            "location": [
                -1.3688554763793946,
                -0.3786371946334839,
                46.94213104248047
            ],
            "quaternion_xyzw": [
                -0.22346550226211549,
                0.3009970784187317,
                0.7450722455978394,
                0.5516623258590698
            ],
            "pose_transform_permuted": [
                [ -0.2914637, -0.9565815, -0.000898391, 0 ],
                [ 0.6875317, -0.2101389, 0.6950841, 0 ],
                [ -0.6650934, 0.2019741, 0.7189279, 0 ],
                [ -1.368855, -0.3786372, 46.94213, 1 ]
            ],
            "cuboid_centroid": [
                -1.3688554763793946,
                -0.3786371946334839,
                46.94213104248047
            ],
            "projected_cuboid_centroid": [
                285.1748962402344,
                230.3670654296875
            ],
            "bounding_box": {
                "top_left": [
                    203.9630126953125,
                    147.448974609375
                ],
                "bottom_right": [
                    361.426513671875,
                    314.6986083984375
                ]
            },
            "cuboid": [
                [ -3.175841, -3.668606, 47.33881 ],
                [ -4.341186, -0.9196925, 44.67962 ],
                [ 0.4417203, 0.131, 43.66974 ],
                [ 1.607064, -2.617912, 46.32895 ],
                [ -3.179432, -0.8882769, 50.21452 ],
                [ -4.344776, 1.860643, 47.55532 ],
                [ 0.4381292, 2.911335, 46.54545 ],
                [ 1.603473, 0.1624201, 49.20465 ]
            ],
            "projected_cuboid": [
                [ 239.8804, 147.449 ],
                [ 203.963, 215.4172 ],
                [ 332.0799, 243.5825 ],
                [ 361.4265, 172.5161 ],
                [ 244.3833, 218.874 ],
                [ 210.8897, 286.7263 ],
                [ 331.2415, 314.6986 ],
                [ 358.9182, 243.9421 ]
            ]
        }
    ]
}