{
    "camera_data": {
        "location_worldframe": [
            -63.0811882019043,
            211.72027587890626,
            20.980283737182618
        ],
        "quaternion_xyzw_worldframe": [
            0.32086804509162905,
            0.6748453974723816,
            -0.4213806092739105,
            0.5138733983039856
        ]
    },
    "objects": [
        {
            "class": "mug",
            "visibility": 1.0,
            "location": [
                -0.9491115212440491,
                -2.0577423572540285,
                230.02828979492188
            ],
            "quaternion_xyzw": [
                0.7017908096313477,
                0.3858366012573242,
                0.5925594568252564,
                -0.08656236529350281
            ],
            "pose_transform_permuted": [
                [ 6.824732E-06, 0.6441398, 0.7649077, 0 ],
                [ 0.4389665, -0.6872741, 0.5787596, 0 ],
                [ 0.8985034, 0.3357649, -0.2827605, 0 ],
                [ -0.9491115, -2.057742, 230.0283, 1 ]
            ],
            "cuboid_centroid": [
                -0.9491115212440491,
                -2.0577423572540285,
                230.02828979492188
            ],
            "projected_cuboid_centroid": [
                315.0724182128906,
                229.316650390625
            ],
            "bounding_box": {
                "top_left": [
                    285.8890380859375,
                    190.73193359375
                ],
                "bottom_right": [
                    344.0042724609375,
                    267.04248046875
                ]
            },
            "cuboid": [
                [ -1.593253, -9.382808, 227.4389 ],
                [ -1.593175, -4.517271, 237.398 ],
                [ -6.424222, 0.6372719, 234.8797 ],
                [ -6.4243, -4.228255, 224.9207 ],
                [ 4.526004, -4.752735, 225.1768 ],
                [ 4.526079, 0.1127931, 235.1359 ],
                [ -0.304961, 5.267343, 232.6176 ],
                [ -0.3050373, 0.401809, 222.6586 ]
            ],
            "projected_cuboid": [
                [ 311.634, 190.7319 ],
                [ 311.9854, 217.2754 ],
                [ 287.3358, 243.2402 ],
                [ 285.889, 217.5493 ],
                [ 344.0043, 214.7932 ],
                [ 342.988, 240.5729 ],
                [ 318.4343, 267.0425 ],
                [ 318.3639, 242.1552 ]
            ]
        },
        {
            "class": "big_fork",
            "visibility": 1.0,
            "location": [
                11.532266616821289,
                52.24351501464844,
                208.9092254638672
            ],
            "quaternion_xyzw": [
                -0.22491782903671266,
                0.04118743911385536,
                0.18103431165218354,
                0.9565260410308838
            ],
            "pose_transform_permuted": [
                [ 0.9310604, -0.3648556, -0.002641968, 0 ],
                [ 0.3278005, 0.8332771, 0.4451922, 0 ],
                [ -0.1602294, -0.4153668, 0.8954311, 0 ],
                [ 11.53227, 52.24352, 208.9092, 1 ]
            ],
            "cuboid_centroid": [
                11.532266616821289,
                52.24351501464844,
                208.9092254638672
            ],
            "projected_cuboid_centroid": [
                385.9256591796875,
                538.65673828125
            ],
            "bounding_box": {
                "top_left": [
                    364.6886901855469,
                    496.2789306640625
                ],
                "bottom_right": [
                    406.69293212890627,
                    582.1505126953125
                ]
            },
            "cuboid": [
                [ 7.733135, 57.75312, 205.4727 ],
                [ 9.931437, 58.5271, 205.0944 ],
                [ 15.33465, 46.18696, 211.2457 ],
                [ 13.13634, 45.413, 211.624 ],
                [ 7.729888, 58.30008, 206.5728 ],
                [ 9.9282, 59.07405, 206.1945 ],
                [ 15.33141, 46.73392, 212.3457 ],
                [ 13.1331, 45.95994, 212.7241 ]
            ],
            "projected_cuboid": [
                [ 364.9468, 575.6749 ],
                [ 377.8304, 580.8009 ],
                [ 406.6929, 501.1134 ],
                [ 394.1322, 496.2789 ],
                [ 364.6887, 577.0494 ],
                [ 377.5031, 582.1505 ],
                [ 406.2256, 502.8368 ],
                [ 393.7307, 498.0242 ]
            ]
        },
        {
            "class": "big_plates",
            "visibility": 1.0,
            "location": [
                6.08899450302124,
                45.12525939941406,
                211.60537719726563
            ],
            "quaternion_xyzw": [
                -0.49365001916885378,
                -0.27952176332473757,
                -0.13356442749500276,
                -0.8126116991043091
            ],
            "pose_transform_permuted": [
                [ 0.8080562, 0.05889982, 0.5861535, 0 ],
                [ 0.4930439, 0.4769404, -0.7276232, 0 ],
                [ -0.3224171, 0.8769599, 0.3563545, 0 ],
                [ 6.088995, 45.12526, 211.6054, 1 ]
            ],
            "cuboid_centroid": [
                6.08899450302124,
                45.12525939941406,
                211.60537719726563
            ],
            "projected_cuboid_centroid": [
                354.364990234375,
                494.677490234375
            ],
            "bounding_box": {
                "top_left": [
                    285.13873291015627,
                    427.728271484375
                ],
                "bottom_right": [
                    423.1134338378906,
                    565.058349609375
                ]
            },
            "cuboid": [
                [ -6.061968, 47.53402, 211.9562 ],
                [ 8.069563, 56.15653, 206.3177 ],
                [ 7.982294, 55.44989, 205.0184 ],
                [ -6.149236, 46.82739, 210.6569 ],
                [ 4.1957, 34.80064, 218.1924 ],
                [ 18.32723, 43.42314, 212.5539 ],
                [ 18.23996, 42.71649, 211.2546 ],
                [ 4.108432, 34.09399, 216.8931 ]
            ],
            "projected_cuboid": [
                [ 285.8441, 507.828 ],
                [ 366.7101, 565.0583 ],
                [ 366.4978, 563.0022 ],
                [ 285.1387, 505.4739 ],
                [ 342.9648, 430.4781 ],
                [ 422.9735, 483.9775 ],
                [ 423.1134, 481.4832 ],
                [ 342.6218, 427.7283 ]
            ]
        },
        {
            "class": "big_fork",
            "visibility": 1.0,
            "location": [
                21.70435905456543,
                37.90972900390625,
                215.98658752441407
            ],
            "quaternion_xyzw": [
                0.8384421467781067,
                0.4962420165538788,
                -0.11476438492536545,
                0.19387561082839967
            ],
            "pose_transform_permuted": [
                [ 0.481146, 0.8766405, -2.814829E-05, 0 ],
                [ 0.7876404, -0.4323122, -0.4390088, 0 ],
                [ -0.384865, 0.2112052, -0.8984827, 0 ],
                [ 21.70436, 37.90973, 215.9866, 1 ]
            ],
            "cuboid_centroid": [
                21.70435905456543,
                37.90972900390625,
                215.98658752441407
            ],
            "projected_cuboid_centroid": [
                440.01007080078127,
                449.61456298828127
            ],
            "bounding_box": {
                "top_left": [
                    401.18743896484377,
                    424.0328369140625
                ],
                "bottom_right": [
                    478.63275146484377,
                    475.54595947265627
                ]
            },