{
    "camera_data": {
        "location_worldframe": [
            27.884849548339845,
            195.99066162109376,
            36.984004974365237
        ],
        "quaternion_xyzw_worldframe": [
            0.029717085883021356,
            0.8274229168891907,
            -0.5590652227401733,
            0.04398162662982941
        ]
    },
    "objects": [
        {
            "class": "big_spoon",
            "visibility": 1.0,
            "location": [
                1.4828308820724488,
                1.6744087934494019,
                208.34481811523438
            ],
            "quaternion_xyzw": [
                -0.7988494038581848,
                -0.14421114325523377,
                0.21623648703098298,
                0.5424799919128418
            ],
            "pose_transform_permuted": [
                [ 0.8648899, -0.004201964, -0.5019441, 0 ],
                [ 0.4650139, -0.3698371, 0.8043522, 0 ],
                [ -0.1890174, -0.9290871, -0.3179144, 0 ],
                [ 1.482831, 1.674409, 208.3448, 1 ]
            ],
            "cuboid_centroid": [
                1.4828308820724488,
                1.6744087934494019,
                208.34481811523438
            ],
            "projected_cuboid_centroid": [
                328.499755859375,
                249.597900390625
            ],
            "bounding_box": {
                "top_left": [
                    288.6150207519531,
                    221.7044677734375
                ],
                "bottom_right": [
                    368.8589172363281,
                    277.5343017578125
                ]
            },
            "cuboid": [
                [ -4.490891, -3.194219, 208.5054 ],
                [ 8.414895, 3.744665, 205.6849 ],
                [ 8.428988, 4.98471, 208.8001 ],
                [ -4.476804, -1.954159, 211.6206 ],
                [ -5.463325, -1.635903, 207.8895 ],
                [ 7.442455, 5.302972, 205.069 ],
                [ 7.45655, 6.543025, 208.1842 ],
                [ -5.449242, -0.3958776, 211.0047 ]
            ],
            "projected_cuboid": [
                [ 294.2775, 221.7045 ],
                [ 368.8589, 261.7424 ],
                [ 368.2106, 268.5106 ],
                [ 294.7357, 228.9719 ],
                [ 288.615, 230.6023 ],
                [ 363.3425, 270.8828 ],
                [ 362.7748, 277.5343 ],
                [ 289.1581, 237.7594 ]
            ]
        },
        {
            "class": "water_glass",
            "visibility": 0.0,
            "location": [
                64.51851654052735,
                67.0378646850586,
                181.1603240966797
            ],
            "quaternion_xyzw": [
                0.6558844447135925,
                -0.34211400151252749,
                0.5063389539718628,
                -0.44316422939300539
            ],
            "pose_transform_permuted": [
                [ 0.2531578, 8.106232E-06, 0.9674251, 0 ],
                [ -0.8975571, -0.373127, 0.2348778, 0 ],
                [ 0.3609743, -0.9277803, -0.09445277, 0 ],
                [ 64.51852, 67.03786, 181.1603, 1 ]
            ],
            "cuboid_centroid": [
                64.51851654052735,
                67.0378646850586,
                181.1603240966797
            ],
            "projected_cuboid_centroid": [
                745.3229370117188,
                681.93115234375
            ],
            "bounding_box": {
                "top_left": [
                    725.2347412109375,
                    664.1551513671875
                ],
                "bottom_right": [
                    765.811279296875,
                    699.432861328125
                ]
            },
            "cuboid": [
                [ 62.07759, 67.42961, 178.3081 ],
                [ 63.08978, 63.84097, 179.7514 ],
                [ 63.08974, 65.7066, 184.3903 ],
                [ 62.07755, 69.29525, 182.947 ],
                [ 65.9473, 68.36913, 177.9303 ],
                [ 66.95947, 64.78048, 179.3736 ],
                [ 66.95944, 66.64612, 184.0125 ],
                [ 65.94725, 70.23476, 182.5692 ]
            ],
            "projected_cuboid": [
                [ 735.7777, 691.624 ],
                [ 739.1643, 664.1552 ],
                [ 728.6187, 665.5676 ],
                [ 725.2347, 692.3511 ],
                [ 762.6337, 698.889 ],
                [ 765.8113, 671.3037 ],
                [ 754.5723, 672.5388 ],
                [ 751.3866, 699.4329 ]
            ]
        },
        {
            "class": "big_plates",
            "visibility": 0.04763096570968628,
            "location": [
                16.04353904724121,
                71.60391235351563,
                181.2242431640625
            ],
            "quaternion_xyzw": [
                -0.12443304061889649,
                0.807762086391449,
                0.5461671948432922,
                -0.18367981910705567
            ],
            "pose_transform_permuted": [
                [ -0.9015564, -0.0003848076, -0.4326617, 0 ],
                [ -0.4016644, 0.3724356, 0.8366346, 0 ],
                [ 0.1608167, 0.928058, -0.3359264, 0 ],
                [ 16.04354, 71.60391, 181.2242, 1 ]
            ],
            "cuboid_centroid": [
                16.04353904724121,
                71.60391235351563,
                181.2242431640625
            ],
            "projected_cuboid_centroid": [
                425.72589111328127,
                711.865234375
            ],
            "bounding_box": {
                "top_left": [
                    348.9603271484375,
                    630.7720336914063
                ],
                "bottom_right": [
                    501.77838134765627,
                    796.9007568359375
                ]
            },
            "cuboid": [
                [ 27.71239, 68.0715, 183.4449 ],
                [ 11.9457, 61.04706, 186.2573 ],
                [ 11.94627, 60.49525, 184.8823 ],
                [ 27.71295, 67.51967, 182.0699 ],
                [ 20.14081, 82.71257, 177.5662 ],
                [ 4.374125, 75.68813, 180.3786 ],
                [ 4.374699, 75.13634, 179.0036 ],
                [ 20.14138, 82.16075, 176.1912 ]
            ],
            "projected_cuboid": [
                [ 500.4121, 683.1565 ],
                [ 396.5942, 631.4254 ],
                [ 397.1675, 630.772 ],
                [ 501.7784, 682.8837 ],
                [ 455.461, 796.2996 ],
                [ 348.9603, 741.1183 ],
                [ 349.1866, 741.2863 ],
                [ 456.522, 796.9008 ]
            ]
        },
        {
            "class": "bowl",
            "visibility": 0.0,
            "location": [
                20.58376693725586,
                67.89353942871094,
                175.2441864013672
            ],
            "quaternion_xyzw": [
                -0.6735838651657105,
                -0.7140731811523438,
                0.13868935406208039,
                -0.1309560239315033
            ],
            "pose_transform_permuted": [
                [ -0.0582705, 0.9983008, 0.0001865476, 0 ],
                [ 0.9256519, 0.05410006, -0.3744884, 0 ],
                [ -0.3738622, -0.02164896, -0.9272315, 0 ],
                [ 20.58377, 67.89354, 175.2442, 1 ]
            ],
            "cuboid_centroid": [
                20.58376693725586,
                67.89353942871094,
                175.2441864013672
            ],
            "projected_cuboid_centroid": [
                460.2745056152344,
                702.6817626953125
            ],
            "bounding_box": {
                "top_left": [
                    440.911865234375,
                    654.6093139648438
                ],
                "bottom_right": [
                    480.4269714355469,
                    750.76220703125
                ]
            },