{
    "camera_data": {
        "location_worldframe": [
            -50.87180709838867,
            238.57688903808595,
            -52.53905487060547
        ],
        "quaternion_xyzw_worldframe": [
            0.43707889318466189,
            0.5257196426391602,
            -0.36292168498039248,
            0.6331420540809631
        ]
    },
    "objects": [
        {
            "class": "big_spoon",
            "visibility": 1.0,
            "location": [
                2.312199354171753,
                3.0481762886047365,
                251.78036499023438
            ],
            "quaternion_xyzw": [
                0.38209718465805056,
                0.5008440017700195,
                -0.7302995324134827,
                -0.2642340064048767
            ],
            "pose_transform_permuted": [
                [ -0.5683643, -0.003197789, -0.8227708, 0 ],
                [ 0.7686821, -0.3586713, -0.5296061, 0 ],
                [ -0.2934108, -0.9334584, 0.2063141, 0 ],
                [ 2.312199, 3.048176, 251.7804, 1 ]
            ],
            "cuboid_centroid": [
                2.312199354171753,
                3.0481762886047365,
                251.78036499023438
            ],
            "projected_cuboid_centroid": [
                330.96734619140627,
                254.458251953125
            ],
            "bounding_box": {
                "top_left": [
                    306.8622131347656,
                    222.028564453125
                ],
                "bottom_right": [
                    354.77752685546877,
                    287.100830078125
                ]
            },
            "cuboid": [
                [ 7.344368, -2.775212, 252.2047 ],
                [ -1.136694, 8.694974, 247.8265 ],
                [ -1.125975, 9.897583, 250.9563 ],
                [ 7.355085, -1.572613, 255.3346 ],
                [ 5.750375, -3.801246, 252.6044 ],
                [ -2.730687, 7.668933, 248.2262 ],
                [ -2.719965, 8.871554, 251.356 ],
                [ 5.761103, -2.59863, 255.7343 ]
            ],
            "projected_cuboid": [
                [ 354.7775, 226.8586 ],
                [ 314.5224, 281.9004 ],
                [ 314.6417, 287.1008 ],
                [ 354.4014, 232.6445 ],
                [ 347.1865, 222.0286 ],
                [ 306.8622, 276.8965 ],
                [ 307.0768, 282.151 ],
                [ 346.9038, 227.8646 ]
            ]
        },
        {
            "class": "water_glass",
            "visibility": 0.0,
            "location": [
                -73.20811462402344,
                56.312015533447269,
                230.69662475585938
            ],
            "quaternion_xyzw": [
                -0.8114596605300903,
                -0.09460203349590302,
                0.13703706860542298,
                0.5601824522018433
            ],
            "pose_transform_permuted": [
                [ 0.9445426, -5.960464E-08, -0.3283889, 0 ],
                [ 0.307063, -0.3544918, 0.883203, 0 ],
                [ -0.1164113, -0.9350589, -0.3348326, 0 ],
                [ -73.20811, 56.31202, 230.6966, 1 ]
            ],
            "cuboid_centroid": [
                -73.20811462402344,
                56.312015533447269,
                230.69662475585938
            ],
            "projected_cuboid_centroid": [
                -58.97930145263672,
                531.5126342773438
            ],
            "bounding_box": {
                "top_left": [
                    -76.9281005859375,
                    516.3219604492188
                ],
                "bottom_right": [
                    -41.45702362060547,
                    546.5154418945313
                ]
            },
            "cuboid": [
                [ -74.43958, 53.04552, 229.2614 ],
                [ -70.66308, 54.27324, 228.7959 ],
                [ -70.66308, 56.0457, 233.4713 ],
                [ -74.43959, 54.81799, 233.9367 ],
                [ -75.75314, 56.57833, 227.922 ],
                [ -71.97665, 57.80605, 227.4566 ],
                [ -71.97664, 59.57851, 232.1319 ],
                [ -75.75314, 58.3508, 232.5973 ]
            ],
            "projected_cuboid": [
                [ -67.76672, 516.322 ],
                [ -48.84319, 523.2924 ],
                [ -41.45702, 526.686 ],
                [ -60.01717, 519.8481 ],
                [ -76.9281, 536.4568 ],
                [ -57.91187, 543.5095 ],
                [ -50.30045, 546.5154 ],
                [ -68.9497, 539.5985 ]
            ]
        },
        {
            "class": "big_plates",
            "visibility": 0.22739121317863465,
            "location": [
                -73.59866333007813,
                11.440849304199219,
                249.59373474121095
            ],
            "quaternion_xyzw": [
                0.4923108220100403,
                -0.410349041223526,
                -0.2837824821472168,
                0.7132399678230286
            ],
            "pose_transform_permuted": [
                [ 0.5021623, 0.0007714629, -0.864773, 0 ],
                [ -0.8088486, 0.3541951, -0.4693718, 0 ],
                [ 0.3059363, 0.9351712, 0.1784874, 0 ],
                [ -73.59866, 11.44085, 249.5937, 1 ]
            ],
            "cuboid_centroid": [
                -73.59866333007813,
                11.440849304199219,
                249.59373474121095
            ],
            "projected_cuboid_centroid": [
                -32.15492248535156,
                294.7421875
            ],
            "bounding_box": {
                "top_left": [
                    -92.35702514648438,
                    239.994140625
                ],
                "bottom_right": [
                    27.182159423828126,
                    351.0673828125
                ]
            },
            "cuboid": [
                [ -70.42232, 22.88293, 246.0496 ],
                [ -61.64035, 8.737551, 251.3999 ],
                [ -61.64149, 8.21274, 250.0143 ],
                [ -70.42345, 22.35814, 244.664 ],
                [ -85.55582, 14.66893, 249.1731 ],
                [ -76.77386, 0.5235463, 254.5234 ],
                [ -76.775, -0.001243182, 253.1378 ],
                [ -85.55696, 14.14416, 247.7876 ]
            ],
            "projected_cuboid": [
                [ -21.81034, 351.0674 ],
                [ 27.18216, 281.5071 ],
                [ 25.55395, 279.2302 ],
                [ -23.7516, 349.1348 ],
                [ -90.05856, 310.3064 ],
                [ -40.2327, 242.4565 ],
                [ -42.20985, 239.9941 ],
                [ -92.35703, 308.1703 ]
            ]
        },
        {
            "class": "bowl",
            "visibility": 0.006509301718324423,
            "location": [
                -72.748046875,
                13.304437637329102,
                241.47305297851563
            ],
            "quaternion_xyzw": [
                -0.06743776798248291,
                0.9813424944877625,
                -0.17967836558818818,
                -0.011609095148742199
            ],
            "pose_transform_permuted": [
                [ -0.9906348, -0.1365309, 0.00144922, 0 ],
                [ -0.1281873, 0.9263357, -0.3542178, 0 ],
                [ 0.04701921, -0.3510863, -0.9351619, 0 ],
                [ -72.74805, 13.30444, 241.4731, 1 ]
            ],
            "cuboid_centroid": [
                -72.748046875,
                13.304437637329102,
                241.47305297851563
            ],
            "projected_cuboid_centroid": [
                -39.790916442871097,
                305.7999267578125
            ],
            "bounding_box": {
                "top_left": [
                    -82.27977752685547,
                    281.9942626953125
                ],
                "bottom_right": [
                    0.539093017578125,
                    328.67724609375
                ]
            },