{
    "camera_data": {
        "location_worldframe": [
            19.60441780090332,
            196.34811401367188,
            9.871726989746094
        ],
        "quaternion_xyzw_worldframe": [
            -0.1632535308599472,
            0.7677481174468994,
            -0.5808122754096985,
            -0.2157970666885376
        ]
    },
    "objects": [
        {
            "class": "wine_glass",
            "visibility": 1.0,
            "location": [
                -2.2715368270874025,
                0.3478410243988037,
                199.42832946777345
            ],
            "quaternion_xyzw": [
                0.0486169159412384,
                0.1301402598619461,
                0.9320738315582275,
                -0.3345717489719391
            ],
            "pose_transform_permuted": [
                [ -0.7713962, 0.6363451, 0.003546603, 0 ],
                [ -0.6110371, -0.7422504, 0.2751324, 0 ],
                [ 0.1777116, 0.210069, 0.9613998, 0 ],
                [ -2.271537, 0.347841, 199.4283, 1 ]
            ],
            "cuboid_centroid": [
                -2.2715368270874025,
                0.3478410243988037,
                199.42832946777345
            ],
            "projected_cuboid_centroid": [
                306.3971252441406,
                242.0830078125
            ],
            "bounding_box": {
                "top_left": [
                    257.01171875,
                    186.2509765625
                ],
                "bottom_right": [
                    354.62158203125,
                    297.098876953125
                ]
            },
            "cuboid": [
                [ 5.698112, -4.074385, 196.5538 ],
                [ -0.4058577, -8.909448, 197.9601 ],
                [ -10.26921, 2.595443, 194.704 ],
                [ -4.165243, 7.430488, 193.2978 ],
                [ 5.726135, -1.899763, 204.1527 ],
                [ -0.3778256, -6.734813, 205.5589 ],
                [ -10.24118, 4.770066, 202.3028 ],
                [ -4.137214, 9.605118, 200.8966 ]
            ],
            "projected_cuboid": [
                [ 354.6216, 215.2441 ],
                [ 317.5515, 186.251 ],
                [ 257.0117, 255.9197 ],
                [ 294.2658, 285.908 ],
                [ 353.4969, 228.8867 ],
                [ 317.8049, 200.8721 ],
                [ 259.5432, 268.1592 ],
                [ 295.4058, 297.0989 ]
            ]
        },
        {
            "class": "bowl",
            "visibility": 1.0,
            "location": [
                -8.239877700805664,
                32.284217834472659,
                192.29443359375
            ],
            "quaternion_xyzw": [
                -0.3095843493938446,
                0.5561147332191467,
                -0.734836220741272,
                0.2343280017375946
            ],
            "pose_transform_permuted": [
                [ -0.6984957, 5.656481E-05, 0.7156141, 0 ],
                [ -0.6887143, -0.2716535, -0.672218, 0 ],
                [ 0.1943611, -0.9623951, 0.1897879, 0 ],
                [ -8.239878, 32.28422, 192.2944, 1 ]
            ],
            "cuboid_centroid": [
                -8.239877700805664,
                32.284217834472659,
                192.29443359375
            ],
            "projected_cuboid_centroid": [
                268.82574462890627,
                440.50311279296877
            ],
            "bounding_box": {
                "top_left": [
                    212.832763671875,
                    383.845703125
                ],
                "bottom_right": [
                    323.73681640625,
                    497.3701171875
                ]
            },
            "cuboid": [
                [ -8.34596, 40.20969, 187.8493 ],
                [ -17.07471, 31.60317, 190.2781 ],
                [ -17.07495, 32.7577, 194.3683 ],
                [ -8.346201, 41.36422, 191.9395 ],
                [ 0.5951959, 31.81075, 190.2206 ],
                [ -8.133551, 23.20422, 192.6494 ],
                [ -8.13379, 24.35876, 196.7396 ],
                [ 0.5949599, 32.96527, 194.3107 ]
            ],
            "projected_cuboid": [
                [ 266.9404, 495.634 ],
                [ 212.8328, 438.3533 ],
                [ 215.0865, 441.273 ],
                [ 268.0695, 497.3701 ],
                [ 323.7368, 439.7165 ],
                [ 269.5792, 383.8457 ],
                [ 270.6259, 387.8635 ],
                [ 323.6567, 442.6084 ]
            ]
        },
        {
            "class": "packet_cup",
            "visibility": 0.6908376216888428,
            "location": [
                -5.453925609588623,
                60.13496780395508,
                184.80889892578126
            ],
            "quaternion_xyzw": [
                -0.1469292938709259,
                0.6258168816566467,
                -0.32935428619384768,
                -0.6915857195854187
            ],
            "pose_transform_permuted": [
                [ -0.0002420396, -0.6394551, -0.7688285, 0 ],
                [ 0.2716518, 0.7398751, -0.6154593, 0 ],
                [ 0.9623956, -0.2090025, 0.17353, 0 ],
                [ -5.453926, 60.13497, 184.8089, 1 ]
            ],
            "cuboid_centroid": [
                -5.453925609588623,
                60.13496780395508,
                184.80889892578126
            ],
            "projected_cuboid_centroid": [
                284.756103515625,
                628.5990600585938
            ],
            "bounding_box": {
                "top_left": [
                    256.48974609375,
                    600.3117065429688
                ],
                "bottom_right": [
                    312.5374450683594,
                    657.76123046875
                ]
            },
            "cuboid": [
                [ -4.361237, 63.66338, 181.9948 ],
                [ -4.362086, 64.61416, 185.3632 ],
                [ -1.164811, 60.91478, 186.4082 ],
                [ -1.163963, 59.96402, 183.0399 ],
                [ -9.743038, 59.35517, 183.2096 ],
                [ -9.74389, 60.30595, 186.5779 ],
                [ -6.54661, 56.60657, 187.623 ],
                [ -6.545762, 55.65579, 184.2546 ]
            ],
            "projected_cuboid": [
                [ 291.3814, 657.7612 ],
                [ 291.896, 656.2954 ],
                [ 312.5374, 630.2609 ],
                [ 312.4056, 631.2393 ],
                [ 256.4897, 626.9082 ],
                [ 257.6309, 626.009 ],
                [ 278.3296, 600.3117 ],
                [ 277.5733, 600.7361 ]
            ]
        },
        {
            "class": "small_plates",
            "visibility": 1.0,
            "location": [
                -1.0950524806976319,
                7.365290641784668,
                196.1588897705078
            ],
            "quaternion_xyzw": [
                -0.6250013709068298,
                0.09168784320354462,
                -0.6017748117446899,
                -0.48870617151260378
            ],
            "pose_transform_permuted": [
                [ 0.2589208, -0.7027922, 0.6626033, 0 ],
                [ 0.4735721, -0.5055193, -0.7212349, 0 ],
                [ 0.841837, 0.5005332, 0.2019332, 0 ],
                [ -1.095052, 7.365291, 196.1589, 1 ]
            ],
            "cuboid_centroid": [
                -1.0950524806976319,
                7.365290641784668,
                196.1588897705078
            ],
            "projected_cuboid_centroid": [
                313.3330993652344,
                284.8414306640625
            ],
            "bounding_box": {
                "top_left": [
                    279.6644592285156,
                    244.4481201171875
                ],
                "bottom_right": [
                    345.29296875,
                    324.022705078125
                ]
            },