{
    "camera_data": {
        "location_worldframe": [
            7.869166374206543,
            160.15220642089845,
            -37.838287353515628
        ],
        "quaternion_xyzw_worldframe": [
            0.46292951703071597,
            -0.5364230871200562,
            0.4806593358516693,
            0.5166363716125488
        ]
    },
    "objects": [
        {
            "class": "wine_glass",
            "visibility": 1.0,
            "location": [
                1.0505878925323487,
                2.735607385635376,
                156.4461212158203
            ],
            "quaternion_xyzw": [
                -0.00566817494109273,
                0.053918156772851947,
                0.9876345992088318,
                0.14710044860839845
            ],
            "pose_transform_permuted": [
                [ -0.9566585, -0.2911742, 0.004666599, 0 ],
                [ 0.2899517, -0.9509084, 0.1081705, 0 ],
                [ -0.02705894, 0.1048353, 0.9941214, 0 ],
                [ 1.050588, 2.735607, 156.4461, 1 ]
            ],
            "cuboid_centroid": [
                1.0505878925323487,
                2.735607385635376,
                156.4461212158203
            ],
            "projected_cuboid_centroid": [
                328.01983642578127,
                260.8826904296875
            ],
            "bounding_box": {
                "top_left": [
                    280.95538330078127,
                    191.67626953125
                ],
                "bottom_right": [
                    375.6466064453125,
                    327.4771728515625
                ]
            },
            "cuboid": [
                [ 2.560509, -6.208589, 153.4369 ],
                [ -5.009415, -3.91424, 153.2228 ],
                [ -0.4962192, 10.82485, 151.5979 ],
                [ 7.073709, 8.530499, 151.812 ],
                [ 2.597391, -5.353619, 161.2944 ],
                [ -4.972532, -3.059266, 161.0803 ],
                [ -0.4593367, 11.67982, 159.4553 ],
                [ 7.110591, 9.385467, 159.6694 ]
            ],
            "projected_cuboid": [
                [ 339.9294, 191.6763 ],
                [ 280.9554, 209.4915 ],
                [ 316.0909, 325.2759 ],
                [ 375.6466, 307.1067 ],
                [ 339.2316, 200.3607 ],
                [ 283.1334, 217.3185 ],
                [ 316.5598, 327.4772 ],
                [ 373.1841, 310.1991 ]
            ]
        },
        {
            "class": "bowl",
            "visibility": 0.22535568475723267,
            "location": [
                24.98089027404785,
                25.828630447387697,
                155.73936462402345
            ],
            "quaternion_xyzw": [
                0.06990170478820801,
                0.6644695997238159,
                -0.7414160966873169,
                -0.06241723895072937
            ],
            "pose_transform_permuted": [
                [ -0.9824353, 0.0003408194, -0.1866012, 0 ],
                [ 0.1854494, -0.1091681, -0.9765708, 0 ],
                [ -0.02070379, -0.994023, 0.1071878, 0 ],
                [ 24.98089, 25.82863, 155.7394, 1 ]
            ],
            "cuboid_centroid": [
                24.98089027404785,
                25.828630447387697,
                155.73936462402345
            ],
            "projected_cuboid_centroid": [
                511.56097412109377,
                438.06170654296877
            ],
            "bounding_box": {
                "top_left": [
                    453.2743835449219,
                    381.526611328125
                ],
                "bottom_right": [
                    571.867431640625,
                    496.7508544921875
                ]
            },
            "cuboid": [
                [ 32.28586, 30.53873, 153.0868 ],
                [ 20.00885, 32.85621, 152.8281 ],
                [ 20.0074, 33.32018, 157.0527 ],
                [ 32.2844, 31.0027, 157.3114 ],
                [ 29.95439, 18.33709, 154.426 ],
                [ 17.67737, 20.65457, 154.1673 ],
                [ 17.67593, 21.11853, 158.3919 ],
                [ 29.95293, 18.80106, 158.6507 ]
            ],
            "projected_cuboid": [
                [ 571.8674, 478.2379 ],
                [ 476.3567, 496.7509 ],
                [ 472.1398, 493.3726 ],
                [ 565.0925, 475.3623 ],
                [ 551.6527, 381.8102 ],
                [ 456.9377, 400.0005 ],
                [ 453.2744, 399.2312 ],
                [ 545.4733, 381.5266 ]
            ]
        },
        {
            "class": "packet_cup",
            "visibility": 0.0,
            "location": [
                50.55280303955078,
                39.403804779052737,
                154.62095642089845
            ],
            "quaternion_xyzw": [
                -0.14078037440776826,
                -0.7043415307998657,
                -0.06422857940196991,
                0.6927903890609741
            ],
            "pose_transform_permuted": [
                [ -0.0004446181, 0.2873088, -0.9578379, 0 ],
                [ 0.1093211, 0.9521111, 0.2855403, 0 ],
                [ 0.9940063, -0.1045849, -0.03183223, 0 ],
                [ 50.5528, 39.4038, 154.621, 1 ]
            ],
            "cuboid_centroid": [
                50.55280303955078,
                39.403804779052737,
                154.62095642089845
            ],
            "projected_cuboid_centroid": [
                710.4580688476563,
                544.3458251953125
            ],
            "bounding_box": {
                "top_left": [
                    674.676513671875,
                    515.9497680664063
                ],
                "bottom_right": [
                    747.1249389648438,
                    573.5285034179688
                ]
            },
            "cuboid": [
                [ 54.62428, 40.59339, 152.7314 ],
                [ 54.62273, 40.97601, 156.2104 ],
                [ 53.18618, 36.21545, 156.7334 ],
                [ 53.18775, 35.83283, 153.2543 ],
                [ 47.91942, 42.59217, 152.5086 ],
                [ 47.91787, 42.97479, 155.9876 ],
                [ 46.48132, 38.21423, 156.5105 ],
                [ 46.48287, 37.83161, 153.0315 ]
            ],
            "projected_cuboid": [
                [ 747.1249, 557.4128 ],
                [ 737.6004, 553.2688 ],
                [ 725.2611, 515.9498 ],
                [ 734.4731, 519.2324 ],
                [ 695.2449, 573.5285 ],
                [ 686.8639, 569.0192 ],
                [ 674.6765, 531.5944 ],
                [ 682.7518, 535.2375 ]
            ]
        },
        {
            "class": "small_plates",
            "visibility": 1.0,
            "location": [
                8.0697021484375,
                5.824207782745361,
                154.86163330078126
            ],
            "quaternion_xyzw": [
                -0.4874732196331024,
                0.45878541469573977,
                -0.3514097332954407,
                -0.6545204520225525
            ],
            "pose_transform_permuted": [
                [ 0.3320543, -0.9073009, -0.2579632, 0 ],
                [ 0.01271853, 0.2777621, -0.9605657, 0 ],
                [ 0.9431746, 0.3156791, 0.1037716, 0 ],
                [ 8.069702, 5.824208, 154.8616, 1 ]
            ],
            "cuboid_centroid": [
                8.0697021484375,
                5.824207782745361,
                154.86163330078126
            ],
            "projected_cuboid_centroid": [
                382.23162841796877,
                284.9149169921875
            ],
            "bounding_box": {
                "top_left": [
                    354.0802001953125,
                    244.056640625
                ],
                "bottom_right": [
                    408.906005859375,
                    327.8497314453125
                ]
            },