{
    "camera_data": {
        "location_worldframe": [
            39.40668869018555,
            60.27823257446289,
            -68.67341613769531
        ],
        "quaternion_xyzw_worldframe": [
            0.2793983817100525,
            -0.404898077249527,
            0.13144488632678986,
            0.8606488108634949
        ]
    },
    "objects": [
        {
            "class": "small_fork",
            "visibility": 1.0,
            "location": [
                -2.8498001098632814,
                -0.396194189786911,
                101.6550064086914
            ],
            "quaternion_xyzw": [
                -0.6780238747596741,
                -0.576244056224823,
                0.29538989067077639,
                -0.34780922532081606
            ],
            "pose_transform_permuted": [
                [ 0.1613752, 0.9868931, 0.0002832115, 0 ],
                [ 0.5759358, -0.09394313, -0.8120793, 0 ],
                [ -0.8014088, 0.1312126, -0.5835472, 0 ],
                [ -2.8498, -0.3961942, 101.655, 1 ]
            ],
            "cuboid_centroid": [
                -2.8498001098632814,
                -0.396194189786911,
                101.6550064086914
            ],
            "projected_cuboid_centroid": [
                286.5201721191406,
                235.345458984375
            ],
            "bounding_box": {
                "top_left": [
                    215.73626708984376,
                    217.9991455078125
                ],
                "bottom_right": [
                    357.08953857421877,
                    253.1229248046875
                ]
            },
            "cuboid": [
                [ 2.843688, -1.097526, 103.4759 ],
                [ 3.148506, -0.009660716, 101.9622 ],
                [ -8.543571, 1.103316, 100.4076 ],
                [ -8.848387, 0.01544974, 101.9214 ],
                [ 2.843967, -1.895691, 102.9024 ],
                [ 3.148786, -0.8078268, 101.3886 ],
                [ -8.543291, 0.3051554, 99.8341 ],
                [ -8.848105, -0.7827128, 101.3479 ]
            ],
            "projected_cuboid": [
                [ 352.8201, 227.333 ],
                [ 356.8776, 239.8868 ],
                [ 218.3821, 253.1229 ],
                [ 216.3197, 240.181 ],
                [ 353.0063, 217.9991 ],
                [ 357.0895, 230.4846 ],
                [ 217.8017, 243.6504 ],
                [ 215.7363, 230.7767 ]
            ]
        },
        {
            "class": "mug",
            "visibility": 0.7450156807899475,
            "location": [
                8.7383451461792,
                2.8964614868164064,
                91.1418228149414
            ],
            "quaternion_xyzw": [
                0.30830642580986025,
                0.8358415961265564,
                -0.4261515140533447,
                0.15719668567180634
            ],
            "pose_transform_permuted": [
                [ -0.7604725, 0.6493699, 1.254678E-05, 0 ],
                [ 0.3814115, 0.4466841, -0.8093198, 0 ],
                [ -0.5255536, -0.6154608, -0.587368, 0 ],
                [ 8.738345, 2.896461, 91.14182, 1 ]
            ],
            "cuboid_centroid": [
                8.7383451461792,
                2.8964614868164064,
                91.1418228149414
            ],
            "projected_cuboid_centroid": [
                434.50091552734377,
                277.953125
            ],
            "bounding_box": {
                "top_left": [
                    346.853271484375,
                    187.5401611328125
                ],
                "bottom_right": [
                    525.5699462890625,
                    374.24755859375
                ]
            },
            "cuboid": [
                [ 15.388, 5.695004, 94.09596 ],
                [ 6.958863, 9.922598, 88.27069 ],
                [ 2.088588, 6.572472, 92.88664 ],
                [ 10.51772, 2.344877, 98.71192 ],
                [ 15.3881, -0.7795533, 89.39701 ],
                [ 6.958966, 3.448043, 83.57174 ],
                [ 2.088691, 0.09791066, 88.1877 ],
                [ 10.51783, -4.129687, 94.01297 ]
            ],
            "projected_cuboid": [
                [ 515.3029, 312.2804 ],
                [ 414.1498, 374.2476 ],
                [ 346.8533, 324.5032 ],
                [ 447.2476, 268.3693 ],
                [ 525.5699, 229.5859 ],
                [ 419.4449, 289.2732 ],
                [ 348.2855, 241.3259 ],
                [ 453.609, 187.5402 ]
            ]
        },
        {
            "class": "wine_glass",
            "visibility": 0.0,
            "location": [
                53.35966873168945,
                -10.177356719970704,
                109.23841094970703
            ],
            "quaternion_xyzw": [
                -0.2849959135055542,
                0.35330307483673098,
                0.693581759929657,
                0.5593733787536621
            ],
            "pose_transform_permuted": [
                [ -0.2117574, -0.9773222, -7.927418E-05, 0 ],
                [ 0.5745624, -0.1245566, 0.8089274, 0 ],
                [ -0.7905926, 0.1712509, 0.5879085, 0 ],
                [ 53.35967, -10.17736, 109.2384, 1 ]
            ],
            "cuboid_centroid": [
                53.35966873168945,
                -10.177356719970704,
                109.23841094970703
            ],
            "projected_cuboid_centroid": [
                903.358154296875,
                128.7353515625
            ],
            "bounding_box": {
                "top_left": [
                    799.9274291992188,
                    61.8565673828125
                ],
                "bottom_right": [
                    1020.4743041992188,
                    198.2764892578125
                ]
            },
            "cuboid": [
                [ 46.62354, -16.61273, 111.3701 ],
                [ 44.94793, -12.06629, 105.1143 ],
                [ 60.09642, -10.13566, 102.4599 ],
                [ 61.77203, -14.68211, 108.7158 ],
                [ 46.62291, -10.21904, 116.0169 ],
                [ 44.9473, -5.672594, 109.7611 ],
                [ 60.09581, -3.741966, 107.1067 ],
                [ 61.7714, -8.288415, 113.3625 ]
            ],
            "projected_cuboid": [
                [ 819.9585, 61.85657 ],
                [ 830.676, 102.9088 ],
                [ 1020.474, 121.8604 ],
                [ 998.5735, 78.71521 ],
                [ 799.9274, 134.8071 ],
                [ 809.0496, 178.2793 ],
                [ 990.0776, 198.2765 ],
                [ 970.7519, 152.6829 ]
            ]
        },
        {
            "class": "teacup",
            "visibility": 1.0,
            "location": [
                -3.4639925956726076,
                1.864202857017517,
                93.98974609375
            ],
            "quaternion_xyzw": [
                0.8857201337814331,
                0.09969943761825562,
                -0.051687091588974,
                0.45043134689331057
            ],
            "pose_transform_permuted": [
                [ 0.9747769, 0.2231746, -0.00174509, 0 ],
                [ 0.1300486, -0.5743435, -0.8082186, 0 ],
                [ -0.1813761, 0.7876059, -0.5888803, 0 ],
                [ -3.463993, 1.864203, 93.98975, 1 ]
            ],
            "cuboid_centroid": [
                -3.4639925956726076,
                1.864202857017517,
                93.98974609375
            ],
            "projected_cuboid_centroid": [
                275.9856872558594,
                263.68701171875
            ],
            "bounding_box": {
                "top_left": [
                    212.17208862304688,
                    205.879638671875
                ],
                "bottom_right": [
                    336.2198486328125,
                    322.63525390625
                ]
            },