{
    "camera_data": {
        "location_worldframe": [
            -24.43109130859375,
            38.282798767089847,
            -66.34463500976563
        ],
        "quaternion_xyzw_worldframe": [
            0.3425186276435852,
            0.007946556434035302,
            -0.0028972027357667686,
            0.9394729733467102
        ]
    },
    "objects": [
        {
            "class": "small_fork",
            "visibility": 1.0,
            "location": [
                -2.353274345397949,
                -2.3033602237701418,
                60.83718490600586
            ],
            "quaternion_xyzw": [
                0.8764948844909668,
                0.22880414128303529,
                -0.10885576903820038,
                0.4093358516693115
            ],
            "pose_transform_permuted": [
                [ 0.8715982, 0.4902084, -0.003507569, 0 ],
                [ 0.3119742, -0.5601857, -0.7673749, 0 ],
                [ -0.3781385, 0.6677482, -0.6411892, 0 ],
                [ -2.353274, -2.30336, 60.83718, 1 ]
            ],
            "cuboid_centroid": [
                -2.353274345397949,
                -2.3033602237701418,
                60.83718490600586
            ],
            "projected_cuboid_centroid": [
                273.8043518066406,
                194.7841796875
            ],
            "bounding_box": {
                "top_left": [
                    192.39990234375,
                    124.07421875
                ],
                "bottom_right": [
                    345.5538635253906,
                    275.440185546875
                ]
            },
            "cuboid": [
                [ -0.270881, -5.539249, 65.46494 ],
                [ 1.37545, -4.949972, 64.75069 ],
                [ -4.432225, 1.686746, 56.83963 ],
                [ -6.078555, 1.097467, 57.55388 ],
                [ -0.2743288, -6.293472, 64.83474 ],
                [ 1.372005, -5.704195, 64.12049 ],
                [ -4.435668, 0.9325274, 56.20943 ],
                [ -6.082001, 0.3432519, 56.92369 ]
            ],
            "projected_cuboid": [
                [ 315.0584, 138.9492 ],
                [ 345.3687, 148.7031 ],
                [ 226.8746, 275.4402 ],
                [ 193.8686, 262.7727 ],
                [ 314.9469, 124.0742 ],
                [ 345.5539, 133.7583 ],
                [ 225.7574, 259.813 ],
                [ 192.3999, 247.2014 ]
            ]
        },
        {
            "class": "mug",
            "visibility": 0.0,
            "location": [
                13.039170265197754,
                -6.618686199188232,
                60.51459503173828
            ],
            "quaternion_xyzw": [
                0.6512990593910217,
                0.6305670738220215,
                -0.29362380504608157,
                0.30328163504600527
            ],
            "pose_transform_permuted": [
                [ 0.03234045, 0.9994769, 5.00679E-06, 0 ],
                [ 0.6432741, -0.0208108, -0.7653531, 0 ],
                [ -0.7649527, 0.02475509, -0.6436106, 0 ],
                [ 13.03917, -6.618686, 60.5146, 1 ]
            ],
            "cuboid_centroid": [
                13.039170265197754,
                -6.618686199188232,
                60.51459503173828
            ],
            "projected_cuboid_centroid": [
                577.3281860351563,
                109.380126953125
            ],
            "bounding_box": {
                "top_left": [
                    481.84759521484377,
                    -15.511474609375
                ],
                "bottom_right": [
                    696.6676025390625,
                    241.744140625
                ]
            },
            "cuboid": [
                [ 16.60796, -7.200373, 67.42126 ],
                [ 16.96642, -0.07027242, 58.94247 ],
                [ 9.470345, 0.08581065, 58.75681 ],
                [ 9.111882, -7.044292, 67.2356 ],
                [ 16.608, -13.32319, 62.27238 ],
                [ 16.96646, -6.193097, 53.79359 ],
                [ 9.470387, -6.037014, 53.60792 ],
                [ 9.11192, -13.16711, 62.08672 ]
            ],
            "projected_cuboid": [
                [ 614.1825, 112.4573 ],
                [ 663.7632, 238.5762 ],
                [ 512.4886, 241.7441 ],
                [ 481.8476, 114.8774 ],
                [ 638.5073, -15.51147 ],
                [ 696.6676, 102.5088 ],
                [ 530.9775, 105.5098 ],
                [ 495.2704, -13.27332 ]
            ]
        },
        {
            "class": "wine_glass",
            "visibility": 0.0,
            "location": [
                23.464784622192384,
                -37.98582077026367,
                97.88949584960938
            ],
            "quaternion_xyzw": [
                -0.38118231296539309,
                0.18098336458206178,
                0.38945892453193667,
                0.8186981678009033
            ],
            "pose_transform_permuted": [
                [ 0.6311336, -0.7756739, -0.0005682111, 0 ],
                [ 0.4997233, 0.4060436, 0.7651177, 0 ],
                [ -0.5932512, -0.4831753, 0.6438901, 0 ],
                [ 23.46478, -37.98582, 97.8895, 1 ]
            ],
            "cuboid_centroid": [
                23.464784622192384,
                -37.98582077026367,
                97.88949584960938
            ],
            "projected_cuboid_centroid": [
                606.2714233398438,
                -223.4287109375
            ],
            "bounding_box": {
                "top_left": [
                    500.3265380859375,
                    -303.1490478515625
                ],
                "bottom_right": [
                    714.7289428710938,
                    -137.713623046875
                ]
            },
            "cuboid": [
                [ 14.95852, -39.83982, 93.94743 ],
                [ 19.9526, -35.88558, 89.25311 ],
                [ 31.97554, -42.17925, 96.74232 ],
                [ 26.98146, -46.1335, 101.4366 ],
                [ 14.95403, -33.7924, 99.03667 ],
                [ 19.94811, -29.83814, 94.34235 ],
                [ 31.97105, -36.13182, 101.8316 ],
                [ 26.97697, -40.08607, 106.5259 ]
            ],
            "projected_cuboid": [
                [ 510.1521, -266.4424 ],
                [ 586.9769, -240.1691 ],
                [ 714.7289, -280.6908 ],
                [ 637.6641, -303.149 ],
                [ 500.3265, -167.4934 ],
                [ 572.5181, -137.7136 ],
                [ 694.9489, -183.7454 ],
                [ 622.4374, -209.4028 ]
            ]
        },
        {
            "class": "teacup",
            "visibility": 0.9094652533531189,
            "location": [
                3.1457271575927736,
                -1.01351797580719,
                55.150352478027347
            ],
            "quaternion_xyzw": [
                -0.8564757704734802,
                0.2987065315246582,
                -0.1388242095708847,
                -0.3974308967590332
            ],
            "pose_transform_permuted": [
                [ 0.7830045, -0.6220159, 0.0003687292, 0 ],
                [ -0.4013238, -0.5056458, -0.7637153, 0 ],
                [ 0.4752296, 0.5978445, -0.6455526, 0 ],
                [ 3.145727, -1.013518, 55.15035, 1 ]
            ],
            "cuboid_centroid": [
                3.1457271575927736,
                -1.01351797580719,
                55.150352478027347
            ],
            "projected_cuboid_centroid": [
                388.11932373046877,
                218.052734375
            ],
            "bounding_box": {
                "top_left": [
                    279.44781494140627,
                    104.3984375
                ],
                "bottom_right": [
                    499.96441650390627,
                    338.1175537109375
                ]
            },