{
    "camera_data": {
        "location_worldframe": [
            67.05432891845703,
            247.0948486328125,
            33.834163665771487
        ],
        "quaternion_xyzw_worldframe": [
            -0.3583071827888489,
            0.6407036185264587,
            -0.5018831491470337,
            -0.4574146568775177
        ]
    },
    "objects": [
        {
            "class": "packet_cup",
            "visibility": 1.0,
            "location": [
                1.5156999826431275,
                -1.9534127712249756,
                252.76638793945313
            ],
            "quaternion_xyzw": [
                0.6786853671073914,
                0.35525453090667727,
                0.6113624572753906,
                -0.19853565096855164
            ],
            "pose_transform_permuted": [
                [ 6.02901E-05, 0.7249666, 0.6887841, 0 ],
                [ 0.2394576, -0.6687558, 0.7038651, 0 ],
                [ 0.9709069, 0.1648921, -0.1736392, 0 ],
                [ 1.5157, -1.953413, 252.7664, 1 ]
            ],
            "cuboid_centroid": [
                1.5156999826431275,
                -1.9534127712249756,
                252.76638793945313
            ],
            "projected_cuboid_centroid": [
                327.1612854003906,
                230.7706298828125
            ],
            "bounding_box": {
                "top_left": [
                    307.1308898925781,
                    209.1690673828125
                ],
                "bottom_right": [
                    347.31890869140627,
                    252.25634765625
                ]
            },
            "cuboid": [
                [ 0.9172642, -6.507887, 252.0873 ],
                [ 0.9174778, -5.669785, 255.4855 ],
                [ -2.707361, -2.325994, 254.661 ],
                [ -2.707567, -3.164107, 251.2628 ],
                [ 5.738757, -1.580821, 250.8718 ],
                [ 5.738967, -0.7427458, 254.27 ],
                [ 2.114133, 2.601048, 253.4456 ],
                [ 2.113925, 1.762947, 250.0474 ]
            ],
            "projected_cuboid": [
                [ 324.3455, 209.1691 ],
                [ 324.2887, 213.4968 ],
                [ 307.3036, 229.092 ],
                [ 307.1309, 224.9609 ],
                [ 347.3189, 232.4746 ],
                [ 346.9548, 236.5115 ],
                [ 329.962, 252.2563 ],
                [ 330.0964, 248.42 ]
            ]
        }
    ]
}