{
    "camera_data": {
        "location_worldframe": [
            -2.909421920776367,
            154.39524841308595,
            -53.84204864501953
        ],
        "quaternion_xyzw_worldframe": [
            0.5747200846672058,
            0.1178041398525238,
            -0.08405762165784836,
            0.805452287197113
        ]
    },
    "objects": [
        {
            "class": "knife",
            "visibility": 1.0,
            "location": [
                -3.5754663944244386,
                0.5090587139129639,
                161.5459747314453
            ],
            "quaternion_xyzw": [
                -0.39797550439834597,
                0.5790250301361084,
                0.4233648478984833,
                -0.5719332098960877
            ],
            "pose_transform_permuted": [
                [ -0.02901557, 0.02339727, -0.999305, 0 ],
                [ -0.9451484, 0.3247554, 0.03504688, 0 ],
                [ 0.3253496, 0.9455085, 0.01269102, 0 ],
                [ -3.575466, 0.5090587, 161.546, 1 ]
            ],
            "cuboid_centroid": [
                -3.5754663944244386,
                0.5090587139129639,
                161.5459747314453
            ],
            "projected_cuboid_centroid": [
                293.5677490234375,
                243.7633056640625
            ],
            "bounding_box": {
                "top_left": [
                    288.9869689941406,
                    184.3397216796875
                ],
                "bottom_right": [
                    298.2437438964844,
                    304.4146728515625
                ]
            },
            "cuboid": [
                [ -2.912672, 8.596185, 159.884 ],
                [ -3.388737, -6.910822, 165.222 ],
                [ -3.43883, -7.6061, 163.1977 ],
                [ -2.962766, 7.900904, 157.8598 ],
                [ -3.712107, 8.624221, 159.8942 ],
                [ -4.18817, -6.88279, 165.2322 ],
                [ -4.238263, -7.578063, 163.2079 ],
                [ -3.762202, 7.928942, 157.8699 ]
            ],
            "projected_cuboid": [
                [ 298.2437, 304.2094 ],
                [ 295.5056, 190.0472 ],
                [ 294.8352, 184.3397 ],
                [ 297.5858, 299.7727 ],
                [ 292.2741, 304.4147 ],
                [ 289.729, 190.2529 ],
                [ 288.987, 184.5483 ],
                [ 291.5396, 299.981 ]
            ]
        },
        {
            "class": "packet_cup",
            "visibility": 0.08460362255573273,
            "location": [
                23.9617862701416,
                22.7823486328125,
                153.16342163085938
            ],
            "quaternion_xyzw": [
                0.030596427619457246,
                0.677994966506958,
                -0.20083045959472657,
                -0.706437349319458
            ],
            "pose_transform_permuted": [
                [ -2.006441E-05, -0.2422598, -0.9702113, 0 ],
                [ 0.3252367, 0.917462, -0.2290952, 0 ],
                [ 0.9456325, -0.315553, 0.07877339, 0 ],
                [ 23.96179, 22.78235, 153.1634, 1 ]
            ],
            "cuboid_centroid": [
                23.9617862701416,
                22.7823486328125,
                153.16342163085938
            ],
            "projected_cuboid_centroid": [
                506.83648681640627,
                417.64007568359377
            ],
            "bounding_box": {
                "top_left": [
                    474.4847412109375,
                    389.642578125
                ],
                "bottom_right": [
                    539.6741333007813,
                    445.42266845703127
                ]
            },
            "cuboid": [
                [ 26.75191, 25.30867, 150.444 ],
                [ 26.75184, 26.447, 153.7537 ],
                [ 27.96314, 21.85969, 155.3315 ],
                [ 27.96321, 20.72136, 152.0217 ],
                [ 19.96043, 23.70501, 150.9954 ],
                [ 19.96036, 24.84333, 154.3051 ],
                [ 21.17166, 20.25602, 155.8829 ],
                [ 21.17174, 19.1177, 152.5732 ]
            ],
            "projected_cuboid": [
                [ 532.3624, 440.9056 ],
                [ 527.7905, 445.4227 ],
                [ 534.9929, 408.0669 ],
                [ 539.6741, 402.7834 ],
                [ 477.8715, 427.4882 ],
                [ 474.4847, 432.2769 ],
                [ 482.2012, 395.1863 ],
                [ 485.7204, 389.6426 ]
            ]
        },
        {
            "class": "big_spoon",
            "visibility": 0.6463345289230347,
            "location": [
                6.9861531257629398,
                -32.67732238769531,
                172.32687377929688
            ],
            "quaternion_xyzw": [
                0.37819769978523257,
                0.5121016502380371,
                -0.7222704887390137,
                -0.2702663540840149
            ],
            "pose_transform_permuted": [
                [ -0.5678455, -0.003059477, -0.8231298, 0 ],
                [ 0.7777622, -0.3294163, -0.5353236, 0 ],
                [ -0.2695144, -0.94418, 0.1894368, 0 ],
                [ 6.986153, -32.67732, 172.3269, 1 ]
            ],
            "cuboid_centroid": [
                6.9861531257629398,
                -32.67732238769531,
                172.32687377929688
            ],
            "projected_cuboid_centroid": [
                368.415283203125,
                13.540283203125
            ],
            "bounding_box": {
                "top_left": [
                    333.58355712890627,
                    -33.126220703125
                ],
                "bottom_right": [
                    403.1483459472656,
                    60.5391845703125
                ]
            },
            "cuboid": [
                [ 12.01503, -38.51388, 172.5713 ],
                [ 3.541702, -26.90819, 168.5497 ],
                [ 3.55196, -25.80367, 171.7154 ],
                [ 12.02528, -37.40935, 175.7371 ],
                [ 10.42034, -39.55096, 172.9383 ],
                [ 1.947024, -27.94529, 168.9166 ],
                [ 1.957279, -26.84077, 172.0824 ],
                [ 10.4306, -38.44645, 176.1041 ]
            ],
            "projected_cuboid": [
                [ 403.1483, -26.53003 ],
                [ 345.0947, 49.34241 ],
                [ 344.7034, 60.53918 ],
                [ 401.7202, -14.22266 ],
                [ 391.9595, -33.12622 ],
                [ 333.7656, 42.42419 ],
                [ 333.5836, 53.72437 ],
                [ 390.7355, -20.72595 ]
            ]
        },
        {
            "class": "mug",
            "visibility": 0.9758550524711609,
            "location": [
                -27.858686447143556,
                -27.13437271118164,
                166.322998046875
            ],
            "quaternion_xyzw": [
                -0.1626817286014557,
                -0.7036360502243042,
                0.06996886432170868,
                0.6881390810012817
            ],
            "pose_transform_permuted": [
                [ 1.342036E-06, 0.1326408, -0.9911643, 0 ],
                [ 0.3252341, 0.937278, 0.1254301, 0 ],
                [ 0.9456336, -0.3223605, -0.04313806, 0 ],
                [ -27.85869, -27.13437, 166.323, 1 ]
            ],
            "cuboid_centroid": [
                -27.858686447143556,
                -27.13437271118164,
                166.322998046875
            ],
            "projected_cuboid_centroid": [
                119.96505737304688,
                45.1658935546875
            ],
            "bounding_box": {
                "top_left": [
                    81.90718078613281,
                    -2.2371826171875
                ],
                "bottom_right": [
                    156.14622497558595,
                    90.4189453125
                ]
            },