{
    "camera_data": {
        "location_worldframe": [
            -63.90005874633789,
            98.35517120361328,
            -53.1268196105957
        ],
        "quaternion_xyzw_worldframe": [
            0.3389563262462616,
            0.3770364820957184,
            -0.15058350563049317,
            0.8486911654472351
        ]
    },
    "objects": [
        {
            "class": "big_plates",
            "visibility": 1.0,
            "location": [
                1.8922700881958008,
                1.1291348934173585,
                139.938232421875
            ],
            "quaternion_xyzw": [
                -0.8926197290420532,
                -0.10288386791944504,
                0.25682201981544497,
                0.35593175888061526
            ],
            "pose_transform_permuted": [
                [ 0.8469147, 0.0008501112, -0.5317281, 0 ],
                [ 0.3664946, -0.725455, 0.5825777, 0 ],
                [ -0.3852495, -0.6882691, -0.6147102, 0 ],
                [ 1.89227, 1.129135, 139.9382, 1 ]
            ],
            "cuboid_centroid": [
                1.8922700881958008,
                1.1291348934173585,
                139.938232421875
            ],
            "projected_cuboid_centroid": [
                336.1489562988281,
                249.63623046875
            ],
            "bounding_box": {
                "top_left": [
                    231.65708923339845,
                    177.8553466796875
                ],
                "bottom_right": [
                    437.7979736328125,
                    330.3966064453125
                ]
            },
            "cuboid": [
                [ -0.8600349, -7.710514, 148.1757 ],
                [ 13.95107, -1.301148, 141.4384 ],
                [ 13.94981, -0.2262961, 142.4581 ],
                [ -0.8612905, -6.635676, 149.1955 ],
                [ -10.16527, 2.484581, 137.4183 ],
                [ 4.645831, 8.89395, 130.681 ],
                [ 4.644572, 9.968797, 131.7007 ],
                [ -10.16653, 3.559428, 138.4381 ]
            ],
            "projected_cuboid": [
                [ 313.0684, 177.8553 ],
                [ 437.798, 229.0135 ],
                [ 436.9442, 238.1029 ],
                [ 313.1057, 186.8838 ],
                [ 231.6571, 261.5927 ],
                [ 362.4569, 321.2793 ],
                [ 362.1168, 330.3966 ],
                [ 232.297, 270.7059 ]
            ]
        },
        {
            "class": "big_plates",
            "visibility": 0.8209545016288757,
            "location": [
                9.82755184173584,
                6.282285213470459,
                133.03759765625
            ],
            "quaternion_xyzw": [
                -0.2229524552822113,
                0.8062065839767456,
                0.32826370000839236,
                -0.4388233423233032
            ],
            "pose_transform_permuted": [
                [ -0.5154522, -0.07139191, -0.8539389, 0 ],
                [ -0.647591, 0.6850703, 0.3336232, 0 ],
                [ 0.5611901, 0.7249702, -0.3993537, 0 ],
                [ 9.827552, 6.282285, 133.0376, 1 ]
            ],
            "cuboid_centroid": [
                9.82755184173584,
                6.282285213470459,
                133.03759765625
            ],
            "projected_cuboid_centroid": [
                408.22027587890627,
                296.39501953125
            ],
            "bounding_box": {
                "top_left": [
                    300.49652099609377,
                    216.2080078125
                ],
                "bottom_right": [
                    519.148681640625,
                    386.6580810546875
                ]
            },
            "cuboid": [
                [ 21.75382, 9.53323, 132.1619 ],
                [ 12.73943, -1.792046, 141.9762 ],
                [ 12.84521, -2.807051, 140.902 ],
                [ 21.85959, 8.518217, 131.0878 ],
                [ 6.809901, 15.37162, 125.1732 ],
                [ -2.204489, 4.046348, 134.9875 ],
                [ -2.098716, 3.031346, 133.9133 ],
                [ 6.915676, 14.35661, 124.0991 ]
            ],
            "projected_cuboid": [
                [ 516.5743, 326.1453 ],
                [ 427.1599, 224.9259 ],
                [ 428.8733, 216.208 ],
                [ 519.1487, 317.604 ],
                [ 384.9721, 386.6581 ],
                [ 300.4965, 275.7987 ],
                [ 301.2834, 267.0339 ],
                [ 386.5524, 378.1595 ]
            ]
        },
        {
            "class": "small_plates",
            "visibility": 0.4448434114456177,
            "location": [
                15.662564277648926,
                28.510494232177736,
                111.12632751464844
            ],
            "quaternion_xyzw": [
                -0.3797074556350708,
                0.3398616313934326,
                -0.8469082117080689,
                0.15186449885368348
            ],
            "pose_transform_permuted": [
                [ -0.6655189, -0.0008653998, 0.7463806, 0 ],
                [ -0.5153266, -0.7228625, -0.460335, 0 ],
                [ 0.5399289, -0.6909914, 0.4806327, 0 ],
                [ 15.66256, 28.51049, 111.1263, 1 ]
            ],
            "cuboid_centroid": [
                15.662564277648926,
                28.510494232177736,
                111.12632751464844
            ],
            "projected_cuboid_centroid": [
                488.322998046875,
                546.3975830078125
            ],
            "bounding_box": {
                "top_left": [
                    408.0373840332031,
                    475.34478759765627
                ],
                "bottom_right": [
                    569.8080444335938,
                    623.9273681640625
                ]
            },
            "cuboid": [
                [ 15.23813, 33.09548, 105.2574 ],
                [ 8.251397, 27.68548, 110.9257 ],
                [ 8.252678, 28.75736, 111.9503 ],
                [ 15.23942, 34.16736, 106.282 ],
                [ 23.07244, 28.26362, 110.3023 ],
                [ 16.08571, 22.85362, 115.9706 ],
                [ 16.08699, 23.9255, 116.9952 ],
                [ 23.07372, 29.33549, 111.327 ]
            ],
            "projected_cuboid": [
                [ 492.8926, 615.5031 ],
                [ 408.8368, 538.0695 ],
                [ 408.0374, 546.7759 ],
                [ 491.2403, 623.9274 ],
                [ 569.808, 546.0135 ],
                [ 485.6494, 475.3448 ],
                [ 484.2117, 484.2252 ],
                [ 567.5226, 554.6956 ]
            ]
        },
        {
            "class": "small_fork",
            "visibility": 1.0,
            "location": [
                3.336595058441162,
                22.65712547302246,
                117.63956451416016
            ],
            "quaternion_xyzw": [
                0.19705329835414887,
                0.3405212163925171,
                0.7949937582015991,
                -0.4617359936237335
            ],
            "pose_transform_permuted": [
                [ -0.4959395, 0.8683561, -0.001149505, 0 ],
                [ -0.5999528, -0.3416901, 0.7233977, 0 ],
                [ 0.6277741, 0.3594513, 0.6904306, 0 ],
                [ 3.336595, 22.65713, 117.6396, 1 ]
            ],
            "cuboid_centroid": [
                3.336595058441162,
                22.65712547302246,
                117.63956451416016
            ],
            "projected_cuboid_centroid": [
                353.8725280761719,
                470.01116943359377
            ],
            "bounding_box": {
                "top_left": [
                    296.52947998046877,
                    436.12933349609377
                ],
                "bottom_right": [
                    409.9375915527344,
                    505.29400634765627
                ]
            },