{
    "camera_data": {
        "location_worldframe": [
            -26.289993286132814,
            211.1025848388672,
            2.3903846740722658
        ],
        "quaternion_xyzw_worldframe": [
            0.5289352536201477,
            0.43408891558647158,
            -0.3630385398864746,
            0.6324533820152283
        ]
    },
    "objects": [
        {
            "class": "big_plates",
            "visibility": 1.0,
            "location": [
                3.9413721561431886,
                -1.8236192464828492,
                213.65847778320313
            ],
            "quaternion_xyzw": [
                -0.7638626098632813,
                -0.062197551131248477,
                0.07407593727111817,
                0.6380895376205444
            ],
            "pose_transform_permuted": [
                [ 0.9812884, 0.0004866123, -0.1925429, 0 ],
                [ 0.1895549, -0.1779467, 0.9656108, 0 ],
                [ -0.03379247, -0.9840402, -0.1747092, 0 ],
                [ 3.941372, -1.823619, 213.6585, 1 ]
            ],
            "cuboid_centroid": [
                3.9413721561431886,
                -1.8236192464828492,
                213.65847778320313
            ],
            "projected_cuboid_centroid": [
                342.030517578125,
                229.8067626953125
            ],
            "bounding_box": {
                "top_left": [
                    284.3265380859375,
                    172.9224853515625
                ],
                "bottom_right": [
                    399.22393798828127,
                    287.2772216796875
                ]
            },
            "cuboid": [
                [ -2.954055, -12.06202, 214.7537 ],
                [ 14.20701, -8.747022, 214.1627 ],
                [ 14.20629, -8.483377, 215.6207 ],
                [ -2.954772, -11.79838, 216.2117 ],
                [ -6.323551, 4.836146, 211.6963 ],
                [ 10.83752, 8.151143, 211.1053 ],
                [ 10.83679, 8.414777, 212.5633 ],
                [ -6.324273, 5.099789, 213.1543 ]
            ],
            "projected_cuboid": [
                [ 303.5724, 172.9225 ],
                [ 399.2239, 191.2231 ],
                [ 398.6843, 193.0132 ],
                [ 303.6792, 174.8311 ],
                [ 284.3265, 267.2825 ],
                [ 381.3095, 286.1123 ],
                [ 380.885, 287.2772 ],
                [ 284.5665, 268.573 ]
            ]
        },
        {
            "class": "big_plates",
            "visibility": 1.0,
            "location": [
                14.416236877441407,
                3.0516505241394045,
                211.74769592285157
            ],
            "quaternion_xyzw": [
                -0.24156875908374787,
                0.7266193628311157,
                0.6046255826950073,
                -0.219309464097023
            ],
            "pose_transform_permuted": [
                [ -0.7870955, -0.08585685, -0.6108263, 0 ],
                [ -0.6162573, 0.1521449, 0.7727087, 0 ],
                [ 0.02659172, 0.9846219, -0.1726623, 0 ],
                [ 14.41624, 3.051651, 211.7477, 1 ]
            ],
            "cuboid_centroid": [
                14.416236877441407,
                3.0516505241394045,
                211.74769592285157
            ],
            "projected_cuboid_centroid": [
                401.3075256347656,
                257.2113037109375
            ],
            "bounding_box": {
                "top_left": [
                    332.0185546875,
                    188.298095703125
                ],
                "bottom_right": [
                    470.23828125,
                    326.78759765625
                ]
            },
            "cuboid": [
                [ 26.57984, 1.791806, 213.7554 ],
                [ 12.81488, -8.985487, 214.2205 ],
                [ 12.94208, -9.210907, 212.7616 ],
                [ 26.70705, 1.566377, 212.2965 ],
                [ 15.89039, 15.3142, 210.7338 ],
                [ 2.125426, 4.536889, 211.1988 ],
                [ 2.252634, 4.311469, 209.74 ],
                [ 16.0176, 15.08878, 209.275 ]
            ],
            "projected_cuboid": [
                [ 468.5022, 250.0109 ],
                [ 391.4416, 189.9069 ],
                [ 392.6454, 188.2981 ],
                [ 470.2383, 248.8115 ],
                [ 410.0529, 326.7876 ],
                [ 332.0186, 265.6545 ],
                [ 332.8265, 264.5494 ],
                [ 411.4066, 326.1062 ]
            ]
        },
        {
            "class": "small_plates",
            "visibility": 0.27514782547950747,
            "location": [
                31.05311393737793,
                29.831966400146486,
                207.9698028564453
            ],
            "quaternion_xyzw": [
                -0.18044379353523255,
                0.6245782971382141,
                -0.7445690631866455,
                0.1515214443206787
            ],
            "pose_transform_permuted": [
                [ -0.8889623, 0.0002338141, 0.4579797, 0 ],
                [ -0.4510389, -0.1738861, -0.8754011, 0 ],
                [ 0.07943171, -0.9847655, 0.154684, 0 ],
                [ 31.05311, 29.83197, 207.9698, 1 ]
            ],
            "cuboid_centroid": [
                31.05311393737793,
                29.831966400146486,
                207.9698028564453
            ],
            "projected_cuboid_centroid": [
                498.3209533691406,
                411.30859375
            ],
            "bounding_box": {
                "top_left": [
                    457.5002746582031,
                    370.2779541015625
                ],
                "bottom_right": [
                    539.2734985351563,
                    452.5482177734375
                ]
            },
            "cuboid": [
                [ 33.31596, 36.66487, 206.0109 ],
                [ 23.98347, 31.92978, 206.8448 ],
                [ 23.98313, 32.18763, 208.3051 ],
                [ 33.31562, 36.92272, 207.4712 ],
                [ 38.1231, 27.47631, 207.6345 ],
                [ 28.79062, 22.74122, 208.4684 ],
                [ 28.79027, 22.99907, 209.9287 ],
                [ 38.12275, 27.73416, 209.0948 ]
            ],
            "projected_cuboid": [
                [ 513.1344, 452.5482 ],
                [ 458.473, 424.3524 ],
                [ 457.5003, 424.5384 ],
                [ 511.7731, 452.5365 ],
                [ 539.2735, 398.0361 ],
                [ 484.9332, 370.278 ],
                [ 483.784, 370.8386 ],
                [ 537.7402, 398.4052 ]
            ]
        },
        {
            "class": "small_fork",
            "visibility": 1.0,
            "location": [
                16.407459259033204,
                26.184703826904298,
                208.87307739257813
            ],
            "quaternion_xyzw": [
                0.02869119681417942,
                0.08319278061389923,
                0.9382379651069641,
                -0.33461233973503115
            ],
            "pose_transform_permuted": [
                [ -0.7744231, 0.6326658, -0.001836322, 0 ],
                [ -0.6231182, -0.7622274, 0.1753101, 0 ],
                [ 0.109513, 0.1369084, 0.9845116, 0 ],
                [ 16.40746, 26.1847, 208.8731, 1 ]
            ],
            "cuboid_centroid": [
                16.407459259033204,
                26.184703826904298,
                208.87307739257813
            ],
            "projected_cuboid_centroid": [
                413.81158447265627,
                389.714111328125
            ],
            "bounding_box": {
                "top_left": [
                    388.269775390625,
                    359.793701171875
                ],
                "bottom_right": [
                    439.2987060546875,
                    419.75823974609377
                ]
            },