{
    "camera_data": {
        "location_worldframe": [
            62.740238189697269,
            74.84077453613281,
            38.02317810058594
        ],
        "quaternion_xyzw_worldframe": [
            -0.2280091643333435,
            0.7677499651908875,
            -0.3749163746833801,
            -0.4669148921966553
        ]
    },
    "objects": [
        {
            "class": "big_plates",
            "visibility": 1.0,
            "location": [
                1.043707251548767,
                0.7389528155326843,
                92.88751983642578
            ],
            "quaternion_xyzw": [
                -0.13614651560783387,
                0.4342513978481293,
                -0.8879764080047607,
                0.06623952090740204
            ],
            "pose_transform_permuted": [
                [ -0.9541527, -0.0006053671, 0.299319, 0 ],
                [ -0.2358819, -0.614076, -0.7531735, 0 ],
                [ 0.1842606, -0.7892466, 0.5857797, 0 ],
                [ 1.043707, 0.7389528, 92.88752, 1 ]
            ],
            "cuboid_centroid": [
                1.043707251548767,
                0.7389528155326843,
                92.88751983642578
            ],
            "projected_cuboid_centroid": [
                333.4189453125,
                249.500732421875
            ],
            "bounding_box": {
                "top_left": [
                    186.58322143554688,
                    139.0858154296875
                ],
                "bottom_right": [
                    469.6360778808594,
                    375.5789794921875
                ]
            },
            "cuboid": [
                [ 6.767481, 8.936889, 85.56606 ],
                [ -9.919035, 4.811712, 88.78845 ],
                [ -9.91814, 5.721539, 89.95782 ],
                [ 6.768373, 9.846713, 86.73541 ],
                [ 12.00556, -4.243632, 95.8172 ],
                [ -4.680959, -8.368806, 99.0396 ],
                [ -4.680062, -7.458977, 100.209 ],
                [ 12.00645, -3.333808, 96.98656 ]
            ],
            "projected_cuboid": [
                [ 414.4546, 364.7333 ],
                [ 186.5832, 304.7203 ],
                [ 188.3294, 315.9576 ],
                [ 413.1934, 375.579 ],
                [ 469.6361, 187.1078 ],
                [ 263.5553, 139.0858 ],
                [ 264.2246, 151.1064 ],
                [ 467.843, 198.9487 ]
            ]
        },
        {
            "class": "big_plates",
            "visibility": 1.0,
            "location": [
                -8.802579879760743,
                -4.821927070617676,
                95.93206787109375
            ],
            "quaternion_xyzw": [
                -0.4062492251396179,
                -0.3563780188560486,
                -0.12431652843952179,
                -0.8321667909622192
            ],
            "pose_transform_permuted": [
                [ 0.7150802, 0.08265242, 0.6941389, 0 ],
                [ 0.4964608, 0.6390139, -0.5875269, 0 ],
                [ -0.4921249, 0.7647416, 0.4159125, 0 ],
                [ -8.80258, -4.821927, 95.93207, 1 ]
            ],
            "cuboid_centroid": [
                -8.802579879760743,
                -4.821927070617676,
                95.93206787109375
            ],
            "projected_cuboid_centroid": [
                210.4168701171875,
                179.971923828125
            ],
            "bounding_box": {
                "top_left": [
                    56.47031784057617,
                    69.172119140625
                ],
                "bottom_right": [
                    364.67657470703127,
                    309.2288818359375
                ]
            },
            "cuboid": [
                [ -21.06783, -3.548817, 97.16257 ],
                [ -8.562286, 5.13344, 88.55615 ],
                [ -8.684744, 4.186669, 87.4231 ],
                [ -21.19029, -4.495588, 96.02953 ],
                [ -8.920411, -13.83052, 104.441 ],
                [ 3.58513, -5.148271, 95.83461 ],
                [ 3.462672, -6.09504, 94.70157 ],
                [ -9.042868, -14.7773, 103.308 ]
            ],
            "projected_cuboid": [
                [ 61.0486, 196.3804 ],
                [ 204.5302, 309.2289 ],
                [ 201.3608, 297.1926 ],
                [ 56.47032, 184.0913 ],
                [ 217.9974, 81.85156 ],
                [ 364.6766, 175.8441 ],
                [ 363.6668, 163.1371 ],
                [ 215.463, 69.17212 ]
            ]
        },
        {
            "class": "small_plates",
            "visibility": 0.1531035304069519,
            "location": [
                -22.365514755249025,
                -26.822946548461915,
                114.3778305053711
            ],
            "quaternion_xyzw": [
                -0.8609343767166138,
                -0.1263769567012787,
                0.2596815526485443,
                0.41879165172576907
            ],
            "pose_transform_permuted": [
                [ 0.8331887, 9.959936E-05, -0.5529888, 0 ],
                [ 0.4351095, -0.6172851, 0.6554687, 0 ],
                [ -0.3412863, -0.7867398, -0.5143583, 0 ],
                [ -22.36551, -26.82295, 114.3778, 1 ]
            ],
            "cuboid_centroid": [
                -22.365514755249025,
                -26.822946548461915,
                114.3778305053711
            ],
            "projected_cuboid_centroid": [
                86.474365234375,
                -40.067138671875
            ],
            "bounding_box": {
                "top_left": [
                    6.418819427490234,
                    -93.22705078125
                ],
                "bottom_right": [
                    164.46920776367188,
                    16.853759765625
                ]
            },
            "cuboid": [
                [ -23.83673, -33.00457, 118.2854 ],
                [ -15.08976, -28.43671, 114.7025 ],
                [ -15.08991, -27.52138, 115.8692 ],
                [ -23.83688, -32.08925, 119.452 ],
                [ -29.64112, -26.12451, 112.8865 ],
                [ -20.89415, -21.55664, 109.3036 ],
                [ -20.8943, -20.64131, 110.4702 ],
                [ -29.64126, -25.20917, 114.0531 ]
            ],
            "projected_cuboid": [
                [ 79.33501, -93.22705 ],
                [ 162.8889, -56.07642 ],
                [ 164.4692, -43.66113 ],
                [ 81.6839, -80.82153 ],
                [ 6.418819, -36.37805 ],
                [ 91.70959, 4.471191 ],
                [ 94.11884, 16.85376 ],
                [ 9.624786, -23.96655 ]
            ]
        },
        {
            "class": "small_fork",
            "visibility": 0.49780893325805666,
            "location": [
                -8.221199035644532,
                -22.46346664428711,
                111.28802490234375
            ],
            "quaternion_xyzw": [
                -0.3002168536186218,
                0.12693136930465699,
                0.36582016944885256,
                0.8717418313026428
            ],
            "pose_transform_permuted": [
                [ 0.7001281, -0.7140154, 0.001652002, 0 ],
                [ 0.5615876, 0.5520909, 0.6162913, 0 ],
                [ -0.4409535, -0.4305551, 0.7875165, 0 ],
                [ -8.221199, -22.46347, 111.288, 1 ]
            ],
            "cuboid_centroid": [
                -8.221199035644532,
                -22.46346664428711,
                111.28802490234375
            ],
            "projected_cuboid_centroid": [
                231.77650451660157,
                -1.0604248046875
            ],
            "bounding_box": {
                "top_left": [
                    176.02174377441407,
                    -38.63818359375
                ],
                "bottom_right": [
                    285.0611572265625,
                    38.301025390625
                ]
            },