{
    "camera_data": {
        "location_worldframe": [
            -69.65835571289063,
            169.05264282226563,
            20.20035743713379
        ],
        "quaternion_xyzw_worldframe": [
            0.28391629457473757,
            0.7142031192779541,
            -0.48199591040611269,
            0.42069628834724429
        ]
    },
    "objects": [
        {
            "class": "small_plates",
            "visibility": 1.0,
            "location": [
                3.639711618423462,
                -0.18274091184139253,
                181.13656616210938
            ],
            "quaternion_xyzw": [
                0.5265257954597473,
                -0.2801733613014221,
                -0.189130499958992,
                0.7800661325454712
            ],
            "pose_transform_permuted": [
                [ 0.7714651, 3.159046E-05, -0.6362717, 0 ],
                [ -0.5901056, 0.3740005, -0.7154712, 0 ],
                [ 0.2379433, 0.9274285, 0.288547, 0 ],
                [ 3.639712, -0.1827409, 181.1366, 1 ]
            ],
            "cuboid_centroid": [
                3.639711618423462,
                -0.18274091184139253,
                181.13656616210938
            ],
            "projected_cuboid_centroid": [
                343.9970703125,
                238.795166015625
            ],
            "bounding_box": {
                "top_left": [
                    295.22406005859377,
                    192.3341064453125
                ],
                "bottom_right": [
                    393.0965881347656,
                    286.33349609375
                ]
            },
            "cuboid": [
                [ 2.929528, 6.947013, 179.0608 ],
                [ 11.02851, 0.7519686, 181.5588 ],
                [ 11.02846, 0.1973969, 180.1836 ],
                [ 2.929482, 6.392423, 177.6856 ],
                [ -3.749037, -0.5628502, 182.0896 ],
                [ 4.349942, -6.757895, 184.5875 ],
                [ 4.349897, -7.312484, 183.2123 ],
                [ -3.749085, -1.117441, 180.7143 ]
            ],
            "projected_cuboid": [
                [ 339.5386, 286.3335 ],
                [ 392.5432, 244.9463 ],
                [ 393.0966, 241.3083 ],
                [ 339.6896, 282.9646 ],
                [ 295.4115, 236.3085 ],
                [ 348.1436, 196.2773 ],
                [ 348.3545, 192.3341 ],
                [ 295.2241, 232.6154 ]
            ]
        }
    ]
}