{
    "camera_data": {
        "location_worldframe": [
            57.713382720947269,
            63.11186981201172,
            20.758983612060548
        ],
        "quaternion_xyzw_worldframe": [
            0.2036556750535965,
            -0.7633892297744751,
            0.28703343868255618,
            0.5416392087936401
        ]
    },
    "objects": [
        {
            "class": "knife",
            "visibility": 1.0,
            "location": [
                -3.3123674392700197,
                0.539415717124939,
                93.95552825927735
            ],
            "quaternion_xyzw": [
                0.01136817317456007,
                0.4177111089229584,
                0.9081251621246338,
                -0.026398619636893274
            ],
            "pose_transform_permuted": [
                [ -0.9983478, 0.05744373, -0.001406547, 0 ],
                [ -0.03844928, -0.649641, 0.7592682, 0 ],
                [ 0.04270144, 0.7580677, 0.6507764, 0 ],
                [ -3.312367, 0.5394157, 93.95553, 1 ]
            ],
            "cuboid_centroid": [
                -3.3123674392700197,
                0.539415717124939,
                93.95552825927735
            ],
            "projected_cuboid_centroid": [
                277.8969421386719,
                246.8564453125
            ],
            "bounding_box": {
                "top_left": [
                    171.884033203125,
                    230.2412109375
                ],
                "bottom_right": [
                    382.65283203125,
                    263.793701171875
                ]
            },
            "cuboid": [
                [ 4.939613, -0.1442765, 94.1564 ],
                [ -11.44024, -0.7751171, 94.85701 ],
                [ -11.56322, 0.6157153, 93.23405 ],
                [ 4.816628, 1.246552, 92.53344 ],
                [ 4.938487, 0.46313, 94.67702 ],
                [ -11.44136, -0.1677106, 95.37762 ],
                [ -11.56435, 1.223118, 93.75467 ],
                [ 4.815505, 1.853957, 93.05405 ]
            ],
            "projected_cuboid": [
                [ 382.6528, 238.17 ],
                [ 175.9666, 230.2412 ],
                [ 171.884, 247.8868 ],
                [ 382.1644, 256.0883 ],
                [ 382.2941, 245.8419 ],
                [ 176.7387, 237.9 ],
                [ 172.6922, 255.5802 ],
                [ 381.8022, 263.7937 ]
            ]
        },
        {
            "class": "mug",
            "visibility": 1.0,
            "location": [
                -2.570028305053711,
                -1.26976478099823,
                87.41748046875
            ],
            "quaternion_xyzw": [
                -0.5123902559280396,
                0.012811943888664246,
                -0.7043489217758179,
                -0.4911056160926819
            ],
            "pose_transform_permuted": [
                [ 0.007456909, -0.7049488, 0.709219, 0 ],
                [ 0.67869, -0.5173023, -0.5213236, 0 ],
                [ 0.7343871, 0.4852273, 0.4745842, 0 ],
                [ -2.570028, -1.269765, 87.41748, 1 ]
            ],
            "cuboid_centroid": [
                -2.570028305053711,
                -1.26976478099823,
                87.41748046875
            ],
            "projected_cuboid_centroid": [
                284.8894958496094,
                222.653076171875
            ],
            "bounding_box": {
                "top_left": [
                    203.946044921875,
                    115.77734375
                ],
                "bottom_right": [
                    361.07122802734377,
                    328.6715087890625
                ]
            },
            "cuboid": [
                [ -8.091788, -4.885675, 83.26875 ],
                [ -8.009135, 2.636979, 91.40875 ],
                [ -2.722019, 6.51674, 87.76955 ],
                [ -2.804675, -1.005912, 79.62954 ],
                [ -2.418035, -9.056263, 87.06542 ],
                [ -2.335381, -1.533615, 95.20542 ],
                [ 2.951734, 2.346157, 91.56622 ],
                [ 2.869081, -5.176497, 83.42622 ]
            ],
            "projected_cuboid": [
                [ 203.946, 169.9287 ],
                [ 215.3606, 274.4521 ],
                [ 282.9622, 328.6715 ],
                [ 277.9365, 224.9137 ],
                [ 286.8324, 115.7773 ],
                [ 290.705, 220.7623 ],
                [ 358.4981, 270.5999 ],
                [ 361.0712, 165.8978 ]
            ]
        },
        {
            "class": "big_plates",
            "visibility": 0.0,
            "location": [
                47.647098541259769,
                -0.2751632332801819,
                94.37371063232422
            ],
            "quaternion_xyzw": [
                0.9188168048858643,
                -0.06720239669084549,
                0.17865502834320069,
                -0.3454590141773224
            ],
            "pose_transform_permuted": [
                [ 0.9271324, -5.739927E-05, 0.3747338, 0 ],
                [ -0.2469294, -0.7522839, 0.610815, 0 ],
                [ 0.2818711, -0.6588392, -0.697481, 0 ],
                [ 47.6471, -0.2751632, 94.37371, 1 ]
            ],
            "cuboid_centroid": [
                47.647098541259769,
                -0.2751632332801819,
                94.37371063232422
            ],
            "projected_cuboid_centroid": [
                922.9522705078125,
                236.5179443359375
            ],
            "bounding_box": {
                "top_left": [
                    759.646728515625,
                    142.827392578125
                ],
                "bottom_right": [
                    1101.191162109375,
                    347.7525634765625
                ]
            },
            "cuboid": [
                [ 36.26115, -4.017904, 97.52386 ],
                [ 52.47513, -8.336281, 102.4533 ],
                [ 52.4752, -7.221684, 103.4295 ],
                [ 36.26124, -2.903307, 98.50002 ],
                [ 42.81898, 6.671351, 85.31796 ],
                [ 59.03296, 2.352973, 90.24741 ],
                [ 59.03305, 3.467566, 91.22356 ],
                [ 42.81907, 7.785943, 86.29411 ]
            ],
            "projected_cuboid": [
                [ 764.0463, 190.7976 ],
                [ 931.681, 142.8274 ],
                [ 925.9089, 156.6143 ],
                [ 759.6467, 204.7991 ],
                [ 919.3678, 333.3837 ],
                [ 1101.191, 271.1372 ],
                [ 1092.833, 285.3958 ],
                [ 912.5891, 347.7526 ]
            ]
        },
        {
            "class": "teacup",
            "visibility": 0.0,
            "location": [
                27.46401596069336,
                10.524399757385254,
                78.368408203125
            ],
            "quaternion_xyzw": [
                -0.41281548142433169,
                0.022195305675268174,
                0.047925543040037158,
                0.9092820882797241
            ],
            "pose_transform_permuted": [
                [ 0.994421, -0.1054808, 0.0007947758, 0 ],
                [ 0.06883055, 0.654573, 0.7528589, 0 ],
                [ -0.0799324, -0.748604, 0.6581815, 0 ],
                [ 27.46402, 10.5244, 78.36841, 1 ]
            ],
            "cuboid_centroid": [
                27.46401596069336,
                10.524399757385254,
                78.368408203125
            ],
            "projected_cuboid_centroid": [
                738.524169921875,
                400.38134765625
            ],
            "bounding_box": {
                "top_left": [
                    659.1041259765625,
                    333.9976806640625
                ],
                "bottom_right": [
                    827.2349853515625,
                    467.046875
                ]
            },