{
    "camera_data": {
        "location_worldframe": [
            -22.73218536376953,
            47.98637771606445,
            58.14228820800781
        ],
        "quaternion_xyzw_worldframe": [
            0.14279276132583619,
            0.8548462986946106,
            -0.38540053367614748,
            0.3167247176170349
        ]
    },
    "objects": [
        {
            "class": "packet_cup",
            "visibility": 1.0,
            "location": [
                -2.2502553462982179,
                -2.2268197536468508,
                63.138484954833987
            ],
            "quaternion_xyzw": [
                -0.21912847459316255,
                0.6488456726074219,
                -0.28145572543144228,
                0.6721343398094177
            ],
            "pose_transform_permuted": [
                [ -0.0004360825, 0.09399098, 0.9955728, 0 ],
                [ -0.6627132, 0.7455308, -0.0706751, 0 ],
                [ -0.748873, -0.6598102, 0.06196398, 0 ],
                [ -2.250255, -2.22682, 63.13848, 1 ]
            ],
            "cuboid_centroid": [
                -2.2502553462982179,
                -2.2268197536468508,
                63.138484954833987
            ],
            "projected_cuboid_centroid": [
                277.43670654296877,
                197.8800048828125
            ],
            "bounding_box": {
                "top_left": [
                    207.28671264648438,
                    136.918212890625
                ],
                "bottom_right": [
                    349.037353515625,
                    259.9246826171875
                ]
            },
            "cuboid": [
                [ -5.499019, 1.044113, 62.58261 ],
                [ -5.500546, -1.275383, 59.96156 ],
                [ -5.970503, -5.003029, 63.2606 ],
                [ -5.968977, -2.683537, 65.88167 ],
                [ 1.469991, 0.5493883, 63.01636 ],
                [ 1.468462, -1.770107, 60.39531 ],
                [ 0.9985053, -5.497756, 63.69436 ],
                [ 1.000034, -3.178262, 66.31541 ]
            ],
            "projected_cuboid": [
                [ 215.0629, 259.9247 ],
                [ 210.4454, 214.5981 ],
                [ 207.2867, 145.551 ],
                [ 211.7986, 191.3547 ],
                [ 347.8586, 250.4117 ],
                [ 349.0374, 204.9979 ],
                [ 338.7218, 136.9182 ],
                [ 338.0093, 182.7635 ]
            ]
        },
        {
            "class": "bowl",
            "visibility": 0.0,
            "location": [
                26.247953414916993,
                13.803701400756836,
                48.47127914428711
            ],
            "quaternion_xyzw": [
                0.3460332453250885,
                -0.49175742268562319,
                -0.22179853916168214,
                0.7676204442977905
            ],
            "pose_transform_permuted": [
                [ 0.4179601, 0.0001853406, -0.9084654, 0 ],
                [ -0.680843, 0.6621328, -0.3131022, 0 ],
                [ 0.6014668, 0.7493865, 0.2768713, 0 ],
                [ 26.24795, 13.8037, 48.47128, 1 ]
            ],
            "cuboid_centroid": [
                26.247953414916993,
                13.803701400756836,
                48.47127914428711
            ],
            "projected_cuboid_centroid": [
                966.7083740234375,
                580.1015625
            ],
            "bounding_box": {
                "top_left": [
                    766.559326171875,
                    381.08935546875
                ],
                "bottom_right": [
                    1165.721923828125,
                    813.8958129882813
                ]
            },
            "cuboid": [
                [ 29.31218, 21.42082, 44.57595 ],
                [ 34.53522, 12.91267, 52.09218 ],
                [ 34.53444, 10.09861, 48.90728 ],
                [ 29.3114, 18.60675, 41.39105 ],
                [ 17.96147, 17.5088, 48.03528 ],
                [ 23.18451, 9.000648, 55.55151 ],
                [ 23.18372, 6.186588, 52.36662 ],
                [ 17.96068, 14.69474, 44.85038 ]
            ],
            "projected_cuboid": [
                [ 1105.317, 813.8958 ],
                [ 1111.749, 536.0336 ],
                [ 1163.289, 486.5956 ],
                [ 1165.722, 776.8608 ],
                [ 766.5593, 675.305 ],
                [ 818.4247, 433.4976 ],
                [ 848.7206, 381.0894 ],
                [ 798.249, 631.285 ]
            ]
        },
        {
            "class": "big_fork",
            "visibility": 1.0,
            "location": [
                -11.124710083007813,
                4.72786808013916,
                58.41282653808594
            ],
            "quaternion_xyzw": [
                -0.05888127535581589,
                0.3447597622871399,
                0.9240321516990662,
                0.154396653175354
            ],
            "pose_transform_permuted": [
                [ -0.9453894, -0.3259347, -0.002356879, 0 ],
                [ 0.2447352, -0.7146048, 0.6553203, 0 ],
                [ -0.2152759, 0.618956, 0.7553474, 0 ],
                [ -11.12471, 4.727868, 58.41283, 1 ]
            ],
            "cuboid_centroid": [
                -11.124710083007813,
                4.72786808013916,
                58.41282653808594
            ],
            "projected_cuboid_centroid": [
                92.55415344238281,
                336.6617431640625
            ],
            "bounding_box": {
                "top_left": [
                    39.01498794555664,
                    216.12939453125
                ],
                "bottom_right": [
                    153.68040466308595,
                    476.70269775390627
                ]
            },
            "cuboid": [
                [ -12.4206, -1.254958, 62.78608 ],
                [ -14.65274, -0.6771184, 62.27779 ],
                [ -9.825919, 9.905583, 53.11157 ],
                [ -7.593778, 9.327742, 53.61985 ],
                [ -12.4235, -0.449845, 63.71407 ],
                [ -14.65564, 0.12799, 63.2058 ],
                [ -9.828816, 10.71069, 54.03957 ],
                [ -7.596675, 10.13285, 54.54785 ]
            ],
            "projected_cuboid": [
                [ 83.74731, 216.1294 ],
                [ 39.01499, 227.0154 ],
                [ 99.05634, 462.735 ],
                [ 150.8665, 447.7535 ],
                [ 87.13403, 231.5681 ],
                [ 43.08575, 242.4183 ],
                [ 102.7865, 476.7027 ],
                [ 153.6804, 461.846 ]
            ]
        },
        {
            "class": "small_plates",
            "visibility": 0.0,
            "location": [
                38.8930778503418,
                5.881629467010498,
                57.317626953125
            ],
            "quaternion_xyzw": [
                0.36957046389579775,
                -0.40145182609558108,
                -0.18038035929203034,
                0.8183624744415283
            ],
            "pose_transform_permuted": [
                [ 0.6125987, -0.001496434, -0.7903928, 0 ],
                [ -0.5919625, 0.6617612, -0.4600572, 0 ],
                [ 0.5237397, 0.7497133, 0.4045082, 0 ],
                [ 38.89308, 5.881629, 57.31763, 1 ]
            ],
            "cuboid_centroid": [
                38.8930778503418,
                5.881629467010498,
                57.317626953125
            ],
            "projected_cuboid_centroid": [
                1130.3668212890625,
                362.5482177734375
            ],
            "bounding_box": {
                "top_left": [
                    977.7225341796875,
                    237.466552734375
                ],
                "bottom_right": [
                    1282.6368408203125,
                    508.00225830078127
                ]
            },