{
    "camera_data": {
        "location_worldframe": [
            -58.976871490478519,
            58.42117691040039,
            -23.555021286010743
        ],
        "quaternion_xyzw_worldframe": [
            0.25591233372688296,
            0.4309955835342407,
            -0.12890459597110749,
            0.8556490540504456
        ]
    },
    "objects": [
        {
            "class": "packet_cup",
            "visibility": 1.0,
            "location": [
                -0.870978832244873,
                1.3904005289077759,
                100.37615203857422
            ],
            "quaternion_xyzw": [
                0.6585984230041504,
                -0.6917241215705872,
                -0.14546547830104829,
                -0.2580808103084564
            ],
            "pose_transform_permuted": [
                [ 0.0007150955, -0.9862205, 0.1654348, 0 ],
                [ -0.8360531, 0.09017582, 0.5411872, 0 ],
                [ -0.5486481, -0.1386993, -0.8244683, 0 ],
                [ -0.8709788, 1.390401, 100.3762, 1 ]
            ],
            "cuboid_centroid": [
                -0.870978832244873,
                1.3904005289077759,
                100.37615203857422
            ],
            "projected_cuboid_centroid": [
                309.63726806640627,
                256.542724609375
            ],
            "bounding_box": {
                "top_left": [
                    274.14959716796877,
                    214.493896484375
                ],
                "bottom_right": [
                    346.8104553222656,
                    300.539306640625
                ]
            },
            "cuboid": [
                [ -3.916797, 1.18477, 103.8752 ],
                [ -3.914298, -1.741416, 101.9549 ],
                [ 1.016801, -2.192294, 102.6484 ],
                [ 1.014306, 0.7338995, 104.5687 ],
                [ -2.758759, 4.973088, 98.1039 ],
                [ -2.756262, 2.0469, 96.18363 ],
                [ 2.174843, 1.596025, 96.87712 ],
                [ 2.172341, 4.522211, 98.79739 ]
            ],
            "projected_cuboid": [
                [ 274.9684, 253.6213 ],
                [ 274.1496, 219.6018 ],
                [ 331.8299, 214.4939 ],
                [ 331.5842, 248.3817 ],
                [ 286.4166, 300.5393 ],
                [ 285.7771, 265.4152 ],
                [ 346.8105, 259.675 ],
                [ 346.2591, 294.6642 ]
            ]
        },
        {
            "class": "bowl",
            "visibility": 0.4380089342594147,
            "location": [
                -20.487281799316408,
                17.541154861450197,
                75.10547637939453
            ],
            "quaternion_xyzw": [
                -0.2818540930747986,
                -0.17112305760383607,
                -0.051142606884241107,
                -0.9426873922348023
            ],
            "pose_transform_permuted": [
                [ 0.9362026, 4.049391E-05, 0.3514606, 0 ],
                [ 0.1928864, 0.8358854, -0.5138972, 0 ],
                [ -0.2938016, 0.548904, 0.7825503, 0 ],
                [ -20.48728, 17.54115, 75.10548, 1 ]
            ],
            "cuboid_centroid": [
                -20.487281799316408,
                17.541154861450197,
                75.10547637939453
            ],
            "projected_cuboid_centroid": [
                -5.769386291503906,
                518.9228515625
            ],
            "bounding_box": {
                "top_left": [
                    -160.7050323486328,
                    408.0306396484375
                ],
                "bottom_right": [
                    132.68368530273438,
                    647.5396118164063
                ]
            },
            "cuboid": [
                [ -28.53247, 21.32263, 73.2189 ],
                [ -16.83321, 23.73303, 69.54741 ],
                [ -16.83339, 20.18052, 67.21457 ],
                [ -28.53264, 17.77011, 70.88606 ],
                [ -24.14118, 14.9018, 82.99638 ],
                [ -12.44192, 17.3122, 79.32489 ],
                [ -12.4421, 13.75969, 76.99205 ],
                [ -24.14136, 11.34928, 80.66355 ]
            ],
            "projected_cuboid": [
                [ -145.3864, 587.7883 ],
                [ 30.94296, 647.5396 ],
                [ 20.90746, 598.5638 ],
                [ -160.705, 539.3828 ],
                [ -27.37362, 454.4258 ],
                [ 132.6837, 500.6396 ],
                [ 127.0054, 453.4324 ],
                [ -37.42245, 408.0306 ]
            ]
        },
        {
            "class": "big_fork",
            "visibility": 1.0,
            "location": [
                -9.829072952270508,
                -2.2506675720214845,
                107.85616302490235
            ],
            "quaternion_xyzw": [
                0.2640879154205322,
                0.39304694533348086,
                0.7362735867500305,
                -0.48339736461639407
            ],
            "pose_transform_permuted": [
                [ -0.3931694, 0.9194233, 0.008886218, 0 ],
                [ -0.5042275, -0.2236825, 0.8340989, 0 ],
                [ 0.7688776, 0.3234614, 0.5515434, 0 ],
                [ -9.829073, -2.250668, 107.8562, 1 ]
            ],
            "cuboid_centroid": [
                -9.829072952270508,
                -2.2506675720214845,
                107.85616302490235
            ],
            "projected_cuboid_centroid": [
                211.16586303710938,
                215.0791015625
            ],
            "bounding_box": {
                "top_left": [
                    127.32145690917969,
                    185.9603271484375
                ],
                "bottom_right": [
                    292.2182922363281,
                    245.8436279296875
                ]
            },
            "cuboid": [
                [ -2.562435, -3.824056, 109.0048 ],
                [ -3.49074, -5.014571, 110.8202 ],
                [ -17.10663, -1.702033, 106.03 ],
                [ -16.17833, -0.5114998, 104.2146 ],
                [ -2.551517, -2.799307, 109.6824 ],
                [ -3.479818, -3.989833, 111.4978 ],
                [ -17.09571, -0.6772748, 106.7076 ],
                [ -16.16742, 0.5132489, 104.8922 ]
            ],
            "projected_cuboid": [
                [ 291.926, 198.1036 ],
                [ 282.382, 185.9603 ],
                [ 127.3215, 220.8293 ],
                [ 134.603, 234.1384 ],
                [ 292.2183, 209.5203 ],
                [ 282.7275, 197.2648 ],
                [ 128.6671, 232.42 ],
                [ 135.9249, 245.8436 ]
            ]
        },
        {
            "class": "small_plates",
            "visibility": 0.23471421003341676,
            "location": [
                -7.813191890716553,
                25.15609359741211,
                66.03372955322266
            ],
            "quaternion_xyzw": [
                -0.27503809332847597,
                -0.2772928476333618,
                -0.08295922726392746,
                -0.9168317317962647
            ],
            "pose_transform_permuted": [
                [ 0.8324529, 0.0004128814, 0.5540957, 0 ],
                [ 0.3046515, 0.8349437, -0.4583193, 0 ],
                [ -0.4628279, 0.5503353, 0.6949254, 0 ],
                [ -7.813192, 25.15609, 66.03373, 1 ]
            ],
            "cuboid_centroid": [
                -7.813191890716553,
                25.15609359741211,
                66.03372955322266
            ],
            "projected_cuboid_centroid": [
                178.6941375732422,
                694.9617919921875
            ],
            "bounding_box": {
                "top_left": [
                    40.179710388183597,
                    581.9857177734375
                ],
                "bottom_right": [
                    310.5521240234375,
                    829.1555786132813
                ]
            },