{
    "camera_data": {
        "location_worldframe": [
            -67.91361999511719,
            195.77931213378907,
            45.83437728881836
        ],
        "quaternion_xyzw_worldframe": [
            0.14639513194561006,
            0.8078055381774902,
            -0.5245957374572754,
            0.22542843222618104
        ]
    },
    "objects": [
        {
            "class": "big_spoon",
            "visibility": 1.0,
            "location": [
                -0.8087310791015625,
                1.7793805599212647,
                211.26565551757813
            ],
            "quaternion_xyzw": [
                0.3476196825504303,
                0.6376341581344605,
                0.4181302487850189,
                0.5456650257110596
            ],
            "pose_transform_permuted": [
                [ -0.1628205, -0.01300976, 0.9865699, 0 ],
                [ 0.8996265, 0.4086553, 0.1538605, 0 ],
                [ -0.4051687, 0.9125961, -0.05483353, 0 ],
                [ -0.8087311, 1.779381, 211.2657, 1 ]
            ],
            "cuboid_centroid": [
                -0.8087310791015625,
                1.7793805599212647,
                211.26565551757813
            ],
            "projected_cuboid_centroid": [
                315.4283447265625,
                250.05859375
            ],
            "bounding_box": {
                "top_left": [
                    302.91851806640627,
                    207.6376953125
                ],
                "bottom_right": [
                    327.7679748535156,
                    293.1048583984375
                ]
            },
            "cuboid": [
                [ -0.5714133, -4.396627, 215.8717 ],
                [ -3.000995, 9.027507, 209.8258 ],
                [ -2.95738, 7.657295, 206.7659 ],
                [ -0.5277892, -5.766837, 212.8118 ],
                [ 1.339906, -4.098538, 215.7654 ],
                [ -1.089682, 9.325577, 209.7196 ],
                [ -1.046051, 7.955385, 206.6597 ],
                [ 1.383533, -5.46875, 212.7055 ]
            ],
            "projected_cuboid": [
                [ 316.8388, 215.6768 ],
                [ 302.9194, 291.3815 ],
                [ 302.9185, 284.2277 ],
                [ 317.0381, 207.6377 ],
                [ 327.4164, 217.3147 ],
                [ 313.7948, 293.1049 ],
                [ 313.955, 285.973 ],
                [ 327.768, 209.2952 ]
            ]
        },
        {
            "class": "packet_cup",
            "visibility": 1.0,
            "location": [
                -18.42066192626953,
                7.573634624481201,
                208.5816192626953
            ],
            "quaternion_xyzw": [
                0.7046252489089966,
                0.34076428413391116,
                0.6195685863494873,
                -0.05930985510349274
            ],
            "pose_transform_permuted": [
                [ 2.893806E-05, 0.5537153, 0.832706, 0 ],
                [ 0.4067292, -0.7607239, 0.5058361, 0 ],
                [ 0.9135487, 0.3386713, -0.2252341, 0 ],
                [ -18.42066, 7.573635, 208.5816, 1 ]
            ],
            "cuboid_centroid": [
                -18.42066192626953,
                7.573634624481201,
                208.5816192626953
            ],
            "projected_cuboid_centroid": [
                214.53054809570313,
                283.3636474609375
            ],
            "bounding_box": {
                "top_left": [
                    188.87554931640626,
                    258.25927734375
                ],
                "bottom_right": [
                    239.78115844726563,
                    308.4766845703125
                ]
            },
            "cuboid": [
                [ -19.95089, 3.18961, 208.6179 ],
                [ -19.95079, 4.613178, 211.8153 ],
                [ -22.71937, 8.41678, 210.122 ],
                [ -22.71947, 6.993243, 206.9245 ],
                [ -14.12195, 6.730474, 207.0412 ],
                [ -14.12185, 8.154019, 210.2387 ],
                [ -16.89043, 11.95764, 208.5453 ],
                [ -16.89053, 10.5341, 205.3479 ]
            ],
            "projected_cuboid": [
                [ 205.7889, 258.2593 ],
                [ 207.5135, 266.01 ],
                [ 190.8714, 287.8379 ],
                [ 188.8755, 280.3612 ],
                [ 238.5417, 278.8228 ],
                [ 239.7812, 286.3187 ],
                [ 223.2752, 308.4767 ],
                [ 221.7686, 301.2639 ]
            ]
        },
        {
            "class": "wine_glass",
            "visibility": 1.0,
            "location": [
                -37.31248474121094,
                49.29072570800781,
                187.5976104736328
            ],
            "quaternion_xyzw": [
                0.9776932597160339,
                0.029905768111348153,
                -0.006446743384003639,
                0.20779798924922944
            ],
            "pose_transform_permuted": [
                [ 0.9981282, 0.06115657, -0.000177158, 0 ],
                [ 0.05579809, -0.9118513, -0.406711, 0 ],
                [ -0.02503459, 0.4059398, -0.9135569, 0 ],
                [ -37.31248, 49.29073, 187.5976, 1 ]
            ],
            "cuboid_centroid": [
                -37.31248474121094,
                49.29072570800781,
                187.5976104736328
            ],
            "projected_cuboid_centroid": [
                82.46675109863281,
                553.787353515625
            ],
            "bounding_box": {
                "top_left": [
                    44.5295524597168,
                    497.66357421875
                ],
                "bottom_right": [
                    117.8036117553711,
                    609.693115234375
                ]
            },
            "cuboid": [
                [ -40.78686, 43.61043, 194.453 ],
                [ -32.88879, 44.05196, 194.2549 ],
                [ -33.83672, 58.18565, 187.9629 ],
                [ -41.73478, 57.74413, 188.161 ],
                [ -40.78825, 40.39581, 187.2323 ],
                [ -32.89019, 40.83735, 187.0343 ],
                [ -33.83812, 54.97105, 180.7422 ],
                [ -41.73618, 54.52952, 180.9403 ]
            ],
            "projected_cuboid": [
                [ 69.5027, 507.8386 ],
                [ 117.8036, 510.8262 ],
                [ 105.0123, 609.6931 ],
                [ 55.10963, 606.5016 ],
                [ 59.83326, 497.6636 ],
                [ 109.9887, 500.7557 ],
                [ 96.41422, 603.2219 ],
                [ 44.52955, 599.91 ]
            ]
        },
        {
            "class": "bowl",
            "visibility": 0.0,
            "location": [
                -72.772705078125,
                4.5500898361206059,
                209.52334594726563
            ],
            "quaternion_xyzw": [
                -0.045353107154369357,
                0.5432435870170593,
                -0.837825357913971,
                0.02963273972272873
            ],
            "pose_transform_permuted": [
                [ -0.9941298, 0.0003785528, 0.1081916, 0 ],
                [ -0.09892969, -0.4080165, -0.9075986, 0 ],
                [ 0.04380038, -0.9129744, 0.405659, 0 ],
                [ -72.77271, 4.55009, 209.5233, 1 ]
            ],
            "cuboid_centroid": [
                -72.772705078125,
                4.5500898361206059,
                209.52334594726563
            ],
            "projected_cuboid_centroid": [
                -94.79511260986328,
                265.9349365234375
            ],
            "bounding_box": {
                "top_left": [
                    -143.33740234375,
                    225.212890625
                ],
                "bottom_right": [
                    -48.16093444824219,
                    306.99560546875
                ]
            },