{
    "camera_data": {
        "location_worldframe": [
            17.848237991333009,
            73.77659606933594,
            -52.01819610595703
        ],
        "quaternion_xyzw_worldframe": [
            0.3892534673213959,
            -0.27734172344207766,
            0.12414912134408951,
            0.8695690631866455
        ]
    },
    "objects": [
        {
            "class": "mug",
            "visibility": 1.0,
            "location": [
                0.150282084941864,
                2.4012320041656496,
                91.21261596679688
            ],
            "quaternion_xyzw": [
                0.0866188332438469,
                0.8920252919197083,
                0.39908212423324587,
                0.193704754114151
            ],
            "pose_transform_permuted": [
                [ -0.9099513, -7.583201E-05, 0.4147151, 0 ],
                [ 0.3091406, 0.6664613, 0.6784257, 0 ],
                [ -0.276443, 0.7455396, -0.6064239, 0 ],
                [ 0.1502821, 2.401232, 91.21262, 1 ]
            ],
            "cuboid_centroid": [
                0.150282084941864,
                2.4012320041656496,
                91.21261596679688
            ],
            "projected_cuboid_centroid": [
                321.9676513671875,
                271.4395751953125
            ],
            "bounding_box": {
                "top_left": [
                    232.39651489257813,
                    181.4993896484375
                ],
                "bottom_right": [
                    413.50128173828127,
                    363.700927734375
                ]
            },
            "cuboid": [
                [ 3.534127, 0.4734916, 97.96614 ],
                [ -6.551845, 3.900032, 94.90204 ],
                [ -6.551282, -1.098435, 89.31048 ],
                [ 3.534692, -4.524968, 92.3746 ],
                [ 6.851845, 5.900893, 93.11475 ],
                [ -3.234128, 9.327435, 90.05064 ],
                [ -3.233562, 4.328972, 84.45909 ],
                [ 6.852408, 0.9024325, 87.5232 ]
            ],
            "projected_cuboid": [
                [ 363.0828, 245.7721 ],
                [ 237.551, 289.0784 ],
                [ 232.3965, 225.3118 ],
                [ 365.6979, 181.4994 ],
                [ 407.8793, 315.6827 ],
                [ 277.1088, 363.7009 ],
                [ 274.2773, 301.2119 ],
                [ 413.5013, 252.3137 ]
            ]
        },
        {
            "class": "bowl",
            "visibility": 0.267081618309021,
            "location": [
                -1.2803112268447877,
                27.340707778930665,
                71.11727142333985
            ],
            "quaternion_xyzw": [
                0.7211400866508484,
                -0.25062161684036257,
                0.5594052672386169,
                -0.32281821966171267
            ],
            "pose_transform_permuted": [
                [ 0.2485091, -0.0002941489, 0.9686296, 0 ],
                [ -0.722639, -0.6659545, 0.1851962, 0 ],
                [ 0.6450087, -0.7459924, -0.1657084, 0 ],
                [ -1.280311, 27.34071, 71.11727, 1 ]
            ],
            "cuboid_centroid": [
                -1.2803112268447877,
                27.340707778930665,
                71.11727142333985
            ],
            "projected_cuboid_centroid": [
                298.5000305175781,
                699.1263427734375
            ],
            "bounding_box": {
                "top_left": [
                    160.52731323242188,
                    564.2432250976563
                ],
                "bottom_right": [
                    424.1172790527344,
                    847.8897705078125
                ]
            },
            "cuboid": [
                [ -8.884899, 29.28383, 66.53707 ],
                [ -5.779398, 20.25336, 74.59742 ],
                [ -5.778148, 23.08368, 77.76789 ],
                [ -8.883646, 32.11413, 69.70753 ],
                [ 3.217526, 31.59773, 64.46664 ],
                [ 6.323027, 22.56728, 72.527 ],
                [ 6.324277, 25.39758, 75.69746 ],
                [ 3.218778, 34.42804, 67.63712 ]
            ],
            "projected_cuboid": [
                [ 160.5273, 765.6077 ],
                [ 227.4756, 564.2432 ],
                [ 231.2669, 594.4885 ],
                [ 167.802, 790.1916 ],
                [ 379.6053, 825.3538 ],
                [ 424.1173, 611.6012 ],
                [ 419.7762, 640.6901 ],
                [ 376.8334, 847.8898 ]
            ]
        },
        {
            "class": "big_fork",
            "visibility": 0.0,
            "location": [
                22.96976089477539,
                8.930851936340332,
                89.5823745727539
            ],
            "quaternion_xyzw": [
                0.8523276448249817,
                0.382666677236557,
                -0.1460462063550949,
                0.325229674577713
            ],
            "pose_transform_permuted": [
                [ 0.6644734, 0.7473119, -4.932284E-05, 0 ],
                [ 0.5573177, -0.4955838, -0.6661785, 0 ],
                [ -0.4978676, 0.4426305, -0.7457924, 0 ],
                [ 22.96976, 8.930852, 89.58237, 1 ]
            ],
            "cuboid_centroid": [
                22.96976089477539,
                8.930851936340332,
                89.5823745727539
            ],
            "projected_cuboid_centroid": [
                626.218505859375,
                359.060546875
            ],
            "bounding_box": {
                "top_left": [
                    547.6630249023438,
                    293.864501953125
                ],
                "bottom_right": [
                    700.955322265625,
                    429.41204833984377
                ]
            },
            "cuboid": [
                [ 27.7189, 5.012554, 93.90575 ],
                [ 29.28777, 6.328427, 92.73024 ],
                [ 18.22069, 13.66761, 86.17525 ],
                [ 16.65182, 12.35174, 87.35075 ],
                [ 27.71883, 4.194102, 92.98948 ],
                [ 29.28771, 5.509976, 91.81398 ],
                [ 18.22064, 12.84916, 85.259 ],
                [ 16.65176, 11.53329, 86.4345 ]
            ],
            "projected_cuboid": [
                [ 672.518, 303.7477 ],
                [ 697.1919, 321.5027 ],
                [ 572.5107, 429.412 ],
                [ 547.663, 408.8726 ],
                [ 675.9906, 293.8645 ],
                [ 700.9553, 311.6702 ],
                [ 575.2236, 419.9833 ],
                [ 550.0756, 399.3542 ]
            ]
        },
        {
            "class": "small_fork",
            "visibility": 1.0,
            "location": [
                -10.902315139770508,
                0.09795300662517548,
                97.63672637939453
            ],
            "quaternion_xyzw": [
                0.2885172963142395,
                0.20891739428043366,
                0.5482566356658936,
                -0.7566544413566589
            ],
            "pose_transform_permuted": [
                [ 0.3115364, 0.9502342, 0.0002065003, 0 ],
                [ -0.7091291, 0.2323449, 0.6656965, 0 ],
                [ 0.6325196, -0.2075351, 0.7462226, 0 ],
                [ -10.90232, 0.09795301, 97.63673, 1 ]
            ],
            "cuboid_centroid": [
                -10.902315139770508,
                0.09795300662517548,
                97.63672637939453
            ],
            "projected_cuboid_centroid": [
                186.64691162109376,
                241.1981201171875
            ],
            "bounding_box": {
                "top_left": [
                    114.75410461425781,
                    212.5799560546875
                ],
                "bottom_right": [
                    258.9315185546875,
                    270.68505859375
                ]
            },