{
    "camera_data": {
        "location_worldframe": [
            36.85517883300781,
            234.9967498779297,
            -58.786373138427737
        ],
        "quaternion_xyzw_worldframe": [
            0.5586068630218506,
            -0.18288719654083253,
            0.12788695096969605,
            0.798846423625946
        ]
    },
    "objects": [
        {
            "class": "bowl",
            "visibility": 1.0,
            "location": [
                -0.24773907661437989,
                -1.4983832836151124,
                243.66238403320313
            ],
            "quaternion_xyzw": [
                -0.06978844106197357,
                0.6849223971366882,
                -0.1755821853876114,
                0.7036916017532349
            ],
            "pose_transform_permuted": [
                [ 0.0001044236, 0.1515121, 0.9884555, 0 ],
                [ -0.3427108, 0.928601, -0.1423013, 0 ],
                [ -0.939441, -0.3387394, 0.05202178, 0 ],
                [ -0.2477391, -1.498383, 243.6624, 1 ]
            ],
            "cuboid_centroid": [
                -0.24773907661437989,
                -1.4983832836151124,
                243.66238403320313
            ],
            "projected_cuboid_centroid": [
                318.7857666015625,
                232.656005859375
            ],
            "bounding_box": {
                "top_left": [
                    286.1854248046875,
                    207.4881591796875
                ],
                "bottom_right": [
                    351.4410400390625,
                    256.846435546875
                ]
            },
            "cuboid": [
                [ -6.101492, 3.505217, 248.4875 ],
                [ -6.100195, -0.7774644, 236.7477 ],
                [ -6.744119, -4.724017, 238.1874 ],
                [ -6.745423, -0.4413361, 249.9271 ],
                [ 6.248642, 1.727244, 249.1374 ],
                [ 6.24994, -2.555446, 237.3977 ],
                [ 5.606012, -6.501988, 238.8373 ],
                [ 5.604712, -2.219305, 250.5771 ]
            ],
            "projected_cuboid": [
                [ 290.6756, 256.8464 ],
                [ 289.228, 236.0781 ],
                [ 286.1854, 216.3141 ],
                [ 287.7675, 237.8911 ],
                [ 349.9533, 248.2797 ],
                [ 351.441, 227.1445 ],
                [ 348.0317, 207.4882 ],
                [ 346.7122, 229.4227 ]
            ]
        },
        {
            "class": "packet_cup",
            "visibility": 1.0,
            "location": [
                26.600051879882814,
                21.30206298828125,
                240.12060546875
            ],
            "quaternion_xyzw": [
                0.7071061134338379,
                0.24223124980926515,
                0.6643227338790894,
                0.0004784688353538513
            ],
            "pose_transform_permuted": [
                [ -1.318753E-06, 0.3419307, 0.9397252, 0 ],
                [ 0.3432021, -0.8826475, 0.3211628, 0 ],
                [ 0.9392616, 0.3225161, -0.11735, 0 ],
                [ 26.60005, 21.30206, 240.1206, 1 ]
            ],
            "cuboid_centroid": [
                26.600051879882814,
                21.30206298828125,
                240.12060546875
            ],
            "projected_cuboid_centroid": [
                452.29718017578127,
                345.947265625
            ],
            "bounding_box": {
                "top_left": [
                    431.10986328125,
                    326.548583984375
                ],
                "bottom_right": [
                    473.7059326171875,
                    365.2772216796875
                ]
            },
            "cuboid": [
                [ 24.16584, 17.37079, 239.6939 ],
                [ 24.16584, 18.57198, 242.9814 ],
                [ 22.45619, 22.98523, 241.3688 ],
                [ 22.45619, 21.78402, 238.0814 ],
                [ 30.74392, 19.6189, 238.8725 ],
                [ 30.74392, 20.82011, 242.1599 ],
                [ 29.03427, 25.23336, 240.5473 ],
                [ 29.03426, 24.03214, 237.2599 ]
            ],
            "projected_cuboid": [
                [ 440.4044, 326.5486 ],
                [ 438.7754, 331.2815 ],
                [ 431.1099, 353.7274 ],
                [ 432.644, 349.2723 ],
                [ 473.7059, 338.0858 ],
                [ 471.6193, 342.6782 ],
                [ 464.1478, 365.2772 ],
                [ 466.145, 360.9667 ]
            ]
        },
        {
            "class": "small_spoon",
            "visibility": 1.0,
            "location": [
                14.885602951049805,
                -5.755362510681152,
                251.04861450195313
            ],
            "quaternion_xyzw": [
                -0.057342056185007098,
                0.16407836973667146,
                0.9312570095062256,
                0.32023507356643679
            ],
            "pose_transform_permuted": [
                [ -0.7883226, -0.6152595, -0.00171309, 0 ],
                [ 0.5776252, -0.7410554, 0.3423241, 0 ],
                [ -0.2118877, 0.2688724, 0.9395804, 0 ],
                [ 14.8856, -5.755363, 251.0486, 1 ]
            ],
            "cuboid_centroid": [
                14.885602951049805,
                -5.755362510681152,
                251.04861450195313
            ],
            "projected_cuboid_centroid": [
                390.8118896484375,
                212.621337890625
            ],
            "bounding_box": {
                "top_left": [
                    364.52789306640627,
                    190.4075927734375
                ],
                "bottom_right": [
                    417.0590515136719,
                    234.994384765625
                ]
            },
            "cuboid": [
                [ 18.76706, -10.46224, 251.9458 ],
                [ 9.356448, -3.566836, 249.4164 ],
                [ 11.00681, -1.579033, 248.6952 ],
                [ 20.41741, -8.474442, 251.2246 ],
                [ 18.7644, -9.931669, 253.402 ],
                [ 9.353796, -3.036264, 250.8726 ],
                [ 11.00416, -1.048487, 250.1514 ],
                [ 20.41476, -7.943882, 252.6808 ]
            ],
            "projected_cuboid": [
                [ 408.9583, 190.4076 ],
                [ 364.8006, 222.9213 ],
                [ 372.8557, 232.4174 ],
                [ 417.0591, 199.7147 ],
                [ 408.4346, 193.1931 ],
                [ 364.5279, 225.5461 ],
                [ 372.5353, 234.9944 ],
                [ 416.4872, 202.4545 ]
            ]
        }
    ]
}