{
    "camera_data": {
        "location_worldframe": [
            66.44116973876953,
            240.90524291992188,
            -64.43571472167969
        ],
        "quaternion_xyzw_worldframe": [
            0.5931118130683899,
            -0.16924352943897248,
            0.12928259372711183,
            0.7764412760734558
        ]
    },
    "objects": [
        {
            "class": "big_plates",
            "visibility": 1.0,
            "location": [
                -4.899959564208984,
                1.1413252353668213,
                248.2098388671875
            ],
            "quaternion_xyzw": [
                0.4983769357204437,
                0.4740356206893921,
                -0.6185809373855591,
                -0.3798266351222992
            ],
            "pose_transform_permuted": [
                [ -0.2147043, 0.002589792, -0.9766756, 0 ],
                [ 0.9424039, -0.2620439, -0.2078651, 0 ],
                [ -0.2564702, -0.9650525, 0.05382133, 0 ],
                [ -4.89996, 1.141325, 248.2098, 1 ]
            ],
            "cuboid_centroid": [
                -4.899959564208984,
                1.1413252353668213,
                248.2098388671875
            ],
            "projected_cuboid_centroid": [
                296.4239501953125,
                245.491455078125
            ],
            "bounding_box": {
                "top_left": [
                    245.53564453125,
                    196.50732421875
                ],
                "bottom_right": [
                    346.47198486328127,
                    295.270751953125
                ]
            },
            "cuboid": [
                [ 5.525264, -5.474501, 249.2666 ],
                [ 1.770453, 11.00654, 244.7814 ],
                [ 1.766615, 11.39477, 246.2112 ],
                [ 5.521426, -5.086271, 250.6964 ],
                [ -11.56654, -9.112144, 250.2085 ],
                [ -15.32136, 7.368898, 245.7233 ],
                [ -15.32519, 7.757142, 247.1531 ],
                [ -11.57038, -8.723897, 251.6383 ]
            ],
            "projected_cuboid": [
                [ 346.472, 213.7712 ],
                [ 328.6378, 293.6995 ],
                [ 328.569, 295.2708 ],
                [ 346.3027, 215.7703 ],
                [ 264.7924, 196.5073 ],
                [ 245.5356, 275.8141 ],
                [ 245.9479, 277.4829 ],
                [ 265.0879, 198.597 ]
            ]
        },
        {
            "class": "packet_cup",
            "visibility": 1.0,
            "location": [
                -39.05586624145508,
                -14.827794075012207,
                251.51010131835938
            ],
            "quaternion_xyzw": [
                0.6924188733100891,
                -0.04366094991564751,
                -0.705774188041687,
                0.14329183101654054
            ],
            "pose_transform_permuted": [
                [ -4.697405E-05, 0.1418, -0.9898952, 0 ],
                [ -0.2627267, -0.9551222, -0.1368064, 0 ],
                [ -0.9648702, 0.2600655, 0.03729963, 0 ],
                [ -39.05587, -14.82779, 251.5101, 1 ]
            ],
            "cuboid_centroid": [
                -39.05586624145508,
                -14.827794075012207,
                251.51010131835938
            ],
            "projected_cuboid_centroid": [
                134.54934692382813,
                169.592529296875
            ],
            "bounding_box": {
                "top_left": [
                    114.61116790771485,
                    153.4853515625
                ],
                "bottom_right": [
                    154.14047241210938,
                    185.583740234375
                ]
            },
            "cuboid": [
                [ -35.23665, -16.27702, 253.7182 ],
                [ -35.23682, -17.19657, 250.3412 ],
                [ -35.94582, -12.42095, 249.0409 ],
                [ -35.94565, -11.50142, 252.4179 ],
                [ -42.16592, -17.23468, 253.9794 ],
                [ -42.16609, -18.1542, 250.6023 ],
                [ -42.87509, -13.3786, 249.302 ],
                [ -42.87492, -12.45906, 252.679 ]
            ],
            "projected_cuboid": [
                [ 154.1405, 163.3838 ],
                [ 151.9023, 157.9635 ],
                [ 147.6246, 180.4363 ],
                [ 149.9316, 185.5837 ],
                [ 121.7283, 158.9595 ],
                [ 119.0557, 153.4854 ],
                [ 114.6112, 175.9111 ],
                [ 117.357, 181.1138 ]
            ]
        },
        {
            "class": "small_spoon",
            "visibility": 1.0,
            "location": [
                -21.76398277282715,
                -33.915767669677737,
                257.74432373046877
            ],
            "quaternion_xyzw": [
                0.10509034991264343,
                0.0780111625790596,
                0.6183205246925354,
                -0.7749516367912293
            ],
            "pose_transform_permuted": [
                [ 0.223188, 0.9747335, 0.009049289, 0 ],
                [ -0.9419405, 0.2132715, 0.2593517, 0 ],
                [ 0.2508688, -0.06640808, 0.9657406, 0 ],
                [ -21.76398, -33.91577, 257.7443, 1 ]
            ],
            "cuboid_centroid": [
                -21.76398277282715,
                -33.915767669677737,
                257.74432373046877
            ],
            "projected_cuboid_centroid": [
                219.15676879882813,
                82.8515625
            ],
            "bounding_box": {
                "top_left": [
                    205.93994140625,
                    55.1455078125
                ],
                "bottom_right": [
                    232.15423583984376,
                    110.73828125
                ]
            },
            "cuboid": [
                [ -21.79585, -28.20852, 255.4095 ],
                [ -19.13153, -39.45293, 258.4042 ],
                [ -21.74614, -40.02501, 258.5824 ],
                [ -24.41045, -28.7806, 255.5876 ],
                [ -21.78182, -27.80655, 256.9063 ],
                [ -19.11751, -39.05098, 259.901 ],
                [ -21.73211, -39.62303, 260.0791 ],
                [ -24.39643, -28.37863, 257.0844 ]
            ],
            "projected_cuboid": [
                [ 218.0859, 108.1012 ],
                [ 231.5806, 57.66199 ],
                [ 219.566, 55.14551 ],
                [ 205.9399, 105.52 ],
                [ 218.7449, 110.7383 ],
                [ 232.1542, 60.55908 ],
                [ 220.2084, 58.05518 ],
                [ 206.6692, 108.1703 ]
            ]
        },
        {
            "class": "small_spoon",
            "visibility": 1.0,
            "location": [
                -12.812492370605469,
                -44.7475700378418,
                260.68792724609377
            ],
            "quaternion_xyzw": [
                0.02858588844537735,
                0.12756629288196565,
                0.9665612578392029,
                -0.2206108421087265
            ],
            "pose_transform_permuted": [
                [ -0.9010276, 0.433761, -0.001024991, 0 ],
                [ -0.4191746, -0.8701156, 0.259214, 0 ],
                [ 0.111545, 0.2339886, 0.9658194, 0 ],
                [ -12.81249, -44.74757, 260.6879, 1 ]
            ],
            "cuboid_centroid": [
                -12.812492370605469,
                -44.7475700378418,
                260.68792724609377
            ],
            "projected_cuboid_centroid": [
                261.30377197265627,
                35.003662109375
            ],
            "bounding_box": {
                "top_left": [
                    233.87374877929688,
                    17.4727783203125
                ],
                "bottom_right": [
                    288.6505432128906,
                    52.5657958984375
                ]
            },