{
    "camera_data": {
        "location_worldframe": [
            -22.597070693969728,
            40.4163703918457,
            -52.92516326904297
        ],
        "quaternion_xyzw_worldframe": [
            0.20896929502487184,
            -0.07279589027166367,
            0.015600810758769513,
            0.9750842452049255
        ]
    },
    "objects": [
        {
            "class": "small_spoon",
            "visibility": 1.0,
            "location": [
                0.22163675725460053,
                -1.1601557731628419,
                98.3392333984375
            ],
            "quaternion_xyzw": [
                0.6741600036621094,
                0.5004855394363403,
                -0.32423868775367739,
                0.43576568365097048
            ],
            "pose_transform_permuted": [
                [ 0.288767, 0.9573988, -0.0009886622, 0 ],
                [ 0.3922305, -0.1192449, -0.9121051, 0 ],
                [ -0.8733664, 0.262998, -0.409955, 0 ],
                [ 0.2216368, -1.160156, 98.33923, 1 ]
            ],
            "cuboid_centroid": [
                0.22163675725460053,
                -1.1601557731628419,
                98.3392333984375
            ],
            "projected_cuboid_centroid": [
                322.6916198730469,
                225.9107666015625
            ],
            "bounding_box": {
                "top_left": [
                    287.651123046875,
                    189.640869140625
                ],
                "bottom_right": [
                    361.38690185546877,
                    266.27001953125
                ]
            },
            "cuboid": [
                [ -0.2171143, -2.95439, 104.2225 ],
                [ 3.230036, 1.727858, 93.79675 ],
                [ 0.6619244, 2.047725, 93.09128 ],
                [ -2.785228, -2.63453, 103.5171 ],
                [ -0.2186495, -4.36804, 103.5872 ],
                [ 3.228503, 0.3142216, 93.16135 ],
                [ 0.6603923, 0.6340801, 92.4559 ],
                [ -2.786762, -4.048176, 102.8817 ]
            ],
            "projected_cuboid": [
                [ 317.5121, 206.1465 ],
                [ 361.1261, 261.9998 ],
                [ 328.4918, 266.27 ],
                [ 287.8674, 209.606 ],
                [ 317.4792, 189.6409 ],
                [ 361.3869, 244.0281 ],
                [ 328.5303, 248.1904 ],
                [ 287.6511, 193.0085 ]
            ]
        }
    ]
}