{
    "camera_data": {
        "location_worldframe": [
            58.47332000732422,
            227.9814910888672,
            -54.982215881347659
        ],
        "quaternion_xyzw_worldframe": [
            0.5651450157165527,
            -0.15431852638721467,
            0.10859166085720062,
            0.8031219244003296
        ]
    },
    "objects": [
        {
            "class": "big_spoon",
            "visibility": 1.0,
            "location": [
                -1.8137800693511963,
                -1.2849918603897095,
                241.19003295898438
            ],
            "quaternion_xyzw": [
                -0.6391752362251282,
                0.7494152784347534,
                -0.13162314891815186,
                -0.11183581501245499
            ],
            "pose_transform_permuted": [
                [ -0.1578959, -0.9874557, 0.000637576, 0 ],
                [ -0.928575, 0.1482607, -0.3402461, 0 ],
                [ 0.3358834, -0.05431543, -0.9403365, 0 ],
                [ -1.81378, -1.284992, 241.19, 1 ]
            ],
            "cuboid_centroid": [
                -1.8137800693511963,
                -1.2849918603897095,
                241.19003295898438
            ],
            "projected_cuboid_centroid": [
                311.01904296875,
                233.6373291015625
            ],
            "bounding_box": {
                "top_left": [
                    297.1346130371094,
                    196.7724609375
                ],
                "bottom_right": [
                    325.12286376953127,
                    271.021240234375
                ]
            },
            "cuboid": [
                [ -2.291797, 6.221199, 239.5038 ],
                [ -4.647891, -7.63488, 244.5159 ],
                [ -1.336992, -8.131998, 244.698 ],
                [ 1.019105, 5.724084, 239.6859 ],
                [ -2.290559, 5.56202, 237.6821 ],
                [ -4.646654, -8.294073, 242.6941 ],
                [ -1.335758, -8.791196, 242.8762 ],
                [ 1.02034, 5.064919, 237.8642 ]
            ],
            "projected_cuboid": [
                [ 308.5722, 271.0212 ],
                [ 297.2989, 202.71 ],
                [ 313.4748, 200.3115 ],
                [ 325.0778, 268.5208 ],
                [ 308.4909, 267.9469 ],
                [ 297.1346, 199.1863 ],
                [ 313.4319, 196.7725 ],
                [ 325.1229, 265.4297 ]
            ]
        },
        {
            "class": "big_spoon",
            "visibility": 1.0,
            "location": [
                -4.593978404998779,
                -27.312480926513673,
                250.5480499267578
            ],
            "quaternion_xyzw": [
                -0.12077029794454575,
                0.1216404139995575,
                0.702078640460968,
                0.6911610960960388
            ],
            "pose_transform_permuted": [
                [ -0.0154216, -0.99988, -0.001434252, 0 ],
                [ 0.9411178, -0.01499975, 0.3377457, 0 ],
                [ -0.3377267, 0.00385882, 0.9412363, 0 ],
                [ -4.593978, -27.31248, 250.548, 1 ]
            ],
            "cuboid_centroid": [
                -4.593978404998779,
                -27.312480926513673,
                250.5480499267578
            ],
            "projected_cuboid_centroid": [
                298.1024475097656,
                109.81298828125
            ],
            "bounding_box": {
                "top_left": [
                    289.1488037109375,
                    75.7230224609375
                ],
                "bottom_right": [
                    306.81463623046877,
                    144.344970703125
                ]
            },
            "cuboid": [
                [ -6.153807, -34.68644, 252.1626 ],
                [ -6.383923, -20.64317, 247.123 ],
                [ -3.031375, -20.59289, 247.1101 ],
                [ -2.801249, -34.63613, 252.1496 ],
                [ -6.15658, -34.03209, 253.9861 ],
                [ -6.386702, -19.98886, 248.9465 ],
                [ -3.034152, -19.93856, 248.9336 ],
                [ -2.804029, -33.98181, 253.9731 ]
            ],
            "projected_cuboid": [
                [ 290.8552, 75.72302 ],
                [ 289.1488, 140.239 ],
                [ 305.3497, 140.4768 ],
                [ 306.7325, 75.95288 ],
                [ 291.0514, 79.97925 ],
                [ 289.3615, 144.1086 ],
                [ 305.4437, 144.345 ],
                [ 306.8146, 80.20752 ]
            ]
        },
        {
            "class": "teacup",
            "visibility": 0.0,
            "location": [
                -77.60005950927735,
                28.13595962524414,
                227.14352416992188
            ],
            "quaternion_xyzw": [
                0.04360654950141907,
                0.6790383458137512,
                -0.19724422693252564,
                -0.7057619690895081
            ],
            "pose_transform_permuted": [
                [ 3.293157E-06, -0.2191939, -0.9756811, 0 ],
                [ 0.337636, 0.9183863, -0.2063211, 0 ],
                [ 0.9412766, -0.3294245, 0.0740108, 0 ],
                [ -77.60006, 28.13596, 227.1435, 1 ]
            ],
            "cuboid_centroid": [
                -77.60005950927735,
                28.13595962524414,
                227.14352416992188
            ],
            "projected_cuboid_centroid": [
                -87.99911499023438,
                387.930908203125
            ],
            "bounding_box": {
                "top_left": [
                    -116.05262756347656,
                    366.2513427734375
                ],
                "bottom_right": [
                    -61.06647491455078,
                    409.0540771484375
                ]
            },
            "cuboid": [
                [ -75.07151, 29.68336, 222.0446 ],
                [ -75.0715, 32.5715, 230.0963 ],
                [ -73.95509, 27.89401, 231.7741 ],
                [ -73.95512, 25.0059, 223.7224 ],
                [ -81.24499, 28.37788, 222.5129 ],
                [ -81.24496, 31.26602, 230.5645 ],
                [ -80.12858, 26.58856, 232.2424 ],
                [ -80.1286, 23.70042, 224.1907 ]
            ],
            "projected_cuboid": [
                [ -83.76846, 399.6505 ],
                [ -69.63947, 409.0541 ],
                [ -61.06647, 383.7288 ],
                [ -74.78104, 373.4844 ],
                [ -116.0526, 392.3079 ],
                [ -100.8249, 401.9487 ],
                [ -92.04391, 376.726 ],
                [ -106.8423, 366.2513 ]
            ]
        },
        {
            "class": "bowl",
            "visibility": 1.0,
            "location": [
                -25.766952514648439,
                14.596503257751465,
                234.2917022705078
            ],
            "quaternion_xyzw": [
                -0.8181885480880737,
                -0.005617886781692505,
                0.008414871990680695,
                0.5748610496520996
            ],
            "pose_transform_permuted": [
                [ 0.9997953, -0.0004817834, -0.02022891, 0 ],
                [ 0.01886775, -0.3390067, 0.9405949, 0 ],
                [ -0.007310896, -0.940784, -0.3389282, 0 ],
                [ -25.76695, 14.5965, 234.2917, 1 ]
            ],
            "cuboid_centroid": [
                -25.766952514648439,
                14.596503257751465,
                234.2917022705078
            ],
            "projected_cuboid_centroid": [
                188.65798950195313,
                314.40283203125
            ],
            "bounding_box": {
                "top_left": [
                    153.2689208984375,
                    280.149658203125
                ],
                "bottom_right": [
                    222.83828735351563,
                    348.7039794921875
                ]
            },