{
    "camera_data": {
        "location_worldframe": [
            24.634889602661134,
            114.69754028320313,
            15.987104415893555
        ],
        "quaternion_xyzw_worldframe": [
            0.322174072265625,
            -0.6669727563858032,
            0.39587295055389407,
            0.5428037047386169
        ]
    },
    "objects": [
        {
            "class": "teacup",
            "visibility": 1.0,
            "location": [
                1.260194182395935,
                -0.41338834166526797,
                127.53240966796875
            ],
            "quaternion_xyzw": [
                -0.22500969469547273,
                0.49291059374809267,
                -0.8297221660614014,
                0.13405561447143556
            ],
            "pose_transform_permuted": [
                [ -0.8627995, 0.0006384999, 0.5055459, 0 ],
                [ -0.4442772, -0.4781365, -0.7576301, 0 ],
                [ 0.2412362, -0.8782853, 0.4128196, 0 ],
                [ 1.260194, -0.4133883, 127.5324, 1 ]
            ],
            "cuboid_centroid": [
                1.260194182395935,
                -0.41338834166526797,
                127.53240966796875
            ],
            "projected_cuboid_centroid": [
                331.8008728027344,
                236.12890625
            ],
            "bounding_box": {
                "top_left": [
                    281.5252990722656,
                    184.5316162109375
                ],
                "bottom_right": [
                    382.30816650390627,
                    287.80810546875
                ]
            },
            "cuboid": [
                [ 3.352617, 2.666069, 122.958 ],
                [ -4.02775, -1.134264, 125.0215 ],
                [ -4.031003, 1.300951, 129.4948 ],
                [ 3.349364, 5.101289, 127.4313 ],
                [ 6.551391, -2.127722, 125.5701 ],
                [ -0.8289798, -5.928067, 127.6336 ],
                [ -0.8322316, -3.492854, 132.1068 ],
                [ 6.548138, 0.3074917, 130.0433 ]
            ],
            "projected_cuboid": [
                [ 352.563, 265.8948 ],
                [ 281.5253, 229.165 ],
                [ 282.8244, 251.9979 ],
                [ 351.3895, 287.8081 ],
                [ 382.3082, 219.7639 ],
                [ 312.2433, 184.5316 ],
                [ 312.4766, 208.4243 ],
                [ 380.135, 242.8239 ]
            ]
        }
    ]
}