{
    "camera_data": {
        "location_worldframe": [
            -32.82005310058594,
            79.13739013671875,
            -3.571218252182007
        ],
        "quaternion_xyzw_worldframe": [
            0.3615031838417053,
            0.44227609038352969,
            -0.20090246200561524,
            0.7958300709724426
        ]
    },
    "objects": [
        {
            "class": "big_fork",
            "visibility": 1.0,
            "location": [
                0.40059342980384829,
                -0.6962182521820068,
                104.25249481201172
            ],
            "quaternion_xyzw": [
                -0.35473135113716128,
                0.02494356408715248,
                0.06902565807104111,
                0.9320831298828125
            ],
            "pose_transform_permuted": [
                [ 0.9892266, -0.1463718, -0.002472181, 0 ],
                [ 0.1109788, 0.7388023, 0.6647217, 0 ],
                [ -0.09547009, -0.6578347, 0.747087, 0 ],
                [ 0.4005934, -0.6962183, 104.2525, 1 ]
            ],
            "cuboid_centroid": [
                0.40059342980384829,
                -0.6962182521820068,
                104.25249481201172
            ],
            "projected_cuboid_centroid": [
                324.5889587402344,
                232.0245361328125
            ],
            "bounding_box": {
                "top_left": [
                    297.69671630859377,
                    166.37451171875
                ],
                "bottom_right": [
                    349.19586181640627,
                    303.6319580078125
                ]
            },
            "cuboid": [
                [ -1.849529, 4.234962, 99.03529 ],
                [ 0.4861129, 4.496997, 98.80987 ],
                [ 2.653756, -6.444044, 108.5519 ],
                [ 0.318114, -6.706079, 108.7773 ],
                [ -1.852566, 5.051627, 99.95313 ],
                [ 0.4830788, 5.313658, 99.72772 ],
                [ 2.650721, -5.627392, 109.4697 ],
                [ 0.3150764, -5.88942, 109.6951 ]
            ],
            "projected_cuboid": [
                [ 297.6967, 291.069 ],
                [ 325.8754, 294.3525 ],
                [ 349.1959, 169.1045 ],
                [ 323.4926, 166.3745 ],
                [ 297.8652, 300.3577 ],
                [ 325.7849, 303.632 ],
                [ 348.918, 178.6082 ],
                [ 323.4302, 175.8816 ]
            ]
        }
    ]
}