{
    "camera_data": {
        "location_worldframe": [
            58.27681350708008,
            116.61124420166016,
            40.77374267578125
        ],
        "quaternion_xyzw_worldframe": [
            -0.14932240545749665,
            0.8503710627555847,
            -0.3441771864891052,
            -0.3689362704753876
        ]
    },
    "objects": [
        {
            "class": "big_plates",
            "visibility": 1.0,
            "location": [
                0.954463005065918,
                0.1141398698091507,
                165.89918518066407
            ],
            "quaternion_xyzw": [
                -0.09534887224435806,
                0.8967003226280212,
                0.3629651963710785,
                -0.2347196340560913
            ],
            "pose_transform_permuted": [
                [ -0.8716304, -0.0006086081, -0.490163, 0 ],
                [ -0.3413888, 0.7183297, 0.6061815, 0 ],
                [ 0.3517297, 0.6957026, -0.6263258, 0 ],
                [ 0.954463, 0.1141399, 165.8992, 1 ]
            ],
            "cuboid_centroid": [
                0.954463005065918,
                0.1141398698091507,
                165.89918518066407
            ],
            "projected_cuboid_centroid": [
                326.8708801269531,
                240.8216552734375
            ],
            "bounding_box": {
                "top_left": [
                    239.720458984375,
                    180.216796875
                ],
                "bottom_right": [
                    411.57183837890627,
                    307.600341796875
                ]
            },
            "cuboid": [
                [ 12.8646, -1.67264, 168.8193 ],
                [ -2.378736, -7.64295, 174.9705 ],
                [ -2.377824, -8.707235, 173.9397 ],
                [ 12.8655, -2.736914, 167.7886 ],
                [ 4.286758, 8.935516, 157.8586 ],
                [ -10.95657, 2.965197, 164.0098 ],
                [ -10.95567, 1.900921, 162.979 ],
                [ 4.287662, 7.871236, 156.8279 ]
            ],
            "projected_cuboid": [
                [ 411.0063, 228.1675 ],
                [ 303.764, 187.8333 ],
                [ 303.674, 180.2168 ],
                [ 411.5718, 220.5197 ],
                [ 352.4308, 307.6003 ],
                [ 240.2184, 261.5914 ],
                [ 239.7205, 253.9293 ],
                [ 352.6509, 299.9401 ]
            ]
        },
        {
            "class": "water_glass",
            "visibility": 1.0,
            "location": [
                -4.9794511795043949,
                33.11149978637695,
                129.2826385498047
            ],
            "quaternion_xyzw": [
                -0.3745725750923157,
                -0.052250638604164126,
                -0.021119197830557824,
                -0.925483226776123
            ],
            "pose_transform_permuted": [
                [ 0.9936477, 5.238503E-05, 0.1125355, 0 ],
                [ 0.07823424, 0.7184988, -0.6911143, 0 ],
                [ -0.08089283, 0.6955283, 0.7139305, 0 ],
                [ -4.979451, 33.1115, 129.2826, 1 ]
            ],
            "cuboid_centroid": [
                -4.9794511795043949,
                33.11149978637695,
                129.2826385498047
            ],
            "projected_cuboid_centroid": [
                274.00201416015627,
                545.8695068359375
            ],
            "bounding_box": {
                "top_left": [
                    251.99127197265626,
                    515.38134765625
                ],
                "bottom_right": [
                    295.0127868652344,
                    576.2874145507813
                ]
            },
            "cuboid": [
                [ -7.190813, 36.13358, 129.7553 ],
                [ -3.217971, 36.44638, 129.4319 ],
                [ -3.218234, 32.85389, 125.9543 ],
                [ -7.191074, 32.54109, 126.2777 ],
                [ -6.74067, 33.36912, 132.6111 ],
                [ -2.767831, 33.68192, 132.2876 ],
                [ -2.768093, 30.08943, 128.81 ],
                [ -6.740931, 29.77663, 129.1334 ]
            ],
            "projected_cuboid": [
                [ 253.8164, 572.5702 ],
                [ 290.3081, 576.2874 ],
                [ 289.4858, 551.5096 ],
                [ 251.9913, 547.7535 ],
                [ 259.2955, 540.5125 ],
                [ 295.0128, 544.0712 ],
                [ 294.3358, 518.9728 ],
                [ 257.6583, 515.3813 ]
            ]
        },
        {
            "class": "packet_cup",
            "visibility": 1.0,
            "location": [
                0.23294778168201447,
                14.319972038269043,
                147.25550842285157
            ],
            "quaternion_xyzw": [
                -0.33022505044937136,
                0.20790284872055055,
                0.4910127818584442,
                0.7788673043251038
            ],
            "pose_transform_permuted": [
                [ 0.4313657, -0.9021771, -0.0004319847, 0 ],
                [ 0.6275581, 0.2997158, 0.7185689, 0 ],
                [ -0.6481469, -0.3102371, 0.6954557, 0 ],
                [ 0.2329478, 14.31997, 147.2555, 1 ]
            ],
            "cuboid_centroid": [
                0.23294778168201447,
                14.319972038269043,
                147.25550842285157
            ],
            "projected_cuboid_centroid": [
                321.88922119140627,
                356.1363525390625
            ],
            "bounding_box": {
                "top_left": [
                    297.1655578613281,
                    321.0445556640625
                ],
                "bottom_right": [
                    346.8243103027344,
                    390.979248046875
                ]
            },
            "cuboid": [
                [ -2.775874, 11.45604, 145.1801 ],
                [ -1.266094, 13.6525, 142.9116 ],
                [ 3.244791, 12.15393, 144.4627 ],
                [ 1.735013, 9.957469, 146.7313 ],
                [ -2.778897, 16.48603, 150.0483 ],
                [ -1.269116, 18.68248, 147.7797 ],
                [ 3.241771, 17.18391, 149.3309 ],
                [ 1.731989, 14.98745, 151.5994 ]
            ],
            "projected_cuboid": [
                [ 297.1656, 334.2378 ],
                [ 309.4197, 354.0886 ],
                [ 346.8243, 340.4751 ],
                [ 334.1214, 321.0446 ],
                [ 297.8824, 371.2147 ],
                [ 309.7439, 390.9792 ],
                [ 345.9257, 377.4263 ],
                [ 333.6441, 358.0668 ]
            ]
        }
    ]
}