{
    "camera_data": {
        "location_worldframe": [
            -34.57338333129883,
            173.58892822265626,
            34.481292724609378
        ],
        "quaternion_xyzw_worldframe": [
            0.10625915229320526,
            0.7460601329803467,
            -0.6457813382148743,
            0.1227593868970871
        ]
    },
    "objects": [
        {
            "class": "small_fork",
            "visibility": 1.0,
            "location": [
                -1.1324502229690552,
                -1.7632447481155396,
                174.7569580078125
            ],
            "quaternion_xyzw": [
                0.812507152557373,
                0.5782092809677124,
                -0.04323811084032059,
                0.06030295789241791
            ],
            "pose_transform_permuted": [
                [ 0.327609, 0.9448131, -0.0005270913, 0 ],
                [ 0.9343836, -0.3240748, -0.1479945, 0 ],
                [ -0.139998, 0.04799182, -0.9889877, 0 ],
                [ -1.13245, -1.763245, 174.757, 1 ]
            ],
            "cuboid_centroid": [
                -1.1324502229690552,
                -1.7632447481155396,
                174.7569580078125
            ],
            "projected_cuboid_centroid": [
                312.26104736328127,
                227.9503173828125
            ],
            "bounding_box": {
                "top_left": [
                    271.7213134765625,
                    208.2911376953125
                ],
                "bottom_right": [
                    352.6834411621094,
                    247.5938720703125
                ]
            },
            "cuboid": [
                [ 4.155173, -4.492685, 175.6595 ],
                [ 4.773986, -2.727769, 175.3951 ],
                [ -6.419556, 1.111662, 174.8265 ],
                [ -7.038368, -0.6532539, 175.0909 ],
                [ 4.154655, -4.63815, 174.6874 ],
                [ 4.773469, -2.873213, 174.423 ],
                [ -6.420076, 0.9662138, 173.8544 ],
                [ -7.038884, -0.798713, 174.1189 ]
            ],
            "projected_cuboid": [
                [ 348.2498, 209.4556 ],
                [ 352.5058, 221.4268 ],
                [ 276.1474, 247.5939 ],
                [ 271.9929, 235.5443 ],
                [ 348.4034, 208.2911 ],
                [ 352.6834, 220.3274 ],
                [ 275.8987, 246.6372 ],
                [ 271.7213, 234.5217 ]
            ]
        },
        {
            "class": "small_fork",
            "visibility": 1.0,
            "location": [
                9.710676193237305,
                3.8399131298065187,
                173.94395446777345
            ],
            "quaternion_xyzw": [
                0.0316949225962162,
                0.06425180286169052,
                0.8935453295707703,
                -0.44322001934051516
            ],
            "pose_transform_permuted": [
                [ -0.6051031, 0.7961473, -0.0003136694, 0 ],
                [ -0.7880015, -0.5988556, 0.1429195, 0 ],
                [ 0.1135971, 0.08672815, 0.9897343, 0 ],
                [ 9.710676, 3.839913, 173.944, 1 ]
            ],
            "cuboid_centroid": [
                9.710676193237305,
                3.8399131298065187,
                173.94395446777345
            ],
            "projected_cuboid_centroid": [
                386.6711120605469,
                266.3638916015625
            ],
            "bounding_box": {
                "top_left": [
                    350.35272216796877,
                    236.419189453125
                ],
                "bottom_right": [
                    423.0229187011719,
                    296.3551025390625
                ]
            },
            "cuboid": [
                [ 14.99844, 0.9664815, 173.864 ],
                [ 13.85547, -0.5219487, 174.0786 ],
                [ 4.423227, 6.572896, 173.0511 ],
                [ 5.566186, 8.061319, 172.8365 ],
                [ 14.99813, 1.106938, 174.8368 ],
                [ 13.85517, -0.3814938, 175.0514 ],
                [ 4.422916, 6.713368, 174.0239 ],
                [ 5.565879, 8.201791, 173.8093 ]
            ],
            "projected_cuboid": [
                [ 423.0229, 246.6387 ],
                [ 415.0547, 236.4192 ],
                [ 350.5255, 285.3607 ],
                [ 358.4609, 295.7017 ],
                [ 422.4476, 247.5612 ],
                [ 414.5244, 237.3973 ],
                [ 350.3527, 286.0712 ],
                [ 358.2436, 296.3551 ]
            ]
        },
        {
            "class": "small_plates",
            "visibility": 0.267665296792984,
            "location": [
                7.765899181365967,
                -39.51451110839844,
                179.9861602783203
            ],
            "quaternion_xyzw": [
                -0.6601323485374451,
                -0.3196945786476135,
                0.37183618545532229,
                0.5689978003501892
            ],
            "pose_transform_permuted": [
                [ 0.5190665, -0.001066476, -0.8547332, 0 ],
                [ 0.8452294, -0.1480737, 0.5134797, 0 ],
                [ -0.1271112, -0.9889758, -0.07595867, 0 ],
                [ 7.765899, -39.51451, 179.9862, 1 ]
            ],
            "cuboid_centroid": [
                7.765899181365967,
                -39.51451110839844,
                179.9861602783203
            ],
            "projected_cuboid_centroid": [
                371.52880859375,
                -22.1893310546875
            ],
            "bounding_box": {
                "top_left": [
                    323.67041015625,
                    -69.6650390625
                ],
                "bottom_right": [
                    419.92291259765627,
                    25.4622802734375
                ]
            },
            "cuboid": [
                [ 9.52629, -46.75581, 180.3188 ],
                [ 14.97554, -37.88245, 178.9844 ],
                [ 14.97713, -37.66288, 180.4509 ],
                [ 9.527879, -46.53627, 181.7853 ],
                [ 0.5546713, -41.36613, 179.5215 ],
                [ 6.003918, -32.49277, 178.1871 ],
                [ 6.005501, -32.2732, 179.6536 ],
                [ 0.5562482, -41.14658, 180.988 ]
            ],
            "projected_cuboid": [
                [ 383.0929, -69.66504 ],
                [ 419.9229, -12.76709 ],
                [ 419.1213, -9.259766 ],
                [ 382.5943, -65.72461 ],
                [ 323.6899, -35.18579 ],
                [ 360.2398, 22.22498 ],
                [ 359.9219, 25.46228 ],
                [ 323.6704, -31.50732 ]
            ]
        },
        {
            "class": "mug",
            "visibility": 1.0,
            "location": [
                -20.412586212158204,
                6.447662830352783,
                170.02072143554688
            ],
            "quaternion_xyzw": [
                0.49480798840522768,
                0.8660143613815308,
                -0.06262622028589249,
                0.03552856296300888
            ],
            "pose_transform_permuted": [
                [ -0.5078058, 0.8614717, -0.0004394166, 0 ],
                [ 0.8525716, 0.5024861, -0.14363, 0 ],
                [ -0.1235124, -0.07331078, -0.9896317, 0 ],
                [ -20.41259, 6.447663, 170.0207, 1 ]
            ],
            "cuboid_centroid": [
                -20.412586212158204,
                6.447662830352783,
                170.02072143554688
            ],
            "projected_cuboid_centroid": [
                176.61831665039063,
                285.28955078125
            ],
            "bounding_box": {
                "top_left": [
                    129.24537658691407,
                    234.736083984375
                ],
                "bottom_right": [
                    221.61798095703126,
                    334.09033203125
                ]
            },