{
    "camera_data": {
        "location_worldframe": [
            -58.6519889831543,
            108.94384765625,
            -22.434383392333986
        ],
        "quaternion_xyzw_worldframe": [
            0.5169864892959595,
            0.3232469856739044,
            -0.2194141000509262,
            0.7616389393806458
        ]
    },
    "objects": [
        {
            "class": "small_fork",
            "visibility": 1.0,
            "location": [
                0.4979042112827301,
                -3.2553930282592775,
                117.55994415283203
            ],
            "quaternion_xyzw": [
                -0.053496599197387698,
                0.9808657169342041,
                -0.18702386319637299,
                -0.007922781631350518
            ],
            "pose_transform_permuted": [
                [ -0.9941509, -0.1079095, 0.004467912, 0 ],
                [ -0.1019825, 0.9243204, -0.3677383, 0 ],
                [ 0.03555265, -0.3660429, -0.9299188, 0 ],
                [ 0.4979042, -3.255393, 117.5599, 1 ]
            ],
            "cuboid_centroid": [
                0.4979042112827301,
                -3.2553930282592775,
                117.55994415283203
            ],
            "projected_cuboid_centroid": [
                325.05804443359377,
                206.929443359375
            ],
            "bounding_box": {
                "top_left": [
                    308.8017578125,
                    149.830810546875
                ],
                "bottom_right": [
                    340.8150939941406,
                    265.7486572265625
                ]
            },
            "cuboid": [
                [ 0.7953974, 2.49702, 115.815 ],
                [ -1.08242, 2.30439, 115.8822 ],
                [ 0.1960222, -8.64637, 120.2188 ],
                [ 2.073838, -8.453734, 120.1517 ],
                [ 0.7997895, 2.135583, 114.9011 ],
                [ -1.078027, 1.942956, 114.9682 ],
                [ 0.2004159, -9.007802, 119.3049 ],
                [ 2.078233, -8.815172, 119.2377 ]
            ],
            "projected_cuboid": [
                [ 328.2019, 265.7487 ],
                [ 308.8448, 263.7485 ],
                [ 321.9473, 154.1068 ],
                [ 340.6131, 155.9735 ],
                [ 328.3128, 262.1968 ],
                [ 308.8018, 260.1829 ],
                [ 322.0062, 149.8308 ],
                [ 340.8151, 151.7094 ]
            ]
        },
        {
            "class": "small_fork",
            "visibility": 1.0,
            "location": [
                -9.257135391235352,
                3.6030774116516115,
                114.83409118652344
            ],
            "quaternion_xyzw": [
                0.18689513206481934,
                0.01924719661474228,
                0.10201535373926163,
                -0.9768790006637573
            ],
            "pose_transform_permuted": [
                [ 0.9784448, 0.2065077, 0.0005279817, 0 ],
                [ -0.1921189, 0.9093261, 0.3690749, 0 ],
                [ 0.07573672, -0.3612208, 0.9293995, 0 ],
                [ -9.257135, 3.603077, 114.8341, 1 ]
            ],
            "cuboid_centroid": [
                -9.257135391235352,
                3.6030774116516115,
                114.83409118652344
            ],
            "projected_cuboid_centroid": [
                223.72726440429688,
                277.471435546875
            ],
            "bounding_box": {
                "top_left": [
                    203.03375244140626,
                    218.0147705078125
                ],
                "bottom_right": [
                    245.00979614257813,
                    338.773193359375
                ]
            },
            "cuboid": [
                [ -8.958191, 8.989707, 112.1661 ],
                [ -7.110038, 8.626822, 112.3091 ],
                [ -9.556605, -2.146295, 116.5887 ],
                [ -11.40476, -1.783411, 116.4456 ],
                [ -8.957668, 9.352455, 113.0795 ],
                [ -7.109517, 8.989564, 113.2226 ],
                [ -9.556087, -1.783548, 117.5021 ],
                [ -11.40424, -1.420662, 117.3591 ]
            ],
            "projected_cuboid": [
                [ 224.6202, 335.7153 ],
                [ 244.3943, 331.7346 ],
                [ 222.1085, 218.0148 ],
                [ 203.0338, 221.7095 ],
                [ 225.3962, 338.7732 ],
                [ 245.0098, 334.8207 ],
                [ 222.8748, 221.8726 ],
                [ 203.9494, 225.5432 ]
            ]
        },
        {
            "class": "small_plates",
            "visibility": 0.0,
            "location": [
                31.14275360107422,
                19.279653549194337,
                108.35405731201172
            ],
            "quaternion_xyzw": [
                0.044273555278778079,
                0.5614091753959656,
                -0.8259052038192749,
                -0.027206622064113618
            ],
            "pose_transform_permuted": [
                [ -0.9945994, 0.004770979, -0.1036796, 0 ],
                [ 0.09465134, -0.3681591, -0.9249325, 0 ],
                [ -0.04258342, -0.9297506, 0.3657192, 0 ],
                [ 31.14275, 19.27965, 108.3541, 1 ]
            ],
            "cuboid_centroid": [
                31.14275360107422,
                19.279653549194337,
                108.35405731201172
            ],
            "projected_cuboid_centroid": [
                663.2490234375,
                452.49639892578127
            ],
            "bounding_box": {
                "top_left": [
                    593.6471557617188,
                    388.5172119140625
                ],
                "bottom_right": [
                    735.984375,
                    518.2154541015625
                ]
            },
            "cuboid": [
                [ 36.91117, 23.36409, 105.9689 ],
                [ 26.46969, 24.35776, 105.5218 ],
                [ 26.46262, 24.90368, 106.9005 ],
                [ 36.9041, 23.91001, 107.3475 ],
                [ 35.82291, 13.65563, 109.8076 ],
                [ 25.38142, 14.64929, 109.3606 ],
                [ 25.37435, 15.19522, 110.7392 ],
                [ 35.81583, 14.20155, 111.1863 ]
            ],
            "projected_cuboid": [
                [ 735.9844, 503.3104 ],
                [ 619.574, 515.6719 ],
                [ 615.6314, 518.2155 ],
                [ 730.5632, 506.0022 ],
                [ 709.6062, 388.5172 ],
                [ 597.1741, 399.9755 ],
                [ 593.6472, 403.8713 ],
                [ 704.6992, 392.5394 ]
            ]
        },
        {
            "class": "mug",
            "visibility": 0.513401210308075,
            "location": [
                0.7837744355201721,
                -24.247879028320314,
                122.12157440185547
            ],
            "quaternion_xyzw": [
                -0.45989149808883669,
                0.8678311109542847,
                -0.16628076136112214,
                -0.08786273002624512
            ],
            "pose_transform_permuted": [
                [ -0.5615603, -0.827436, 0.000442192, 0 ],
                [ -0.7689965, 0.521701, -0.3694219, 0 ],
                [ 0.3054422, -0.2077926, -0.929262, 0 ],
                [ 0.7837744, -24.24788, 122.1216, 1 ]
            ],
            "cuboid_centroid": [
                0.7837744355201721,
                -24.247879028320314,
                122.12157440185547
            ],
            "projected_cuboid_centroid": [
                327.66473388671877,
                2.8741455078125
            ],
            "bounding_box": {
                "top_left": [
                    265.65576171875,
                    -75.603271484375
                ],
                "bottom_right": [
                    391.1589050292969,
                    79.767578125
                ]
            },