{
    "camera_data": {
        "location_worldframe": [
            12.250322341918946,
            119.55795288085938,
            -35.03279113769531
        ],
        "quaternion_xyzw_worldframe": [
            0.5416614413261414,
            -0.28498318791389468,
            0.20188628137111665,
            0.7646106481552124
        ]
    },
    "objects": [
        {
            "class": "big_spoon",
            "visibility": 1.0,
            "location": [
                -3.804774284362793,
                -0.6741625666618347,
                125.49818420410156
            ],
            "quaternion_xyzw": [
                0.843550980091095,
                -0.5094452500343323,
                0.08755641430616379,
                0.1456746757030487
            ],
            "pose_transform_permuted": [
                [ 0.4655989, -0.8849956, -0.0007099509, 0 ],
                [ -0.8339766, -0.4384888, -0.3349784, 0 ],
                [ 0.2961431, 0.1565576, -0.9422254, 0 ],
                [ -3.804774, -0.6741626, 125.4982, 1 ]
            ],
            "cuboid_centroid": [
                -3.804774284362793,
                -0.6741625666618347,
                125.49818420410156
            ],
            "projected_cuboid_centroid": [
                283.7933044433594,
                233.5845947265625
            ],
            "bounding_box": {
                "top_left": [
                    234.666259765625,
                    165.21875
                ],
                "bottom_right": [
                    330.87322998046877,
                    303.6707763671875
                ]
            },
            "cuboid": [
                [ -8.761567, 5.137465, 124.4638 ],
                [ -1.813956, -7.307042, 128.8829 ],
                [ 1.153399, -5.836818, 128.3579 ],
                [ -5.794214, 6.607699, 123.9389 ],
                [ -8.76294, 4.488484, 122.6384 ],
                [ -1.815328, -7.956008, 127.0574 ],
                [ 1.152028, -6.485779, 126.5325 ],
                [ -5.795587, 5.958722, 122.1135 ]
            ],
            "projected_cuboid": [
                [ 235.931, 289.295 ],
                [ 303.1915, 172.2914 ],
                [ 330.7314, 185.6936 ],
                [ 264.1678, 303.6708 ],
                [ 234.6663, 283.709 ],
                [ 302.9371, 165.2188 ],
                [ 330.8732, 178.785 ],
                [ 263.3198, 298.2756 ]
            ]
        }
    ]
}