{
    "camera_data": {
        "location_worldframe": [
            -66.26761627197266,
            83.81407165527344,
            19.39535140991211
        ],
        "quaternion_xyzw_worldframe": [
            0.3686548173427582,
            0.618061900138855,
            -0.40297406911849978,
            0.5654247403144836
        ]
    },
    "objects": [
        {
            "class": "knife",
            "visibility": 1.0,
            "location": [
                0.40672028064727785,
                1.8427441120147706,
                89.92792510986328
            ],
            "quaternion_xyzw": [
                0.9797800183296204,
                0.02201966941356659,
                -0.005504573695361614,
                0.19878630340099336
            ],
            "pose_transform_permuted": [
                [ 0.9989697, 0.04533733, -0.002032125, 0 ],
                [ 0.0409604, -0.9199983, -0.3897761, 0 ],
                [ -0.01954096, 0.3892913, -0.9209074, 0 ],
                [ 0.4067203, 1.842744, 89.92793, 1 ]
            ],
            "cuboid_centroid": [
                0.40672028064727785,
                1.8427441120147706,
                89.92792510986328
            ],
            "projected_cuboid_centroid": [
                325.40130615234377,
                264.471923828125
            ],
            "bounding_box": {
                "top_left": [
                    215.18658447265626,
                    244.8492431640625
                ],
                "bottom_right": [
                    435.00933837890627,
                    284.1859130859375
                ]
            },
            "cuboid": [
                [ -7.738965, 0.6778149, 90.87331 ],
                [ 8.651092, 1.349847, 90.5527 ],
                [ 8.554029, 3.319494, 89.71925 ],
                [ -7.836028, 2.647463, 90.03986 ],
                [ -7.74059, 0.3659974, 90.13659 ],
                [ 8.649464, 1.038038, 89.81597 ],
                [ 8.552402, 3.007681, 88.98254 ],
                [ -7.837655, 2.335647, 89.30315 ]
            ],
            "projected_cuboid": [
                [ 218.2946, 248.9078 ],
                [ 434.0951, 257.8025 ],
                [ 433.863, 284.1859 ],
                [ 216.0658, 275.115 ],
                [ 217.4418, 244.8492 ],
                [ 435.0093, 253.8025 ],
                [ 434.7839, 280.3668 ],
                [ 215.1866, 271.2347 ]
            ]
        }
    ]
}