{
    "camera_data": {
        "location_worldframe": [
            9.36175537109375,
            205.6773681640625,
            48.633785247802737
        ],
        "quaternion_xyzw_worldframe": [
            0.03989342600107193,
            0.7638681530952454,
            -0.6423889994621277,
            0.04743748903274536
        ]
    },
    "objects": [
        {
            "class": "big_spoon",
            "visibility": 1.0,
            "location": [
                -0.09191131591796875,
                2.5022406578063967,
                206.93569946289063
            ],
            "quaternion_xyzw": [
                -0.9272176027297974,
                -0.3648674488067627,
                0.029513895511627198,
                -0.07917197793722153
            ],
            "pose_transform_permuted": [
                [ 0.7320014, 0.6812964, 0.003042948, 0 ],
                [ 0.6719497, -0.7212071, -0.1683566, 0 ],
                [ -0.1125062, 0.125282, -0.9857215, 0 ],
                [ -0.09191132, 2.502241, 206.9357, 1 ]
            ],
            "cuboid_centroid": [
                -0.09191131591796875,
                2.5022406578063967,
                206.93569946289063
            ],
            "projected_cuboid_centroid": [
                319.4695739746094,
                254.4407958984375
            ],
            "bounding_box": {
                "top_left": [
                    281.31536865234377,
                    217.59912109375
                ],
                "bottom_right": [
                    357.886962890625,
                    291.316162109375
                ]
            },
            "cuboid": [
                [ -4.414098, -3.557151, 208.9399 ],
                [ 6.508744, 6.469611, 207.2612 ],
                [ 4.224382, 8.887784, 206.8411 ],
                [ -6.698454, -1.138964, 208.5199 ],
                [ -4.408205, -3.883301, 207.0303 ],
                [ 6.514635, 6.143449, 205.3515 ],
                [ 4.230278, 8.561631, 204.9314 ],
                [ -6.692568, -1.465145, 206.6102 ]
            ],
            "projected_cuboid": [
                [ 294.77, 219.6681 ],
                [ 357.5039, 277.2784 ],
                [ 344.3907, 291.3162 ],
                [ 281.6359, 233.4768 ],
                [ 294.5712, 217.5991 ],
                [ 357.887, 275.7283 ],
                [ 344.6523, 289.8937 ],
                [ 281.3154, 231.5311 ]
            ]
        }
    ]
}