{
    "camera_data": {
        "location_worldframe": [
            -7.8832807540893559,
            85.27694702148438,
            54.70066833496094
        ],
        "quaternion_xyzw_worldframe": [
            0.11407443135976792,
            0.8387075066566467,
            -0.4963952302932739,
            0.19273971021175385
        ]
    },
    "objects": [
        {
            "class": "big_spoon",
            "visibility": 1.0,
            "location": [
                -2.3239831924438478,
                1.5503910779953004,
                94.85465240478516
            ],
            "quaternion_xyzw": [
                -0.8318221569061279,
                -0.4973372519016266,
                0.1256350576877594,
                -0.21199855208396913
            ],
            "pose_transform_permuted": [
                [ 0.473743, 0.8806612, 0.001857504, 0 ],
                [ 0.7741234, -0.4154245, -0.4776562, 0 ],
                [ -0.4198816, 0.2277242, -0.8785449, 0 ],
                [ -2.323983, 1.550391, 94.85465, 1 ]
            ],
            "cuboid_centroid": [
                -2.3239831924438478,
                1.5503910779953004,
                94.85465240478516
            ],
            "projected_cuboid_centroid": [
                290.74017333984377,
                259.52001953125
            ],
            "bounding_box": {
                "top_left": [
                    229.48562622070313,
                    174.059326171875
                ],
                "bottom_right": [
                    355.1892395019531,
                    349.9185791015625
                ]
            },
            "cuboid": [
                [ -4.383948, -4.459058, 99.22016 ],
                [ 2.685199, 7.092319, 92.95474 ],
                [ -0.267624, 8.485218, 92.19119 ],
                [ -7.336766, -3.066157, 98.45661 ],
                [ -4.380344, -5.384449, 97.51812 ],
                [ 2.688798, 6.166934, 91.25269 ],
                [ -0.2640243, 7.559845, 90.48916 ],
                [ -7.333167, -3.991541, 96.75458 ]
            ],
            "projected_cuboid": [
                [ 267.2329, 186.3289 ],
                [ 354.4987, 331.1201 ],
                [ 316.5332, 349.9186 ],
                [ 231.0067, 202.8082 ],
                [ 266.3561, 174.0593 ],
                [ 355.1892, 320.7089 ],
                [ 316.5155, 339.7732 ],
                [ 229.4856, 190.7318 ]
            ]
        }
    ]
}