{
    "camera_data": {
        "location_worldframe": [
            39.7226676940918,
            208.69192504882813,
            -7.175624370574951
        ],
        "quaternion_xyzw_worldframe": [
            0.595475435256958,
            -0.30104443430900576,
            0.2563346326351166,
            0.6993381977081299
        ]
    },
    "objects": [
        {
            "class": "big_spoon",
            "visibility": 1.0,
            "location": [
                -1.2530943155288697,
                -1.3709300756454468,
                210.22030639648438
            ],
            "quaternion_xyzw": [
                0.6565759778022766,
                -0.749773383140564,
                0.061690084636211398,
                0.05424082651734352
            ],
            "pose_transform_permuted": [
                [ -0.1319316, -0.9912586, -0.0003281981, 0 ],
                [ -0.9778742, 0.1302046, -0.1637336, 0 ],
                [ 0.1623451, -0.02128072, -0.9865043, 0 ],
                [ -1.253094, -1.37093, 210.2203, 1 ]
            ],
            "cuboid_centroid": [
                -1.2530943155288697,
                -1.3709300756454468,
                210.22030639648438
            ],
            "projected_cuboid_centroid": [
                312.8811950683594,
                232.2117919921875
            ],
            "bounding_box": {
                "top_left": [
                    297.8697509765625,
                    188.694091796875
                ],
                "bottom_right": [
                    327.9931945800781,
                    275.8502197265625
                ]
            },
            "cuboid": [
                [ -1.930269, 6.30183, 209.929 ],
                [ -3.898941, -8.289898, 212.3515 ],
                [ -0.575288, -8.726482, 212.4228 ],
                [ 1.393379, 5.865248, 210.0004 ],
                [ -1.930905, 5.984609, 208.0178 ],
                [ -3.899577, -8.607118, 210.4403 ],
                [ -0.5759285, -9.043694, 210.5116 ],
                [ 1.392749, 5.548039, 208.0892 ]
            ],
            "projected_cuboid": [
                [ 309.019, 275.8502 ],
                [ 298.0725, 193.3779 ],
                [ 316.7657, 190.9391 ],
                [ 327.924, 273.3552 ],
                [ 308.9144, 274.3584 ],
                [ 297.8698, 191.1543 ],
                [ 316.7327, 188.6941 ],
                [ 327.9932, 271.8411 ]
            ]
        }
    ]
}