{
    "camera_data": {
        "location_worldframe": [
            -33.674259185791019,
            30.175363540649415,
            28.139177322387697
        ],
        "quaternion_xyzw_worldframe": [
            0.2160773128271103,
            0.7071918845176697,
            -0.24347074329853059,
            0.6276242733001709
        ]
    },
    "objects": [
        {
            "class": "water_glass",
            "visibility": 1.0,
            "location": [
                -2.0804860591888429,
                2.2462430000305177,
                42.246726989746097
            ],
            "quaternion_xyzw": [
                0.18675163388252259,
                0.879856288433075,
                -0.4280604422092438,
                0.08798298239707947
            ],
            "pose_transform_permuted": [
                [ -0.9147657, 0.4039533, -0.005057216, 0 ],
                [ 0.2533051, 0.5637761, -0.7861253, 0 ],
                [ -0.3147067, -0.7204014, -0.6180465, 0 ],
                [ -2.080486, 2.246243, 42.24673, 1 ]
            ],
            "cuboid_centroid": [
                -2.0804860591888429,
                2.2462430000305177,
                42.246726989746097
            ],
            "projected_cuboid_centroid": [
                261.18756103515627,
                303.4981689453125
            ],
            "bounding_box": {
                "top_left": [
                    180.44589233398438,
                    205.8599853515625
                ],
                "bottom_right": [
                    342.42327880859377,
                    406.816162109375
                ]
            },
            "cuboid": [
                [ 0.7682413, 4.72155, 42.31095 ],
                [ -2.889214, 5.734323, 41.05268 ],
                [ -4.908982, 2.915442, 44.65469 ],
                [ -1.251527, 1.902666, 45.91296 ],
                [ 0.7480105, 1.577047, 39.83877 ],
                [ -2.909439, 2.589821, 38.58049 ],
                [ -4.929211, -0.2290615, 42.1825 ],
                [ -1.271756, -1.241835, 43.44077 ]
            ],
            "projected_cuboid": [
                [ 341.6841, 373.269 ],
                [ 235.9504, 406.8162 ],
                [ 188.7129, 317.9713 ],
                [ 287.4461, 289.4908 ],
                [ 342.4233, 287.2755 ],
                [ 229.9385, 320.1677 ],
                [ 180.4459, 233.5149 ],
                [ 285.0374, 205.86 ]
            ]
        },
        {
            "class": "big_plates",
            "visibility": 0.8927158117294312,
            "location": [
                -1.0372761487960816,
                -5.381197929382324,
                50.7603874206543
            ],
            "quaternion_xyzw": [
                0.5705993175506592,
                0.2014036327600479,
                -0.7903796434402466,
                -0.0956716313958168
            ],
            "pose_transform_permuted": [
                [ -0.3305269, 0.07860772, -0.9405174, 0 ],
                [ 0.3810754, -0.9005672, -0.2091903, 0 ],
                [ -0.863443, -0.427551, 0.267706, 0 ],
                [ -1.037276, -5.381198, 50.76039, 1 ]
            ],
            "cuboid_centroid": [
                -1.0372761487960816,
                -5.381197929382324,
                50.7603874206543
            ],
            "projected_cuboid_centroid": [
                295.5956726074219,
                113.394775390625
            ],
            "bounding_box": {
                "top_left": [
                    0.5863571166992188,
                    18.09765625
                ],
                "bottom_right": [
                    537.6146240234375,
                    253.006591796875
                ]
            },
            "cuboid": [
                [ 10.14065, -7.550112, 55.65131 ],
                [ 4.360306, -0.8857524, 40.55116 ],
                [ 4.243838, 0.4485401, 41.18462 ],
                [ 10.02419, -6.215822, 56.28478 ],
                [ -6.318392, -11.21094, 60.33615 ],
                [ -12.09874, -4.546576, 45.236 ],
                [ -12.2152, -3.212286, 45.86947 ],
                [ -6.434856, -9.876646, 60.96962 ]
            ],
            "projected_cuboid": [
                [ 537.6146, 77.97742 ],
                [ 448.4137, 213.9141 ],
                [ 443.0612, 253.0066 ],
                [ 532.6943, 108.1121 ],
                [ 194.9377, 18.09766 ],
                [ 0.5863571, 119.9678 ],
                [ 1.965313, 156.365 ],
                [ 193.9558, 46.53894 ]
            ]
        },
        {
            "class": "teacup",
            "visibility": 0.32683688402175906,
            "location": [
                0.28612032532691958,
                -13.610448837280274,
                59.21913528442383
            ],
            "quaternion_xyzw": [
                -0.6796572804450989,
                0.5016382336616516,
                -0.3481703996658325,
                -0.40645092725753786
            ],
            "pose_transform_permuted": [
                [ 0.2542729, -0.9649125, 0.06549045, 0 ],
                [ -0.3988558, -0.1663133, -0.9018058, 0 ],
                [ 0.8810557, 0.2031835, -0.4271499, 0 ],
                [ 0.2861203, -13.61045, 59.21914, 1 ]
            ],
            "cuboid_centroid": [
                0.28612032532691958,
                -13.610448837280274,
                59.21913528442383
            ],
            "projected_cuboid_centroid": [
                325.7701110839844,
                -34.478271484375
            ],
            "bounding_box": {
                "top_left": [
                    247.78973388671876,
                    -117.255859375
                ],
                "bottom_right": [
                    398.9034423828125,
                    56.9305419921875
                ]
            },
            "cuboid": [
                [ -3.465812, -9.475042, 57.31965 ],
                [ -1.290766, -12.88685, 64.85619 ],
                [ 3.62367, -12.03979, 63.82135 ],
                [ 1.448624, -8.627989, 56.28482 ],
                [ -3.051431, -15.1811, 54.61692 ],
                [ -0.8763863, -18.5929, 62.15345 ],
                [ 4.038051, -17.74584, 61.11861 ],
                [ 1.863005, -14.33404, 53.58207 ]
            ],
            "projected_cuboid": [
                [ 247.7897, 42.58728 ],
                [ 296.2319, 2.702637 ],
                [ 387.8079, 14.70544 ],
                [ 350.737, 56.93054 ],
                [ 253.2773, -91.95056 ],
                [ 303.1606, -117.2559 ],
                [ 398.9034, -106.7534 ],
                [ 361.5233, -79.48206 ]
            ]
        }
    ]
}