{
    "camera_data": {
        "location_worldframe": [
            -2.172452211380005,
            153.1088409423828,
            17.17790412902832
        ],
        "quaternion_xyzw_worldframe": [
            0.11060582101345062,
            0.7993330359458923,
            -0.5698814988136292,
            0.15513908863067628
        ]
    },
    "objects": [
        {
            "class": "packet_cup",
            "visibility": 1.0,
            "location": [
                1.931938648223877,
                3.714160919189453,
                156.5504608154297
            ],
            "quaternion_xyzw": [
                0.11511131376028061,
                0.11871302872896195,
                0.7081085443496704,
                -0.6864684224128723
            ],
            "pose_transform_permuted": [
                [ -0.03102096, 0.9995187, 3.711879E-05, 0 ],
                [ -0.9448579, -0.02933662, 0.326164, 0 ],
                [ 0.3260081, 0.01008286, 0.9453132, 0 ],
                [ 1.931939, 3.714161, 156.5505, 1 ]
            ],
            "cuboid_centroid": [
                1.931938648223877,
                3.714160919189453,
                156.5504608154297
            ],
            "projected_cuboid_centroid": [
                334.7379150390625,
                268.333740234375
            ],
            "bounding_box": {
                "top_left": [
                    315.1754150390625,
                    246.5655517578125
                ],
                "bottom_right": [
                    355.07684326171877,
                    289.3602294921875
                ]
            },
            "cuboid": [
                [ 4.484893, 4.152737, 152.6966 ],
                [ 4.376321, 0.845738, 153.8376 ],
                [ -0.6212727, 0.9924202, 153.7872 ],
                [ -0.5126982, 4.29942, 152.6461 ],
                [ 4.485156, 6.435882, 159.3138 ],
                [ 4.376581, 3.12888, 160.4548 ],
                [ -0.6210111, 3.275573, 160.4044 ],
                [ -0.5124382, 6.582569, 159.2633 ]
            ],
            "projected_cuboid": [
                [ 355.0768, 272.479 ],
                [ 353.9738, 246.5656 ],
                [ 315.1754, 247.7068 ],
                [ 315.9888, 273.6373 ],
                [ 353.6219, 288.245 ],
                [ 352.5746, 263.2881 ],
                [ 315.3764, 264.3876 ],
                [ 316.1574, 289.3602 ]
            ]
        }
    ]
}