{
    "camera_data": {
        "location_worldframe": [
            -34.64234161376953,
            138.38099670410157,
            -6.311452388763428
        ],
        "quaternion_xyzw_worldframe": [
            0.32926493883132937,
            0.6550677418708801,
            -0.3845582604408264,
            0.5608794689178467
        ]
    },
    "objects": [
        {
            "class": "big_spoon",
            "visibility": 1.0,
            "location": [
                -3.135209321975708,
                -1.4342942237854005,
                157.70225524902345
            ],
            "quaternion_xyzw": [
                0.3484509587287903,
                -0.9024581909179688,
                0.23571529984474183,
                0.0926794484257698
            ],
            "pose_transform_permuted": [
                [ -0.7399849, -0.6726168, -0.003008202, 0 ],
                [ -0.5852329, 0.6460404, -0.4900349, 0 ],
                [ 0.3315491, -0.3608579, -0.8716977, 0 ],
                [ -3.135209, -1.434294, 157.7023, 1 ]
            ],
            "cuboid_centroid": [
                -3.135209321975708,
                -1.4342942237854005,
                157.70225524902345
            ],
            "projected_cuboid_centroid": [
                296.25750732421877,
                229.1383056640625
            ],
            "bounding_box": {
                "top_left": [
                    246.36473083496095,
                    185.053955078125
                ],
                "bottom_right": [
                    347.0498046875,
                    274.4896240234375
                ]
            },
            "cuboid": [
                [ 1.261062, 4.489851, 155.468 ],
                [ -9.780912, -4.242927, 160.4153 ],
                [ -7.525656, -6.409076, 161.6253 ],
                [ 3.516321, 2.32371, 156.6779 ],
                [ 1.255233, 3.540491, 153.7793 ],
                [ -9.786739, -5.1923, 158.7266 ],
                [ -7.531482, -7.358452, 159.9365 ],
                [ 3.51049, 1.374338, 154.9892 ]
            ],
            "projected_cuboid": [
                [ 329.6871, 274.4896 ],
                [ 247.1833, 208.4124 ],
                [ 264.3926, 192.6431 ],
                [ 346.8027, 257.7122 ],
                [ 329.7482, 267.4956 ],
                [ 246.3647, 200.9332 ],
                [ 263.7619, 185.054 ],
                [ 347.0498, 250.5898 ]
            ]
        }
    ]
}