{
    "camera_data": {
        "location_worldframe": [
            -25.482601165771486,
            76.86881256103516,
            53.74285125732422
        ],
        "quaternion_xyzw_worldframe": [
            0.12045924365520477,
            0.877714991569519,
            -0.296358585357666,
            0.3567599654197693
        ]
    },
    "objects": [
        {
            "class": "big_spoon",
            "visibility": 1.0,
            "location": [
                -0.9511719942092896,
                1.1070189476013184,
                123.08190155029297
            ],
            "quaternion_xyzw": [
                0.04102275148034096,
                -0.8950779438018799,
                0.4434390366077423,
                0.02268139086663723
            ],
            "pose_transform_permuted": [
                [ -0.9956053, -0.09355275, -0.004221044, 0 ],
                [ -0.05332149, 0.6033579, -0.7956859, 0 ],
                [ 0.0769854, -0.7919641, -0.6056948, 0 ],
                [ -0.951172, 1.107019, 123.0819, 1 ]
            ],
            "cuboid_centroid": [
                -0.9511719942092896,
                1.1070189476013184,
                123.08190155029297
            ],
            "projected_cuboid_centroid": [
                310.7708435058594,
                250.7413330078125
            ],
            "bounding_box": {
                "top_left": [
                    236.22230529785157,
                    229.6981201171875
                ],
                "bottom_right": [
                    384.240966796875,
                    272.2392578125
                ]
            },
            "cuboid": [
                [ 6.324232, 3.287118, 121.7665 ],
                [ -8.532076, 2.491475, 122.9153 ],
                [ -8.218399, 0.4684322, 125.5707 ],
                [ 6.63791, 1.264091, 124.4219 ],
                [ 6.316054, 1.745611, 120.5931 ],
                [ -8.540254, 0.9499588, 121.7418 ],
                [ -8.226575, -1.073075, 124.3973 ],
                [ 6.629734, -0.2774298, 123.2485 ]
            ],
            "projected_cuboid": [
                [ 382.0265, 272.2393 ],
                [ 237.1016, 264.2074 ],
                [ 241.8379, 244.4551 ],
                [ 383.7136, 252.1333 ],
                [ 382.5491, 257.2871 ],
                [ 236.2223, 249.3188 ],
                [ 241.0221, 229.6981 ],
                [ 384.241, 237.3118 ]
            ]
        }
    ]
}