{
    "camera_data": {
        "location_worldframe": [
            -64.6465835571289,
            158.552734375,
            45.85893630981445
        ],
        "quaternion_xyzw_worldframe": [
            0.22143806517124177,
            0.7755146026611328,
            -0.37722837924957278,
            0.45523732900619509
        ]
    },
    "objects": [
        {
            "class": "big_spoon",
            "visibility": 1.0,
            "location": [
                0.8672739267349243,
                -0.36397743225097659,
                200.0743865966797
            ],
            "quaternion_xyzw": [
                0.17930647730827332,
                -0.9277098774909973,
                0.32107505202293398,
                0.06414306908845902
            ],
            "pose_transform_permuted": [
                [ -0.9274696, -0.3738782, -0.003870644, 0 ],
                [ -0.2914993, 0.72952, -0.6187315, 0 ],
                [ 0.234154, -0.5727265, -0.7855928, 0 ],
                [ 0.8672739, -0.3639774, 200.0744, 1 ]
            ],
            "cuboid_centroid": [
                0.8672739267349243,
                -0.36397743225097659,
                200.0743865966797
            ],
            "projected_cuboid_centroid": [
                325.17681884765627,
                237.827392578125
            ],
            "bounding_box": {
                "top_left": [
                    280.1134948730469,
                    214.2183837890625
                ],
                "bottom_right": [
                    370.5919189453125,
                    261.900146484375
                ]
            },
            "cuboid": [
                [ 7.16402, 3.633253, 198.1282 ],
                [ -6.675581, -0.7164828, 201.6222 ],
                [ -5.42198, -3.162524, 203.5425 ],
                [ 8.417623, 1.187202, 200.0485 ],
                [ 7.156528, 2.434551, 196.6062 ],
                [ -6.683073, -1.915172, 200.1003 ],
                [ -5.429478, -4.361223, 202.0206 ],
                [ 8.410123, -0.01148576, 198.5266 ]
            ],
            "projected_cuboid": [
                [ 363.1825, 261.9001 ],
                [ 280.459, 235.7561 ],
                [ 288.1873, 221.4443 ],
                [ 370.2518, 247.0874 ],
                [ 363.4713, 254.7883 ],
                [ 280.1135, 228.5697 ],
                [ 287.9033, 214.2184 ],
                [ 370.5919, 239.9309 ]
            ]
        }
    ]
}