{
    "camera_data": {
        "location_worldframe": [
            50.04556655883789,
            151.1567840576172,
            0.2815425395965576
        ],
        "quaternion_xyzw_worldframe": [
            -0.16579435765743257,
            0.7218919396400452,
            -0.6457828879356384,
            -0.18533413112163545
        ]
    },
    "objects": [
        {
            "class": "big_spoon",
            "visibility": 1.0,
            "location": [
                -1.3262813091278077,
                -0.2634718418121338,
                150.73898315429688
            ],
            "quaternion_xyzw": [
                0.556040346622467,
                0.8294223546981812,
                -0.04505741223692894,
                0.029111167415976526
            ],
            "pose_transform_permuted": [
                [ -0.3799432, 0.9250079, -0.001816574, 0 ],
                [ 0.9197612, 0.377578, -0.1071172, 0 ],
                [ -0.09839839, -0.04236928, -0.9942446, 0 ],
                [ -1.326281, -0.2634718, 150.739, 1 ]
            ],
            "cuboid_centroid": [
                -1.3262813091278077,
                -0.2634718418121338,
                150.73898315429688
            ],
            "projected_cuboid_centroid": [
                309.4923095703125,
                237.91259765625
            ],
            "bounding_box": {
                "top_left": [
                    274.2398681640625,
                    177.6424560546875
                ],
                "bottom_right": [
                    344.27154541015627,
                    298.056640625
                ]
            },
            "cuboid": [
                [ 3.060974, -6.388987, 152.3652 ],
                [ -2.608496, 7.335583, 150.8969 ],
                [ -5.710005, 6.06958, 151.039 ],
                [ -0.04053729, -7.654988, 152.5072 ],
                [ 3.057457, -6.596522, 150.439 ],
                [ -2.61201, 7.128047, 148.9707 ],
                [ -5.713531, 5.862058, 149.1128 ],
                [ -0.04406317, -7.86252, 150.5811 ]
            ],
            "projected_cuboid": [
                [ 343.9923, 189.9224 ],
                [ 299.3553, 298.0566 ],
                [ 274.8513, 287.9918 ],
                [ 319.6826, 180.0552 ],
                [ 344.2715, 187.6337 ],
                [ 299.0602, 297.1436 ],
                [ 274.2399, 286.9497 ],
                [ 319.6505, 177.6425 ]
            ]
        }
    ]
}