{
    "camera_data": {
        "location_worldframe": [
            -40.30773162841797,
            213.08912658691407,
            25.216463088989259
        ],
        "quaternion_xyzw_worldframe": [
            0.4999154508113861,
            0.47456789016723635,
            -0.38760942220687868,
            0.6120693683624268
        ]
    },
    "objects": [
        {
            "class": "small_spoon",
            "visibility": 1.0,
            "location": [
                -2.2677981853485109,
                2.6122875213623049,
                215.73760986328126
            ],
            "quaternion_xyzw": [
                0.9509985446929932,
                0.2924676835536957,
                -0.029504211619496347,
                0.09588450193405152
            ],
            "pose_transform_permuted": [
                [ 0.8271843, 0.5619307, -3.068894E-05, 0 ],
                [ 0.5506147, -0.8105374, -0.1996301, 0 ],
                [ -0.1122032, 0.165114, -0.9798711, 0 ],
                [ -2.267798, 2.612288, 215.7376, 1 ]
            ],
            "cuboid_centroid": [
                -2.2677981853485109,
                2.6122875213623049,
                215.73760986328126
            ],
            "projected_cuboid_centroid": [
                307.4461669921875,
                254.4608154296875
            ],
            "bounding_box": {
                "top_left": [
                    275.8792724609375,
                    229.4002685546875
                ],
                "bottom_right": [
                    339.0558166503906,
                    279.5521240234375
                ]
            },
            "cuboid": [
                [ -6.451372, -1.606568, 217.3881 ],
                [ 3.423134, 4.966382, 216.0487 ],
                [ 1.915828, 7.140566, 215.6058 ],
                [ -7.95869, 0.5675895, 216.9452 ],
                [ -6.451423, -1.915967, 215.8694 ],
                [ 3.42309, 4.656997, 214.53 ],
                [ 1.915778, 6.831156, 214.0871 ],
                [ -7.958741, 0.2582035, 215.4265 ]
            ],
            "projected_cuboid": [
                [ 284.5583, 231.1741 ],
                [ 338.9221, 267.4528 ],
                [ 330.6119, 279.5521 ],
                [ 276.1884, 243.1245 ],
                [ 284.3087, 229.4003 ],
                [ 339.0558, 265.9248 ],
                [ 330.6869, 278.1067 ],
                [ 275.8793, 241.4314 ]
            ]
        }
    ]
}