{
    "camera_data": {
        "location_worldframe": [
            -34.57477569580078,
            182.7549285888672,
            13.19698715209961
        ],
        "quaternion_xyzw_worldframe": [
            0.1972307562828064,
            0.7513085603713989,
            -0.5745620727539063,
            0.2579028308391571
        ]
    },
    "objects": [
        {
            "class": "small_spoon",
            "visibility": 1.0,
            "location": [
                3.1572532653808595,
                1.9398043155670167,
                187.62379455566407
            ],
            "quaternion_xyzw": [
                0.09300129860639572,
                -0.9868533611297607,
                0.13159579038619996,
                0.012395716272294522
            ],
            "pose_transform_permuted": [
                [ -0.982394, -0.1868197, 1.165085E-05, 0 ],
                [ -0.1802948, 0.9480666, -0.2620371, 0 ],
                [ 0.04894267, -0.2574259, -0.9650576, 0 ],
                [ 3.157253, 1.939804, 187.6238, 1 ]
            ],
            "cuboid_centroid": [
                3.1572532653808595,
                1.9398043155670167,
                187.62379455566407
            ],
            "projected_cuboid_centroid": [
                340.096435546875,
                252.34716796875
            ],
            "bounding_box": {
                "top_left": [
                    301.0977478027344,
                    236.1090087890625
                ],
                "bottom_right": [
                    379.23388671875,
                    268.566162109375
                ]
            },
            "cuboid": [
                [ 8.770355, 4.490532, 187.7343 ],
                [ -2.956981, 2.338259, 188.3185 ],
                [ -2.45586, -0.2048241, 189.009 ],
                [ 9.271474, 1.947449, 188.4248 ],
                [ 8.770372, 4.084404, 186.2386 ],
                [ -2.956962, 1.932134, 186.8228 ],
                [ -2.455844, -0.6109348, 187.5133 ],
                [ 9.271492, 1.54133, 186.9291 ]
            ],
            "projected_cuboid": [
                [ 375.7919, 268.5662 ],
                [ 301.2478, 254.8285 ],
                [ 304.4826, 238.7058 ],
                [ 378.7636, 252.3431 ],
                [ 376.2401, 266.1913 ],
                [ 301.0977, 252.3511 ],
                [ 304.3589, 236.109 ],
                [ 379.2339, 249.8473 ]
            ]
        },
        {
            "class": "small_fork",
            "visibility": 0.886779248714447,
            "location": [
                -2.1315836906433107,
                53.50733184814453,
                173.92166137695313
            ],
            "quaternion_xyzw": [
                0.02669954113662243,
                0.12871412932872773,
                0.967487633228302,
                -0.21607287228107453
            ],
            "pose_transform_permuted": [
                [ -0.9051992, 0.4249689, -0.003960311, 0 ],
                [ -0.4112225, -0.8734903, 0.2605968, 0 ],
                [ 0.1072862, 0.2375206, 0.9654396, 0 ],
                [ -2.131584, 53.50733, 173.9217, 1 ]
            ],
            "cuboid_centroid": [
                -2.1315836906433107,
                53.50733184814453,
                173.92166137695313
            ],
            "projected_cuboid_centroid": [
                305.3631896972656,
                607.4152221679688
            ],
            "bounding_box": {
                "top_left": [
                    281.82965087890627,
                    566.3771362304688
                ],
                "bottom_right": [
                    328.4921569824219,
                    649.39990234375
                ]
            },
            "cuboid": [
                [ 1.24264, 48.59336, 174.7529 ],
                [ -0.4671569, 47.81662, 174.9555 ],
                [ -5.501921, 58.16517, 172.1415 ],
                [ -3.792121, 58.94193, 171.9389 ],
                [ 1.238752, 48.84949, 175.7018 ],
                [ -0.4710475, 48.07275, 175.9044 ],
                [ -5.50581, 58.4213, 173.0904 ],
                [ -3.796009, 59.19804, 172.8878 ]
            ],
            "projected_cuboid": [
                [ 328.4922, 572.0857 ],
                [ 316.8112, 566.3989 ],
                [ 281.8297, 643.5291 ],
                [ 293.6606, 649.3999 ],
                [ 328.4199, 572.0331 ],
                [ 316.8019, 566.3771 ],
                [ 282.0121, 643.0842 ],
                [ 293.7783, 648.9221 ]
            ]
        },
        {
            "class": "big_plates",
            "visibility": 1.0,
            "location": [
                -32.969635009765628,
                5.440474033355713,
                186.70892333984376
            ],
            "quaternion_xyzw": [
                0.3010801672935486,
                0.6899123787879944,
                0.5276118516921997,
                0.393697053194046
            ],
            "pose_transform_permuted": [
                [ -0.5087067, -5.960464E-07, 0.8609399, 0 ],
                [ 0.8308764, 0.2619529, 0.4909432, 0 ],
                [ -0.225526, 0.9650806, -0.1332567, 0 ],
                [ -32.96964, 5.440474, 186.7089, 1 ]
            ],
            "cuboid_centroid": [
                -32.969635009765628,
                5.440474033355713,
                186.70892333984376
            ],
            "projected_cuboid_centroid": [
                109.11454772949219,
                274.7991943359375
            ],
            "bounding_box": {
                "top_left": [
                    30.115623474121095,
                    200.126708984375
                ],
                "bottom_right": [
                    186.83673095703126,
                    351.4351806640625
                ]
            },
            "cuboid": [
                [ -36.05465, -5.926529, 190.5619 ],
                [ -44.95107, 8.604087, 186.6178 ],
                [ -44.95107, 8.215972, 185.1879 ],
                [ -36.05465, -6.314657, 189.132 ],
                [ -20.98822, 2.664967, 188.2299 ],
                [ -29.88463, 17.19558, 184.2859 ],
                [ -29.88463, 16.80746, 182.856 ],
                [ -20.98822, 2.276844, 186.8 ]
            ],
            "projected_cuboid": [
                [ 94.04461, 202.8583 ],
                [ 32.33675, 295.0616 ],
                [ 30.11562, 292.9839 ],
                [ 92.33633, 200.1267 ],
                [ 186.8367, 256.9083 ],
                [ 126.334, 351.4352 ],
                [ 124.8195, 349.7717 ],
                [ 185.8174, 254.5564 ]
            ]
        },
        {
            "class": "big_spoon",
            "visibility": 1.0,
            "location": [
                -1.5813812017440797,
                -3.239110231399536,
                188.829345703125
            ],
            "quaternion_xyzw": [
                -0.038229215890169147,
                0.12585440278053285,
                0.9495999813079834,
                0.28453317284584048
            ],
            "pose_transform_permuted": [
                [ -0.8351589, -0.550008, -0.0009854212, 0 ],
                [ 0.5307627, -0.8064032, 0.2607776, 0 ],
                [ -0.1442244, 0.2172677, 0.9653984, 0 ],
                [ -1.581381, -3.23911, 188.8293, 1 ]
            ],
            "cuboid_centroid": [
                -1.5813812017440797,
                -3.239110231399536,
                188.829345703125
            ],
            "projected_cuboid_centroid": [
                309.9985046386719,
                219.51416015625
            ],
            "bounding_box": {
                "top_left": [
                    264.2782287597656,
                    184.4698486328125
                ],
                "bottom_right": [
                    355.28656005859377,
                    254.74658203125
                ]
            },