{
    "camera_data": {
        "location_worldframe": [
            -22.41550636291504,
            136.93162536621095,
            -55.6683464050293
        ],
        "quaternion_xyzw_worldframe": [
            0.4721021056175232,
            0.06740008294582367,
            -0.03623220697045326,
            0.8782164454460144
        ]
    },
    "objects": [
        {
            "class": "knife",
            "visibility": 1.0,
            "location": [
                -3.55115008354187,
                0.9998346567153931,
                161.7321319580078
            ],
            "quaternion_xyzw": [
                0.88558429479599,
                -0.0012092110700905324,
                0.0027169734239578249,
                -0.4644691050052643
            ],
            "pose_transform_permuted": [
                [ 0.9999823, 0.0003821838, 0.0059355, 0 ],
                [ -0.004665617, -0.5685339, 0.8226466, 0 ],
                [ 0.003688935, -0.8226597, -0.568522, 0 ],
                [ -3.55115, 0.9998347, 161.7321, 1 ]
            ],
            "cuboid_centroid": [
                -3.55115008354187,
                0.9998346567153931,
                161.7321319580078
            ],
            "projected_cuboid_centroid": [
                293.7777404785156,
                247.3829345703125
            ],
            "bounding_box": {
                "top_left": [
                    232.60845947265626,
                    240.17724609375
                ],
                "bottom_right": [
                    354.6036376953125,
                    254.5333251953125
                ]
            },
            "cuboid": [
                [ -11.75645, 0.1004647, 161.0486 ],
                [ 4.650219, 0.02391032, 161.1092 ],
                [ 4.649401, 1.241105, 162.8704 ],
                [ -11.75727, 1.317643, 162.8099 ],
                [ -11.7517, 0.7585701, 160.5938 ],
                [ 4.654971, 0.6820221, 160.6544 ],
                [ 4.65415, 1.899213, 162.4156 ],
                [ -11.75252, 1.975756, 162.3551 ]
            ],
            "projected_cuboid": [
                [ 232.82, 240.745 ],
                [ 354.4708, 240.1772 ],
                [ 354.092, 249.1005 ],
                [ 233.7571, 249.6653 ],
                [ 232.6085, 245.6411 ],
                [ 354.6036, 245.0699 ],
                [ 354.2224, 253.9651 ],
                [ 233.5505, 254.5333 ]
            ]
        },
        {
            "class": "big_spoon",
            "visibility": 1.0,
            "location": [
                6.26601505279541,
                25.104055404663087,
                145.91026306152345
            ],
            "quaternion_xyzw": [
                -0.5758329033851624,
                0.763272225856781,
                -0.2393227219581604,
                -0.16898757219314576
            ],
            "pose_transform_permuted": [
                [ -0.2797197, -0.9599196, 0.01765275, 0 ],
                [ -0.7981494, 0.2222822, -0.559954, 0 ],
                [ 0.5335869, -0.1707196, -0.8283361, 0 ],
                [ 6.266015, 25.10406, 145.9103, 1 ]
            ],
            "cuboid_centroid": [
                6.26601505279541,
                25.104055404663087,
                145.91026306152345
            ],
            "projected_cuboid_centroid": [
                371.2864990234375,
                445.473388671875
            ],
            "bounding_box": {
                "top_left": [
                    340.26849365234377,
                    385.781494140625
                ],
                "bottom_right": [
                    404.27740478515627,
                    508.0692138671875
                ]
            },
            "cuboid": [
                [ 6.726599, 31.97406, 142.4454 ],
                [ 2.552661, 20.06417, 150.4075 ],
                [ 5.771231, 19.31886, 150.9799 ],
                [ 9.94517, 31.22875, 143.0178 ],
                [ 6.760798, 30.88924, 140.8406 ],
                [ 2.586859, 18.97935, 148.8027 ],
                [ 5.80543, 18.23405, 149.3751 ],
                [ 9.97937, 30.14393, 141.413 ]
            ],
            "projected_cuboid": [
                [ 376.3955, 508.0692 ],
                [ 340.2685, 399.3123 ],
                [ 365.6506, 392.8129 ],
                [ 403.0462, 500.7727 ],
                [ 377.3281, 501.925 ],
                [ 340.7615, 392.3239 ],
                [ 366.4145, 385.7815 ],
                [ 404.2774, 494.5705 ]
            ]
        },
        {
            "class": "big_plates",
            "visibility": 1.0,
            "location": [
                1.441490650177002,
                28.62052345275879,
                142.26014709472657
            ],
            "quaternion_xyzw": [
                -0.4748520851135254,
                -0.3323279917240143,
                -0.12911663949489594,
                -0.8046133518218994
            ],
            "pose_transform_permuted": [
                [ 0.745774, 0.1078353, 0.6574137, 0 ],
                [ 0.5233912, 0.5156888, -0.6783265, 0 ],
                [ -0.4121684, 0.8499628, 0.3281472, 0 ],
                [ 1.441491, 28.62052, 142.2601, 1 ]
            ],
            "cuboid_centroid": [
                1.441490650177002,
                28.62052345275879,
                142.26014709472657
            ],
            "projected_cuboid_centroid": [
                332.10113525390627,
                480.2657470703125
            ],
            "bounding_box": {
                "top_left": [
                    228.46221923828126,
                    382.9385986328125
                ],
                "bottom_right": [
                    435.89044189453127,
                    585.934326171875
                ]
            },
            "cuboid": [
                [ -10.75214, 30.36129, 143.6226 ],
                [ 2.290174, 39.5145, 136.4145 ],
                [ 2.130404, 38.75046, 135.1552 ],
                [ -10.91191, 29.59723, 142.3633 ],
                [ 0.7525818, 18.49059, 149.3652 ],
                [ 13.79489, 27.64382, 142.157 ],
                [ 13.63513, 26.87976, 140.8977 ],
                [ 0.592812, 17.72655, 148.1058 ]
            ],
            "projected_cuboid": [
                [ 230.5934, 492.4614 ],
                [ 340.0496, 585.9343 ],
                [ 338.8246, 582.4063 ],
                [ 228.4622, 488.2851 ],
                [ 326.0173, 387.8424 ],
                [ 435.8904, 472.2347 ],
                [ 435.5721, 467.8342 ],
                [ 324.7802, 382.9386 ]
            ]
        }
    ]
}