{
    "camera_data": {
        "location_worldframe": [
            41.25656509399414,
            60.366024017333987,
            -33.72765350341797
        ],
        "quaternion_xyzw_worldframe": [
            0.26066648960113528,
            -0.46480831503868105,
            0.1453462839126587,
            0.8335950970649719
        ]
    },
    "objects": [
        {
            "class": "small_fork",
            "visibility": 1.0,
            "location": [
                -4.718377113342285,
                -0.15385286509990693,
                104.62116241455078
            ],
            "quaternion_xyzw": [
                -0.14674675464630128,
                0.4413405954837799,
                0.8410977721214294,
                0.2761128842830658
            ],
            "pose_transform_permuted": [
                [ -0.804454, -0.5940065, -0.003137082, 0 ],
                [ 0.3349453, -0.4579601, 0.8234586, 0 ],
                [ -0.4905764, 0.6613839, 0.5673677, 0 ],
                [ -4.718377, -0.1538529, 104.6212, 1 ]
            ],
            "cuboid_centroid": [
                -4.718377113342285,
                -0.15385286509990693,
                104.62116241455078
            ],
            "projected_cuboid_centroid": [
                266.13946533203127,
                238.2437744140625
            ],
            "bounding_box": {
                "top_left": [
                    220.34324645996095,
                    200.591796875
                ],
                "bottom_right": [
                    314.81072998046877,
                    278.9688720703125
                ]
            },
            "cuboid": [
                [ -7.475789, -3.587671, 108.7235 ],
                [ -8.995294, -2.955004, 107.7969 ],
                [ -1.957884, 2.470619, 99.96121 ],
                [ -0.4383764, 1.837954, 100.8878 ],
                [ -7.478868, -2.778333, 109.2811 ],
                [ -8.998376, -2.14566, 108.3545 ],
                [ -1.960967, 3.279955, 100.5188 ],
                [ -0.4414638, 2.647288, 101.4455 ]
            ],
            "projected_cuboid": [
                [ 237.8834, 200.5918 ],
                [ 220.3432, 207.2622 ],
                [ 296.6088, 269.517 ],
                [ 314.8107, 261.7567 ],
                [ 238.2687, 209.6376 ],
                [ 220.8221, 216.3511 ],
                [ 296.7019, 278.9689 ],
                [ 314.8029, 271.1649 ]
            ]
        }
    ]
}