{
    "camera_data": {
        "location_worldframe": [
            -48.2681770324707,
            82.12031555175781,
            4.387056827545166
        ],
        "quaternion_xyzw_worldframe": [
            0.2270127534866333,
            0.7714310884475708,
            -0.39152392745018008,
            0.4472897946834564
        ]
    },
    "objects": [
        {
            "class": "teacup",
            "visibility": 1.0,
            "location": [
                -0.7568479180335999,
                -2.3507211208343508,
                99.81472778320313
            ],
            "quaternion_xyzw": [
                0.003899411763995886,
                0.891920268535614,
                0.452098548412323,
                0.008361868560314179
            ],
            "pose_transform_permuted": [
                [ -0.9998296, -0.0006048488, 0.01844208, 0 ],
                [ 0.01451671, 0.5911834, 0.8064065, 0 ],
                [ -0.0113904, 0.8065369, -0.5910739, 0 ],
                [ -0.7568479, -2.350721, 99.81473, 1 ]
            ],
            "cuboid_centroid": [
                -0.7568479180335999,
                -2.3507211208343508,
                99.81472778320313
            ],
            "projected_cuboid_centroid": [
                310.94451904296877,
                211.874267578125
            ],
            "bounding_box": {
                "top_left": [
                    258.0303649902344,
                    162.4891357421875
                ],
                "bottom_right": [
                    364.55517578125,
                    261.1259765625
                ]
            },
            "cuboid": [
                [ 3.459531, -3.458522, 103.7873 ],
                [ -5.092994, -3.334354, 103.6899 ],
                [ -5.089913, -6.345331, 99.58207 ],
                [ 3.462611, -6.469503, 99.6795 ],
                [ 3.576221, 1.643896, 100.0474 ],
                [ -4.976303, 1.76808, 99.94994 ],
                [ -4.973223, -1.242906, 95.84212 ],
                [ 3.579302, -1.367082, 95.93957 ]
            ],
            "projected_cuboid": [
                [ 359.808, 200.2036 ],
                [ 261.341, 201.5963 ],
                [ 258.9583, 163.9025 ],
                [ 361.4854, 162.4891 ],
                [ 362.689, 259.623 ],
                [ 260.5404, 261.126 ],
                [ 258.0304, 224.5126 ],
                [ 364.5552, 222.9825 ]
            ]
        }
    ]
}