{
    "camera_data": {
        "location_worldframe": [
            -0.34522414207458498,
            84.29926300048828,
            3.630012273788452
        ],
        "quaternion_xyzw_worldframe": [
            0.539975106716156,
            -0.261408269405365,
            0.18113288283348084,
            0.7792839407920837
        ]
    },
    "objects": [
        {
            "class": "bowl",
            "visibility": 1.0,
            "location": [
                -3.6029164791107179,
                0.9121378064155579,
                82.59685516357422
            ],
            "quaternion_xyzw": [
                -0.5291965007781982,
                -0.8303437829017639,
                0.14500217139720918,
                -0.09723470360040665
            ],
            "pose_transform_permuted": [
                [ -0.4209929, 0.9070286, 0.008007184, 0 ],
                [ 0.8506316, 0.3978509, -0.3437158, 0 ],
                [ -0.3149458, -0.1378908, -0.9390395, 0 ],
                [ -3.602916, 0.9121378, 82.59686, 1 ]
            ],
            "cuboid_centroid": [
                -3.6029164791107179,
                0.9121378064155579,
                82.59685516357422
            ],
            "projected_cuboid_centroid": [
                267.90594482421877,
                253.1884765625
            ],
            "bounding_box": {
                "top_left": [
                    190.94412231445313,
                    128.1885986328125
                ],
                "bottom_right": [
                    335.30816650390627,
                    367.73193359375
                ]
            },
            "cuboid": [
                [ 0.9049677, -1.410132, 90.13805 ],
                [ -4.355971, 9.219789, 86.20233 ],
                [ -8.210842, 7.528923, 86.78837 ],
                [ -2.949905, -3.100997, 90.72409 ],
                [ 1.005011, -5.704641, 78.40533 ],
                [ -4.255929, 4.925271, 74.46961 ],
                [ -8.1108, 3.234406, 75.05566 ],
                [ -2.849859, -7.395512, 78.99137 ]
            ],
            "projected_cuboid": [
                [ 331.9901, 221.3169 ],
                [ 259.6519, 367.7319 ],
                [ 207.0142, 343.6022 ],
                [ 281.1686, 199.1797 ],
                [ 335.3082, 153.1079 ],
                [ 251.7484, 318.9857 ],
                [ 190.9441, 291.4646 ],
                [ 276.9135, 128.1886 ]
            ]
        },
        {
            "class": "small_fork",
            "visibility": 0.0,
            "location": [
                -51.65038299560547,
                36.79227066040039,
                75.28398895263672
            ],
            "quaternion_xyzw": [
                -0.16093884408473969,
                0.9708343148231506,
                -0.17542847990989686,
                -0.028359945863485338
            ],
            "pose_transform_permuted": [
                [ -0.9465888, -0.3224402, 0.001400895, 0 ],
                [ -0.3025396, 0.886647, -0.3497524, 0 ],
                [ 0.1115321, -0.3314956, -0.9368411, 0 ],
                [ -51.65038, 36.79227, 75.28399, 1 ]
            ],
            "cuboid_centroid": [
                -51.65038299560547,
                36.79227066040039,
                75.28398895263672
            ],
            "projected_cuboid_centroid": [
                -499.34808349609377,
                823.648681640625
            ],
            "bounding_box": {
                "top_left": [
                    -571.2692260742188,
                    722.31982421875
                ],
                "bottom_right": [
                    -431.72479248046877,
                    932.0230712890625
                ]
            },
            "cuboid": [
                [ -52.66711, 42.50209, 73.67538 ],
                [ -54.45509, 41.93063, 73.88604 ],
                [ -50.63503, 31.4262, 77.81339 ],
                [ -48.84705, 31.99767, 77.60273 ],
                [ -52.66574, 42.15833, 72.75459 ],
                [ -54.45371, 41.58687, 72.96526 ],
                [ -50.63365, 31.08245, 76.89262 ],
                [ -48.84567, 31.6539, 76.68194 ]
            ],
            "projected_cuboid": [
                [ -533.7184, 928.9465 ],
                [ -560.1843, 917.7454 ],
                [ -457.131, 722.3198 ],
                [ -431.7248, 732.4236 ],
                [ -544.5006, 932.0231 ],
                [ -571.2692, 920.6717 ],
                [ -466.4156, 722.7565 ],
                [ -440.7299, 732.9828 ]
            ]
        },
        {
            "class": "small_plates",
            "visibility": 0.07923424988985062,
            "location": [
                16.87703514099121,
                17.5612850189209,
                82.22984313964844
            ],
            "quaternion_xyzw": [
                0.48099327087402346,
                -0.4403749406337738,
                -0.30527353286743166,
                0.6939188838005066
            ],
            "pose_transform_permuted": [
                [ 0.425756, 3.537536E-05, -0.904838, 0 ],
                [ -0.8473049, 0.3509071, -0.398671, 0 ],
                [ 0.3174999, 0.9364102, 0.1494308, 0 ],
                [ 16.87704, 17.56129, 82.22984, 1 ]
            ],
            "cuboid_centroid": [
                16.87703514099121,
                17.5612850189209,
                82.22984313964844
            ],
            "projected_cuboid_centroid": [
                565.11181640625,
                495.0494384765625
            ],
            "bounding_box": {
                "top_left": [
                    464.01605224609377,
                    393.0208740234375
                ],
                "bottom_right": [
                    665.746337890625,
                    601.5322265625
                ]
            },
            "cuboid": [
                [ 19.39101, 24.36134, 80.47328 ],
                [ 23.86067, 15.46618, 83.80646 ],
                [ 23.86062, 14.94584, 82.41792 ],
                [ 19.39095, 23.841, 79.08474 ],
                [ 9.893462, 20.17673, 82.04176 ],
                [ 14.36313, 11.28157, 85.37494 ],
                [ 14.36308, 10.76124, 83.9864 ],
                [ 9.893409, 19.6564, 80.65323 ]
            ],
            "projected_cuboid": [
                [ 607.7704, 601.5322 ],
                [ 660.0186, 460.3957 ],
                [ 665.7463, 456.569 ],
                [ 612.8222, 600.0223 ],
                [ 464.0161, 533.7064 ],
                [ 520.9167, 397.8108 ],
                [ 524.2377, 393.0209 ],
                [ 466.4946, 531.0581 ]
            ]
        },
        {
            "class": "big_plates",
            "visibility": 0.9211965799331665,
            "location": [
                -8.635886192321778,
                -9.33277416229248,
                92.3194351196289
            ],
            "quaternion_xyzw": [
                0.5253624320030212,
                -0.3158898651599884,
                -0.21881814301013947,
                0.7591617703437805
            ],
            "pose_transform_permuted": [
                [ 0.7046644, 0.0003234148, -0.7095407, 0 ],
                [ -0.6641501, 0.3522259, -0.6594253, 0 ],
                [ 0.2497054, 0.935915, 0.2484158, 0 ],
                [ -8.635886, -9.332774, 92.31944, 1 ]
            ],
            "cuboid_centroid": [
                -8.635886192321778,
                -9.33277416229248,
                92.3194351196289
            ],
            "projected_cuboid_centroid": [
                208.28504943847657,
                119.27001953125
            ],
            "bounding_box": {
                "top_left": [
                    46.174278259277347,
                    -23.41796875
                ],
                "bottom_right": [
                    368.664306640625,
                    273.7515869140625
                ]
            },