{
    "camera_data": {
        "location_worldframe": [
            32.572288513183597,
            156.20387268066407,
            50.90508270263672
        ],
        "quaternion_xyzw_worldframe": [
            -0.2944173216819763,
            0.705043613910675,
            -0.47231772541999819,
            -0.43948599696159365
        ]
    },
    "objects": [
        {
            "class": "bowl",
            "visibility": 1.0,
            "location": [
                -0.9920370578765869,
                2.0966379642486574,
                160.8592529296875
            ],
            "quaternion_xyzw": [
                0.11849576979875565,
                -0.9747363924980164,
                0.18753460049629212,
                0.026049289852380754
            ],
            "pose_transform_permuted": [
                [ -0.9705605, -0.2407746, -0.006338269, 0 ],
                [ -0.221234, 0.9015791, -0.3717671, 0 ],
                [ 0.0952265, -0.3594202, -0.9283046, 0 ],
                [ -0.9920371, 2.096638, 160.8593, 1 ]
            ],
            "cuboid_centroid": [
                -0.9920370578765869,
                2.0966379642486574,
                160.8592529296875
            ],
            "projected_cuboid_centroid": [
                312.6348876953125,
                255.56591796875
            ],
            "bounding_box": {
                "top_left": [
                    261.34332275390627,
                    213.0938720703125
                ],
                "bottom_right": [
                    362.65533447265627,
                    295.7559814453125
                ]
            },
            "cuboid": [
                [ 4.60022, 7.717315, 165.2998 ],
                [ -7.528391, 4.952652, 166.4898 ],
                [ -6.505101, 1.120951, 168.0173 ],
                [ 5.623508, 3.885593, 166.8273 ],
                [ 4.521028, 3.072313, 153.7012 ],
                [ -7.607583, 0.3076652, 154.8912 ],
                [ -6.584291, -3.524052, 156.4187 ],
                [ 5.544315, -0.7594078, 155.2287 ]
            ],
            "projected_cuboid": [
                [ 353.2356, 295.756 ],
                [ 265.9977, 275.5261 ],
                [ 273.7622, 247.9677 ],
                [ 360.2567, 267.8156 ],
                [ 355.1283, 263.8718 ],
                [ 261.3433, 242.3722 ],
                [ 269.729, 213.0939 ],
                [ 362.6553, 234.1575 ]
            ]
        },
        {
            "class": "small_fork",
            "visibility": 0.7440135478973389,
            "location": [
                -45.63150405883789,
                -32.977333068847659,
                181.51251220703126
            ],
            "quaternion_xyzw": [
                0.7395722270011902,
                -0.6447849869728088,
                0.12639667093753816,
                0.1459764838218689
            ],
            "pose_transform_permuted": [
                [ 0.1365524, -0.9906321, -0.001287952, 0 ],
                [ -0.9168283, -0.1258864, -0.3789176, 0 ],
                [ 0.3752058, 0.05292295, -0.9254295, 0 ],
                [ -45.6315, -32.97733, 181.5125, 1 ]
            ],
            "cuboid_centroid": [
                -45.63150405883789,
                -32.977333068847659,
                181.51251220703126
            ],
            "projected_cuboid_centroid": [
                19.76886749267578,
                23.026611328125
            ],
            "bounding_box": {
                "top_left": [
                    -20.62347412109375,
                    11.46630859375
                ],
                "bottom_right": [
                    59.94123458862305,
                    34.6142578125
                ]
            },
            "cuboid": [
                [ -51.62802, -32.67093, 181.9264 ],
                [ -51.37009, -34.4027, 182.6351 ],
                [ -39.63372, -32.91127, 182.0081 ],
                [ -39.89164, -31.1795, 181.2994 ],
                [ -51.62928, -33.04335, 181.0169 ],
                [ -51.37136, -34.77513, 181.7256 ],
                [ -39.63498, -33.28371, 181.0986 ],
                [ -39.89291, -31.55193, 180.3899 ]
            ],
            "projected_cuboid": [
                [ -18.9122, 25.53162 ],
                [ -15.91045, 15.03979 ],
                [ 59.94123, 24.0509 ],
                [ 57.22565, 34.61426 ],
                [ -20.62347, 21.99695 ],
                [ -17.6001, 11.46631 ],
                [ 58.62675, 20.51025 ],
                [ 55.89228, 31.11304 ]
            ]
        },
        {
            "class": "small_plates",
            "visibility": 1.0,
            "location": [
                -12.528090476989746,
                25.5489501953125,
                157.1625213623047
            ],
            "quaternion_xyzw": [
                -0.5523074865341187,
                -0.10304661095142365,
                -0.06882473826408386,
                -0.8243790864944458
            ],
            "pose_transform_permuted": [
                [ 0.9692891, 0.0003514737, 0.2459238, 0 ],
                [ 0.2273022, 0.3804392, -0.8964372, 0 ],
                [ -0.0938741, 0.9248058, 0.3686757, 0 ],
                [ -12.52809, 25.54895, 157.1625, 1 ]
            ],
            "cuboid_centroid": [
                -12.528090476989746,
                25.5489501953125,
                157.1625213623047
            ],
            "projected_cuboid_centroid": [
                224.80078125,
                434.1429443359375
            ],
            "bounding_box": {
                "top_left": [
                    174.3572998046875,
                    385.5694580078125
                ],
                "bottom_right": [
                    273.8966064453125,
                    483.8052978515625
                ]
            },
            "cuboid": [
                [ -18.90637, 29.34257, 156.4061 ],
                [ -8.7306, 31.72883, 155.4205 ],
                [ -8.731124, 31.1647, 154.0492 ],
                [ -18.90689, 28.77843, 155.0347 ],
                [ -16.32506, 19.93319, 160.2758 ],
                [ -6.149288, 22.31945, 159.2903 ],
                [ -6.149805, 21.75534, 157.919 ],
                [ -16.32558, 19.36908, 158.9045 ]
            ],
            "projected_cuboid": [
                [ 175.6382, 464.0485 ],
                [ 252.9138, 483.8053 ],
                [ 252.3125, 481.6022 ],
                [ 174.3573, 461.6847 ],
                [ 198.3578, 388.5273 ],
                [ 273.8966, 407.3369 ],
                [ 273.4923, 404.5239 ],
                [ 197.3041, 385.5695 ]
            ]
        },
        {
            "class": "big_plates",
            "visibility": 0.987080454826355,
            "location": [
                10.820653915405274,
                -2.6659109592437746,
                168.7710418701172
            ],
            "quaternion_xyzw": [
                -0.5321483612060547,
                -0.24157795310020448,
                -0.16230830550193788,
                -0.7950559854507446
            ],
            "pose_transform_permuted": [
                [ 0.8305922, -0.0009777546, 0.5568802, 0 ],
                [ 0.515199, 0.3809483, -0.7677553, 0 ],
                [ -0.2113918, 0.9245957, 0.3169164, 0 ],
                [ 10.82065, -2.665911, 168.771, 1 ]
            ],
            "cuboid_centroid": [
                10.820653915405274,
                -2.6659109592437746,
                168.7710418701172
            ],
            "projected_cuboid_centroid": [
                396.56903076171877,
                221.135498046875
            ],
            "bounding_box": {
                "top_left": [
                    310.611328125,
                    142.0091552734375
                ],
                "bottom_right": [
                    482.2170715332031,
                    304.041015625
                ]
            },