{
    "camera_data": {
        "location_worldframe": [
            28.85666847229004,
            128.2611846923828,
            5.058282852172852
        ],
        "quaternion_xyzw_worldframe": [
            0.4611431062221527,
            -0.450278103351593,
            0.29423314332962038,
            0.705707848072052
        ]
    },
    "objects": [
        {
            "class": "bowl",
            "visibility": 1.0,
            "location": [
                -3.565502405166626,
                0.8127292394638062,
                132.4364013671875
            ],
            "quaternion_xyzw": [
                -0.31148552894592287,
                -0.9289997220039368,
                0.18893003463745118,
                -0.06512898206710816
            ],
            "pose_transform_permuted": [
                [ -0.7974702, 0.6033496, 0.003311664, 0 ],
                [ 0.5541303, 0.7345644, -0.3916054, 0 ],
                [ -0.2387076, -0.3104584, -0.9201275, 0 ],
                [ -3.565502, 0.8127292, 132.4364, 1 ]
            ],
            "cuboid_centroid": [
                -3.565502405166626,
                0.8127292394638062,
                132.4364013671875
            ],
            "projected_cuboid_centroid": [
                287.8477783203125,
                247.328857421875
            ],
            "bounding_box": {
                "top_left": [
                    226.9151611328125,
                    178.2939453125
                ],
                "bottom_right": [
                    345.474365234375,
                    312.7127685546875
                ]
            },
            "cuboid": [
                [ 2.678716, 1.35776, 139.0164 ],
                [ -7.286867, 8.282446, 136.0334 ],
                [ -9.851106, 5.160551, 137.3528 ],
                [ 0.1144769, -1.764141, 140.3358 ],
                [ 2.720094, -3.535094, 127.52 ],
                [ -7.245487, 3.389581, 124.537 ],
                [ -9.809722, 0.267682, 125.8564 ],
                [ 0.1558582, -6.657007, 128.8394 ]
            ],
            "projected_cuboid": [
                [ 343.0122, 251.6642 ],
                [ 256.0276, 312.7128 ],
                [ 234.3465, 284.87 ],
                [ 320.9742, 224.9872 ],
                [ 345.4744, 206.8929 ],
                [ 250.5189, 272.5046 ],
                [ 226.9152, 242.54 ],
                [ 321.4447, 178.2939 ]
            ]
        },
        {
            "class": "small_fork",
            "visibility": 0.0,
            "location": [
                -62.964942932128909,
                11.715147018432618,
                133.94058227539063
            ],
            "quaternion_xyzw": [
                -0.3888534605503082,
                0.898400604724884,
                -0.18743565678596497,
                -0.08085263520479202
            ],
            "pose_transform_permuted": [
                [ -0.6845115, -0.7290017, 0.000493899, 0 ],
                [ -0.6683831, 0.6273217, -0.3996643, 0 ],
                [ 0.2910461, -0.2739049, -0.9166614, 0 ],
                [ -62.96494, 11.71515, 133.9406, 1 ]
            ],
            "cuboid_centroid": [
                -62.964942932128909,
                11.715147018432618,
                133.94058227539063
            ],
            "projected_cuboid_centroid": [
                -241.41517639160157,
                344.4559326171875
            ],
            "bounding_box": {
                "top_left": [
                    -293.9228820800781,
                    303.259521484375
                ],
                "bottom_right": [
                    -190.2984619140625,
                    386.55224609375
                ]
            },
            "cuboid": [
                [ -66.63708, 16.25886, 132.4937 ],
                [ -67.93005, 14.99637, 133.0434 ],
                [ -59.29329, 7.564264, 136.2885 ],
                [ -58.00034, 8.82674, 135.7387 ],
                [ -66.63661, 15.86604, 131.5927 ],
                [ -67.92954, 14.60355, 132.1425 ],
                [ -59.2928, 7.17145, 135.3875 ],
                [ -57.99984, 8.433931, 134.8378 ]
            ],
            "projected_cuboid": [
                [ -280.6458, 386.5522 ],
                [ -289.7699, 374.614 ],
                [ -199.5699, 306.2834 ],
                [ -190.2985, 317.6594 ],
                [ -284.7537, 383.9906 ],
                [ -293.9229, 371.9817 ],
                [ -203.0231, 303.2595 ],
                [ -193.7038, 314.6992 ]
            ]
        },
        {
            "class": "small_plates",
            "visibility": 1.0,
            "location": [
                7.141578674316406,
                24.536725997924806,
                128.04461669921876
            ],
            "quaternion_xyzw": [
                0.5191265344619751,
                -0.26422449946403506,
                -0.17282351851463319,
                0.7942449450492859
            ],
            "pose_transform_permuted": [
                [ 0.8006349, 0.0001965165, -0.5991525, 0 ],
                [ -0.5488603, 0.4012793, -0.7332989, 0 ],
                [ 0.2402834, 0.9159557, 0.3213861, 0 ],
                [ 7.141579, 24.53673, 128.0446, 1 ]
            ],
            "cuboid_centroid": [
                7.141578674316406,
                24.536725997924806,
                128.04461669921876
            ],
            "projected_cuboid_centroid": [
                386.6086120605469,
                468.85101318359377
            ],
            "bounding_box": {
                "top_left": [
                    318.07818603515627,
                    400.4674072265625
                ],
                "bottom_right": [
                    456.308349609375,
                    539.7017211914063
                ]
            },
            "cuboid": [
                [ 6.083593, 31.56375, 125.7757 ],
                [ 14.4888, 25.80172, 128.2983 ],
                [ 14.48851, 25.20669, 126.9401 ],
                [ 6.083306, 30.96873, 124.4175 ],
                [ -0.2053526, 23.86676, 129.1491 ],
                [ 8.199856, 18.10472, 131.6717 ],
                [ 8.19957, 17.5097, 130.3135 ],
                [ -0.2056421, 23.27172, 127.7909 ]
            ],
            "projected_cuboid": [
                [ 377.7645, 539.7017 ],
                [ 454.8681, 480.1736 ],
                [ 456.3083, 477.1453 ],
                [ 378.3923, 537.2619 ],
                [ 318.1011, 460.6985 ],
                [ 394.3723, 404.209 ],
                [ 395.1448, 400.4674 ],
                [ 318.0782, 457.4834 ]
            ]
        },
        {
            "class": "big_plates",
            "visibility": 1.0,
            "location": [
                -1.90476655960083,
                -9.659053802490235,
                143.03836059570313
            ],
            "quaternion_xyzw": [
                0.5404250025749207,
                -0.1253194510936737,
                -0.08166767656803131,
                0.8279892206192017
            ],
            "pose_transform_permuted": [
                [ 0.9552509, -0.0002116114, -0.2957968, 0 ],
                [ -0.2706915, 0.4025424, -0.8744631, 0 ],
                [ 0.1192558, 0.9154012, 0.3844717, 0 ],
                [ -1.904767, -9.659054, 143.0384, 1 ]
            ],
            "cuboid_centroid": [
                -1.90476655960083,
                -9.659053802490235,
                143.03836059570313
            ],
            "projected_cuboid_centroid": [
                304.0967102050781,
                159.3546142578125
            ],
            "bounding_box": {
                "top_left": [
                    213.96685791015626,
                    77.45556640625
                ],
                "bottom_right": [
                    397.0632629394531,
                    245.637939453125
                ]
            },