{
    "camera_data": {
        "location_worldframe": [
            -20.06905746459961,
            223.1545867919922,
            41.1299934387207
        ],
        "quaternion_xyzw_worldframe": [
            0.13194048404693604,
            0.7894958853721619,
            -0.5709677338600159,
            0.182438462972641
        ]
    },
    "objects": [
        {
            "class": "big_spoon",
            "visibility": 1.0,
            "location": [
                -1.6475225687026978,
                -2.978605270385742,
                234.52346801757813
            ],
            "quaternion_xyzw": [
                0.1264163702726364,
                0.09738010168075562,
                0.6953359246253967,
                -0.700745165348053
            ],
            "pose_transform_permuted": [
                [ 0.01405014, 0.9991274, 0.03932641, 0 ],
                [ -0.9498857, 0.00105371, 0.3125951, 0 ],
                [ 0.312281, -0.04174756, 0.9490721, 0 ],
                [ -1.647523, -2.978605, 234.5235, 1 ]
            ],
            "cuboid_centroid": [
                -1.6475225687026978,
                -2.978605270385742,
                234.52346801757813
            ],
            "projected_cuboid_centroid": [
                311.6103820800781,
                224.8321533203125
            ],
            "bounding_box": {
                "top_left": [
                    302.1104431152344,
                    187.5101318359375
                ],
                "bottom_right": [
                    320.856201171875,
                    262.614990234375
                ]
            },
            "cuboid": [
                [ -0.1154223, 3.80742, 231.2043 ],
                [ 0.09422746, -10.36668, 235.8641 ],
                [ -3.255807, -10.3702, 236.004 ],
                [ -3.465459, 3.803886, 231.3442 ],
                [ -0.03923661, 4.413007, 233.0429 ],
                [ 0.1704184, -9.761088, 237.7028 ],
                [ -3.179621, -9.764603, 237.8427 ],
                [ -3.389272, 4.409485, 233.1829 ]
            ],
            "projected_cuboid": [
                [ 319.4038, 259.6667 ],
                [ 320.4771, 187.5101 ],
                [ 303.5246, 187.5234 ],
                [ 302.1104, 259.6366 ],
                [ 319.7989, 262.615 ],
                [ 320.8562, 190.9587 ],
                [ 304.0345, 190.97 ],
                [ 302.6417, 262.5834 ]
            ]
        },
        {
            "class": "teacup",
            "visibility": 1.0,
            "location": [
                -35.78705596923828,
                41.03331756591797,
                216.516357421875
            ],
            "quaternion_xyzw": [
                -0.6947966814041138,
                -0.09282682836055756,
                -0.7008927464485169,
                -0.1318715512752533
            ],
            "pose_transform_permuted": [
                [ 0.0002650917, -0.05586408, 0.9984384, 0 ],
                [ 0.3138472, -0.9479861, -0.05312453, 0 ],
                [ 0.9494735, 0.3133711, 0.0172815, 0 ],
                [ -35.78706, 41.03332, 216.5164, 1 ]
            ],
            "cuboid_centroid": [
                -35.78705596923828,
                41.03331756591797,
                216.516357421875
            ],
            "projected_cuboid_centroid": [
                122.60652160644531,
                466.3306884765625
            ],
            "bounding_box": {
                "top_left": [
                    100.99191284179688,
                    447.76251220703127
                ],
                "bottom_right": [
                    143.52438354492188,
                    484.356689453125
                ]
            },
            "cuboid": [
                [ -39.08918, 37.44494, 213.1988 ],
                [ -39.08692, 40.1296, 221.3206 ],
                [ -38.8024, 44.95782, 219.7245 ],
                [ -38.80466, 42.27318, 211.6028 ],
                [ -32.77171, 37.10881, 213.3081 ],
                [ -32.76945, 39.79346, 221.4299 ],
                [ -32.48492, 44.62168, 219.8339 ],
                [ -32.48719, 41.93704, 211.7121 ]
            ],
            "projected_cuboid": [
                [ 101.0377, 449.752 ],
                [ 109.0851, 456.5412 ],
                [ 109.0995, 484.3567 ],
                [ 100.9919, 478.5839 ],
                [ 136.5198, 447.7625 ],
                [ 143.2618, 454.6213 ],
                [ 143.5244, 482.4091 ],
                [ 136.7416, 476.5645 ]
            ]
        },
        {
            "class": "big_fork",
            "visibility": 1.0,
            "location": [
                1.4464274644851685,
                2.064486503601074,
                233.23660278320313
            ],
            "quaternion_xyzw": [
                -0.9813704490661621,
                -0.1137123852968216,
                -0.0063285138458013538,
                -0.154730424284935
            ],
            "pose_transform_permuted": [
                [ 0.9740589, 0.2212295, 0.04761076, 0 ],
                [ 0.2251464, -0.9262561, -0.3022565, 0 ],
                [ -0.0227683, 0.305135, -0.952037, 0 ],
                [ 1.446427, 2.064487, 233.2366, 1 ]
            ],
            "cuboid_centroid": [
                1.4464274644851685,
                2.064486503601074,
                233.23660278320313
            ],
            "projected_cuboid_centroid": [
                327.40625,
                250.5709228515625
            ],
            "bounding_box": {
                "top_left": [
                    312.9308166503906,
                    213.33544921875
                ],
                "bottom_right": [
                    341.6785888671875,
                    288.353515625
                ]
            },
            "cuboid": [
                [ 1.90538, -4.874176, 236.1077 ],
                [ 4.20521, -4.342584, 236.0539 ],
                [ 0.9289817, 9.374487, 231.5352 ],
                [ -1.370849, 8.842888, 231.5889 ],
                [ 1.963871, -5.245541, 234.938 ],
                [ 4.263707, -4.713939, 234.8843 ],
                [ 0.9874748, 9.00315, 230.3655 ],
                [ -1.312357, 8.471557, 230.4193 ]
            ],
            "projected_cuboid": [
                [ 329.6376, 215.3459 ],
                [ 341.2752, 218.0298 ],
                [ 324.7917, 288.3535 ],
                [ 312.9308, 285.601 ],
                [ 329.9829, 213.3354 ],
                [ 341.6786, 216.0322 ],
                [ 325.1193, 286.674 ],
                [ 313.1981, 283.9078 ]
            ]
        },
        {
            "class": "water_glass",
            "visibility": 0.0,
            "location": [
                36.365108489990237,
                22.058767318725587,
                225.1740264892578
            ],
            "quaternion_xyzw": [
                0.3608534336090088,
                -0.6903620958328247,
                -0.15301209688186646,
                -0.6080889701843262
            ],
            "pose_transform_permuted": [
                [ -2.503023E-05, -0.684329, 0.7291732, 0 ],
                [ -0.3121491, 0.6927442, 0.6501295, 0 ],
                [ -0.950033, -0.2275945, -0.21363, 0 ],
                [ 36.36511, 22.05877, 225.174, 1 ]
            ],
            "cuboid_centroid": [
                36.365108489990237,
                22.058767318725587,
                225.1740264892578
            ],
            "projected_cuboid_centroid": [
                512.8697509765625,
                356.9931640625
            ],
            "bounding_box": {
                "top_left": [
                    494.6981201171875,
                    337.9949951171875
                ],
                "bottom_right": [
                    531.3271484375,
                    375.8394775390625
                ]
            },