{
    "camera_data": {
        "location_worldframe": [
            0.19906163215637208,
            64.68419647216797,
            -67.50871276855469
        ],
        "quaternion_xyzw_worldframe": [
            0.3997035324573517,
            -0.29629024863243105,
            0.13829532265663148,
            0.856343150138855
        ]
    },
    "objects": [
        {
            "class": "knife",
            "visibility": 1.0,
            "location": [
                1.5741820335388184,
                2.4429657459259035,
                81.29991149902344
            ],
            "quaternion_xyzw": [
                0.027572423219680787,
                0.33992817997932436,
                0.9369891881942749,
                -0.0757618248462677
            ],
            "pose_transform_permuted": [
                [ -0.9869999, 0.1607213, 0.0001629665, 0 ],
                [ -0.1232307, -0.757418, 0.641196, 0 ],
                [ 0.1031773, 0.6328402, 0.7673772, 0 ],
                [ 1.574182, 2.442966, 81.29991, 1 ]
            ],
            "cuboid_centroid": [
                1.5741820335388184,
                2.4429657459259035,
                81.29991149902344
            ],
            "projected_cuboid_centroid": [
                343.12396240234377,
                275.885986328125
            ],
            "bounding_box": {
                "top_left": [
                    221.49008178710938,
                    245.279541015625
                ],
                "bottom_right": [
                    465.44024658203127,
                    307.4227294921875
                ]
            },
            "cuboid": [
                [ 9.842997, 2.386631, 80.82398 ],
                [ -6.35067, 0.3647887, 82.51681 ],
                [ -6.694758, 1.98636, 81.16195 ],
                [ 9.498906, 4.008203, 79.46912 ],
                [ 9.843123, 2.899578, 81.43787 ],
                [ -6.350539, 0.8777318, 83.13071 ],
                [ -6.694632, 2.499311, 81.77584 ],
                [ 9.499038, 4.521152, 80.08302 ]
            ],
            "projected_cuboid": [
                [ 465.4402, 275.2649 ],
                [ 228.0875, 245.2795 ],
                [ 221.4901, 269.2283 ],
                [ 462.7489, 300.235 ],
                [ 464.3458, 282.5212 ],
                [ 228.7681, 252.6095 ],
                [ 222.2314, 276.5 ],
                [ 461.6566, 307.4227 ]
            ]
        },
        {
            "class": "packet_cup",
            "visibility": 0.0,
            "location": [
                34.50474548339844,
                27.573381423950197,
                56.1953010559082
            ],
            "quaternion_xyzw": [
                0.281886488199234,
                -0.8964744806289673,
                0.32607266306877139,
                0.10271400958299637
            ],
            "pose_transform_permuted": [
                [ -0.8199797, -0.5723926, -0.000330016, 0 ],
                [ -0.4384236, 0.6284332, -0.642539, 0 ],
                [ 0.3679919, -0.5267242, -0.7662529, 0 ],
                [ 34.50475, 27.57338, 56.1953, 1 ]
            ],
            "cuboid_centroid": [
                34.50474548339844,
                27.573381423950197,
                56.1953010559082
            ],
            "projected_cuboid_centroid": [
                1053.291015625,
                825.9864501953125
            ],
            "bounding_box": {
                "top_left": [
                    969.1990966796875,
                    734.8494873046875
                ],
                "bottom_right": [
                    1143.6187744140625,
                    914.8143920898438
                ]
            },
            "cuboid": [
                [ 34.50989, 32.1606, 56.91639 ],
                [ 31.63995, 30.62611, 58.20435 ],
                [ 34.50192, 27.48395, 60.83798 ],
                [ 37.37185, 29.01843, 59.55001 ],
                [ 34.50758, 27.66282, 51.55262 ],
                [ 31.63765, 26.12834, 52.84059 ],
                [ 34.49961, 22.98617, 55.47421 ],
                [ 37.36954, 24.52066, 54.18624 ]
            ],
            "projected_cuboid": [
                [ 1044.109, 914.8144 ],
                [ 969.1991, 868.3967 ],
                [ 997.2765, 779.5129 ],
                [ 1069.48, 821.9553 ],
                [ 1119.395, 880.8306 ],
                [ 1035.046, 830.5296 ],
                [ 1062.712, 734.8495 ],
                [ 1143.619, 780.4315 ]
            ]
        },
        {
            "class": "small_plates",
            "visibility": 0.0,
            "location": [
                37.83038330078125,
                -5.652242660522461,
                87.63581085205078
            ],
            "quaternion_xyzw": [
                -0.33191239833831789,
                -0.5636582970619202,
                -0.2627407908439636,
                -0.7092888951301575
            ],
            "pose_transform_permuted": [
                [ 0.2265132, 0.001452118, 0.974007, 0 ],
                [ 0.7468886, 0.6416029, -0.1746515, 0 ],
                [ -0.6251793, 0.7670356, 0.144247, 0 ],
                [ 37.83038, -5.652243, 87.63581, 1 ]
            ],
            "cuboid_centroid": [
                37.83038330078125,
                -5.652242660522461,
                87.63581085205078
            ],
            "projected_cuboid_centroid": [
                835.533203125,
                162.97412109375
            ],
            "bounding_box": {
                "top_left": [
                    735.03466796875,
                    96.2655029296875
                ],
                "bottom_right": [
                    943.3857421875,
                    235.183349609375
                ]
            },
            "cuboid": [
                [ 31.53068, -8.180425, 90.72908 ],
                [ 33.90866, -0.3394557, 84.16583 ],
                [ 33.90651, -1.290847, 83.02846 ],
                [ 31.52853, -9.131812, 89.59171 ],
                [ 41.75425, -10.01363, 92.24316 ],
                [ 44.13223, -2.172662, 85.67992 ],
                [ 44.13007, -3.124048, 84.54253 ],
                [ 41.75209, -10.96502, 91.10577 ]
            ],
            "projected_cuboid": [
                [ 735.0347, 132.322 ],
                [ 801.1409, 235.1833 ],
                [ 807.7009, 221.4329 ],
                [ 740.2749, 118.2731 ],
                [ 860.585, 110.3552 ],
                [ 935.1405, 209.7162 ],
                [ 943.3857, 195.8694 ],
                [ 867.3056, 96.2655 ]
            ]
        }
    ]
}