{
    "camera_data": {
        "location_worldframe": [
            38.95504379272461,
            33.90129852294922,
            -2.473646402359009
        ],
        "quaternion_xyzw_worldframe": [
            0.11938335001468659,
            -0.8158242106437683,
            0.18175703287124635,
            0.5358572006225586
        ]
    },
    "objects": [
        {
            "class": "knife",
            "visibility": 1.0,
            "location": [
                4.788398265838623,
                -0.8924641609191895,
                79.88516998291016
            ],
            "quaternion_xyzw": [
                0.36097338795661929,
                0.39668765664100649,
                0.625075101852417,
                -0.5671138763427734
            ],
            "pose_transform_permuted": [
                [ -0.09615993, 0.9953649, 0.001336813, 0 ],
                [ -0.4225901, -0.04204133, 0.9053452, 0 ],
                [ 0.9012051, 0.08649313, 0.4246742, 0 ],
                [ 4.788398, -0.8924642, 79.88517, 1 ]
            ],
            "cuboid_centroid": [
                4.788398265838623,
                -0.8924641609191895,
                79.88516998291016
            ],
            "projected_cuboid_centroid": [
                391.5849304199219,
                226.657958984375
            ],
            "bounding_box": {
                "top_left": [
                    360.11944580078127,
                    174.72314453125
                ],
                "bottom_right": [
                    429.5423889160156,
                    289.06396484375
                ]
            },
            "cuboid": [
                [ 6.642208, 2.167113, 72.41487 ],
                [ 5.064521, -4.766314, 87.20091 ],
                [ 2.93352, -4.676304, 87.01574 ],
                [ 4.51121, 2.257122, 72.2297 ],
                [ 6.643277, 2.891378, 72.7546 ],
                [ 5.065587, -4.042045, 87.54064 ],
                [ 2.93459, -3.952037, 87.35548 ],
                [ 4.512281, 2.98139, 72.56944 ]
            ],
            "projected_cuboid": [
                [ 429.5424, 275.7397 ],
                [ 389.3609, 174.7231 ],
                [ 360.2614, 175.8196 ],
                [ 394.589, 277.3196 ],
                [ 429.0484, 287.4615 ],
                [ 389.1063, 184.8572 ],
                [ 360.1194, 185.9708 ],
                [ 394.2574, 289.064 ]
            ]
        },
        {
            "class": "packet_cup",
            "visibility": 0.0,
            "location": [
                -21.03495979309082,
                13.643646240234375,
                41.56993865966797
            ],
            "quaternion_xyzw": [
                -0.6919142007827759,
                0.48302873969078066,
                -0.30731201171875,
                -0.43988314270973208
            ],
            "pose_transform_permuted": [
                [ 0.3444851, -0.9387916, 0.0003147125, 0 ],
                [ -0.3980662, -0.1463718, -0.9056039, 0 ],
                [ 0.8502195, 0.3118417, -0.424124, 0 ],
                [ -21.03496, 13.64365, 41.56994, 1 ]
            ],
            "cuboid_centroid": [
                -21.03495979309082,
                13.643646240234375,
                41.56993865966797
            ],
            "projected_cuboid_centroid": [
                -284.31005859375,
                631.9661865234375
            ],
            "bounding_box": {
                "top_left": [
                    -407.3917236328125,
                    505.38214111328127
                ],
                "bottom_right": [
                    -173.56231689453126,
                    763.4107666015625
                ]
            },
            "cuboid": [
                [ -23.98589, 17.14395, 42.34609 ],
                [ -22.7802, 15.75072, 45.32186 ],
                [ -18.08623, 16.48257, 43.76265 ],
                [ -19.29193, 17.87581, 40.78688 ],
                [ -23.98369, 10.80472, 39.37722 ],
                [ -22.77799, 9.411488, 42.35299 ],
                [ -18.08403, 10.14335, 40.79378 ],
                [ -19.28973, 11.53658, 37.81802 ]
            ],
            "projected_cuboid": [
                [ -356.4568, 723.4984 ],
                [ -280.2708, 655.0402 ],
                [ -173.5623, 689.7994 ],
                [ -244.8755, 763.4108 ],
                [ -407.3917, 567.692 ],
                [ -322.2865, 505.3821 ],
                [ -209.4182, 536.9511 ],
                [ -289.1509, 604.314 ]
            ]
        },
        {
            "class": "small_plates",
            "visibility": 0.0,
            "location": [
                23.964448928833009,
                12.56859016418457,
                50.36794662475586
            ],
            "quaternion_xyzw": [
                0.052752211689949039,
                0.947522759437561,
                0.21036049723625184,
                0.23487484455108643
            ],
            "pose_transform_permuted": [
                [ -0.8841018, 0.00115107, 0.4672925, 0 ],
                [ 0.1987846, 0.9059314, 0.3738624, 0 ],
                [ -0.4229046, 0.4234231, -0.8011643, 0 ],
                [ 23.96445, 12.56859, 50.36795, 1 ]
            ],
            "cuboid_centroid": [
                23.964448928833009,
                12.56859016418457,
                50.36794662475586
            ],
            "projected_cuboid_centroid": [
                888.21240234375,
                538.0093383789063
            ],
            "bounding_box": {
                "top_left": [
                    702.5880126953125,
                    428.0108642578125
                ],
                "bottom_right": [
                    1091.5904541015625,
                    678.3826904296875
                ]
            },
            "cuboid": [
                [ 26.15359, 10.23472, 57.10641 ],
                [ 16.87213, 12.3216, 52.66669 ],
                [ 16.87042, 10.97825, 52.03883 ],
                [ 26.15189, 8.891376, 56.47855 ],
                [ 31.05848, 14.15893, 48.69707 ],
                [ 21.77701, 16.2458, 44.25734 ],
                [ 21.7753, 14.90246, 43.62948 ],
                [ 31.05676, 12.81558, 48.0692 ]
            ],
            "projected_cuboid": [
                [ 866.9453, 454.0369 ],
                [ 702.588, 519.4013 ],
                [ 707.1649, 491.9435 ],
                [ 872.9896, 428.0109 ],
                [ 1081.684, 587.2362 ],
                [ 907.6388, 678.3827 ],
                [ 916.0486, 647.9204 ],
                [ 1091.59, 558.397 ]
            ]
        }
    ]
}