{
    "camera_data": {
        "location_worldframe": [
            -24.288015365600587,
            81.32870483398438,
            -31.140439987182618
        ],
        "quaternion_xyzw_worldframe": [
            0.37429046630859377,
            0.26880359649658205,
            -0.11431674659252167,
            0.8801039457321167
        ]
    },
    "objects": [
        {
            "class": "wine_glass",
            "visibility": 1.0,
            "location": [
                0.02704509161412716,
                2.9317855834960939,
                104.04188537597656
            ],
            "quaternion_xyzw": [
                -0.5788211822509766,
                -0.6940678954124451,
                -0.13471928238868714,
                0.40630829334259035
            ],
            "pose_transform_permuted": [
                [ 0.0002409257, 0.9129575, -0.4080544, 0 ],
                [ 0.6940073, 0.2936335, 0.6573684, 0 ],
                [ 0.7199678, -0.283351, -0.6335284, 0 ],
                [ 0.02704509, 2.931786, 104.0419, 1 ]
            ],
            "cuboid_centroid": [
                0.02704509161412716,
                2.9317855834960939,
                104.04188537597656
            ],
            "projected_cuboid_centroid": [
                320.3104248046875,
                273.65283203125
            ],
            "bounding_box": {
                "top_left": [
                    217.46234130859376,
                    187.1339111328125
                ],
                "bottom_right": [
                    422.5299377441406,
                    363.3062744140625
                ]
            },
            "cuboid": [
                [ 8.714128, -0.1362433, 101.5011 ],
                [ 8.716037, 5.355355, 107.1981 ],
                [ -5.434807, 0.8040286, 111.59 ],
                [ -5.436715, -4.687562, 105.893 ],
                [ 5.488897, 5.059543, 96.49374 ],
                [ 5.490806, 10.55114, 102.1908 ],
                [ -8.660036, 5.999816, 106.5827 ],
                [ -8.661944, 0.5082158, 100.8857 ]
            ],
            "projected_cuboid": [
                [ 422.5299, 238.397 ],
                [ 417.1023, 299.6621 ],
                [ 261.8358, 248.6049 ],
                [ 258.685, 187.1339 ],
                [ 387.9334, 302.6195 ],
                [ 384.1685, 363.3063 ],
                [ 222.9645, 307.2278 ],
                [ 217.4623, 246.0161 ]
            ]
        }
    ]
}