{
    "camera_data": {
        "location_worldframe": [
            1.673126220703125,
            120.87487030029297,
            68.22012329101563
        ],
        "quaternion_xyzw_worldframe": [
            -0.11607638746500015,
            0.8517817258834839,
            -0.4643993377685547,
            -0.21290241181850434
        ]
    },
    "objects": [
        {
            "class": "big_spoon",
            "visibility": 1.0,
            "location": [
                -1.2592628002166749,
                3.4510750770568849,
                139.92672729492188
            ],
            "quaternion_xyzw": [
                0.14163807034492494,
                -0.9487584829330444,
                0.2791723906993866,
                0.043113064020872119
            ],
            "pose_transform_permuted": [
                [ -0.9561598, -0.2928326, -0.002724893, 0 ],
                [ -0.2446887, 0.8040029, -0.5419472, 0 ],
                [ 0.1608906, -0.5175215, -0.840408, 0 ],
                [ -1.259263, 3.451075, 139.9267, 1 ]
            ],
            "cuboid_centroid": [
                -1.2592628002166749,
                3.4510750770568849,
                139.92672729492188
            ],
            "projected_cuboid_centroid": [
                309.2523498535156,
                269.4544677734375
            ],
            "bounding_box": {
                "top_left": [
                    243.89151000976563,
                    237.9072265625
                ],
                "bottom_right": [
                    374.755126953125,
                    301.5721435546875
                ]
            },
            "cuboid": [
                [ 5.386305, 7.149539, 138.6728 ],
                [ -8.881411, 3.498322, 141.0736 ],
                [ -7.899555, 0.8025354, 142.8088 ],
                [ 6.368157, 4.453745, 140.408 ],
                [ 5.381022, 6.099594, 137.0446 ],
                [ -8.886686, 2.448383, 139.4454 ],
                [ -7.904832, -0.247401, 141.1806 ],
                [ 6.362881, 3.403809, 138.7799 ]
            ],
            "projected_cuboid": [
                [ 366.3871, 301.5721 ],
                [ 244.8145, 269.615 ],
                [ 253.939, 246.7113 ],
                [ 374.1651, 277.8818 ],
                [ 366.8922, 293.1541 ],
                [ 243.8915, 260.9688 ],
                [ 253.1325, 237.9072 ],
                [ 374.7551, 269.2911 ]
            ]
        },
        {
            "class": "packet_cup",
            "visibility": 1.0,
            "location": [
                -27.687652587890626,
                6.243798732757568,
                136.3288116455078
            ],
            "quaternion_xyzw": [
                -0.645131528377533,
                -0.32470056414604189,
                0.5955259203910828,
                0.3517436683177948
            ],
            "pose_transform_permuted": [
                [ 0.07983685, 4.202127E-06, -0.9968078, 0 ],
                [ 0.8378941, -0.5416916, 0.06710666, 0 ],
                [ -0.5399624, -0.8405771, -0.04325026, 0 ],
                [ -27.68765, 6.243799, 136.3288, 1 ]
            ],
            "cuboid_centroid": [
                -27.687652587890626,
                6.243798732757568,
                136.3288116455078
            ],
            "projected_cuboid_centroid": [
                77.45294189453125,
                294.6964111328125
            ],
            "bounding_box": {
                "top_left": [
                    41.583805084228519,
                    268.1380615234375
                ],
                "bottom_right": [
                    111.67789459228516,
                    320.865966796875
                ]
            },
            "cuboid": [
                [ -24.33853, 3.188382, 135.3237 ],
                [ -24.0591, 6.121016, 133.4338 ],
                [ -24.05912, 8.829468, 137.6367 ],
                [ -24.33855, 5.896845, 139.5266 ],
                [ -31.31618, 3.658132, 135.0209 ],
                [ -31.03676, 6.590753, 133.1311 ],
                [ -31.03677, 9.299211, 137.3339 ],
                [ -31.3162, 6.366583, 139.2238 ]
            ],
            "projected_cuboid": [
                [ 105.208, 268.1381 ],
                [ 104.6668, 294.7842 ],
                [ 111.242, 316.6122 ],
                [ 111.6779, 290.4731 ],
                [ 43.00924, 272.3561 ],
                [ 41.58381, 299.1226 ],
                [ 50.10412, 320.866 ],
                [ 51.37085, 294.6123 ]
            ]
        }
    ]
}