{
    "camera_data": {
        "location_worldframe": [
            -1.5234410762786866,
            210.94801330566407,
            -26.87288475036621
        ],
        "quaternion_xyzw_worldframe": [
            0.6401260495185852,
            0.19658678770065309,
            -0.17430655658245088,
            0.7219483852386475
        ]
    },
    "objects": [
        {
            "class": "knife",
            "visibility": 1.0,
            "location": [
                1.538193941116333,
                -4.075798511505127,
                212.18211364746095
            ],
            "quaternion_xyzw": [
                0.47615280747413638,
                0.8771852254867554,
                -0.05496392771601677,
                0.028344396501779558
            ],
            "pose_transform_permuted": [
                [ -0.5449499, 0.8384643, -0.002615884, 0 ],
                [ 0.8322326, 0.5405149, -0.1234196, 0 ],
                [ -0.102069, -0.06943456, -0.9923509, 0 ],
                [ 1.538194, -4.075799, 212.1821, 1 ]
            ],
            "cuboid_centroid": [
                1.538193941116333,
                -4.075798511505127,
                212.18211364746095
            ],
            "projected_cuboid_centroid": [
                328.65765380859377,
                217.0595703125
            ],
            "bounding_box": {
                "top_left": [
                    298.3195495605469,
                    175.255615234375
                ],
                "bottom_right": [
                    358.79852294921877,
                    259.06689453125
                ]
            },
            "cuboid": [
                [ 6.90727, -10.27503, 213.342 ],
                [ -2.033701, 3.379376, 211.6674 ],
                [ -3.828793, 2.222181, 211.816 ],
                [ 5.112184, -11.43223, 213.4907 ],
                [ 6.90518, -10.37377, 212.5481 ],
                [ -2.035796, 3.280634, 210.8735 ],
                [ -3.830882, 2.123435, 211.0221 ],
                [ 5.11009, -11.53096, 212.6968 ]
            ],
            "projected_cuboid": [
                [ 358.6658, 182.4819 ],
                [ 308.5256, 259.0669 ],
                [ 298.4126, 252.5291 ],
                [ 348.5973, 176.0487 ],
                [ 358.7985, 181.7123 ],
                [ 308.4705, 258.5795 ],
                [ 298.3195, 252.0173 ],
                [ 348.6923, 175.2556 ]
            ]
        },
        {
            "class": "knife",
            "visibility": 1.0,
            "location": [
                5.462235450744629,
                9.708320617675782,
                210.5050506591797
            ],
            "quaternion_xyzw": [
                -0.48013877868652346,
                0.8751406073570252,
                -0.05294637754559517,
                -0.02815171889960766
            ],
            "pose_transform_permuted": [
                [ -0.5373489, -0.8433589, 0.001569793, 0 ],
                [ -0.8373968, 0.5333269, -0.1197045, 0 ],
                [ 0.1001166, -0.06563759, -0.9928087, 0 ],
                [ 5.462235, 9.708321, 210.5051, 1 ]
            ],
            "cuboid_centroid": [
                5.462235450744629,
                9.708320617675782,
                210.5050506591797
            ],
            "projected_cuboid_centroid": [
                350.98883056640627,
                295.078125
            ],
            "bounding_box": {
                "top_left": [
                    320.850341796875,
                    252.5650634765625
                ],
                "bottom_right": [
                    381.45794677734377,
                    337.79150390625
                ]
            },
            "cuboid": [
                [ 8.966953, 17.19669, 210.0106 ],
                [ 0.1507013, 3.45755, 211.6532 ],
                [ 1.956264, 2.31573, 211.7938 ],
                [ 10.77251, 16.05486, 210.1511 ],
                [ 8.968206, 17.10092, 209.2164 ],
                [ 0.1519543, 3.361769, 210.859 ],
                [ 1.957521, 2.219979, 210.9995 ],
                [ 10.77377, 15.95912, 209.3569 ]
            ],
            "projected_cuboid": [
                [ 370.9919, 337.7915 ],
                [ 320.8503, 259.5093 ],
                [ 331.0309, 253.0579 ],
                [ 381.2185, 331.2373 ],
                [ 371.1926, 337.6161 ],
                [ 320.8606, 259.0403 ],
                [ 331.0796, 252.5651 ],
                [ 381.4579, 331.0372 ]
            ]
        },
        {
            "class": "mug",
            "visibility": 1.0,
            "location": [
                -29.053787231445314,
                1.2234811782836915,
                207.8621368408203
            ],
            "quaternion_xyzw": [
                -0.911899983882904,
                0.40655165910720827,
                -0.023055052384734155,
                -0.05121161416172981
            ],
            "pose_transform_permuted": [
                [ 0.6683685, -0.7438303, 0.0004074685, 0 ],
                [ -0.7391075, -0.6641862, -0.1121459, 0 ],
                [ 0.08368814, 0.0746536, -0.9936916, 0 ],
                [ -29.05379, 1.223481, 207.8621, 1 ]
            ],
            "cuboid_centroid": [
                -29.053787231445314,
                1.2234811782836915,
                207.8621368408203
            ],
            "projected_cuboid_centroid": [
                153.0736541748047,
                247.0294189453125
            ],
            "bounding_box": {
                "top_left": [
                    111.60591125488281,
                    206.08056640625
                ],
                "bottom_right": [
                    192.91470336914063,
                    286.7247314453125
                ]
            },
            "cuboid": [
                [ -35.5489, 3.27753, 211.653 ],
                [ -28.14066, -4.914801, 212.5807 ],
                [ -22.56193, 0.06659699, 212.0208 ],
                [ -29.97018, 8.258923, 211.0932 ],
                [ -35.54565, 2.38037, 203.7035 ],
                [ -28.1374, -5.811961, 204.6311 ],
                [ -22.55867, -0.8305646, 204.0712 ],
                [ -29.96692, 7.36177, 203.1436 ]
            ],
            "projected_cuboid": [
                [ 119.4147, 258.4935 ],
                [ 161.9087, 212.3892 ],
                [ 192.9147, 240.3751 ],
                [ 150.4442, 286.7247 ],
                [ 111.6059, 253.9554 ],
                [ 155.7862, 206.0806 ],
                [ 187.9832, 235.1394 ],
                [ 143.8282, 283.2789 ]
            ]
        },
        {
            "class": "knife",
            "visibility": 1.0,
            "location": [
                -41.331398010253909,
                -0.1577267050743103,
                207.5425567626953
            ],
            "quaternion_xyzw": [
                0.9231714606285095,
                0.21403416991233827,
                -0.24990683794021607,
                0.1987217366695404
            ],
            "pose_transform_permuted": [
                [ 0.7834719, 0.4945043, -0.3763472, 0 ],
                [ 0.2958566, -0.829398, -0.4738857, 0 ],
                [ -0.5464802, 0.2599313, -0.7961124, 0 ],
                [ -41.3314, -0.1577267, 207.5426, 1 ]
            ],
            "cuboid_centroid": [
                -41.331398010253909,
                -0.1577267050743103,
                207.5425567626953
            ],
            "projected_cuboid_centroid": [
                82.16790771484375,
                239.0924072265625
            ],
            "bounding_box": {
                "top_left": [
                    46.395263671875,
                    219.3685302734375
                ],
                "bottom_right": [
                    119.30586242675781,
                    259.67919921875
                ]
            },