{
    "camera_data": {
        "location_worldframe": [
            62.489898681640628,
            82.92189025878906,
            11.84854507446289
        ],
        "quaternion_xyzw_worldframe": [
            -0.16511858999729157,
            0.8137619495391846,
            -0.2783298194408417,
            -0.4827626943588257
        ]
    },
    "objects": [
        {
            "class": "wine_glass",
            "visibility": 1.0,
            "location": [
                -1.551429033279419,
                1.4119114875793458,
                126.47732543945313
            ],
            "quaternion_xyzw": [
                0.18156342208385468,
                0.8793133497238159,
                -0.4311797022819519,
                0.08903240412473679
            ],
            "pose_transform_permuted": [
                [ -0.9182159, 0.3960802, 1.832843E-06, 0 ],
                [ 0.2425244, 0.5622376, -0.7906142, 0 ],
                [ -0.3131477, -0.7259541, -0.6123145, 0 ],
                [ -1.551429, 1.411911, 126.4773, 1 ]
            ],
            "cuboid_centroid": [
                -1.551429033279419,
                1.4119114875793458,
                126.47732543945313
            ],
            "projected_cuboid_centroid": [
                305.3507080078125,
                253.3319091796875
            ],
            "bounding_box": {
                "top_left": [
                    243.256591796875,
                    175.8785400390625
                ],
                "bottom_right": [
                    371.4053649902344,
                    336.4281005859375
                ]
            },
            "cuboid": [
                [ 5.15105, 7.934196, 124.51 ],
                [ -2.114682, 9.853263, 122.0321 ],
                [ -8.253924, 1.138579, 133.2843 ],
                [ -0.9881937, -0.7804894, 135.7623 ],
                [ 5.151068, 1.685232, 119.6703 ],
                [ -2.114667, 3.604313, 117.1924 ],
                [ -8.253909, -5.110375, 128.4447 ],
                [ -0.9881783, -7.029433, 130.9226 ]
            ],
            "projected_cuboid": [
                [ 369.4071, 316.1021 ],
                [ 299.3048, 336.4281 ],
                [ 246.0431, 250.2019 ],
                [ 311.3072, 233.1343 ],
                [ 371.4054, 256.8179 ],
                [ 298.4503, 276.73 ],
                [ 243.2566, 192.4846 ],
                [ 310.986, 175.8785 ]
            ]
        }
    ]
}