{
    "camera_data": {
        "location_worldframe": [
            -45.627742767333987,
            181.71788024902345,
            -44.90520477294922
        ],
        "quaternion_xyzw_worldframe": [
            0.4724951982498169,
            0.32381436228752139,
            -0.1919979602098465,
            0.7968872785568237
        ]
    },
    "objects": [
        {
            "class": "small_fork",
            "visibility": 1.0,
            "location": [
                -1.6306642293930054,
                -0.7310137748718262,
                206.49502563476563
            ],
            "quaternion_xyzw": [
                0.22440631687641145,
                0.104169100522995,
                0.40858376026153567,
                -0.8785498738288879
            ],
            "pose_transform_permuted": [
                [ 0.6444162, 0.7646748, 0.0003420562, 0 ],
                [ -0.6711701, 0.5654022, 0.4794279, 0 ],
                [ 0.3664131, -0.3091807, 0.8775812, 0 ],
                [ -1.630664, -0.7310138, 206.495, 1 ]
            ],
            "cuboid_centroid": [
                -1.6306642293930054,
                -0.7310137748718262,
                206.49502563476563
            ],
            "projected_cuboid_centroid": [
                310.5691223144531,
                235.772216796875
            ],
            "bounding_box": {
                "top_left": [
                    281.04986572265627,
                    211.6134033203125
                ],
                "bottom_right": [
                    340.47540283203127,
                    260.34326171875
                ]
            },
            "cuboid": [
                [ 2.290259, 3.016526, 203.8862 ],
                [ 3.507472, 1.748777, 204.5783 ],
                [ -5.55191, -4.949741, 208.2413 ],
                [ -6.769125, -3.681997, 207.5492 ],
                [ 2.290589, 3.487742, 204.7488 ],
                [ 3.507804, 2.219976, 205.4409 ],
                [ -5.551576, -4.47853, 209.1039 ],
                [ -6.768791, -3.210788, 208.4117 ]
            ],
            "projected_cuboid": [
                [ 333.4151, 257.6692 ],
                [ 340.4754, 250.2087 ],
                [ 288.16, 211.6134 ],
                [ 281.0499, 218.8135 ],
                [ 333.3605, 260.3433 ],
                [ 340.3914, 252.905 ],
                [ 288.2932, 214.4218 ],
                [ 281.213, 221.6013 ]
            ]
        }
    ]
}