{
    "camera_data": {
        "location_worldframe": [
            56.443931579589847,
            78.65447235107422,
            11.391425132751465
        ],
        "quaternion_xyzw_worldframe": [
            0.2913335859775543,
            -0.5790606141090393,
            0.23267848789691926,
            0.7250339984893799
        ]
    },
    "objects": [
        {
            "class": "wine_glass",
            "visibility": 1.0,
            "location": [
                -0.802615761756897,
                -0.3179337978363037,
                107.71795654296875
            ],
            "quaternion_xyzw": [
                0.12953273952007295,
                0.37019410729408266,
                0.8679279088973999,
                -0.30476003885269167
            ],
            "pose_transform_permuted": [
                [ -0.7806851, 0.624924, -0.0007905811, 0 ],
                [ -0.4331149, -0.5401552, 0.7215564, 0 ],
                [ 0.4504909, 0.5636508, 0.6923552, 0 ],
                [ -0.8026158, -0.3179338, 107.718, 1 ]
            ],
            "cuboid_centroid": [
                -0.802615761756897,
                -0.3179337978363037,
                107.71795654296875
            ],
            "projected_cuboid_centroid": [
                311.10150146484377,
                236.47509765625
            ],
            "bounding_box": {
                "top_left": [
                    218.16470336914063,
                    142.5390625
                ],
                "bottom_right": [
                    399.1865539550781,
                    336.561279296875
                ]
            },
            "cuboid": [
                [ 7.132405, -5.642109, 107.5677 ],
                [ 0.9549411, -9.069302, 111.1324 ],
                [ -8.731383, -0.6968914, 102.3958 ],
                [ -2.553916, 2.730302, 98.83116 ],
                [ 7.126162, 0.06101907, 113.0401 ],
                [ 0.9486911, -3.366174, 116.6048 ],
                [ -8.737634, 5.006237, 107.8682 ],
                [ -2.560163, 8.433432, 104.3035 ]
            ],
            "projected_cuboid": [
                [ 399.1866, 177.3593 ],
                [ 330.262, 142.5391 ],
                [ 218.1647, 231.8721 ],
                [ 289.139, 272.9924 ],
                [ 395.2871, 240.6447 ],
                [ 329.7164, 205.5239 ],
                [ 223.2618, 295.4263 ],
                [ 290.6866, 336.5613 ]
            ]
        },
        {
            "class": "small_spoon",
            "visibility": 1.0,
            "location": [
                -16.47755241394043,
                -6.944070816040039,
                118.42827606201172
            ],
            "quaternion_xyzw": [
                0.366715669631958,
                -0.02384437993168831,
                -0.012010131031274796,
                0.9299499988555908
            ],
            "pose_transform_permuted": [
                [ 0.9985744, 0.004849428, -0.05315677, 0 ],
                [ -0.03982586, 0.7307507, -0.6814817, 0 ],
                [ 0.03553956, 0.6826272, 0.7299021, 0 ],
                [ -16.47755, -6.944071, 118.4283, 1 ]
            ],
            "cuboid_centroid": [
                -16.47755241394043,
                -6.944070816040039,
                118.42827606201172
            ],
            "projected_cuboid_centroid": [
                153.83680725097657,
                169.9744873046875
            ],
            "bounding_box": {
                "top_left": [
                    90.80522155761719,
                    152.2664794921875
                ],
                "bottom_right": [
                    215.09136962890626,
                    187.641357421875
                ]
            },
            "cuboid": [
                [ -22.3901, -5.198179, 118.5661 ],
                [ -10.46961, -5.673603, 118.9903 ],
                [ -10.48263, -7.633763, 117.1593 ],
                [ -22.40311, -7.158336, 116.735 ],
                [ -22.47248, -6.254394, 119.6973 ],
                [ -10.552, -6.72981, 120.1216 ],
                [ -10.56501, -8.689962, 118.2905 ],
                [ -22.48549, -8.214538, 117.8663 ]
            ],
            "projected_cuboid": [
                [ 94.47582, 187.6414 ],
                [ 214.9208, 183.0564 ],
                [ 213.1459, 162.1857 ],
                [ 90.80522, 166.7667 ],
                [ 95.78523, 177.598 ],
                [ 215.0914, 173.0918 ],
                [ 213.3361, 152.2665 ],
                [ 92.17026, 156.7678 ]
            ]
        },
        {
            "class": "wine_glass",
            "visibility": 1.0,
            "location": [
                -17.927215576171876,
                3.622809886932373,
                103.6063232421875
            ],
            "quaternion_xyzw": [
                0.7071630954742432,
                0.4970630407333374,
                0.5024964809417725,
                0.018601521849632264
            ],
            "pose_transform_permuted": [
                [ 0.0008512437, 0.6843148, 0.7291862, 0 ],
                [ 0.7217036, -0.5051647, 0.4732362, 0 ],
                [ 0.6922017, 0.5258535, -0.4943026, 0 ],
                [ -17.92722, 3.62281, 103.6063, 1 ]
            ],
            "cuboid_centroid": [
                -17.927215576171876,
                3.622809886932373,
                103.6063232421875
            ],
            "projected_cuboid_centroid": [
                113.35539245605469,
                281.7596435546875
            ],
            "bounding_box": {
                "top_left": [
                    4.149646759033203,
                    183.940673828125
                ],
                "bottom_right": [
                    212.77377319335938,
                    385.9951171875
                ]
            },
            "cuboid": [
                [ -15.50886, -5.017805, 106.8965 ],
                [ -15.50212, 0.6929415, 112.3738 ],
                [ -26.10901, 8.523001, 104.2231 ],
                [ -26.11575, 2.812252, 98.74579 ],
                [ -9.745433, -1.277391, 102.9896 ],
                [ -9.738692, 4.43337, 108.4669 ],
                [ -20.34558, 12.26342, 100.3162 ],
                [ -20.35231, 6.552673, 94.83885 ]
            ],
            "projected_cuboid": [
                [ 146.7338, 183.9407 ],
                [ 155.2507, 247.3643 ],
                [ 20.82596, 337.6621 ],
                [ 4.149647, 274.0121 ],
                [ 206.993, 225.1875 ],
                [ 212.7738, 288.8129 ],
                [ 77.78746, 385.9951 ],
                [ 63.71391, 322.5144 ]
            ]
        },
        {
            "class": "knife",
            "visibility": 0.9505304098129273,
            "location": [
                6.831520080566406,
                7.032571315765381,
                105.1823501586914
            ],
            "quaternion_xyzw": [
                -0.05748378485441208,
                0.38803744316101076,
                0.9099735021591187,
                0.13442786037921906
            ],
            "pose_transform_permuted": [
                [ -0.9572496, -0.2892633, -0.000291355, 0 ],
                [ 0.2000399, -0.6627123, 0.7216624, 0 ],
                [ -0.2089435, 0.6907527, 0.6922451, 0 ],
                [ 6.83152, 7.032571, 105.1824, 1 ]
            ],
            "cuboid_centroid": [
                6.831520080566406,
                7.032571315765381,
                105.1823501586914
            ],
            "projected_cuboid_centroid": [
                397.56610107421877,
                319.848876953125
            ],
            "bounding_box": {
                "top_left": [
                    304.7080993652344,
                    288.8729248046875
                ],
                "bottom_right": [
                    489.1229248046875,
                    352.134033203125
                ]
            },