{
    "camera_data": {
        "location_worldframe": [
            -57.079402923583987,
            133.19491577148438,
            -3.003495931625366
        ],
        "quaternion_xyzw_worldframe": [
            0.4765726625919342,
            0.4668532609939575,
            -0.3341847360134125,
            0.6657680869102478
        ]
    },
    "objects": [
        {
            "class": "big_plates",
            "visibility": 1.0,
            "location": [
                0.17919917404651643,
                1.7032008171081544,
                138.92323303222657
            ],
            "quaternion_xyzw": [
                -0.2925257682800293,
                0.5430854558944702,
                -0.758708119392395,
                0.20940077304840089
            ],
            "pose_transform_permuted": [
                [ -0.7411596, 1.513958E-05, 0.6713284, 0 ],
                [ -0.6354811, -0.3224186, -0.7015764, 0 ],
                [ 0.2164383, -0.9465969, 0.2389737, 0 ],
                [ 0.1791992, 1.703201, 138.9232, 1 ]
            ],
            "cuboid_centroid": [
                0.17919917404651643,
                1.7032008171081544,
                138.92323303222657
            ],
            "projected_cuboid_centroid": [
                321.5404968261719,
                254.6416015625
            ],
            "bounding_box": {
                "top_left": [
                    214.64891052246095,
                    154.0775146484375
                ],
                "bottom_right": [
                    428.141357421875,
                    360.07275390625
                ]
            },
            "cuboid": [
                [ 0.785911, 13.15988, 134.2384 ],
                [ -12.17572, 2.046394, 138.0235 ],
                [ -12.17574, 2.524088, 139.426 ],
                [ 0.7858857, 13.63759, 135.6409 ],
                [ 12.53414, 0.8823058, 138.4204 ],
                [ -0.4274882, -10.23118, 142.2056 ],
                [ -0.427514, -9.753492, 143.6081 ],
                [ 12.53412, 1.360005, 139.8229 ]
            ],
            "projected_cuboid": [
                [ 326.9919, 357.0773 ],
                [ 214.6489, 257.7065 ],
                [ 215.7085, 261.6201 ],
                [ 326.9194, 360.0728 ],
                [ 428.1414, 247.6123 ],
                [ 316.4099, 154.0775 ],
                [ 316.4448, 158.8892 ],
                [ 427.0565, 251.6161 ]
            ]
        },
        {
            "class": "small_plates",
            "visibility": 0.0,
            "location": [
                36.765716552734378,
                5.515091419219971,
                137.63632202148438
            ],
            "quaternion_xyzw": [
                -0.6181746125221252,
                -0.3754523992538452,
                0.5286067724227905,
                0.4443765878677368
            ],
            "pose_transform_permuted": [
                [ 0.1592208, -0.005610675, -0.9872271, 0 ],
                [ 0.9339912, -0.32313, 0.1524712, 0 ],
                [ -0.3198581, -0.946338, -0.04620874, 0 ],
                [ 36.76572, 5.515091, 137.6363, 1 ]
            ],
            "cuboid_centroid": [
                36.765716552734378,
                5.515091419219971,
                137.63632202148438
            ],
            "projected_cuboid_centroid": [
                639.0123291015625,
                287.8538818359375
            ],
            "bounding_box": {
                "top_left": [
                    582.7583618164063,
                    236.324951171875
                ],
                "bottom_right": [
                    697.0416259765625,
                    340.30419921875
                ]
            },
            "cuboid": [
                [ 41.10696, -0.4272971, 138.8562 ],
                [ 42.77849, 9.377923, 135.4982 ],
                [ 42.7868, 9.857061, 136.9015 ],
                [ 41.11527, 0.05185518, 140.2594 ],
                [ 30.74462, 1.173107, 138.3711 ],
                [ 32.41615, 10.97831, 135.0132 ],
                [ 32.42447, 11.45746, 136.4165 ],
                [ 30.75294, 1.65226, 139.7744 ]
            ],
            "projected_cuboid": [
                [ 673.5474, 236.325 ],
                [ 697.0416, 322.6553 ],
                [ 693.2494, 325.9878 ],
                [ 670.0811, 240.4415 ],
                [ 585.3513, 250.1249 ],
                [ 606.7363, 337.1084 ],
                [ 603.8596, 340.3042 ],
                [ 582.7584, 254.1172 ]
            ]
        },
        {
            "class": "small_fork",
            "visibility": 1.0,
            "location": [
                11.236127853393555,
                10.970138549804688,
                135.55203247070313
            ],
            "quaternion_xyzw": [
                -0.7056393623352051,
                0.17873428761959077,
                0.6837366223335266,
                -0.0512968972325325
            ],
            "pose_transform_permuted": [
                [ 0.001116574, -0.1820968, -0.9832799, 0 ],
                [ -0.322391, -0.9308454, 0.1720201, 0 ],
                [ -0.9466059, 0.3168086, -0.05974573, 0 ],
                [ 11.23613, 10.97014, 135.552, 1 ]
            ],
            "cuboid_centroid": [
                11.236127853393555,
                10.970138549804688,
                135.55203247070313
            ],
            "projected_cuboid_centroid": [
                418.99383544921877,
                336.650390625
            ],
            "bounding_box": {
                "top_left": [
                    403.53436279296877,
                    284.3118896484375
                ],
                "bottom_right": [
                    435.0914306640625,
                    389.7762451171875
                ]
            },
            "cuboid": [
                [ 10.63959, 5.676051, 138.352 ],
                [ 10.64171, 5.067096, 136.564 ],
                [ 12.79907, 16.09515, 132.8107 ],
                [ 12.79697, 16.70411, 134.5987 ],
                [ 9.673169, 5.845119, 138.2933 ],
                [ 9.675281, 5.23616, 136.5053 ],
                [ 11.83265, 16.26422, 132.752 ],
                [ 11.83054, 16.87317, 134.54 ]
            ],
            "projected_cuboid": [
                [ 411.8411, 288.9957 ],
                [ 413.062, 284.3119 ],
                [ 435.0914, 384.7303 ],
                [ 433.5439, 388.2108 ],
                [ 403.5344, 290.4766 ],
                [ 404.647, 285.8101 ],
                [ 426.4482, 386.3153 ],
                [ 425.0148, 389.7762 ]
            ]
        },
        {
            "class": "big_fork",
            "visibility": 0.0,
            "location": [
                31.436351776123048,
                -31.885358810424806,
                150.49453735351563
            ],
            "quaternion_xyzw": [
                0.8076713681221008,
                0.5661420822143555,
                -0.09498141705989838,
                0.1346423625946045
            ],
            "pose_transform_permuted": [
                [ 0.3409233, 0.9400906, -0.0009741336, 0 ],
                [ 0.8889365, -0.322709, -0.3250395, 0 ],
                [ -0.305881, 0.1099476, -0.9456998, 0 ],
                [ 31.43635, -31.88536, 150.4945, 1 ]
            ],
            "cuboid_centroid": [
                31.436351776123048,
                -31.885358810424806,
                150.49453735351563
            ],
            "projected_cuboid_centroid": [
                569.464599609375,
                -13.0277099609375
            ],
            "bounding_box": {
                "top_left": [
                    510.87408447265627,
                    -40.793212890625
                ],
                "bottom_right": [
                    628.1548461914063,
                    14.9580078125
                ]
            },