{
    "camera_data": {
        "location_worldframe": [
            65.75794982910156,
            136.87705993652345,
            39.132118225097659
        ],
        "quaternion_xyzw_worldframe": [
            -0.18684282898902894,
            0.80839604139328,
            -0.4404188394546509,
            -0.3429531157016754
        ]
    },
    "objects": [
        {
            "class": "knife",
            "visibility": 1.0,
            "location": [
                2.710674285888672,
                -2.2823150157928469,
                163.45069885253907
            ],
            "quaternion_xyzw": [
                -0.579267680644989,
                0.7646501064300537,
                -0.22653083503246308,
                -0.16865022480487824
            ],
            "pose_transform_permuted": [
                [ -0.272012, -0.9622831, 0.004527152, 0 ],
                [ -0.8094653, 0.2262655, -0.5418209, 0 ],
                [ 0.5203608, -0.1510464, -0.8404817, 0 ],
                [ 2.710674, -2.282315, 163.4507, 1 ]
            ],
            "cuboid_centroid": [
                2.710674285888672,
                -2.2823150157928469,
                163.45069885253907
            ],
            "projected_cuboid_centroid": [
                339.80560302734377,
                223.32421875
            ],
            "bounding_box": {
                "top_left": [
                    316.06878662109377,
                    173.127685546875
                ],
                "bottom_right": [
                    364.86895751953127,
                    276.1002197265625
                ]
            },
            "cuboid": [
                [ 3.910217, 4.817058, 159.3564 ],
                [ -0.5526684, -8.463799, 167.894 ],
                [ 1.507506, -8.948235, 168.2173 ],
                [ 5.970387, 4.332631, 159.6798 ],
                [ 3.913841, 4.3836, 158.6841 ],
                [ -0.549045, -8.897265, 167.2216 ],
                [ 1.51113, -9.381673, 167.545 ],
                [ 5.97401, 3.899193, 159.0074 ]
            ],
            "projected_cuboid": [
                [ 349.3041, 276.1002 ],
                [ 316.0688, 179.7957 ],
                [ 330.7025, 176.4722 ],
                [ 364.653, 272.4041 ],
                [ 349.4556, 272.991 ],
                [ 316.0789, 176.4579 ],
                [ 330.7713, 173.1277 ],
                [ 364.869, 269.2856 ]
            ]
        }
    ]
}