{
    "camera_data": {
        "location_worldframe": [
            43.124229431152347,
            159.37942504882813,
            -16.466140747070314
        ],
        "quaternion_xyzw_worldframe": [
            0.4215119481086731,
            -0.5723743438720703,
            0.4390729069709778,
            0.5494818687438965
        ]
    },
    "objects": [
        {
            "class": "knife",
            "visibility": 1.0,
            "location": [
                -3.5640764236450197,
                -1.9300346374511719,
                164.724365234375
            ],
            "quaternion_xyzw": [
                -0.2778700888156891,
                0.9515084028244019,
                -0.12720447778701783,
                -0.03519845008850098
            ],
            "pose_transform_permuted": [
                [ -0.8430985, -0.5377463, 0.003709391, 0 ],
                [ -0.5198366, 0.8132145, -0.2616335, 0 ],
                [ 0.1376759, -0.2225111, -0.9651601, 0 ],
                [ -3.564076, -1.930035, 164.7244, 1 ]
            ],
            "cuboid_centroid": [
                -3.5640764236450197,
                -1.9300346374511719,
                164.724365234375
            ],
            "projected_cuboid_centroid": [
                294.16033935546877,
                226.0072021484375
            ],
            "bounding_box": {
                "top_left": [
                    240.09909057617188,
                    188.32763671875
                ],
                "bottom_right": [
                    348.71075439453127,
                    264.1385498046875
                ]
            },
            "cuboid": [
                [ 2.775144, 3.309603, 163.7428 ],
                [ -11.05754, -5.219337, 166.0017 ],
                [ -9.906269, -6.960368, 166.478 ],
                [ 3.926411, 1.568579, 164.2192 ],
                [ 2.778112, 3.100297, 162.9707 ],
                [ -11.05457, -5.428634, 165.2296 ],
                [ -9.903301, -7.169665, 165.7059 ],
                [ 3.929381, 1.359272, 163.4471 ]
            ],
            "projected_cuboid": [
                [ 340.2405, 264.1385 ],
                [ 240.4494, 202.4508 ],
                [ 248.9358, 190.0687 ],
                [ 348.5541, 251.4072 ],
                [ 340.3581, 262.7191 ],
                [ 240.0991, 200.7626 ],
                [ 248.6261, 188.3276 ],
                [ 348.7108, 249.9318 ]
            ]
        }
    ]
}