{
    "camera_data": {
        "location_worldframe": [
            -23.72845458984375,
            106.81707763671875,
            -22.121828079223634
        ],
        "quaternion_xyzw_worldframe": [
            0.39007800817489626,
            0.5398491024971008,
            -0.31048843264579775,
            0.6782322525978088
        ]
    },
    "objects": [
        {
            "class": "knife",
            "visibility": 1.0,
            "location": [
                1.5991257429122925,
                0.2517015039920807,
                121.72457122802735
            ],
            "quaternion_xyzw": [
                0.0018428950570523739,
                0.8711556196212769,
                0.49099454283714297,
                0.002973095281049609
            ],
            "pose_transform_permuted": [
                [ -0.9999754, 0.0002913498, 0.00698976, 0 ],
                [ 0.006130444, 0.5178419, 0.8554543, 0 ],
                [ -0.003370354, 0.8554763, -0.517831, 0 ],
                [ 1.599126, 0.2517015, 121.7246, 1 ]
            ],
            "cuboid_centroid": [
                1.5991257429122925,
                0.2517015039920807,
                121.72457122802735
            ],
            "projected_cuboid_centroid": [
                335.6892395019531,
                242.469482421875
            ],
            "bounding_box": {
                "top_left": [
                    254.6121063232422,
                    233.141845703125
                ],
                "bottom_right": [
                    417.0704650878906,
                    251.693115234375
                ]
            },
            "cuboid": [
                [ 9.799921, 0.4135637, 122.8751 ],
                [ -6.606635, 0.5141349, 122.8198 ],
                [ -6.607259, -0.5945204, 120.9883 ],
                [ 9.799298, -0.6951072, 121.0436 ],
                [ 9.805512, 1.097916, 122.4608 ],
                [ -6.601043, 1.198488, 122.4056 ],
                [ -6.601668, 0.08983199, 120.574 ],
                [ 9.804885, -0.01075317, 120.6293 ]
            ],
            "projected_cuboid": [
                [ 415.2481, 244.0195 ],
                [ 255.7594, 244.9993 ],
                [ 254.7808, 234.1316 ],
                [ 416.6831, 233.1418 ],
                [ 415.6248, 250.707 ],
                [ 255.5966, 251.6931 ],
                [ 254.6121, 240.8898 ],
                [ 417.0705, 239.8936 ]
            ]
        }
    ]
}