{
    "camera_data": {
        "location_worldframe": [
            -14.083993911743164,
            51.4681282043457,
            -4.067224502563477
        ],
        "quaternion_xyzw_worldframe": [
            0.527404248714447,
            -0.30900347232818606,
            0.21387571096420289,
            0.7619834542274475
        ]
    },
    "objects": [
        {
            "class": "big_fork",
            "visibility": 1.0,
            "location": [
                -1.9261929988861085,
                2.756701707839966,
                52.870704650878909
            ],
            "quaternion_xyzw": [
                0.23817116022109986,
                0.954582691192627,
                -0.1736801266670227,
                0.04337794706225395
            ],
            "pose_transform_permuted": [
                [ -0.8827858, 0.4697759, 8.448213E-05, 0 ],
                [ 0.4396403, 0.8262194, -0.3522469, 0 ],
                [ -0.1655469, -0.3109213, -0.9359072, 0 ],
                [ -1.926193, 2.756702, 52.8707, 1 ]
            ],
            "cuboid_centroid": [
                -1.9261929988861085,
                2.756701707839966,
                52.870704650878909
            ],
            "projected_cuboid_centroid": [
                276.4906921386719,
                302.26904296875
            ],
            "bounding_box": {
                "top_left": [
                    178.47857666015626,
                    150.71435546875
                ],
                "bottom_right": [
                    381.7370300292969,
                    465.2630615234375
                ]
            },
            "cuboid": [
                [ 2.594414, 8.571878, 51.33881 ],
                [ 0.5100862, 9.609904, 50.94794 ],
                [ -6.446906, -2.625715, 55.55243 ],
                [ -4.362577, -3.663741, 55.94329 ],
                [ 2.594517, 8.139118, 50.18898 ],
                [ 0.5101907, 9.177142, 49.79811 ],
                [ -6.446801, -3.058476, 54.4026 ],
                [ -4.362474, -4.096498, 54.79346 ]
            ],
            "projected_cuboid": [
                [ 380.3519, 439.4012 ],
                [ 331.9568, 465.2631 ],
                [ 181.4056, 183.5529 ],
                [ 226.8694, 161.7878 ],
                [ 381.737, 433.6719 ],
                [ 332.2354, 460.0859 ],
                [ 178.4786, 172.8597 ],
                [ 224.9173, 150.7144 ]
            ]
        },
        {
            "class": "packet_cup",
            "visibility": 0.0,
            "location": [
                12.590712547302246,
                -21.406536102294923,
                58.88044738769531
            ],
            "quaternion_xyzw": [
                0.06631118059158325,
                -0.981613278388977,
                0.17858527600765229,
                0.012064628303050995
            ],
            "pose_transform_permuted": [
                [ -0.9909147, -0.134493, -1.197681E-06, 0 ],
                [ -0.1258747, 0.9274203, -0.3522034, 0 ],
                [ 0.04737, -0.3490033, -0.9359236, 0 ],
                [ 12.59071, -21.40654, 58.88045, 1 ]
            ],
            "cuboid_centroid": [
                12.590712547302246,
                -21.406536102294923,
                58.88044738769531
            ],
            "projected_cuboid_centroid": [
                575.3740234375,
                -194.1829833984375
            ],
            "bounding_box": {
                "top_left": [
                    524.7374267578125,
                    -291.63037109375
                ],
                "bottom_right": [
                    630.4751586914063,
                    -104.124755859375
                ]
            },
            "cuboid": [
                [ 13.98858, -17.63499, 61.20078 ],
                [ 10.52038, -18.07555, 61.36657 ],
                [ 11.19285, -22.71266, 63.11159 ],
                [ 14.66105, -22.2721, 62.94579 ],
                [ 13.98857, -20.10041, 54.64932 ],
                [ 10.52037, -20.54098, 54.81511 ],
                [ 11.19284, -25.17808, 56.56012 ],
                [ 14.66104, -24.73751, 56.39433 ]
            ],
            "projected_cuboid": [
                [ 592.9696, -104.1248 ],
                [ 524.7374, -111.7688 ],
                [ 531.8015, -189.79 ],
                [ 598.1608, -182.5635 ],
                [ 625.6935, -199.2561 ],
                [ 549.2073, -207.5261 ],
                [ 556.3347, -291.6304 ],
                [ 630.4752, -283.8635 ]
            ]
        },
        {
            "class": "big_fork",
            "visibility": 0.0,
            "location": [
                -22.4481258392334,
                18.94048500061035,
                46.782081604003909
            ],
            "quaternion_xyzw": [
                -0.9702500104904175,
                0.163032665848732,
                -0.029795099049806596,
                -0.1764863133430481
            ],
            "pose_transform_permuted": [
                [ 0.9450652, -0.3268817, 0.0002713241, 0 ],
                [ -0.305848, -0.8845457, -0.3521868, 0 ],
                [ 0.1153635, 0.3327565, -0.9359295, 0 ],
                [ -22.44813, 18.94049, 46.78208, 1 ]
            ],
            "cuboid_centroid": [
                -22.4481258392334,
                18.94048500061035,
                46.782081604003909
            ],
            "projected_cuboid_centroid": [
                -253.0573272705078,
                723.5140380859375
            ],
            "bounding_box": {
                "top_left": [
                    -319.36761474609377,
                    529.0595092773438
                ],
                "bottom_right": [
                    -181.58462524414063,
                    942.0572509765625
                ]
            },
            "cuboid": [
                [ -25.9844, 12.9682, 49.68475 ],
                [ -23.75303, 12.24607, 49.95713 ],
                [ -18.91219, 25.34546, 45.02928 ],
                [ -21.14356, 26.06758, 44.7569 ],
                [ -25.98407, 12.53551, 48.53489 ],
                [ -23.75269, 11.81338, 48.80727 ],
                [ -18.91185, 24.91277, 43.87942 ],
                [ -21.14323, 25.6349, 43.60704 ]
            ],
            "projected_cuboid": [
                [ -304.5786, 551.7125 ],
                [ -247.8308, 532.7499 ],
                [ -181.5846, 912.2064 ],
                [ -244.1773, 935.566 ],
                [ -319.3676, 548.4506 ],
                [ -261.2003, 529.0595 ],
                [ -194.7196, 918.0452 ],
                [ -259.0448, 942.0573 ]
            ]
        },
        {
            "class": "packet_cup",
            "visibility": 0.0,
            "location": [
                9.208256721496582,
                70.08102416992188,
                24.452104568481447
            ],
            "quaternion_xyzw": [
                0.7208380699157715,
                -0.6695932149887085,
                0.12181694060564041,
                0.13114115595817567
            ],
            "pose_transform_permuted": [
                [ 0.07361111, -0.997287, -1.892447E-06, 0 ],
                [ -0.9333861, -0.06889382, -0.3521987, 0 ],
                [ 0.351243, 0.02592748, -0.9359252, 0 ],
                [ 9.208257, 70.08102, 24.4521, 1 ]
            ],
            "cuboid_centroid": [
                9.208256721496582,
                70.08102416992188,
                24.452104568481447
            ],
            "projected_cuboid_centroid": [
                769.737060546875,
                3662.801513671875
            ],
            "bounding_box": {
                "top_left": [
                    607.7188110351563,
                    3162.148193359375
                ],
                "bottom_right": [
                    994.2835083007813,
                    4356.67431640625
                ]
            },