{
    "camera_data": {
        "location_worldframe": [
            67.21839141845703,
            93.49854278564453,
            18.983844757080079
        ],
        "quaternion_xyzw_worldframe": [
            0.24884924292564393,
            -0.7387388944625855,
            0.35735929012298586,
            0.5144252777099609
        ]
    },
    "objects": [
        {
            "class": "knife",
            "visibility": 1.0,
            "location": [
                3.2303824424743654,
                1.2778651714324952,
                117.22384643554688
            ],
            "quaternion_xyzw": [
                0.26415717601776125,
                0.19556283950805665,
                0.562758207321167,
                -0.7584717869758606
            ],
            "pose_transform_permuted": [
                [ 0.2901168, 0.9569911, 0.0006554425, 0 ],
                [ -0.7503538, 0.2270484, 0.6208207, 0 ],
                [ 0.593971, -0.1806024, 0.7839523, 0 ],
                [ 3.230382, 1.277865, 117.2238, 1 ]
            ],
            "cuboid_centroid": [
                3.2303824424743654,
                1.2778651714324952,
                117.22384643554688
            ],
            "projected_cuboid_centroid": [
                352.91058349609377,
                253.0186767578125
            ],
            "bounding_box": {
                "top_left": [
                    318.1456298828125,
                    187.4326171875
                ],
                "bottom_right": [
                    385.164306640625,
                    324.1474609375
                ]
            },
            "cuboid": [
                [ 1.874573, 7.428105, 111.8443 ],
                [ 6.634505, -4.882923, 121.5896 ],
                [ 4.585666, -5.369007, 121.9762 ],
                [ -0.1742648, 6.942011, 112.2309 ],
                [ 1.875097, 7.924755, 112.4715 ],
                [ 6.635031, -4.386265, 122.2167 ],
                [ 4.586188, -4.872354, 122.6034 ],
                [ -0.1737426, 7.438658, 112.8581 ]
            ],
            "projected_cuboid": [
                [ 340.0164, 319.3162 ],
                [ 385.1643, 192.0398 ],
                [ 364.8978, 187.4326 ],
                [ 318.1456, 313.8704 ],
                [ 339.9103, 324.1475 ],
                [ 384.8351, 197.139 ],
                [ 364.6732, 192.5393 ],
                [ 318.1615, 318.7153 ]
            ]
        }
    ]
}