{
    "camera_data": {
        "location_worldframe": [
            3.259831666946411,
            187.2437286376953,
            35.93714904785156
        ],
        "quaternion_xyzw_worldframe": [
            -0.09695322811603546,
            0.7946175932884216,
            -0.5846530199050903,
            -0.13177171349525453
        ]
    },
    "objects": [
        {
            "class": "small_plates",
            "visibility": 1.0,
            "location": [
                0.7208837866783142,
                3.2560322284698488,
                193.9191131591797
            ],
            "quaternion_xyzw": [
                -0.2825647294521332,
                0.7086008191108704,
                0.5203599333763123,
                -0.3837544918060303
            ],
            "pose_transform_permuted": [
                [ -0.5457792, -0.001070261, -0.8379282, 0 ],
                [ -0.7998321, 0.2987654, 0.520584, 0 ],
                [ 0.2497868, 0.9543259, -0.1639159, 0 ],
                [ 0.7208838, 3.256032, 193.9191, 1 ]
            ],
            "cuboid_centroid": [
                0.7208837866783142,
                3.2560322284698488,
                193.9191131591797
            ],
            "projected_cuboid_centroid": [
                324.4395751953125,
                260.0523681640625
            ],
            "bounding_box": {
                "top_left": [
                    279.6650390625,
                    216.1861572265625
                ],
                "bottom_right": [
                    369.46600341796877,
                    304.5859375
                ]
            },
            "cuboid": [
                [ 7.982548, 4.943812, 194.1758 ],
                [ 2.252861, -3.452967, 196.7981 ],
                [ 2.254449, -3.895997, 195.383 ],
                [ 7.984135, 4.50078, 192.7607 ],
                [ -0.8126816, 10.40807, 192.4552 ],
                [ -6.542374, 2.011283, 195.0776 ],
                [ -6.540781, 1.568267, 193.6624 ],
                [ -0.8110967, 9.965056, 191.0401 ]
            ],
            "projected_cuboid": [
                [ 369.0958, 270.4064 ],
                [ 333.6713, 219.0459 ],
                [ 333.7801, 216.1862 ],
                [ 369.466, 267.8848 ],
                [ 314.957, 304.5859 ],
                [ 279.9479, 252.313 ],
                [ 279.665, 249.671 ],
                [ 314.9296, 302.2949 ]
            ]
        },
        {
            "class": "wine_glass",
            "visibility": 1.0,
            "location": [
                -37.24128723144531,
                9.632392883300782,
                188.56423950195313
            ],
            "quaternion_xyzw": [
                -0.08805835992097855,
                0.6958118081092835,
                -0.12459907680749893,
                0.7018309235572815
            ],
            "pose_transform_permuted": [
                [ 0.0006419886, 0.05235088, 0.9986285, 0 ],
                [ -0.2974391, 0.9534416, -0.04979086, 0 ],
                [ -0.9547405, -0.2969992, 0.0161833, 0 ],
                [ -37.24129, 9.632393, 188.5642, 1 ]
            ],
            "cuboid_centroid": [
                -37.24128723144531,
                9.632392883300782,
                188.56423950195313
            ],
            "projected_cuboid_centroid": [
                84.13534545898438,
                301.0059814453125
            ],
            "bounding_box": {
                "top_left": [
                    53.0284309387207,
                    245.54931640625
                ],
                "bottom_right": [
                    113.37100982666016,
                    355.6383056640625
                ]
            },
            "cuboid": [
                [ -40.78465, 18.39512, 189.9759 ],
                [ -40.77958, 16.04153, 182.4212 ],
                [ -41.59101, 1.26319, 187.0247 ],
                [ -41.59609, 3.616786, 194.5794 ],
                [ -32.89157, 18.00159, 190.1038 ],
                [ -32.88649, 15.64798, 182.5491 ],
                [ -33.69793, 0.8696356, 187.1526 ],
                [ -33.70301, 3.223253, 194.7073 ]
            ],
            "projected_cuboid": [
                [ 63.61317, 355.6383 ],
                [ 53.02843, 345.019 ],
                [ 54.4183, 248.0662 ],
                [ 64.69864, 262.1985 ],
                [ 113.371, 353.0883 ],
                [ 104.8529, 342.3708 ],
                [ 104.9671, 245.5493 ],
                [ 113.2793, 259.7701 ]
            ]
        }
    ]
}