{
    "camera_data": {
        "location_worldframe": [
            33.996986389160159,
            243.96710205078126,
            48.82090759277344
        ],
        "quaternion_xyzw_worldframe": [
            -0.12436439841985703,
            0.8057689070701599,
            -0.5495645403862,
            -0.18234246969223023
        ]
    },
    "objects": [
        {
            "class": "teacup",
            "visibility": 1.0,
            "location": [
                -3.1642556190490724,
                -2.590878486633301,
                259.2398986816406
            ],
            "quaternion_xyzw": [
                -0.17155784368515016,
                0.9674223065376282,
                -0.18353597819805146,
                -0.031250085681676868
            ],
            "pose_transform_permuted": [
                [ -0.9391828, -0.3434088, 0.002510011, 0 ],
                [ -0.3204667, 0.8737649, -0.365836, 0 ],
                [ 0.1234381, -0.3443912, -0.930676, 0 ],
                [ -3.164256, -2.590878, 259.2399, 1 ]
            ],
            "cuboid_centroid": [
                -3.1642556190490724,
                -2.590878486633301,
                259.2398986816406
            ],
            "projected_cuboid_centroid": [
                305.42303466796877,
                228.064453125
            ],
            "bounding_box": {
                "top_left": [
                    282.4491271972656,
                    205.9658203125
                ],
                "bottom_right": [
                    328.07391357421877,
                    249.902099609375
                ]
            },
            "cuboid": [
                [ -0.02983325, 2.162235, 260.7793 ],
                [ -8.063585, -0.579023, 261.8352 ],
                [ -6.314555, -5.029221, 263.5892 ],
                [ 1.7192, -2.287953, 262.5333 ],
                [ -0.01394677, -0.1525169, 254.8906 ],
                [ -8.047696, -2.893796, 255.9464 ],
                [ -6.298669, -7.344007, 257.7005 ],
                [ 1.735079, -4.602732, 256.6446 ]
            ],
            "projected_cuboid": [
                [ 319.8634, 249.9021 ],
                [ 283.2212, 237.359 ],
                [ 291.3904, 217.2139 ],
                [ 327.8206, 229.5922 ],
                [ 319.9347, 239.2854 ],
                [ 282.4491, 226.4974 ],
                [ 290.8102, 205.9658 ],
                [ 328.0739, 218.5819 ]
            ]
        }
    ]
}