{
    "camera_data": {
        "location_worldframe": [
            47.957366943359378,
            218.09890747070313,
            52.46272659301758
        ],
        "quaternion_xyzw_worldframe": [
            -0.24881459772586823,
            0.7384197115898132,
            -0.5156095027923584,
            -0.3563348054885864
        ]
    },
    "objects": [
        {
            "class": "big_spoon",
            "visibility": 1.0,
            "location": [
                -2.013463020324707,
                -1.4419758319854737,
                231.38954162597657
            ],
            "quaternion_xyzw": [
                -0.1669430434703827,
                0.05414929240942001,
                0.3056013286113739,
                0.9358449578285217
            ],
            "pose_transform_permuted": [
                [ 0.8073514, -0.5900706, -0.0006853417, 0 ],
                [ 0.5539112, 0.7574757, 0.3455618, 0 ],
                [ -0.2033867, -0.2793694, 0.9383957, 0 ],
                [ -2.013463, -1.441976, 231.3895, 1 ]
            ],
            "cuboid_centroid": [
                -2.013463020324707,
                -1.4419758319854737,
                231.38954162597657
            ],
            "projected_cuboid_centroid": [
                309.6080322265625,
                232.5576171875
            ],
            "bounding_box": {
                "top_left": [
                    273.4447021484375,
                    203.1175537109375
                ],
                "bottom_right": [
                    346.02667236328127,
                    262.27294921875
                ]
            },
            "cuboid": [
                [ -9.025643, -4.639514, 231.5297 ],
                [ 3.021564, 3.625866, 228.4947 ],
                [ 5.00005, 1.086096, 229.4315 ],
                [ -7.04716, -7.179304, 232.4664 ],
                [ -9.026972, -3.970059, 233.3477 ],
                [ 3.020232, 4.295346, 230.3128 ],
                [ 4.998718, 1.755571, 231.2494 ],
                [ -7.048487, -6.509825, 234.2844 ]
            ],
            "projected_cuboid": [
                [ 273.4447, 216.0688 ],
                [ 335.7926, 258.951 ],
                [ 346.0267, 245.6534 ],
                [ 283.7964, 203.1176 ],
                [ 273.8006, 219.6815 ],
                [ 335.661, 262.2729 ],
                [ 345.8152, 249.0664 ],
                [ 284.0706, 206.8164 ]
            ]
        }
    ]
}