{
    "camera_data": {
        "location_worldframe": [
            -48.899383544921878,
            124.81985473632813,
            54.78312301635742
        ],
        "quaternion_xyzw_worldframe": [
            0.05393867567181587,
            0.8620628118515015,
            -0.49509358406066897,
            0.09391865879297257
        ]
    },
    "objects": [
        {
            "class": "water_glass",
            "visibility": 1.0,
            "location": [
                2.5642788410186769,
                -2.5849225521087648,
                142.660888671875
            ],
            "quaternion_xyzw": [
                -0.38205012679100039,
                -0.5578125715255737,
                -0.3212353587150574,
                -0.663091778755188
            ],
            "pose_transform_permuted": [
                [ 0.1713059, 0.0002076924, 0.9852179, 0 ],
                [ 0.8522418, 0.5016911, -0.1482903, 0 ],
                [ -0.4943058, 0.8650468, 0.08576566, 0 ],
                [ 2.564279, -2.584923, 142.6609, 1 ]
            ],
            "cuboid_centroid": [
                2.5642788410186769,
                -2.5849225521087648,
                142.660888671875
            ],
            "projected_cuboid_centroid": [
                341.4663391113281,
                218.36083984375
            ],
            "bounding_box": {
                "top_left": [
                    322.06561279296877,
                    190.77001953125
                ],
                "bottom_right": [
                    361.69464111328127,
                    245.56640625
                ]
            },
            "cuboid": [
                [ 0.2519034, -2.737857, 145.6402 ],
                [ 0.9368269, 0.6696144, 143.6638 ],
                [ 0.935785, -1.838838, 139.3386 ],
                [ 0.2508637, -5.246305, 141.3149 ],
                [ 4.192774, -3.331009, 145.9832 ],
                [ 4.877695, 0.07645331, 144.0069 ],
                [ 4.876655, -2.431997, 139.6816 ],
                [ 4.191734, -5.839468, 141.658 ]
            ],
            "projected_cuboid": [
                [ 322.0656, 217.5494 ],
                [ 327.7877, 245.5664 ],
                [ 328.0205, 224.2395 ],
                [ 322.1201, 195.6633 ],
                [ 354.3002, 212.7498 ],
                [ 360.451, 240.634 ],
                [ 361.6946, 219.2068 ],
                [ 355.3387, 190.77 ]
            ]
        },
        {
            "class": "water_glass",
            "visibility": 1.0,
            "location": [
                -5.936160087585449,
                -4.48130464553833,
                144.34768676757813
            ],
            "quaternion_xyzw": [
                0.44486746191978457,
                0.8567137718200684,
                -0.23166385293006898,
                0.1202763244509697
            ],
            "pose_transform_permuted": [
                [ -0.5752532, 0.8179755, -3.46452E-05, 0 ],
                [ 0.7065208, 0.4968496, -0.5039533, 0 ],
                [ -0.4122042, -0.2899252, -0.8637311, 0 ],
                [ -5.93616, -4.481305, 144.3477, 1 ]
            ],
            "cuboid_centroid": [
                -5.936160087585449,
                -4.48130464553833,
                144.34768676757813
            ],
            "projected_cuboid_centroid": [
                270.8873596191406,
                202.924072265625
            ],
            "bounding_box": {
                "top_left": [
                    243.4852752685547,
                    172.5394287109375
                ],
                "bottom_right": [
                    297.60455322265627,
                    233.233642578125
                ]
            },
            "cuboid": [
                [ -2.741153, -3.643696, 146.1744 ],
                [ -5.041155, -0.8188487, 144.5263 ],
                [ -9.131029, -3.303103, 145.9759 ],
                [ -6.831032, -6.127954, 147.624 ],
                [ -2.74129, -5.659502, 142.7195 ],
                [ -5.041291, -2.834666, 141.0714 ],
                [ -9.131167, -5.318904, 142.521 ],
                [ -6.83117, -8.143755, 144.1691 ]
            ],
            "projected_cuboid": [
                [ 297.6046, 210.2307 ],
                [ 278.3437, 233.2336 ],
                [ 245.2973, 212.9767 ],
                [ 264.738, 190.4258 ],
                [ 297.0613, 192.6421 ],
                [ 277.3224, 216.0028 ],
                [ 243.4853, 195.4302 ],
                [ 263.4125, 172.5394 ]
            ]
        },
        {
            "class": "big_spoon",
            "visibility": 1.0,
            "location": [
                -11.386369705200196,
                19.34008026123047,
                131.62045288085938
            ],
            "quaternion_xyzw": [
                0.5335885286331177,
                -0.8041666150093079,
                0.21746550500392915,
                0.1459728181362152
            ],
            "pose_transform_permuted": [
                [ -0.3879504, -0.9216763, -0.002698734, 0 ],
                [ -0.7947, 0.3359841, -0.5055358, 0 ],
                [ 0.4668471, -0.1939781, -0.8628013, 0 ],
                [ -11.38637, 19.34008, 131.6205, 1 ]
            ],
            "cuboid_centroid": [
                -11.386369705200196,
                19.34008026123047,
                131.62045288085938
            ],
            "projected_cuboid_centroid": [
                216.68594360351563,
                415.48193359375
            ],
            "bounding_box": {
                "top_left": [
                    178.8690948486328,
                    349.65283203125
                ],
                "bottom_right": [
                    255.86117553710938,
                    484.3531494140625
                ]
            },
            "cuboid": [
                [ -10.03445, 26.32226, 128.6479 ],
                [ -15.8234, 14.46383, 135.6142 ],
                [ -12.73306, 13.3373, 136.2646 ],
                [ -6.944107, 25.19571, 129.2983 ],
                [ -10.03968, 25.34286, 126.9764 ],
                [ -15.82863, 13.48443, 133.9426 ],
                [ -12.73829, 12.35791, 134.593 ],
                [ -6.949339, 24.21632, 127.6268 ]
            ],
            "projected_cuboid": [
                [ 226.8488, 484.3531 ],
                [ 180.6547, 367.3726 ],
                [ 208.4043, 356.8914 ],
                [ 255.8612, 472.7188 ],
                [ 225.5734, 478.3583 ],
                [ 178.8691, 360.2296 ],
                [ 206.972, 349.6528 ],
                [ 254.9722, 466.6021 ]
            ]
        },
        {
            "class": "teacup",
            "visibility": 1.0,
            "location": [
                12.524201393127442,
                -12.63319206237793,
                148.47802734375
            ],
            "quaternion_xyzw": [
                0.03997328504920006,
                0.4985720217227936,
                -0.8656429648399353,
                -0.022144176065921785
            ],
            "pose_transform_permuted": [
                [ -0.9958236, 0.001521222, -0.09128612, 0 ],
                [ 0.07819702, -0.5018712, -0.8614004, 0 ],
                [ -0.04712425, -0.8649411, 0.4996561, 0 ],
                [ 12.5242, -12.63319, 148.478, 1 ]
            ],
            "cuboid_centroid": [
                12.524201393127442,
                -12.63319206237793,
                148.47802734375
            ],
            "projected_cuboid_centroid": [
                420.73614501953127,
                138.38720703125
            ],
            "bounding_box": {
                "top_left": [
                    382.6141052246094,
                    103.1102294921875
                ],
                "bottom_right": [
                    460.7430419921875,
                    173.465087890625
                ]
            },