{
    "camera_data": {
        "location_worldframe": [
            69.35619354248047,
            86.54700469970703,
            8.10878849029541
        ],
        "quaternion_xyzw_worldframe": [
            0.3268803358078003,
            -0.642589807510376,
            0.35182321071624758,
            0.5970327854156494
        ]
    },
    "objects": [
        {
            "class": "small_fork",
            "visibility": 1.0,
            "location": [
                -1.242496132850647,
                -2.3822598457336427,
                102.65763854980469
            ],
            "quaternion_xyzw": [
                -0.38884055614471438,
                0.2883973717689514,
                -0.6455972790718079,
                -0.5906217098236084
            ],
            "pose_transform_permuted": [
                [ 6.221235E-05, -0.9868887, 0.1614013, 0 ],
                [ 0.5383263, -0.1359856, -0.8316925, 0 ],
                [ 0.8427363, 0.08693823, 0.53126, 0 ],
                [ -1.242496, -2.38226, 102.6576, 1 ]
            ],
            "cuboid_centroid": [
                -1.242496132850647,
                -2.3822598457336427,
                102.65763854980469
            ],
            "projected_cuboid_centroid": [
                305.5455627441406,
                212.2862548828125
            ],
            "bounding_box": {
                "top_left": [
                    236.17062377929688,
                    192.236572265625
                ],
                "bottom_right": [
                    375.0393981933594,
                    232.3282470703125
                ]
            },
            "cuboid": [
                [ -7.167886, -3.287489, 102.1157 ],
                [ -7.16777, -2.270672, 103.7075 ],
                [ 4.52426, -0.6595868, 102.6775 ],
                [ 4.524141, -1.676414, 101.0857 ],
                [ -7.009253, -4.104926, 102.6378 ],
                [ -7.009134, -3.088104, 104.2296 ],
                [ 4.682895, -1.477022, 103.1996 ],
                [ 4.682775, -2.493858, 101.6078 ]
            ],
            "projected_cuboid": [
                [ 236.1706, 201.5524 ],
                [ 237.4586, 213.8518 ],
                [ 372.6223, 232.3282 ],
                [ 373.4496, 220.1943 ],
                [ 238.4429, 192.2366 ],
                [ 239.6898, 204.6167 ],
                [ 374.1918, 222.9075 ],
                [ 375.0394, 210.6882 ]
            ]
        },
        {
            "class": "big_fork",
            "visibility": 0.35325849056243899,
            "location": [
                -11.281579971313477,
                -25.247512817382814,
                117.58931732177735
            ],
            "quaternion_xyzw": [
                0.10133412480354309,
                0.25836917757987978,
                0.8987414240837097,
                -0.33947092294692995
            ],
            "pose_transform_permuted": [
                [ -0.7489816, 0.6625564, 0.006728709, 0 ],
                [ -0.5578299, -0.6360095, 0.5332142, 0 ],
                [ 0.357564, 0.3956142, 0.8459535, 0 ],
                [ -11.28158, -25.24751, 117.5893, 1 ]
            ],
            "cuboid_centroid": [
                -11.281579971313477,
                -25.247512817382814,
                117.58931732177735
            ],
            "projected_cuboid_centroid": [
                205.4224395751953,
                -16.4178466796875
            ],
            "bounding_box": {
                "top_left": [
                    141.99249267578126,
                    -66.871826171875
                ],
                "bottom_right": [
                    265.66876220703127,
                    36.5262451171875
                ]
            },
            "cuboid": [
                [ -5.495554, -29.62591, 119.5769 ],
                [ -7.263959, -30.94298, 120.4211 ],
                [ -17.07587, -21.52421, 114.5624 ],
                [ -15.30747, -20.20713, 113.7182 ],
                [ -5.487289, -28.97082, 120.6162 ],
                [ -7.255692, -30.28789, 121.4604 ],
                [ -17.06761, -20.86911, 115.6017 ],
                [ -15.2992, -19.55203, 114.7575 ]
            ],
            "projected_cuboid": [
                [ 265.114, -55.88428 ],
                [ 247.9609, -66.87183 ],
                [ 141.9925, 15.62085 ],
                [ 159.2426, 27.78687 ],
                [ 265.6688, -46.84851 ],
                [ 248.6586, -57.80481 ],
                [ 143.6783, 24.40576 ],
                [ 160.7845, 36.52625 ]
            ]
        }
    ]
}