{
    "camera_data": {
        "location_worldframe": [
            60.4661865234375,
            248.95367431640626,
            -39.4940071105957
        ],
        "quaternion_xyzw_worldframe": [
            0.4597092866897583,
            -0.4640491008758545,
            0.30850735306739809,
            0.6914832592010498
        ]
    },
    "objects": [
        {
            "class": "wine_glass",
            "visibility": 1.0,
            "location": [
                -1.6604211330413819,
                -2.646749973297119,
                266.38067626953127
            ],
            "quaternion_xyzw": [
                -0.6757449507713318,
                0.4530218839645386,
                0.542855978012085,
                0.20844054222106934
            ],
            "pose_transform_permuted": [
                [ 0.0001571476, -0.8385609, -0.5448081, 0 ],
                [ -0.3859481, -0.5026477, 0.7735566, 0 ],
                [ -0.9225206, 0.210146, -0.3237201, 0 ],
                [ -1.660421, -2.64675, 266.3807, 1 ]
            ],
            "cuboid_centroid": [
                -1.6604211330413819,
                -2.646749973297119,
                266.38067626953127
            ],
            "projected_cuboid_centroid": [
                312.5558776855469,
                228.1339111328125
            ],
            "bounding_box": {
                "top_left": [
                    273.1898498535156,
                    189.978515625
                ],
                "bottom_right": [
                    351.8252868652344,
                    266.077392578125
                ]
            },
            "cuboid": [
                [ -6.006835, -8.072368, 272.9386 ],
                [ -6.00559, -11.1263, 265.6388 ],
                [ 6.992107, -3.335287, 262.3815 ],
                [ 6.990863, -0.2813344, 269.6813 ],
                [ -10.31295, -1.95823, 270.3799 ],
                [ -10.31171, -5.012196, 263.0801 ],
                [ 2.685984, 2.77886, 259.8228 ],
                [ 2.684741, 5.832804, 267.1227 ]
            ],
            "projected_cuboid": [
                [ 293.7168, 204.679 ],
                [ 293.0001, 189.9785 ],
                [ 351.8253, 224.8191 ],
                [ 350.9583, 238.7542 ],
                [ 274.4482, 231.3506 ],
                [ 273.1898, 217.2471 ],
                [ 332.3459, 252.7728 ],
                [ 332.003, 266.0774 ]
            ]
        }
    ]
}