{
    "camera_data": {
        "location_worldframe": [
            -4.892158508300781,
            30.79005241394043,
            54.22011184692383
        ],
        "quaternion_xyzw_worldframe": [
            -0.0555354505777359,
            0.9391629695892334,
            -0.18267762660980225,
            -0.2855129837989807
        ]
    },
    "objects": [
        {
            "class": "wine_glass",
            "visibility": 1.0,
            "location": [
                -3.4029557704925539,
                0.4328050911426544,
                69.46228790283203
            ],
            "quaternion_xyzw": [
                0.5022326111793518,
                -0.2792876660823822,
                -0.6500241756439209,
                0.49722161889076235
            ],
            "pose_transform_permuted": [
                [ -0.001066059, 0.3658774, -0.9306624, 0 ],
                [ -0.9269469, -0.349538, -0.1363544, 0 ],
                [ -0.3751909, 0.8625293, 0.3395216, 0 ],
                [ -3.402956, 0.4328051, 69.46229, 1 ]
            ],
            "cuboid_centroid": [
                -3.4029557704925539,
                0.4328050911426544,
                69.46228790283203
            ],
            "projected_cuboid_centroid": [
                261.493408203125,
                247.441162109375
            ],
            "bounding_box": {
                "top_left": [
                    130.8436279296875,
                    138.14208984375
                ],
                "bottom_right": [
                    370.59600830078127,
                    379.46826171875
                ]
            },
            "cuboid": [
                [ 3.114753, 1.930159, 76.28954 ],
                [ 3.106314, -5.404659, 73.3207 ],
                [ -2.564789, 0.01317525, 59.9515 ],
                [ -2.556349, 7.347995, 62.92033 ],
                [ -4.241129, 0.8524238, 78.97309 ],
                [ -4.249565, -6.48239, 76.00426 ],
                [ -9.920667, -1.064559, 62.63505 ],
                [ -9.912229, 6.270263, 65.60389 ]
            ],
            "projected_cuboid": [
                [ 368.7592, 270.2152 ],
                [ 370.596, 151.9683 ],
                [ 268.9084, 240.2625 ],
                [ 271.4793, 379.4683 ],
                [ 255.8643, 252.8906 ],
                [ 253.2265, 138.1421 ],
                [ 130.8436, 219.7021 ],
                [ 139.5573, 354.1442 ]
            ]
        }
    ]
}