{
    "camera_data": {
        "location_worldframe": [
            20.818164825439454,
            207.71060180664063,
            -21.56687355041504
        ],
        "quaternion_xyzw_worldframe": [
            0.4982241094112396,
            -0.4410017132759094,
            0.3275306820869446,
            0.6708307266235352
        ]
    },
    "objects": [
        {
            "class": "wine_glass",
            "visibility": 1.0,
            "location": [
                -4.403742790222168,
                -0.5545022487640381,
                212.59027099609376
            ],
            "quaternion_xyzw": [
                -0.6616404056549072,
                0.429495632648468,
                0.5616443157196045,
                0.2496422827243805
            ],
            "pose_transform_permuted": [
                [ 0.0001783073, -0.8487637, -0.5287726, 0 ],
                [ -0.287923, -0.5064247, 0.8127944, 0 ],
                [ -0.9576536, 0.1521007, -0.244469, 0 ],
                [ -4.403743, -0.5545022, 212.5903, 1 ]
            ],
            "cuboid_centroid": [
                -4.403742790222168,
                -0.5545022487640381,
                212.59027099609376
            ],
            "projected_cuboid_centroid": [
                295.2613525390625,
                236.885009765625
            ],
            "bounding_box": {
                "top_left": [
                    245.3175048828125,
                    190.0064697265625
                ],
                "bottom_right": [
                    344.41644287109377,
                    283.044189453125
                ]
            },
            "cuboid": [
                [ -8.892673, -6.552276, 218.5241 ],
                [ -8.891258, -8.83056, 210.9463 ],
                [ 4.264572, -0.9809929, 208.5887 ],
                [ 4.26316, 1.297306, 216.1665 ],
                [ -13.07205, -0.1280074, 216.5918 ],
                [ -13.07064, -2.406299, 209.014 ],
                [ 0.08519946, 5.443281, 206.6565 ],
                [ 0.08378664, 7.721575, 214.2343 ]
            ],
            "projected_cuboid": [
                [ 271.4006, 204.1912 ],
                [ 269.6628, 190.0065 ],
                [ 344.4164, 234.3834 ],
                [ 343.5527, 247.1672 ],
                [ 247.9226, 239.2942 ],
                [ 245.3175, 226.251 ],
                [ 320.4924, 271.4564 ],
                [ 320.4671, 283.0442 ]
            ]
        }
    ]
}