{
    "camera_data": {
        "location_worldframe": [
            30.690837860107423,
            196.5906982421875,
            24.093421936035158
        ],
        "quaternion_xyzw_worldframe": [
            0.6006478071212769,
            -0.3288322985172272,
            0.29673850536346438,
            0.6656109094619751
        ]
    },
    "objects": [
        {
            "class": "small_spoon",
            "visibility": 1.0,
            "location": [
                -1.1154736280441285,
                -0.3217676281929016,
                196.46478271484376
            ],
            "quaternion_xyzw": [
                0.9265614748001099,
                -0.37190231680870058,
                0.017712697386741639,
                0.053468137979507449
            ],
            "pose_transform_permuted": [
                [ 0.7227499, -0.6910748, -0.006946042, 0 ],
                [ -0.6872866, -0.7176598, -0.1122578, 0 ],
                [ 0.07259365, 0.08590825, -0.993655, 0 ],
                [ -1.115474, -0.3217676, 196.4648, 1 ]
            ],
            "cuboid_centroid": [
                -1.1154736280441285,
                -0.3217676281929016,
                196.46478271484376
            ],
            "projected_cuboid_centroid": [
                313.2193298339844,
                238.0440673828125
            ],
            "bounding_box": {
                "top_left": [
                    281.11395263671877,
                    206.6904296875
                ],
                "bottom_right": [
                    345.10162353515627,
                    269.3271484375
                ]
            },
            "cuboid": [
                [ -6.350866, 2.904936, 196.9167 ],
                [ 2.276958, -5.299549, 197.7833 ],
                [ 4.130683, -3.374495, 197.5529 ],
                [ -4.497141, 4.82999, 196.6863 ],
                [ -6.361639, 2.730963, 195.3767 ],
                [ 2.266193, -5.473515, 196.2433 ],
                [ 4.11992, -3.548483, 196.0128 ],
                [ -4.507912, 4.655995, 195.1462 ]
            ],
            "projected_cuboid": [
                [ 281.4834, 257.6178 ],
                [ 333.7487, 208.0002 ],
                [ 344.971, 219.6003 ],
                [ 292.6939, 269.3271 ],
                [ 281.114, 256.6932 ],
                [ 333.7911, 206.6904 ],
                [ 345.1016, 218.38 ],
                [ 292.4125, 268.4938 ]
            ]
        },
        {
            "class": "big_spoon",
            "visibility": 0.14497964084148408,
            "location": [
                -56.73143005371094,
                40.55082702636719,
                192.08108520507813
            ],
            "quaternion_xyzw": [
                0.013998378999531269,
                0.04860641062259674,
                0.9614270925521851,
                -0.27036914229393008
            ],
            "pose_transform_permuted": [
                [ -0.8534092, 0.5212412, 0.0006334931, 0 ],
                [ -0.5185196, -0.849076, 0.1010325, 0 ],
                [ 0.05320019, 0.08589358, 0.9948829, 0 ],
                [ -56.73143, 40.55083, 192.0811, 1 ]
            ],
            "cuboid_centroid": [
                -56.73143005371094,
                40.55082702636719,
                192.08108520507813
            ],
            "projected_cuboid_centroid": [
                -32.72533416748047,
                492.12310791015627
            ],
            "bounding_box": {
                "top_left": [
                    -79.22767639160156,
                    458.11956787109377
                ],
                "bottom_right": [
                    13.434066772460938,
                    526.66357421875
                ]
            },
            "cuboid": [
                [ -49.49096, 42.89814, 190.8645 ],
                [ -62.22543, 35.16085, 191.6583 ],
                [ -63.97314, 38.00778, 191.3703 ],
                [ -51.23866, 45.74506, 190.5765 ],
                [ -49.48973, 43.09388, 192.7919 ],
                [ -62.22421, 35.3566, 193.5857 ],
                [ -63.97191, 38.20351, 193.2977 ],
                [ -51.23743, 45.9408, 192.5039 ]
            ],
            "projected_cuboid": [
                [ 10.33054, 508.4176 ],
                [ -67.7375, 459.0934 ],
                [ -79.22768, 477.1895 ],
                [ -1.089439, 526.6636 ],
                [ 13.43407, 506.9466 ],
                [ -63.86944, 458.1196 ],
                [ -75.23922, 476.0337 ],
                [ 2.133045, 525.0077 ]
            ]
        },
        {
            "class": "wine_glass",
            "visibility": 1.0,
            "location": [
                0.40009966492652895,
                7.431687355041504,
                191.6286163330078
            ],
            "quaternion_xyzw": [
                -0.13159309327602387,
                -0.9909400939941406,
                0.0021066046319901945,
                -0.026770681142807008
            ],
            "pose_transform_permuted": [
                [ -0.9639334, 0.2609145, 0.05250185, 0 ],
                [ 0.2606889, 0.9653577, -0.01122071, 0 ],
                [ -0.05361071, 0.002870636, -0.998558, 0 ],
                [ 0.4000997, 7.431687, 191.6286, 1 ]
            ],
            "cuboid_centroid": [
                0.40009966492652895,
                7.431687355041504,
                191.6286163330078
            ],
            "projected_cuboid_centroid": [
                322.49346923828127,
                286.3153076171875
            ],
            "bounding_box": {
                "top_left": [
                    285.4989929199219,
                    232.844970703125
                ],
                "bottom_right": [
                    360.949462890625,
                    341.2786865234375
                ]
            },
            "cuboid": [
                [ 6.028443, 13.92616, 195.8092 ],
                [ -1.599036, 15.98895, 195.385 ],
                [ -5.643213, 1.025926, 195.3405 ],
                [ 1.984272, -1.036877, 195.7647 ],
                [ 6.443417, 13.83746, 187.9167 ],
                [ -1.18407, 15.90027, 187.4925 ],
                [ -5.228243, 0.9372268, 187.448 ],
                [ 2.399244, -1.125578, 187.8722 ]
            ],
            "projected_cuboid": [
                [ 356.7679, 324.9368 ],
                [ 310.2262, 337.7296 ],
                [ 285.499, 246.2722 ],
                [ 332.105, 233.6746 ],
                [ 360.9495, 327.9404 ],
                [ 312.4579, 341.2787 ],
                [ 286.6902, 245.9712 ],
                [ 335.2514, 232.845 ]
            ]
        }
    ]
}