{
    "camera_data": {
        "location_worldframe": [
            -41.999847412109378,
            240.51995849609376,
            11.340940475463868
        ],
        "quaternion_xyzw_worldframe": [
            0.5172041654586792,
            0.42149537801742556,
            -0.3253365159034729,
            0.6700729727745056
        ]
    },
    "objects": [
        {
            "class": "small_spoon",
            "visibility": 1.0,
            "location": [
                2.273080825805664,
                1.8066602945327759,
                246.92547607421876
            ],
            "quaternion_xyzw": [
                0.16649843752384187,
                -0.9784128665924072,
                0.12016501277685166,
                0.02338918298482895
            ],
            "pose_transform_permuted": [
                [ -0.9434627, -0.3314296, -0.005753983, 0 ],
                [ -0.3201873, 0.9156773, -0.2429305, 0 ],
                [ 0.08578312, -0.2273535, -0.9700269, 0 ],
                [ 2.273081, 1.80666, 246.9255, 1 ]
            ],
            "cuboid_centroid": [
                2.273080825805664,
                1.8066602945327759,
                246.92547607421876
            ],
            "projected_cuboid_centroid": [
                330.9937744140625,
                248.7379150390625
            ],
            "bounding_box": {
                "top_left": [
                    301.54583740234377,
                    232.6466064453125
                ],
                "bottom_right": [
                    360.51513671875,
                    264.837890625
                ]
            },
            "cuboid": [
                [ 7.464321, 5.134146, 246.8602 ],
                [ -3.79827, 1.311892, 247.8843 ],
                [ -2.909242, -1.144308, 248.4941 ],
                [ 8.353336, 2.677934, 247.4701 ],
                [ 7.455399, 4.757643, 245.3568 ],
                [ -3.807185, 0.9353993, 246.3809 ],
                [ -2.918165, -1.520797, 246.9907 ],
                [ 8.344419, 2.301439, 245.9667 ]
            ],
            "projected_cuboid": [
                [ 356.1108, 264.8379 ],
                [ 301.7007, 246.3204 ],
                [ 306.0182, 234.5005 ],
                [ 360.312, 252.9233 ],
                [ 356.2886, 263.1575 ],
                [ 301.5458, 244.5341 ],
                [ 305.89, 232.6466 ],
                [ 360.5151, 251.1743 ]
            ]
        },
        {
            "class": "big_spoon",
            "visibility": 0.0,
            "location": [
                64.10729217529297,
                31.725831985473634,
                238.90716552734376
            ],
            "quaternion_xyzw": [
                -0.08723048120737076,
                0.09328822791576386,
                0.7283239364624023,
                0.6732253432273865
            ],
            "pose_transform_permuted": [
                [ -0.07831693, -0.9969274, -0.001456097, 0 ],
                [ 0.9643771, -0.07612985, 0.2533396, 0 ],
                [ -0.2526721, 0.01843656, 0.9673763, 0 ],
                [ 64.10729, 31.72583, 238.9072, 1 ]
            ],
            "cuboid_centroid": [
                64.10729217529297,
                31.725831985473634,
                238.90716552734376
            ],
            "projected_cuboid_centroid": [
                640.46142578125,
                398.592041015625
            ],
            "bounding_box": {
                "top_left": [
                    630.370361328125,
                    360.26708984375
                ],
                "bottom_right": [
                    650.475341796875,
                    437.232421875
                ]
            },
            "cuboid": [
                [ 63.02168, 24.15764, 239.8862 ],
                [ 61.85306, 38.54796, 236.1158 ],
                [ 65.1957, 38.80322, 236.054 ],
                [ 66.36434, 24.4129, 239.8244 ],
                [ 63.01887, 24.64845, 241.7603 ],
                [ 61.85024, 39.03878, 237.99 ],
                [ 65.1929, 39.29403, 237.9281 ],
                [ 66.36154, 24.9037, 241.6985 ]
            ],
            "projected_cuboid": [
                [ 633.749, 360.2671 ],
                [ 632.8481, 434.9727 ],
                [ 649.8413, 436.3152 ],
                [ 650.4753, 361.5692 ],
                [ 631.3029, 361.7593 ],
                [ 630.3704, 435.9003 ],
                [ 647.2291, 437.2324 ],
                [ 647.8989, 363.0516 ]
            ]
        },
        {
            "class": "wine_glass",
            "visibility": 1.0,
            "location": [
                8.904855728149414,
                -4.113461494445801,
                244.32293701171876
            ],
            "quaternion_xyzw": [
                -0.8989046216011047,
                -0.40228772163391116,
                0.04331095516681671,
                -0.16810494661331178
            ],
            "pose_transform_permuted": [
                [ 0.6725775, 0.7377982, 0.05738828, 0 ],
                [ 0.708675, -0.6198108, -0.3370675, 0 ],
                [ -0.213118, 0.2673737, -0.9397299, 0 ],
                [ 8.904856, -4.113461, 244.3229, 1 ]
            ],
            "cuboid_centroid": [
                8.904855728149414,
                -4.113461494445801,
                244.32293701171876
            ],
            "projected_cuboid_centroid": [
                363.52716064453127,
                219.893310546875
            ],
            "bounding_box": {
                "top_left": [
                    321.4473876953125,
                    175.988037109375
                ],
                "bottom_right": [
                    406.47161865234377,
                    263.5126953125
                ]
            },
            "cuboid": [
                [ 11.73499, -10.38873, 250.952 ],
                [ 17.05701, -4.781077, 249.2657 ],
                [ 5.621142, 4.825987, 245.1213 ],
                [ 0.2991174, -0.7816709, 246.8078 ],
                [ 12.18857, -13.05287, 243.5245 ],
                [ 17.51059, -7.445222, 241.8381 ],
                [ 6.074728, 2.161836, 237.6938 ],
                [ 0.7527085, -3.44582, 239.3802 ]
            ],
            "projected_cuboid": [
                [ 375.8457, 190.561 ],
                [ 401.7218, 217.0934 ],
                [ 347.3868, 263.5127 ],
                [ 321.4474, 236.2177 ],
                [ 379.7734, 175.988 ],
                [ 406.4716, 203.2336 ],
                [ 350.5215, 250.8618 ],
                [ 323.7552, 222.809 ]
            ]
        }
    ]
}