{
    "camera_data": {
        "location_worldframe": [
            14.328021049499512,
            62.25944137573242,
            -52.788787841796878
        ],
        "quaternion_xyzw_worldframe": [
            0.3318575620651245,
            -0.021601594984531404,
            0.007601549848914146,
            0.9430515170097351
        ]
    },
    "objects": [
        {
            "class": "wine_glass",
            "visibility": 0.9724652171134949,
            "location": [
                3.7024948596954347,
                0.9636685252189636,
                91.2690200805664
            ],
            "quaternion_xyzw": [
                -0.7072107791900635,
                0.5401082038879395,
                0.45590269565582278,
                -0.01699620485305786
            ],
            "pose_transform_permuted": [
                [ 0.0008717179, -0.7484435, -0.6631982, 0 ],
                [ -0.7794379, -0.4159887, 0.4684338, 0 ],
                [ -0.626479, 0.5165133, -0.583728, 0 ],
                [ 3.702495, 0.9636685, 91.26902, 1 ]
            ],
            "cuboid_centroid": [
                3.7024948596954347,
                0.9636685252189636,
                91.2690200805664
            ],
            "projected_cuboid_centroid": [
                368.44720458984377,
                252.609619140625
            ],
            "bounding_box": {
                "top_left": [
                    257.7650451660156,
                    149.6427001953125
                ],
                "bottom_right": [
                    486.2924499511719,
                    364.5997314453125
                ]
            },
            "cuboid": [
                [ 0.5195451, -1.027672, 100.0575 ],
                [ 0.5264417, -7.195275, 95.10025 ],
                [ 12.12732, -0.7474552, 87.09429 ],
                [ 12.12042, 5.42014, 92.05154 ],
                [ -4.722322, 2.674789, 95.44376 ],
                [ -4.715424, -3.492814, 90.48651 ],
                [ 6.885449, 2.955005, 82.48055 ],
                [ 6.878553, 9.122603, 87.43781 ]
            ],
            "projected_cuboid": [
                [ 326.2011, 227.734 ],
                [ 326.611, 149.6427 ],
                [ 486.2924, 229.7507 ],
                [ 477.2476, 310.3197 ],
                [ 260.9111, 273.4688 ],
                [ 257.765, 193.9012 ],
                [ 419.6961, 282.7863 ],
                [ 413.9497, 364.5997 ]
            ]
        }
    ]
}