{
    "camera_data": {
        "location_worldframe": [
            31.273990631103517,
            44.594482421875,
            -59.00672149658203
        ],
        "quaternion_xyzw_worldframe": [
            0.1915881186723709,
            -0.07943788915872574,
            0.015559620223939419,
            0.9781316518783569
        ]
    },
    "objects": [
        {
            "class": "packet_cup",
            "visibility": 1.0,
            "location": [
                -1.0959184169769288,
                -0.4186948835849762,
                108.89067840576172
            ],
            "quaternion_xyzw": [
                0.5040478110313416,
                -0.6590895056724548,
                0.4433744549751282,
                0.33905142545700076
            ],
            "pose_transform_permuted": [
                [ -0.2619598, -0.9650787, 3.33786E-05, 0 ],
                [ -0.3637718, 0.09870979, -0.9262432, 0 ],
                [ 0.8938943, -0.2426507, -0.3769264, 0 ],
                [ -1.095918, -0.4186949, 108.8907, 1 ]
            ],
            "cuboid_centroid": [
                -1.0959184169769288,
                -0.4186948835849762,
                108.89067840576172
            ],
            "projected_cuboid_centroid": [
                307.98052978515627,
                235.407958984375
            ],
            "bounding_box": {
                "top_left": [
                    276.34783935546877,
                    190.55126953125
                ],
                "bottom_right": [
                    339.88665771484377,
                    280.9716796875
                ]
            },
            "cuboid": [
                [ -3.050307, 3.706523, 108.039 ],
                [ -3.967167, 2.433318, 111.1676 ],
                [ 0.8582299, 1.939767, 112.3809 ],
                [ 1.77509, 3.212972, 109.2522 ],
                [ -3.050071, -2.777182, 105.4005 ],
                [ -3.96693, -4.05038, 108.5291 ],
                [ 0.8584641, -4.543932, 109.7424 ],
                [ 1.775324, -3.270723, 106.6137 ]
            ],
            "projected_cuboid": [
                [ 286.2821, 280.9717 ],
                [ 277.3813, 266.1407 ],
                [ 329.1203, 260.6136 ],
                [ 339.4038, 275.1216 ],
                [ 285.4407, 208.5327 ],
                [ 276.3478, 195.4296 ],
                [ 329.3421, 190.5513 ],
                [ 339.8867, 203.3623 ]
            ]
        },
        {
            "class": "water_glass",
            "visibility": 0.128021702170372,
            "location": [
                -14.152190208435059,
                21.803735733032228,
                58.31904983520508
            ],
            "quaternion_xyzw": [
                0.7074227333068848,
                0.4338093400001526,
                -0.29169872403144839,
                0.47568318247795107
            ],
            "pose_transform_permuted": [
                [ 0.4534426, 0.8912855, 3.010035E-06, 0 ],
                [ 0.3362608, -0.1710701, -0.9261014, 0 ],
                [ -0.8254203, 0.419935, -0.3772749, 0 ],
                [ -14.15219, 21.80374, 58.31905, 1 ]
            ],
            "cuboid_centroid": [
                -14.152190208435059,
                21.803735733032228,
                58.31904983520508
            ],
            "projected_cuboid_centroid": [
                30.19174575805664,
                686.4964599609375
            ],
            "bounding_box": {
                "top_left": [
                    -34.93938446044922,
                    613.58154296875
                ],
                "bottom_right": [
                    94.97918701171875,
                    764.4439697265625
                ]
            },
            "cuboid": [
                [ -12.83047, 22.55604, 61.77355 ],
                [ -11.0175, 23.90049, 58.47332 ],
                [ -15.47393, 24.75584, 56.37364 ],
                [ -17.2869, 23.41139, 59.67387 ],
                [ -12.83046, 18.85163, 60.26444 ],
                [ -11.01749, 20.19608, 56.96423 ],
                [ -15.47391, 21.05143, 54.86455 ],
                [ -17.28688, 19.70698, 58.16478 ]
            ],
            "projected_cuboid": [
                [ 71.95095, 676.0717 ],
                [ 94.97919, 728.1425 ],
                [ -7.809792, 764.444 ],
                [ -25.96359, 708.5333 ],
                [ 65.73973, 613.5815 ],
                [ 89.01814, 663.4114 ],
                [ -16.82621, 698.2341 ],
                [ -34.93938, 644.6296 ]
            ]
        },
        {
            "class": "bowl",
            "visibility": 0.9626755118370056,
            "location": [
                5.376769065856934,
                4.9468207359313969,
                88.43574523925781
            ],
            "quaternion_xyzw": [
                0.5093538165092468,
                -0.6573338508605957,
                0.2610991895198822,
                -0.4902022182941437
            ],
            "pose_transform_permuted": [
                [ -0.0005211383, -0.4136482, 0.9104367, 0 ],
                [ -0.9256138, 0.3447718, 0.1561141, 0 ],
                [ -0.3784693, -0.8426315, -0.3830582, 0 ],
                [ 5.376769, 4.946821, 88.43575, 1 ]
            ],
            "cuboid_centroid": [
                5.376769065856934,
                4.9468207359313969,
                88.43574523925781
            ],
            "projected_cuboid_centroid": [
                392.6091003417969,
                306.802978515625
            ],
            "bounding_box": {
                "top_left": [
                    303.5596923828125,
                    206.3302001953125
                ],
                "bottom_right": [
                    486.84088134765627,
                    411.495361328125
                ]
            },
            "cuboid": [
                [ -1.18665, 10.48765, 91.40297 ],
                [ -1.19316, -1.079283, 86.67342 ],
                [ 0.5648439, -2.544559, 90.25461 ],
                [ 0.5713543, 9.022367, 94.98415 ],
                [ 10.18869, 12.4382, 86.6169 ],
                [ 10.18219, 0.8712748, 81.88735 ],
                [ 11.94019, -0.5940045, 85.46853 ],
                [ 11.9467, 10.97292, 90.19807 ]
            ],
            "projected_cuboid": [
                [ 304.4954, 377.0299 ],
                [ 303.5597, 225.1288 ],
                [ 327.4741, 206.3302 ],
                [ 327.1838, 353.4402 ],
                [ 460.4797, 411.4954 ],
                [ 468.4984, 252.7068 ],
                [ 486.8409, 231.7 ],
                [ 478.1787, 385.2855 ]
            ]
        },
        {
            "class": "teacup",
            "visibility": 0.0,
            "location": [
                -29.542463302612306,
                17.343393325805665,
                67.8381118774414
            ],
            "quaternion_xyzw": [
                0.7436552047729492,
                -0.12639731168746949,
                0.6402620673179627,
                -0.1451384425163269
            ],
            "pose_transform_permuted": [
                [ 0.1481764, -0.002138764, 0.9889587, 0 ],
                [ -0.3738453, -0.9259171, 0.05401111, 0 ],
                [ 0.9155782, -0.3777207, -0.1379986, 0 ],
                [ -29.54246, 17.34339, 67.83811, 1 ]
            ],
            "cuboid_centroid": [
                -29.542463302612306,
                17.343393325805665,
                67.8381118774414
            ],
            "projected_cuboid_centroid": [
                -200.08038330078126,
                545.3218383789063
            ],
            "bounding_box": {
                "top_left": [
                    -307.4940490722656,
                    461.58062744140627
                ],
                "bottom_right": [
                    -105.86688995361328,
                    637.8743896484375
                ]
            },