{
    "camera_data": {
        "location_worldframe": [
            -61.842674255371097,
            172.51614379882813,
            -47.97801208496094
        ],
        "quaternion_xyzw_worldframe": [
            0.4500049650669098,
            0.385551393032074,
            -0.22425797581672669,
            0.773662805557251
        ]
    },
    "objects": [
        {
            "class": "bowl",
            "visibility": 1.0,
            "location": [
                -1.703315258026123,
                -0.916845977306366,
                196.0878143310547
            ],
            "quaternion_xyzw": [
                -0.14400333166122437,
                0.8282429575920105,
                0.48177629709243777,
                -0.247322216629982
            ],
            "pose_transform_permuted": [
                [ -0.8361896, -0.0002315193, -0.5484406, 0 ],
                [ -0.4768475, 0.4943093, 0.7268252, 0 ],
                [ 0.270931, 0.8692861, -0.4134467, 0 ],
                [ -1.703315, -0.916846, 196.0878, 1 ]
            ],
            "cuboid_centroid": [
                -1.703315258026123,
                -0.916845977306366,
                196.0878143310547
            ],
            "projected_cuboid_centroid": [
                309.6260986328125,
                234.416015625
            ],
            "bounding_box": {
                "top_left": [
                    256.0486145019531,
                    182.925048828125
                ],
                "bottom_right": [
                    362.5244445800781,
                    287.1983642578125
                ]
            },
            "cuboid": [
                [ 6.947124, -1.427595, 198.8251 ],
                [ -3.502315, -7.38652, 202.2108 ],
                [ -3.501331, -9.487333, 198.5163 ],
                [ 6.948109, -3.528422, 195.1306 ],
                [ 0.09469952, 7.653636, 193.6593 ],
                [ -10.35474, 1.694711, 197.045 ],
                [ -10.35375, -0.4061158, 193.3505 ],
                [ 0.09568414, 5.552803, 189.9649 ]
            ],
            "projected_cuboid": [
                [ 361.7284, 231.425 ],
                [ 299.3153, 196.3752 ],
                [ 298.9363, 182.925 ],
                [ 362.5244, 218.405 ],
                [ 320.584, 287.1984 ],
                [ 257.2417, 250.2714 ],
                [ 256.0486, 237.4916 ],
                [ 320.6015, 274.9089 ]
            ]
        }
    ]
}