{
    "camera_data": {
        "location_worldframe": [
            0.5047261714935303,
            33.51009750366211,
            -4.180443286895752
        ],
        "quaternion_xyzw_worldframe": [
            0.07396674901247025,
            0.8821430802345276,
            -0.4409746825695038,
            0.14796598255634309
        ]
    },
    "objects": [
        {
            "class": "big_fork",
            "visibility": 0.9975255727767944,
            "location": [
                -1.7885565757751465,
                -1.778325080871582,
                41.95881271362305
            ],
            "quaternion_xyzw": [
                -0.5739860534667969,
                0.7556282877922058,
                -0.2514170706272125,
                -0.19067072868347169
            ],
            "pose_transform_permuted": [
                [ -0.2683693, -0.963316, 0.0004673898, 0 ],
                [ -0.7715645, 0.2146589, -0.5988404, 0 ],
                [ 0.5767722, -0.161071, -0.8008682, 0 ],
                [ -1.788557, -1.778325, 41.95881, 1 ]
            ],
            "cuboid_centroid": [
                -1.7885565757751465,
                -1.778325080871582,
                41.95881271362305
            ],
            "projected_cuboid_centroid": [
                269.0930480957031,
                189.38427734375
            ],
            "bounding_box": {
                "top_left": [
                    50.61727523803711,
                    111.96435546875
                ],
                "bottom_right": [
                    481.0650939941406,
                    272.0762939453125
                ]
            },
            "cuboid": [
                [ -8.604976, 1.089855, 40.57721 ],
                [ -9.238618, -0.7318681, 41.93901 ],
                [ 5.02729, -3.910788, 44.32434 ],
                [ 5.660931, -2.089065, 42.96253 ],
                [ -8.604403, 0.3541375, 39.59328 ],
                [ -9.238046, -1.467591, 40.95509 ],
                [ 5.027863, -4.646504, 43.34041 ],
                [ 5.661506, -2.824781, 41.97861 ]
            ],
            "projected_cuboid": [
                [ 66.74091, 272.0763 ],
                [ 56.92093, 219.1593 ],
                [ 455.4532, 134.6294 ],
                [ 477.3604, 181.929 ],
                [ 60.46452, 250.6819 ],
                [ 50.61728, 197.2048 ],
                [ 458.5441, 111.9644 ],
                [ 481.0651, 159.6373 ]
            ]
        }
    ]
}