{
    "camera_data": {
        "location_worldframe": [
            54.30992126464844,
            246.34654235839845,
            25.93662452697754
        ],
        "quaternion_xyzw_worldframe": [
            -0.20933805406093598,
            0.749582827091217,
            -0.5625908970832825,
            -0.2789170742034912
        ]
    },
    "objects": [
        {
            "class": "big_fork",
            "visibility": 1.0,
            "location": [
                -2.8748927116394045,
                1.5349762439727784,
                255.05612182617188
            ],
            "quaternion_xyzw": [
                -0.12564565241336823,
                0.9820215702056885,
                -0.13984227180480958,
                -0.017057593911886216
            ],
            "pose_transform_permuted": [
                [ -0.9678445, -0.2515442, 0.001639299, 0 ],
                [ -0.2420027, 0.9293146, -0.2789427, 0 ],
                [ 0.068643, -0.2703698, -0.9603064, 0 ],
                [ -2.874893, 1.534976, 255.0561, 1 ]
            ],
            "cuboid_centroid": [
                -2.8748927116394045,
                1.5349762439727784,
                255.05612182617188
            ],
            "projected_cuboid_centroid": [
                306.538818359375,
                247.187255859375
            ],
            "bounding_box": {
                "top_left": [
                    292.1986999511719,
                    212.9853515625
                ],
                "bottom_right": [
                    320.61151123046877,
                    281.7918701171875
                ]
            },
            "cuboid": [
                [ -3.595903, 8.873197, 253.563 ],
                [ -5.881063, 8.301803, 253.7251 ],
                [ -2.15589, -5.460563, 257.7291 ],
                [ 0.129266, -4.889174, 257.567 ],
                [ -3.593888, 8.530497, 252.3832 ],
                [ -5.879047, 7.959116, 252.5453 ],
                [ -2.153884, -5.803264, 256.5493 ],
                [ 0.1312781, -5.231861, 256.3872 ]
            ],
            "projected_cuboid": [
                [ 303.0637, 281.7919 ],
                [ 292.3185, 279.0757 ],
                [ 310.0101, 214.697 ],
                [ 320.5994, 217.3304 ],
                [ 302.994, 280.3656 ],
                [ 292.1987, 277.6377 ],
                [ 309.9735, 212.9854 ],
                [ 320.6115, 215.6299 ]
            ]
        }
    ]
}