{
    "camera_data": {
        "location_worldframe": [
            -53.481502532958987,
            52.66585922241211,
            38.44011306762695
        ],
        "quaternion_xyzw_worldframe": [
            0.057821717113256457,
            0.9389141798019409,
            -0.276838093996048,
            0.19610601663589478
        ]
    },
    "objects": [
        {
            "class": "big_fork",
            "visibility": 1.0,
            "location": [
                1.0128231048583985,
                2.5520102977752687,
                91.2530746459961
            ],
            "quaternion_xyzw": [
                0.3475516140460968,
                -0.8065335750579834,
                0.43920665979385378,
                0.18923239409923554
            ],
            "pose_transform_permuted": [
                [ -0.6867979, -0.7268483, 4.941225E-05, 0 ],
                [ -0.3943998, 0.3726107, -0.8400059, 0 ],
                [ 0.6105385, -0.5769337, -0.5425771, 0 ],
                [ 1.012823, 2.55201, 91.25307, 1 ]
            ],
            "cuboid_centroid": [
                1.0128231048583985,
                2.5520102977752687,
                91.2530746459961
            ],
            "projected_cuboid_centroid": [
                333.255126953125,
                273.39892578125
            ],
            "bounding_box": {
                "top_left": [
                    249.19439697265626,
                    225.19970703125
                ],
                "bottom_right": [
                    411.0904235839844,
                    326.784912109375
                ]
            },
            "cuboid": [
                [ -3.558416, 6.292638, 86.59365 ],
                [ -5.180006, 5.361434, 88.03519 ],
                [ 5.584013, -0.1566259, 96.5791 ],
                [ 7.205597, 0.7745904, 95.13757 ],
                [ -3.558361, 5.260635, 85.92706 ],
                [ -5.179949, 4.329428, 87.3686 ],
                [ 5.584073, -1.188634, 95.91251 ],
                [ 7.205657, -0.2574182, 94.47097 ]
            ],
            "projected_cuboid": [
                [ 270.9241, 326.7849 ],
                [ 249.7298, 312.7314 ],
                [ 389.0495, 238.0632 ],
                [ 410.4514, 249.7234 ],
                [ 270.5442, 313.1149 ],
                [ 249.1944, 299.1797 ],
                [ 389.5302, 225.1997 ],
                [ 411.0904, 236.7458 ]
            ]
        },
        {
            "class": "wine_glass",
            "visibility": 0.0,
            "location": [
                -50.02816390991211,
                13.660093307495118,
                67.90166473388672
            ],
            "quaternion_xyzw": [
                0.8178752660751343,
                0.31982874870300295,
                -0.17427675426006318,
                0.4454404413700104
            ],
            "pose_transform_permuted": [
                [ 0.7346744, 0.6784199, -0.000143975, 0 ],
                [ 0.3679002, -0.3985847, -0.8401068, 0 ],
                [ -0.5700026, 0.617152, -0.5424208, 0 ],
                [ -50.02816, 13.66009, 67.90166, 1 ]
            ],
            "cuboid_centroid": [
                -50.02816390991211,
                13.660093307495118,
                67.90166473388672
            ],
            "projected_cuboid_centroid": [
                -559.8966064453125,
                480.25408935546877
            ],
            "bounding_box": {
                "top_left": [
                    -779.1182861328125,
                    335.07666015625
                ],
                "bottom_right": [
                    -368.8966369628906,
                    647.9866333007813
                ]
            },
            "cuboid": [
                [ -47.67653, 12.43555, 77.0834 ],
                [ -41.86314, 15.3467, 72.57304 ],
                [ -52.37865, 21.52477, 63.00718 ],
                [ -58.19204, 18.61361, 67.51754 ],
                [ -47.67767, 5.795417, 72.79614 ],
                [ -41.86428, 8.706573, 68.28579 ],
                [ -52.37979, 14.88463, 58.71993 ],
                [ -58.19318, 11.97348, 63.23029 ]
            ],
            "projected_cuboid": [
                [ -418.6545, 432.6646 ],
                [ -368.8966, 492.5442 ],
                [ -672.8, 647.9866 ],
                [ -709.306, 569.2393 ],
                [ -462.1754, 335.0767 ],
                [ -412.1682, 392.27 ],
                [ -745.3094, 542.7263 ],
                [ -779.1183, 466.1481 ]
            ]
        }
    ]
}