{
    "camera_data": {
        "location_worldframe": [
            -22.497753143310548,
            204.66265869140626,
            12.105327606201172
        ],
        "quaternion_xyzw_worldframe": [
            -0.041682180017232898,
            0.7521291375160217,
            -0.6559574604034424,
            -0.04779331758618355
        ]
    },
    "objects": [
        {
            "class": "big_fork",
            "visibility": 1.0,
            "location": [
                -0.6520730257034302,
                -3.186073064804077,
                205.9945068359375
            ],
            "quaternion_xyzw": [
                0.9937548041343689,
                -0.08835689723491669,
                0.006040455307811499,
                0.06788167357444763
            ],
            "pose_transform_permuted": [
                [ 0.9843131, -0.1764303, 9.834766E-06, 0 ],
                [ -0.1747901, -0.9751701, -0.1359829, 0 ],
                [ 0.02400109, 0.133848, -0.990711, 0 ],
                [ -0.652073, -3.186073, 205.9945, 1 ]
            ],
            "cuboid_centroid": [
                -0.6520730257034302,
                -3.186073064804077,
                205.9945068359375
            ],
            "projected_cuboid_centroid": [
                316.2196044921875,
                221.5286865234375
            ],
            "bounding_box": {
                "top_left": [
                    301.9400329589844,
                    178.1092529296875
                ],
                "bottom_right": [
                    330.61126708984377,
                    265.1217041015625
                ]
            },
            "cuboid": [
                [ -3.120492, -10.11692, 207.5659 ],
                [ -0.7964463, -10.5296, 207.6225 ],
                [ 1.816334, 3.911842, 205.6403 ],
                [ -0.5077058, 4.324542, 205.5837 ],
                [ -3.120477, -10.284, 206.3487 ],
                [ -0.7964351, -10.69668, 206.4053 ],
                [ 1.816351, 3.744782, 204.4232 ],
                [ -0.5076929, 4.157477, 204.3665 ]
            ],
            "projected_cuboid": [
                [ 302.0459, 181.791 ],
                [ 315.4188, 179.4331 ],
                [ 330.5484, 262.718 ],
                [ 317.0507, 265.1217 ],
                [ 301.94, 180.4807 ],
                [ 315.3918, 178.1093 ],
                [ 330.6113, 261.8773 ],
                [ 317.0332, 264.295 ]
            ]
        }
    ]
}