{
    "camera_data": {
        "location_worldframe": [
            -20.29334831237793,
            209.10987854003907,
            0.6718218326568604
        ],
        "quaternion_xyzw_worldframe": [
            -0.07737570255994797,
            0.7330406904220581,
            -0.6704531908035278,
            -0.08459880948066712
        ]
    },
    "objects": [
        {
            "class": "big_fork",
            "visibility": 1.0,
            "location": [
                0.9015682935714722,
                -1.698517084121704,
                209.07664489746095
            ],
            "quaternion_xyzw": [
                0.9892157316207886,
                -0.1395232379436493,
                0.006227204110473394,
                0.04412207752466202
            ],
            "pose_transform_permuted": [
                [ 0.960989, -0.2765867, 7.986091E-06, 0 ],
                [ -0.2754876, -0.957173, -0.08903018, 0 ],
                [ 0.02463221, 0.08555483, -0.996029, 0 ],
                [ 0.9015683, -1.698517, 209.0766, 1 ]
            ],
            "cuboid_centroid": [
                0.9015682935714722,
                -1.698517084121704,
                209.07664489746095
            ],
            "projected_cuboid_centroid": [
                325.1498107910156,
                230.2979736328125
            ],
            "bounding_box": {
                "top_left": [
                    306.9707946777344,
                    187.6566162109375
                ],
                "bottom_right": [
                    343.4649353027344,
                    272.9599609375
                ]
            },
            "cuboid": [
                [ -2.28093, -8.406087, 210.2929 ],
                [ -0.01195989, -9.056534, 210.3511 ],
                [ 4.084059, 5.118412, 209.0841 ],
                [ 1.815091, 5.76885, 209.0259 ],
                [ -2.280924, -8.515459, 209.0692 ],
                [ -0.01195044, -9.165901, 209.1274 ],
                [ 4.084072, 5.009039, 207.8604 ],
                [ 1.815099, 5.659483, 207.8022 ]
            ],
            "projected_cuboid": [
                [ 307.0466, 192.2617 ],
                [ 319.9321, 188.582 ],
                [ 343.3275, 269.2356 ],
                [ 330.3704, 272.96 ],
                [ 306.9708, 191.3575 ],
                [ 319.9318, 187.6566 ],
                [ 343.4649, 268.7793 ],
                [ 330.4315, 272.5255 ]
            ]
        }
    ]
}