{
    "camera_data": {
        "location_worldframe": [
            -46.06032943725586,
            130.1204376220703,
            41.78464889526367
        ],
        "quaternion_xyzw_worldframe": [
            0.30553001165390017,
            0.6832317113876343,
            -0.38821354508399966,
            0.5377137660980225
        ]
    },
    "objects": [
        {
            "class": "big_spoon",
            "visibility": 1.0,
            "location": [
                0.8760150671005249,
                3.277008056640625,
                147.93060302734376
            ],
            "quaternion_xyzw": [
                0.03583868220448494,
                0.2620539963245392,
                0.9553057551383972,
                -0.13203848898410798
            ],
            "pose_transform_permuted": [
                [ -0.9625628, 0.2710576, -0.0007286295, 0 ],
                [ -0.2334909, -0.827787, 0.5101475, 0 ],
                [ 0.1376762, 0.4912192, 0.8600866, 0 ],
                [ 0.8760151, 3.277008, 147.9306, 1 ]
            ],
            "cuboid_centroid": [
                0.8760150671005249,
                3.277008056640625,
                147.93060302734376
            ],
            "projected_cuboid_centroid": [
                327.0721435546875,
                266.45556640625
            ],
            "bounding_box": {
                "top_left": [
                    265.19818115234377,
                    237.2178955078125
                ],
                "bottom_right": [
                    389.2093505859375,
                    296.0982666015625
                ]
            },
            "cuboid": [
                [ 8.512768, 3.137137, 146.8938 ],
                [ -5.850482, -0.3469868, 148.9482 ],
                [ -6.75933, 2.428554, 147.3011 ],
                [ 7.603921, 5.912667, 145.2467 ],
                [ 8.51136, 4.125459, 148.5601 ],
                [ -5.851895, 0.6413394, 150.6145 ],
                [ -6.760744, 3.416872, 148.9674 ],
                [ 7.602514, 6.901003, 146.913 ]
            ],
            "projected_cuboid": [
                [ 389.2094, 265.5051 ],
                [ 273.0912, 237.2179 ],
                [ 265.1982, 259.6897 ],
                [ 382.5214, 288.6155 ],
                [ 388.4218, 273.1641 ],
                [ 273.599, 245.0853 ],
                [ 265.7998, 267.3927 ],
                [ 381.8008, 296.0983 ]
            ]
        }
    ]
}