{
    "camera_data": {
        "location_worldframe": [
            6.652766227722168,
            155.6038360595703,
            27.180927276611329
        ],
        "quaternion_xyzw_worldframe": [
            0.428803026676178,
            0.5710351467132568,
            -0.5039122104644775,
            0.485921174287796
        ]
    },
    "objects": [
        {
            "class": "big_spoon",
            "visibility": 1.0,
            "location": [
                0.4680063724517822,
                1.0726358890533448,
                155.3144073486328
            ],
            "quaternion_xyzw": [
                0.0104212686419487,
                0.06039712578058243,
                0.982782244682312,
                -0.1743062436580658
            ],
            "pose_transform_permuted": [
                [ -0.9390175, 0.343869, -0.0005715154, 0 ],
                [ -0.3413513, -0.9319391, 0.1223474, 0 ],
                [ 0.04153887, 0.1150815, 0.9924872, 0 ],
                [ 0.4680064, 1.072636, 155.3144, 1 ]
            ],
            "cuboid_centroid": [
                0.4680063724517822,
                1.0726358890533448,
                155.3144073486328
            ],
            "projected_cuboid_centroid": [
                323.5986328125,
                248.247802734375
            ],
            "bounding_box": {
                "top_left": [
                    265.0002746582031,
                    215.66796875
                ],
                "bottom_right": [
                    382.33929443359377,
                    280.6357421875
                ]
            },
            "cuboid": [
                [ 8.051005, 1.938547, 154.236 ],
                [ -5.960908, -3.155066, 154.8559 ],
                [ -7.113891, -0.03031502, 154.47 ],
                [ 6.898026, 5.063304, 153.8501 ],
                [ 8.049896, 2.175563, 156.1588 ],
                [ -5.96202, -2.918034, 156.7786 ],
                [ -7.114995, 0.2067258, 156.3928 ],
                [ 6.896914, 5.300327, 155.7729 ]
            ],
            "projected_cuboid": [
                [ 382.3393, 255.0103 ],
                [ 274.0292, 215.668 ],
                [ 265.0003, 239.7656 ],
                [ 373.5457, 279.3037 ],
                [ 381.5632, 256.6381 ],
                [ 274.5845, 217.772 ],
                [ 265.668, 241.5786 ],
                [ 372.8762, 280.6357 ]
            ]
        }
    ]
}